generation,top_mean_fitness,max_fitness,min_fitness,std_fitness,elapsed_time_sec
1,3.9,6.0,0.0,1.2619,3.8178
2,2.9,5.0,0.0,0.982,3.9465
3,3.3,5.0,0.0,1.1014,3.9803
4,3.6,7.0,0.0,1.217,3.8824
5,3.5,5.0,0.0,1.1513,3.9498
6,3.9,6.0,0.0,1.3527,3.8724
7,3.5,6.0,0.0,1.1496,3.8813
8,3.4,4.0,0.0,1.1402,3.8563
9,3.8,9.0,0.0,1.317,3.8979
10,4.9,8.0,0.0,1.6155,3.9178
11,4.6,8.0,0.0,1.4851,3.9602
12,5.2,7.0,0.0,1.6128,3.932
13,3.7,6.0,0.0,1.2057,3.882
14,3.6,7.0,0.0,1.2333,3.9224
15,4.2,10.0,0.0,1.4531,3.9237
16,3.4,5.0,0.0,1.1402,3.9408
17,3.7,5.0,0.0,1.2114,3.882
18,3.1,4.0,0.0,1.0255,4.0377
19,3.4,5.0,0.0,1.1143,4.0032
20,3.4,5.0,0.0,1.1079,4.0084
21,3.1,4.0,0.0,1.0282,4.0037
22,3.5,5.0,0.0,1.2021,4.0315
23,2.3,4.0,0.0,0.8496,3.9949
24,4.2,7.0,0.0,1.4036,3.9969
25,3.9,7.0,0.0,1.2722,4.0015
26,3.7,6.0,0.0,1.2172,3.9034
27,3.2,4.0,0.0,1.111,3.9262
28,3.0,4.0,0.0,1.0029,3.8225
29,3.7,6.0,0.0,1.2167,3.881
30,3.1,6.0,0.0,1.0712,3.9138
31,4.0,6.0,0.0,1.3811,3.8097
32,3.7,6.0,0.0,1.2359,3.9262
33,3.3,5.0,0.0,1.1136,3.8918
34,3.3,5.0,0.0,1.1315,3.91
35,3.7,7.0,0.0,1.2577,3.9081
36,2.6,4.0,0.0,0.9447,4.0751
37,4.9,7.0,0.0,1.533,4.0431
38,4.4,9.0,0.0,1.4898,3.9218
39,4.4,9.0,0.0,1.5521,3.9641
40,3.0,5.0,0.0,1.05,3.9194
41,3.3,4.0,0.0,1.0775,3.9539
42,3.7,6.0,0.0,1.2166,3.8852
43,5.1,9.0,0.0,1.6617,3.9132
44,4.4,7.0,0.0,1.4347,3.9492
45,3.0,5.0,0.0,1.0324,3.9799
46,4.1,7.0,0.0,1.4027,4.016
47,3.5,5.0,0.0,1.1473,3.9921
48,4.1,7.0,0.0,1.3014,3.9424
49,4.9,7.0,0.0,1.588,3.9532
50,4.3,8.0,0.0,1.398,4.0426
51,4.9,6.0,0.0,1.5322,3.8208
52,4.5,7.0,0.0,1.4562,3.83
53,3.4,6.0,0.0,1.1758,3.8899
54,4.8,9.0,0.0,1.5817,3.8733
55,5.2,11.0,0.0,1.7464,3.8923
56,3.8,6.0,0.0,1.3212,3.8949
57,3.7,5.0,0.0,1.2488,3.933
58,3.4,7.0,0.0,1.1721,3.8971
59,2.9,4.0,0.0,0.9849,3.9116
60,3.6,5.0,0.0,1.1552,3.9515
61,3.2,6.0,0.0,1.1034,3.9818
62,2.9,5.0,0.0,1.0137,3.9603
63,3.4,5.0,0.0,1.1079,3.9155
64,4.1,6.0,0.0,1.3444,3.9823
65,4.8,7.0,0.0,1.5274,4.0517
66,3.1,5.0,0.0,1.0536,4.0433
67,3.9,6.0,0.0,1.3073,4.069
68,3.0,6.0,0.0,1.0206,4.0611
69,4.6,6.0,0.0,1.4919,4.1476
70,4.6,8.0,0.0,1.5264,4.035
71,3.4,5.0,0.0,1.1358,3.8285
72,4.5,6.0,0.0,1.4135,3.8669
73,3.5,6.0,0.0,1.1923,3.9247
74,3.4,6.0,0.0,1.1615,3.9629
75,2.9,4.0,0.0,0.9726,3.9869
76,3.3,5.0,0.0,1.1137,3.9696
77,4.5,9.0,0.0,1.4758,3.9904
78,3.1,5.0,0.0,1.0712,4.089
79,4.7,7.0,0.0,1.5297,4.0592
80,3.0,5.0,0.0,0.9989,3.9654
81,3.0,5.0,0.0,1.0235,4.0064
82,3.4,5.0,0.0,1.2104,3.9752
83,3.2,6.0,0.0,1.1232,3.996
84,3.0,6.0,0.0,1.0569,4.0059
85,4.7,9.0,0.0,1.5292,4.0352
86,4.8,8.0,0.0,1.4985,4.0335
87,3.0,4.0,0.0,1.0398,4.0209
88,4.9,8.0,0.0,1.5752,4.0441
89,3.1,5.0,0.0,1.0488,3.9764
90,3.1,5.0,0.0,1.0428,3.9748
91,3.0,5.0,0.0,1.0227,3.9708
92,4.0,6.0,0.0,1.2679,4.0533
93,2.5,4.0,0.0,0.9394,4.0655
94,3.6,7.0,0.0,1.2038,4.0121
95,5.1,8.0,0.0,1.674,4.025
96,3.7,8.0,0.0,1.2779,4.0632
97,5.5,10.0,0.0,1.7865,4.0282
98,4.0,6.0,0.0,1.3739,3.9662
99,5.2,7.0,0.0,1.6388,4.0733
100,5.0,9.0,0.0,1.5928,4.088
101,4.0,7.0,0.0,1.3295,3.9098
102,5.0,7.0,0.0,1.6415,3.8898
103,5.1,9.0,0.0,1.6728,3.908
104,4.5,11.0,0.0,1.5873,3.872
105,3.5,4.0,0.0,1.141,3.8602
106,4.9,9.0,0.0,1.6389,3.8298
107,4.2,7.0,0.0,1.3948,3.8515
108,3.7,7.0,0.0,1.2446,3.865
109,3.2,4.0,0.0,1.0712,3.8622
110,3.5,4.0,0.0,1.1494,3.9315
111,2.9,4.0,0.0,0.9769,3.8472
112,4.3,9.0,0.0,1.4635,3.8936
113,4.0,8.0,0.0,1.3592,4.0253
114,3.9,6.0,0.0,1.3403,4.108
115,6.4,12.0,0.0,2.0654,4.2135
116,5.1,12.0,0.0,1.8125,4.2379
117,4.4,6.0,0.0,1.4217,4.1765
118,4.8,10.0,0.0,1.618,4.067
119,3.8,7.0,0.0,1.2609,4.0226
120,4.0,6.0,0.0,1.296,4.1043
121,4.0,5.0,0.0,1.2488,4.0837
122,3.6,6.0,0.0,1.1769,4.067
123,5.8,9.0,0.0,1.924,4.0825
124,5.6,10.0,0.0,1.8725,4.156
125,4.8,7.0,0.0,1.5335,4.1217
126,4.4,9.0,0.0,1.5575,4.2293
127,4.7,7.0,0.0,1.5418,4.3572
128,5.4,11.0,0.0,1.8154,4.6041
129,5.6,12.0,0.0,1.8629,4.1484
130,6.8,10.0,0.0,2.1091,4.0723
131,5.3,6.0,0.0,1.6259,4.0412
132,4.8,6.0,0.0,1.5452,4.0196
133,3.8,7.0,0.0,1.3167,3.8664
134,4.9,10.0,0.0,1.6606,4.0235
135,5.6,13.0,0.0,1.8828,3.9691
136,4.6,8.0,0.0,1.4644,4.0122
137,4.7,8.0,0.0,1.5506,3.9528
138,5.0,7.0,0.0,1.5524,3.8435
139,5.2,7.0,0.0,1.6418,3.8549
140,3.8,6.0,0.0,1.3528,3.8955
141,3.9,7.0,0.0,1.287,3.9082
142,3.6,6.0,0.0,1.2327,3.8792
143,3.4,5.0,0.0,1.1071,3.9566
144,4.0,5.0,0.0,1.2748,3.946
145,3.7,5.0,0.0,1.2288,3.9072
146,3.8,5.0,0.0,1.2842,3.9965
147,3.2,5.0,0.0,1.0296,3.9698
148,4.7,8.0,0.0,1.5301,4.0289
149,4.9,7.0,0.0,1.5452,4.0963
150,4.2,9.0,0.0,1.4421,4.05
151,4.4,7.0,0.0,1.42,4.0406
152,4.5,9.0,0.0,1.4992,4.0214
153,3.3,5.0,0.0,1.1018,3.935
154,5.5,7.0,0.0,1.7589,4.0152
155,4.9,7.0,0.0,1.5652,3.9978
156,4.5,6.0,0.0,1.4329,3.9428
157,4.7,7.0,0.0,1.5298,4.1387
158,6.2,10.0,0.0,2.0267,4.1482
159,6.0,12.0,0.0,1.9935,4.0217
160,5.6,10.0,0.0,1.8518,3.9329
161,4.6,8.0,0.0,1.5405,3.8946
162,4.7,9.0,0.0,1.5828,3.9905
163,7.6,17.0,0.0,2.6232,4.098
164,4.5,9.0,0.0,1.493,4.0218
165,6.0,13.0,0.0,1.9818,4.0881
166,4.2,6.0,0.0,1.3863,4.0358
167,4.6,9.0,0.0,1.5609,3.9901
168,3.3,6.0,0.0,1.1054,3.9578
169,3.3,4.0,0.0,1.072,3.9367
170,3.3,5.0,0.0,1.1581,3.9035
171,4.3,5.0,0.0,1.3904,3.9037
172,3.7,5.0,0.0,1.2577,3.8627
173,4.0,6.0,0.0,1.3067,3.89
174,3.4,5.0,0.0,1.1108,3.8234
175,3.3,7.0,0.0,1.1549,3.8003
176,3.5,6.0,0.0,1.1948,3.8202
177,4.1,5.0,0.0,1.2948,3.8909
178,3.8,6.0,0.0,1.2249,3.871
179,3.9,6.0,0.0,1.286,3.858
180,4.4,6.0,0.0,1.4136,3.8458
181,3.8,7.0,0.0,1.2764,3.8369
182,4.4,6.0,0.0,1.4078,3.9215
183,4.8,7.0,0.0,1.5209,3.8423
184,5.3,9.0,0.0,1.7793,3.9087
185,4.6,8.0,0.0,1.4957,3.9554
186,4.8,7.0,0.0,1.5081,4.0721
187,7.0,12.0,0.0,2.2891,4.0899
188,5.9,9.0,0.0,1.9103,4.1404
189,7.8,13.0,0.0,2.4808,4.2054
190,10.2,18.0,0.0,3.2676,4.291
191,8.0,10.0,0.0,2.5302,4.2267
192,10.2,17.0,0.0,3.1675,4.3338
193,6.0,9.0,0.0,1.9188,4.1718
194,7.3,12.0,0.0,2.4182,4.1398
195,9.1,24.0,0.0,3.2077,4.2641
196,6.7,12.0,0.0,2.1581,4.1043
197,6.4,11.0,0.0,2.1083,4.1728
198,7.0,14.0,0.0,2.3075,3.9295
199,7.4,10.0,0.0,2.2864,3.9578
200,5.4,10.0,0.0,1.8224,4.0027
201,3.7,6.0,0.0,1.2137,3.8176
202,5.3,8.0,0.0,1.7859,3.9576
203,4.8,7.0,0.0,1.578,3.8941
204,6.0,10.0,0.0,1.9454,4.0059
205,4.4,7.0,0.0,1.3674,3.9972
206,4.3,6.0,0.0,1.433,4.0195
207,3.5,5.0,0.0,1.1584,3.9737
208,3.3,5.0,0.0,1.1122,3.9472
209,4.2,7.0,0.0,1.3572,3.8552
210,3.8,7.0,0.0,1.3068,3.7823
211,4.7,7.0,0.0,1.4925,3.9152
212,4.5,8.0,0.0,1.4594,3.9479
213,3.2,5.0,0.0,1.1258,3.8215
214,3.2,4.0,0.0,1.0677,3.929
215,3.7,5.0,0.0,1.2154,3.988
216,3.9,7.0,0.0,1.3336,3.9077
217,3.3,4.0,0.0,1.0648,3.9833
218,5.2,8.0,0.0,1.6544,3.9866
219,3.8,6.0,0.0,1.2689,3.9772
220,4.0,5.0,0.0,1.2836,3.9525
221,4.2,6.0,0.0,1.3686,3.9269
222,4.3,8.0,0.0,1.4231,3.8855
223,3.7,8.0,0.0,1.2808,3.9292
224,4.1,8.0,0.0,1.45,4.093
225,4.3,7.0,0.0,1.4239,4.2844
226,5.4,9.0,0.0,1.7802,4.243
227,6.0,8.0,0.0,1.8775,4.4331
228,5.3,8.0,0.0,1.7183,4.2832
229,4.3,6.0,0.0,1.4163,4.2635
230,5.6,7.0,0.0,1.6941,4.1793
231,3.7,7.0,0.0,1.253,4.0932
232,5.5,7.0,0.0,1.758,4.3607
233,5.1,7.0,0.0,1.6239,4.1467
234,4.8,7.0,0.0,1.513,4.2286
235,5.4,8.0,0.0,1.7498,4.2275
236,4.8,8.0,0.0,1.5843,4.1568
237,4.0,6.0,0.0,1.3134,4.1333
238,5.5,12.0,0.0,1.8529,4.0615
239,6.0,11.0,0.0,1.967,3.9852
240,4.2,6.0,0.0,1.321,4.0997
241,5.6,9.0,0.0,1.8191,4.1449
242,5.2,8.0,0.0,1.6485,4.2922
243,7.2,13.0,0.0,2.3596,4.452
244,5.5,9.0,0.0,1.772,4.3743
245,6.3,10.0,0.0,1.9714,4.4317
246,6.7,11.0,0.0,2.1383,4.0419
247,4.0,7.0,0.0,1.3259,4.0687
248,7.8,22.0,0.0,2.9103,4.1587
249,4.7,8.0,0.0,1.5611,4.3794
250,4.8,7.0,0.0,1.4905,4.3408
251,4.7,6.0,0.0,1.5335,4.2297
252,5.1,10.0,0.0,1.6494,4.2182
253,4.2,7.0,0.0,1.3485,4.2056
254,5.3,7.0,0.0,1.6496,4.342
255,4.3,10.0,0.0,1.4997,4.3076
256,4.2,5.0,0.0,1.3376,4.2192
257,4.7,7.0,0.0,1.479,4.2805
258,4.9,7.0,0.0,1.5961,4.3273
259,3.6,8.0,0.0,1.2329,4.1302
260,3.7,9.0,0.0,1.2758,4.1313
261,5.3,8.0,0.0,1.7046,4.1833
262,5.2,9.0,0.0,1.6916,4.0649
263,4.9,7.0,0.0,1.5315,4.1163
264,4.4,8.0,0.0,1.4493,4.0231
265,3.5,5.0,0.0,1.2134,3.9118
266,5.8,8.0,0.0,1.8351,3.9181
267,4.5,6.0,0.0,1.4903,3.932
268,4.2,7.0,0.0,1.3833,3.9358
269,5.4,12.0,0.0,1.8459,3.9633
270,4.6,7.0,0.0,1.5387,3.9615
271,3.7,6.0,0.0,1.2164,3.9767
272,4.3,6.0,0.0,1.3572,3.9019
273,3.0,4.0,0.0,1.0111,3.9044
274,3.5,5.0,0.0,1.1581,3.9404
275,3.8,6.0,0.0,1.2641,3.906
276,4.1,7.0,0.0,1.3318,3.9113
277,4.6,8.0,0.0,1.581,3.9924
278,4.6,7.0,0.0,1.4498,3.8564
279,4.8,12.0,0.0,1.7169,3.9549
280,4.3,8.0,0.0,1.4071,3.8438
281,3.8,6.0,0.0,1.3037,3.8368
282,4.7,7.0,0.0,1.5465,3.8239
283,3.9,6.0,0.0,1.3316,3.9905
284,5.0,10.0,0.0,1.6756,4.0304
285,4.2,7.0,0.0,1.4007,4.0146
286,3.1,5.0,0.0,1.0611,3.9898
287,4.1,6.0,0.0,1.341,3.8213
288,4.8,8.0,0.0,1.56,3.835
289,3.5,4.0,0.0,1.1347,3.7725
290,4.3,6.0,0.0,1.3572,3.7923
291,3.9,8.0,0.0,1.3219,3.9186
292,3.4,5.0,0.0,1.1402,3.8099
293,3.9,6.0,0.0,1.3318,4.0091
294,3.9,8.0,0.0,1.2814,4.0088
295,4.6,8.0,0.0,1.5028,3.9758
296,4.1,7.0,0.0,1.3559,3.8239
297,3.0,5.0,0.0,1.0378,3.8896
298,2.8,6.0,0.0,0.9631,3.9667
299,3.7,6.0,0.0,1.2247,3.7766
300,3.9,8.0,0.0,1.3477,3.8224
301,4.6,10.0,0.0,1.5683,3.886
302,4.6,8.0,0.0,1.5,3.9095
303,4.2,7.0,0.0,1.4174,3.9303
304,4.4,6.0,0.0,1.4623,3.9655
305,5.9,12.0,0.0,2.0102,4.07
306,3.9,6.0,0.0,1.317,3.9759
307,4.4,7.0,0.0,1.4277,4.0182
308,5.4,8.0,0.0,1.7544,4.0786
309,5.2,8.0,0.0,1.6636,4.069
310,4.5,7.0,0.0,1.533,4.0647
311,4.1,7.0,0.0,1.4472,3.9545
312,4.5,5.0,0.0,1.5368,3.8847
313,4.7,6.0,0.0,1.4531,3.8606
314,3.8,5.0,0.0,1.2041,3.8034
315,4.0,5.0,0.0,1.3376,3.7628
316,3.6,6.0,0.0,1.2359,3.7729
317,4.8,11.0,0.0,1.6553,3.8408
318,4.1,6.0,0.0,1.3037,3.8152
319,4.9,8.0,0.0,1.6433,3.8193
320,4.4,7.0,0.0,1.3863,3.8417
321,4.2,6.0,0.0,1.3759,3.8406
322,3.8,6.0,0.0,1.2767,3.8952
323,3.0,5.0,0.0,1.0161,3.8603
324,4.3,6.0,0.0,1.4347,4.0297
325,3.8,6.0,0.0,1.2327,3.9041
326,4.0,6.0,0.0,1.2836,3.9521
327,4.5,6.0,0.0,1.4469,4.0534
328,4.2,6.0,0.0,1.3875,3.9235
329,3.8,6.0,0.0,1.2577,3.8581
330,4.6,7.0,0.0,1.4961,3.9903
331,4.5,8.0,0.0,1.5132,3.9632
332,3.1,4.0,0.0,1.0868,3.8754
333,4.9,7.0,0.0,1.6576,3.8996
334,4.1,6.0,0.0,1.3242,3.8298
335,3.5,5.0,0.0,1.1619,3.9283
336,3.8,7.0,0.0,1.3122,3.9055
337,3.3,7.0,0.0,1.1303,3.9053
338,3.2,6.0,0.0,1.0934,3.8986
339,3.9,5.0,0.0,1.2411,3.8751
340,3.5,6.0,0.0,1.1649,3.8592
341,3.1,5.0,0.0,1.0724,3.8197
342,3.0,5.0,0.0,1.0488,3.7778
343,3.8,5.0,0.0,1.2484,3.9217
344,3.3,4.0,0.0,1.1578,3.9218
345,4.1,6.0,0.0,1.3437,3.9643
346,5.0,10.0,0.0,1.6763,3.9493
347,4.4,8.0,0.0,1.4832,3.9602
348,4.0,7.0,0.0,1.3089,3.8548
349,5.9,8.0,0.0,1.8998,3.9366
350,4.0,6.0,0.0,1.2606,3.8436
351,4.5,6.0,0.0,1.4722,3.7674
352,4.5,7.0,0.0,1.4538,3.8841
353,5.1,7.0,0.0,1.6378,3.9653
354,4.0,6.0,0.0,1.3228,3.9593
355,4.3,7.0,0.0,1.3704,3.9319
356,4.8,12.0,0.0,1.6559,3.9189
357,4.1,7.0,0.0,1.3811,3.925
358,4.7,9.0,0.0,1.5551,3.9242
359,3.6,7.0,0.0,1.2616,3.8802
360,5.2,8.0,0.0,1.6934,3.8914
361,4.2,8.0,0.0,1.3994,3.8664
362,4.6,9.0,0.0,1.5516,3.8713
363,3.7,6.0,0.0,1.2124,3.8507
364,3.9,7.0,0.0,1.2859,3.9289
365,5.4,14.0,0.0,1.8947,3.9322
366,4.5,7.0,0.0,1.4387,4.0633
367,4.7,9.0,0.0,1.5487,3.9921
368,4.2,9.0,0.0,1.4421,3.8696
369,3.1,5.0,0.0,1.0791,3.7987
370,3.2,7.0,0.0,1.1169,3.8626
371,5.1,9.0,0.0,1.669,3.8972
372,5.4,16.0,0.0,2.0392,3.9106
373,4.3,7.0,0.0,1.426,3.8853
374,3.3,4.0,0.0,1.0543,3.8937
375,4.1,6.0,0.0,1.3563,3.9198
376,3.4,5.0,0.0,1.1407,3.9108
377,4.1,6.0,0.0,1.3632,3.947
378,3.8,6.0,0.0,1.2805,3.9438
379,3.5,7.0,0.0,1.2223,3.9406
380,3.7,5.0,0.0,1.2104,3.9437
381,3.8,6.0,0.0,1.2124,3.9334
382,4.4,10.0,0.0,1.5058,3.9355
383,3.4,4.0,0.0,1.0794,3.9525
384,4.1,8.0,0.0,1.3764,3.9563
385,3.8,8.0,0.0,1.2862,3.9241
386,2.9,4.0,0.0,1.021,3.9271
387,2.7,4.0,0.0,0.9518,3.922
388,4.0,6.0,0.0,1.2913,3.9181
389,3.8,7.0,0.0,1.2826,3.9484
390,3.0,8.0,0.0,1.0897,3.9418
391,3.1,4.0,0.0,1.0461,3.929
392,4.4,9.0,0.0,1.4454,4.0718
393,4.6,7.0,0.0,1.4839,3.9732
394,3.9,6.0,0.0,1.2816,4.0097
395,4.1,7.0,0.0,1.3551,4.1063
396,3.2,6.0,0.0,1.063,3.8354
397,3.4,5.0,0.0,1.1771,3.8912
398,3.3,5.0,0.0,1.0781,4.0236
399,3.6,5.0,0.0,1.1808,4.1074
400,4.6,8.0,0.0,1.49,4.073
401,3.8,6.0,0.0,1.2574,4.0856
402,4.2,5.0,0.0,1.3183,4.0766
403,4.8,11.0,0.0,1.5906,4.0813
404,3.3,5.0,0.0,1.1375,3.947
405,3.8,6.0,0.0,1.3212,4.1421
406,5.3,9.0,0.0,1.7187,4.0932
407,4.3,7.0,0.0,1.3732,3.9283
408,3.2,6.0,0.0,1.1122,4.1542
409,2.4,4.0,0.0,0.8047,4.0886
410,3.2,5.0,0.0,1.0682,4.0817
411,4.5,8.0,0.0,1.4486,4.0263
412,3.9,5.0,0.0,1.2322,4.1096
413,4.1,7.0,0.0,1.3732,4.1108
414,4.7,11.0,0.0,1.6143,3.9836
415,4.5,7.0,0.0,1.4456,3.9544
416,3.9,5.0,0.0,1.3198,3.9099
417,2.9,4.0,0.0,0.9969,3.906
418,3.5,5.0,0.0,1.1194,3.9173
419,4.6,8.0,0.0,1.4753,3.9582
420,4.0,7.0,0.0,1.3492,3.9768
421,4.2,7.0,0.0,1.3657,3.9578
422,4.1,8.0,0.0,1.363,3.9142
423,4.9,8.0,0.0,1.6123,3.9586
424,3.5,6.0,0.0,1.182,4.089
425,3.8,7.0,0.0,1.2948,4.0832
426,5.4,11.0,0.0,1.7947,3.9813
427,4.4,7.0,0.0,1.4586,4.0592
428,3.9,6.0,0.0,1.26,4.1285
429,3.6,5.0,0.0,1.1632,4.0025
430,4.9,10.0,0.0,1.6351,4.0635
431,3.6,6.0,0.0,1.2054,3.9989
432,3.7,5.0,0.0,1.2032,4.0022
433,3.9,7.0,0.0,1.3613,4.0421
434,3.3,6.0,0.0,1.1216,4.0015
435,3.6,6.0,0.0,1.2137,4.0554
436,3.1,4.0,0.0,1.0421,4.052
437,3.3,6.0,0.0,1.1694,4.0391
438,4.3,7.0,0.0,1.3803,4.0028
439,4.5,12.0,0.0,1.5918,4.014
440,3.7,5.0,0.0,1.2726,3.9926
441,4.0,8.0,0.0,1.3017,3.9427
442,3.4,4.0,0.0,1.0989,3.9257
443,3.8,6.0,0.0,1.257,3.8662
444,4.6,8.0,0.0,1.5154,3.947
445,3.2,4.0,0.0,1.0648,3.8817
446,3.6,5.0,0.0,1.2685,3.9489
447,4.0,8.0,0.0,1.4027,3.939
448,3.4,5.0,0.0,1.1018,3.9074
449,4.0,5.0,0.0,1.2758,4.0012
450,3.6,6.0,0.0,1.1779,3.9844
451,5.6,10.0,0.0,1.8704,3.8779
452,2.7,6.0,0.0,0.9988,3.8453
453,3.3,6.0,0.0,1.105,4.0465
454,3.6,5.0,0.0,1.1864,3.9326
455,4.4,7.0,0.0,1.4525,3.9905
456,4.3,8.0,0.0,1.4089,3.9302
457,3.8,7.0,0.0,1.299,3.9836
458,5.4,10.0,0.0,1.7701,3.946
459,4.1,7.0,0.0,1.3892,3.9948
460,4.0,6.0,0.0,1.2919,3.9844
461,3.9,7.0,0.0,1.2627,3.9754
462,4.5,7.0,0.0,1.4675,3.9967
463,3.2,6.0,0.0,1.1079,4.0263
464,3.4,4.0,0.0,1.1014,4.0173
465,4.2,9.0,0.0,1.3892,4.0013
466,3.7,6.0,0.0,1.2219,3.9824
467,3.6,6.0,0.0,1.1823,3.9729
468,3.8,7.0,0.0,1.2669,4.0241
469,3.5,5.0,0.0,1.1601,3.9719
470,5.0,8.0,0.0,1.6332,3.9769
471,3.7,5.0,0.0,1.1918,3.9815
472,2.9,6.0,0.0,1.0363,3.9659
473,2.8,5.0,0.0,1.0088,3.9827
474,4.3,6.0,0.0,1.3637,3.9851
475,3.4,5.0,0.0,1.1233,4.0126
476,5.1,10.0,0.0,1.6934,4.027
477,4.1,8.0,0.0,1.3915,3.9923
478,3.8,7.0,0.0,1.2542,3.9583
479,5.1,7.0,0.0,1.5876,3.8869
480,2.9,4.0,0.0,0.9577,4.0408
481,3.4,5.0,0.0,1.102,3.9552
482,4.4,6.0,0.0,1.4177,4.0219
483,2.7,4.0,0.0,0.9664,3.9982
484,2.4,3.0,0.0,0.8268,3.9913
485,3.8,5.0,0.0,1.2417,3.9932
486,3.9,6.0,0.0,1.2857,3.9916
487,3.1,4.0,0.0,1.0428,3.9961
488,3.5,5.0,0.0,1.1638,3.9951
489,3.8,6.0,0.0,1.2278,3.85
490,2.8,4.0,0.0,1.0085,3.8201
491,3.9,9.0,0.0,1.386,3.8722
492,3.7,5.0,0.0,1.3014,3.8853
493,4.1,9.0,0.0,1.4001,3.893
494,4.0,7.0,0.0,1.3116,3.9431
495,2.9,6.0,0.0,1.0206,3.9584
496,3.6,7.0,0.0,1.2278,3.8566
497,3.6,5.0,0.0,1.1758,4.0558
498,3.5,6.0,0.0,1.1513,4.0708
499,3.2,4.0,0.0,1.0149,4.0561
500,3.6,7.0,0.0,1.2241,4.1001
501,3.7,6.0,0.0,1.2167,4.0781
502,5.0,8.0,0.0,1.613,4.0726
503,4.1,5.0,0.0,1.3804,4.0549
504,4.5,11.0,0.0,1.5806,3.9576
505,3.5,6.0,0.0,1.1581,3.8667
506,4.2,6.0,0.0,1.3672,3.9443
507,4.3,8.0,0.0,1.4422,3.9637
508,3.5,8.0,0.0,1.2207,3.8729
509,3.9,8.0,0.0,1.2913,3.9305
510,3.6,5.0,0.0,1.2002,3.9273
511,3.9,6.0,0.0,1.2948,3.9145
512,3.4,4.0,0.0,1.1358,3.8867
513,3.9,5.0,0.0,1.2411,3.9217
514,4.3,8.0,0.0,1.426,4.0426
515,4.2,6.0,0.0,1.3253,3.9932
516,3.7,7.0,0.0,1.3776,4.0188
517,4.0,5.0,0.0,1.2859,4.0126
518,4.7,7.0,0.0,1.5033,3.9931
519,2.7,4.0,0.0,0.8986,3.9711
520,3.6,7.0,0.0,1.1941,3.9776
521,3.8,6.0,0.0,1.257,3.9985
522,4.4,6.0,0.0,1.4247,4.0063
523,3.8,5.0,0.0,1.2359,4.0059
524,3.3,5.0,0.0,1.1079,4.0173
525,4.0,7.0,0.0,1.3107,4.0638
526,3.3,5.0,0.0,1.1169,3.9795
527,3.0,5.0,0.0,1.0493,3.9849
528,3.8,5.0,0.0,1.2268,3.9791
529,3.8,7.0,0.0,1.2883,3.9565
530,4.6,7.0,0.0,1.4743,4.0578
531,4.2,6.0,0.0,1.3485,4.065
532,4.5,6.0,0.0,1.4526,4.0629
533,3.8,6.0,0.0,1.2563,4.0439
534,4.1,6.0,0.0,1.3598,3.9295
535,5.8,12.0,0.0,1.9111,4.0548
536,4.3,8.0,0.0,1.4283,4.0929
537,3.7,6.0,0.0,1.2124,4.0492
538,4.6,7.0,0.0,1.533,3.9979
539,3.0,5.0,0.0,1.0378,4.0101
540,3.3,4.0,0.0,1.0831,4.0132
541,4.5,7.0,0.0,1.4771,4.04
542,4.0,8.0,0.0,1.3563,3.9984
543,3.7,7.0,0.0,1.2352,4.0337
544,3.8,6.0,0.0,1.2859,4.2969
545,3.4,6.0,0.0,1.1476,4.0788
546,4.2,8.0,0.0,1.4035,4.085
547,4.5,9.0,0.0,1.5362,4.1351
548,3.8,8.0,0.0,1.3017,4.0209
549,3.8,8.0,0.0,1.3153,3.9804
550,4.2,10.0,0.0,1.4517,3.8815
551,3.4,7.0,0.0,1.1705,3.911
552,3.5,6.0,0.0,1.172,3.9458
553,3.9,6.0,0.0,1.2757,4.0534
554,4.2,6.0,0.0,1.3744,3.9953
555,3.4,5.0,0.0,1.1424,4.0009
556,3.7,6.0,0.0,1.2544,4.032
557,4.1,7.0,0.0,1.3391,4.0274
558,3.1,5.0,0.0,1.0569,4.0182
559,2.9,5.0,0.0,1.0171,4.0292
560,2.8,4.0,0.0,0.9236,4.1055
561,5.1,12.0,0.0,1.7746,4.1807
562,3.4,7.0,0.0,1.1857,4.0941
563,2.3,3.0,0.0,0.773,4.0038
564,3.9,6.0,0.0,1.2876,4.0194
565,3.8,6.0,0.0,1.2432,4.0199
566,4.2,5.0,0.0,1.3316,4.1025
567,3.3,5.0,0.0,1.089,4.0149
568,3.5,7.0,0.0,1.241,4.0026
569,3.8,6.0,0.0,1.2492,3.8472
570,3.4,6.0,0.0,1.1608,3.9456
571,3.4,5.0,0.0,1.1056,3.9399
572,4.2,6.0,0.0,1.3915,3.9412
573,5.0,8.0,0.0,1.6016,3.8756
574,2.9,4.0,0.0,1.0111,3.8007
575,3.2,6.0,0.0,1.1125,3.8489
576,4.0,7.0,0.0,1.3076,3.8982
577,3.1,5.0,0.0,1.0186,3.8583
578,3.3,6.0,0.0,1.1091,3.865
579,3.4,5.0,0.0,1.0963,3.85
580,3.7,8.0,0.0,1.3235,3.8409
581,3.0,7.0,0.0,1.0477,3.8761
582,3.6,5.0,0.0,1.1991,3.8946
583,4.1,12.0,0.0,1.5487,3.8885
584,5.2,7.0,0.0,1.6471,3.8923
585,3.9,6.0,0.0,1.2798,3.8348
586,3.6,5.0,0.0,1.1854,3.8926
587,3.6,5.0,0.0,1.1581,3.8542
588,3.2,5.0,0.0,1.0849,3.8273
589,4.1,7.0,0.0,1.3425,3.9605
590,4.3,7.0,0.0,1.3987,3.9735
591,3.8,5.0,0.0,1.2767,3.8811
592,3.6,6.0,0.0,1.2352,3.9336
593,3.7,6.0,0.0,1.2002,3.7904
594,3.9,6.0,0.0,1.2679,3.8175
595,2.7,4.0,0.0,0.9759,3.8591
596,3.1,4.0,0.0,1.1054,3.8431
597,4.3,10.0,0.0,1.4765,3.8596
598,3.4,6.0,0.0,1.1216,3.8449
599,3.2,6.0,0.0,1.1187,3.8391
600,4.5,7.0,0.0,1.4594,3.9714
601,3.4,7.0,0.0,1.1948,4.0344
602,3.2,5.0,0.0,1.0478,3.9917
603,4.2,7.0,0.0,1.407,4.0215
604,4.0,9.0,0.0,1.3715,3.9984
605,4.8,8.0,0.0,1.5033,4.0644
606,3.1,4.0,0.0,1.0474,3.9963
607,2.7,4.0,0.0,0.9415,3.9494
608,3.5,5.0,0.0,1.1496,3.9338
609,4.7,7.0,0.0,1.5444,3.9783
610,4.9,9.0,0.0,1.6186,3.9864
611,4.4,6.0,0.0,1.4032,4.028
612,4.0,7.0,0.0,1.3289,3.9023
613,4.5,8.0,0.0,1.5058,3.8676
614,3.9,8.0,0.0,1.3406,3.8218
615,4.1,8.0,0.0,1.3851,3.8668
616,4.3,6.0,0.0,1.3598,3.8286
617,4.1,6.0,0.0,1.3058,3.7918
618,3.8,5.0,0.0,1.2462,3.7746
619,4.0,6.0,0.0,1.3316,3.7531
620,3.8,6.0,0.0,1.2255,3.8114
621,3.9,7.0,0.0,1.3101,3.7743
622,2.6,4.0,0.0,0.8906,3.9434
623,4.1,6.0,0.0,1.3435,3.9349
624,3.0,4.0,0.0,0.9905,3.914
625,4.9,8.0,0.0,1.6118,3.8475
626,4.9,8.0,0.0,1.5688,3.8534
627,4.5,8.0,0.0,1.4809,4.0529
628,5.0,11.0,0.0,1.7302,4.0329
629,3.7,4.0,0.0,1.2781,4.0528
630,3.3,6.0,0.0,1.1389,3.8377
631,3.9,6.0,0.0,1.3409,3.8253
632,3.4,8.0,0.0,1.2,3.8941
633,3.8,6.0,0.0,1.2398,3.9268
634,3.6,6.0,0.0,1.2106,3.9059
635,3.5,5.0,0.0,1.1374,3.9379
636,4.5,11.0,0.0,1.5686,3.9645
637,3.3,7.0,0.0,1.1608,4.069
638,3.9,6.0,0.0,1.2904,3.9109
639,4.9,9.0,0.0,1.5843,3.9427
640,3.0,4.0,0.0,1.0282,3.8643
641,3.5,5.0,0.0,1.1298,3.9044
642,3.6,4.0,0.0,1.1687,3.87
643,3.8,6.0,0.0,1.252,3.8433
644,3.8,6.0,0.0,1.2729,3.8864
645,3.7,6.0,0.0,1.2268,3.92
646,3.3,4.0,0.0,1.0361,3.9008
647,4.0,9.0,0.0,1.4058,3.9338
648,3.9,9.0,0.0,1.3286,3.9209
649,4.2,8.0,0.0,1.4493,3.89
650,4.2,7.0,0.0,1.3625,3.9263
651,3.3,5.0,0.0,1.1053,3.9206
652,3.8,4.0,0.0,1.2366,3.9206
653,4.1,9.0,0.0,1.4239,3.9196
654,5.1,11.0,0.0,1.7262,3.9089
655,3.7,7.0,0.0,1.2544,3.9353
656,3.5,5.0,0.0,1.1489,3.8819
657,3.6,6.0,0.0,1.2114,3.8747
658,4.0,9.0,0.0,1.4315,3.8886
659,3.8,7.0,0.0,1.3349,3.9253
660,3.4,7.0,0.0,1.2672,3.9574
661,3.2,4.0,0.0,1.0493,3.8974
662,5.1,8.0,0.0,1.6696,3.9339
663,4.2,7.0,0.0,1.3541,3.9071
664,4.0,6.0,0.0,1.3376,3.878
665,3.1,5.0,0.0,1.0404,3.9079
666,3.6,6.0,0.0,1.2085,3.9132
667,3.5,5.0,0.0,1.2114,3.9551
668,4.0,5.0,0.0,1.3295,3.8793
669,3.8,7.0,0.0,1.2935,3.939
670,4.4,7.0,0.0,1.4387,3.9314
671,3.7,7.0,0.0,1.2638,3.8734
672,3.1,7.0,0.0,1.1198,3.8832
673,3.0,4.0,0.0,1.0282,3.8929
674,4.2,7.0,0.0,1.3915,4.0795
675,3.3,5.0,0.0,1.1071,4.0131
676,4.0,6.0,0.0,1.3295,4.0037
677,4.7,7.0,0.0,1.479,4.0179
678,3.7,5.0,0.0,1.1805,3.9271
679,4.2,7.0,0.0,1.3732,3.9274
680,3.6,5.0,0.0,1.2408,3.9436
681,3.6,6.0,0.0,1.1864,3.9726
682,3.9,6.0,0.0,1.2359,4.0747
683,4.4,9.0,0.0,1.4901,4.0116
684,3.1,4.0,0.0,1.0,3.8008
685,4.3,6.0,0.0,1.4309,3.9468
686,4.4,8.0,0.0,1.429,3.9424
687,3.8,5.0,0.0,1.1908,3.9532
688,4.1,5.0,0.0,1.3067,3.9862
689,3.6,6.0,0.0,1.1991,3.9533
690,3.0,5.0,0.0,1.0129,3.9486
691,3.8,8.0,0.0,1.3086,3.9029
692,4.5,8.0,0.0,1.5256,3.9555
693,4.1,7.0,0.0,1.3632,4.0021
694,4.2,7.0,0.0,1.4104,4.0151
695,2.9,5.0,0.0,0.9701,4.0039
696,2.9,5.0,0.0,1.0085,4.0421
697,3.7,6.0,0.0,1.2186,4.0119
698,3.7,9.0,0.0,1.304,3.9798
699,3.8,6.0,0.0,1.2247,4.0402
700,4.1,8.0,0.0,1.4193,4.0055
701,4.1,6.0,0.0,1.3393,4.0381
702,3.1,6.0,0.0,1.0989,4.0925
703,3.7,6.0,0.0,1.1988,4.0448
704,3.8,7.0,0.0,1.2571,4.0915
705,3.6,9.0,0.0,1.3153,4.0845
706,5.3,13.0,0.0,1.9131,4.0428
707,4.6,10.0,0.0,1.533,4.0497
708,3.8,6.0,0.0,1.2732,3.9811
709,4.6,11.0,0.0,1.6093,4.0694
710,4.2,6.0,0.0,1.3444,3.9833
711,4.4,8.0,0.0,1.5033,3.8867
712,4.1,5.0,0.0,1.3242,3.8509
713,3.3,4.0,0.0,1.0897,3.8638
714,3.7,5.0,0.0,1.1874,4.0094
715,3.3,5.0,0.0,1.1014,3.8903
716,3.9,6.0,0.0,1.2433,3.879
717,3.3,5.0,0.0,1.1389,3.8604
718,3.3,6.0,0.0,1.1269,3.9096
719,4.9,7.0,0.0,1.579,4.0721
720,3.3,5.0,0.0,1.0989,3.9379
721,3.8,6.0,0.0,1.2671,3.9231
722,3.6,5.0,0.0,1.1609,3.8916
723,4.4,9.0,0.0,1.4663,3.8613
724,2.7,4.0,0.0,0.9193,3.885
725,2.9,3.0,0.0,0.9526,3.9996
726,3.1,4.0,0.0,1.0069,4.0042
727,3.7,5.0,0.0,1.2002,4.0418
728,3.6,6.0,0.0,1.1864,4.0392
729,4.2,5.0,0.0,1.4027,4.0292
730,3.8,5.0,0.0,1.2249,4.016
731,2.9,5.0,0.0,0.9952,4.0119
732,4.3,9.0,0.0,1.4384,3.9382
733,4.6,9.0,0.0,1.5609,3.9084
734,5.3,7.0,0.0,1.6657,3.9945
735,4.8,7.0,0.0,1.5598,3.9903
736,4.1,6.0,0.0,1.345,3.9559
737,4.1,7.0,0.0,1.3527,3.9661
738,4.6,7.0,0.0,1.4517,3.9439
739,3.5,5.0,0.0,1.1404,3.8518
740,2.8,7.0,0.0,1.0157,3.7861
741,3.9,8.0,0.0,1.3229,3.834
742,4.1,7.0,0.0,1.3572,3.7434
743,3.2,6.0,0.0,1.089,3.8427
744,3.4,6.0,0.0,1.1548,3.9101
745,3.5,6.0,0.0,1.1718,3.9328
746,4.2,10.0,0.0,1.493,3.9043
747,3.5,8.0,0.0,1.1823,3.865
748,3.8,5.0,0.0,1.2219,3.902
749,3.8,7.0,0.0,1.2735,3.8464
750,3.7,6.0,0.0,1.2387,4.0643
751,3.2,7.0,0.0,1.1638,3.9469
752,3.0,4.0,0.0,1.0203,3.9703
753,4.0,6.0,0.0,1.3343,3.9362
754,3.4,5.0,0.0,1.1548,3.9662
755,3.5,5.0,0.0,1.1694,3.9742
756,3.7,6.0,0.0,1.219,3.992
757,3.9,11.0,0.0,1.4479,3.9519
758,4.7,8.0,0.0,1.6016,4.1144
759,3.4,6.0,0.0,1.111,4.0687
760,3.8,6.0,0.0,1.2464,4.0339
761,4.3,9.0,0.0,1.4429,4.0516
762,4.2,7.0,0.0,1.4066,4.0493
763,3.4,5.0,0.0,1.128,4.0375
764,4.6,10.0,0.0,1.6062,4.0063
765,3.2,6.0,0.0,1.0954,4.0418
766,3.0,4.0,0.0,1.0105,3.9914
767,3.9,7.0,0.0,1.2722,4.016
768,3.7,5.0,0.0,1.1975,4.0272
769,3.7,6.0,0.0,1.227,3.9906
770,3.3,6.0,0.0,1.1479,3.9951
771,3.9,6.0,0.0,1.252,4.0015
772,3.5,5.0,0.0,1.1435,4.0274
773,4.7,7.0,0.0,1.5538,4.0252
774,4.1,7.0,0.0,1.3153,4.0068
775,3.0,4.0,0.0,1.0303,4.0101
776,4.0,5.0,0.0,1.2669,3.9897
777,4.2,6.0,0.0,1.3964,3.9491
778,4.5,8.0,0.0,1.4798,4.041
779,4.4,7.0,0.0,1.3761,4.0207
780,3.9,6.0,0.0,1.2542,4.0396
781,4.0,5.0,0.0,1.3038,3.9728
782,4.9,10.0,0.0,1.6315,4.0375
783,3.3,6.0,0.0,1.0959,4.0051
784,4.1,6.0,0.0,1.345,3.9708
785,3.5,5.0,0.0,1.1194,3.9044
786,4.1,9.0,0.0,1.3875,3.8271
787,3.7,5.0,0.0,1.2,3.9349
788,3.4,5.0,0.0,1.1303,3.9303
789,4.1,8.0,0.0,1.3615,4.0281
790,4.0,7.0,0.0,1.3286,4.0115
791,4.5,8.0,0.0,1.482,4.0251
792,3.5,5.0,0.0,1.2057,3.9726
793,3.9,7.0,0.0,1.309,4.0121
794,5.5,10.0,0.0,1.7996,4.0527
795,4.5,7.0,0.0,1.4232,4.0176
796,4.5,6.0,0.0,1.407,4.066
797,4.6,6.0,0.0,1.4784,4.0573
798,4.7,7.0,0.0,1.49,3.9655
799,3.5,5.0,0.0,1.1601,4.0655
800,3.6,5.0,0.0,1.2023,3.9974
801,4.1,12.0,0.0,1.534,3.8624
802,3.9,8.0,0.0,1.3666,4.0174
803,3.1,4.0,0.0,1.0262,4.0394
804,3.9,6.0,0.0,1.3274,4.0435
805,3.6,5.0,0.0,1.2239,4.0716
806,4.6,9.0,0.0,1.5164,4.1198
807,3.4,6.0,0.0,1.1463,4.0955
808,4.4,8.0,0.0,1.4345,4.1013
809,4.4,6.0,0.0,1.4421,4.1153
810,3.1,6.0,0.0,1.1194,4.0722
811,3.7,5.0,0.0,1.2408,4.1474
812,3.4,10.0,0.0,1.2829,4.1574
813,2.8,4.0,0.0,0.9622,4.0716
814,4.4,8.0,0.0,1.4646,4.0546
815,3.3,6.0,0.0,1.1277,4.0648
816,3.2,5.0,0.0,1.0478,4.0099
817,4.0,8.0,0.0,1.3601,3.9318
818,4.2,7.0,0.0,1.3811,3.9434
819,2.9,5.0,0.0,0.9969,3.8458
820,4.8,8.0,0.0,1.6107,3.9934
821,3.2,5.0,0.0,1.0585,3.9653
822,4.1,9.0,0.0,1.4259,4.0087
823,3.4,5.0,0.0,1.1034,4.0647
824,4.3,6.0,0.0,1.3863,3.9991
825,4.2,6.0,0.0,1.3637,3.9804
826,3.5,7.0,0.0,1.2088,3.9979
827,3.9,5.0,0.0,1.326,4.0112
828,3.1,4.0,0.0,1.0496,3.9363
829,3.0,5.0,0.0,1.0731,3.8916
830,4.3,8.0,0.0,1.4486,4.0107
831,3.8,10.0,0.0,1.3534,4.0507
832,3.8,7.0,0.0,1.2411,4.0861
833,4.4,5.0,0.0,1.427,4.0971
834,5.5,10.0,0.0,1.804,3.9609
835,4.7,8.0,0.0,1.5118,3.9413
836,4.6,9.0,0.0,1.4992,3.9201
837,3.9,8.0,0.0,1.3321,3.9196
838,3.9,6.0,0.0,1.2873,3.9531
839,3.8,6.0,0.0,1.2714,3.9373
840,4.2,6.0,0.0,1.3453,3.9168
841,3.4,5.0,0.0,1.2008,3.911
842,3.2,6.0,0.0,1.0929,3.9437
843,3.3,5.0,0.0,1.1014,4.1073
844,3.3,5.0,0.0,1.102,4.0303
845,5.1,8.0,0.0,1.6411,3.9925
846,4.6,8.0,0.0,1.5183,4.1141
847,3.6,5.0,0.0,1.1779,3.9826
848,4.7,9.0,0.0,1.6148,3.9449
849,4.1,9.0,0.0,1.4782,3.9831
850,3.9,8.0,0.0,1.2961,3.9429
851,3.4,5.0,0.0,1.0897,3.8755
852,3.6,5.0,0.0,1.1649,3.9058
853,4.2,8.0,0.0,1.4098,3.9619
854,3.6,6.0,0.0,1.2002,3.9633
855,4.7,11.0,0.0,1.681,3.9417
856,4.2,6.0,0.0,1.3219,3.8985
857,3.6,5.0,0.0,1.1772,3.8707
858,4.1,8.0,0.0,1.4673,3.8756
859,3.3,6.0,0.0,1.1018,3.888
860,4.3,8.0,0.0,1.4239,3.9988
861,3.4,6.0,0.0,1.1522,4.1182
862,3.6,8.0,0.0,1.254,4.0446
863,3.2,4.0,0.0,1.0682,3.9844
864,4.0,6.0,0.0,1.2835,4.0566
865,3.5,5.0,0.0,1.1258,4.0406
866,4.0,9.0,0.0,1.4007,4.0334
867,3.4,4.0,0.0,1.1549,4.0485
868,2.8,5.0,0.0,0.9969,3.979
869,4.8,8.0,0.0,1.519,4.0705
870,3.9,6.0,0.0,1.2714,4.0047
871,3.9,6.0,0.0,1.2625,4.119
872,3.7,8.0,0.0,1.2826,3.9345
873,4.9,11.0,0.0,1.6636,3.9581
874,4.4,8.0,0.0,1.5485,3.9282
875,4.5,7.0,0.0,1.4992,3.9589
876,3.6,8.0,0.0,1.2433,4.0141
877,3.8,6.0,0.0,1.2408,4.0386
878,3.3,4.0,0.0,1.1289,4.0895
879,3.2,5.0,0.0,1.1014,4.1256
880,4.6,15.0,0.0,1.8076,4.0848
881,3.0,4.0,0.0,0.9836,4.1026
882,4.5,6.0,0.0,1.4578,4.0892
883,3.7,5.0,0.0,1.2233,4.1316
884,5.0,8.0,0.0,1.6214,4.117
885,4.5,9.0,0.0,1.4961,4.143
886,3.6,5.0,0.0,1.2333,4.0593
887,4.2,7.0,0.0,1.4398,4.0486
888,3.7,5.0,0.0,1.2247,4.0868
889,2.8,6.0,0.0,1.0149,4.1298
890,3.5,6.0,0.0,1.1752,3.9329
891,3.6,6.0,0.0,1.1779,3.946
892,3.4,7.0,0.0,1.1446,3.9411
893,3.5,5.0,0.0,1.1187,3.9787
894,4.0,5.0,0.0,1.3266,4.0349
895,4.7,10.0,0.0,1.6186,3.9981
896,3.7,6.0,0.0,1.2213,3.9798
897,3.4,5.0,0.0,1.1463,4.0447
898,4.4,6.0,0.0,1.4421,4.0794
899,2.9,4.0,0.0,0.9851,4.0242
900,3.9,5.0,0.0,1.2432,4.0553
901,4.0,6.0,0.0,1.2494,4.0446
902,3.5,6.0,0.0,1.1723,4.0806
903,3.6,6.0,0.0,1.1347,4.0505
904,4.2,6.0,0.0,1.3483,4.0303
905,3.9,6.0,0.0,1.2891,4.1576
906,3.4,5.0,0.0,1.0981,4.0191
907,4.1,5.0,0.0,1.3265,3.9393
908,3.0,5.0,0.0,1.0062,3.9393
909,3.6,5.0,0.0,1.1581,3.8435
910,4.0,8.0,0.0,1.3563,3.8736
911,4.5,8.0,0.0,1.4635,3.9019
912,3.7,5.0,0.0,1.2239,3.8716
913,4.1,6.0,0.0,1.3363,3.8528
914,3.8,7.0,0.0,1.2624,3.932
915,3.8,8.0,0.0,1.2829,3.9331
916,3.6,5.0,0.0,1.1459,4.0905
917,3.7,5.0,0.0,1.2124,4.0691
918,2.6,3.0,0.0,0.8567,4.02
919,4.5,11.0,0.0,1.5644,4.045
920,3.2,5.0,0.0,1.0865,4.0131
921,3.9,6.0,0.0,1.3046,4.026
922,3.7,7.0,0.0,1.2219,3.9568
923,3.9,8.0,0.0,1.309,3.9635
924,3.0,5.0,0.0,1.0524,3.9562
925,3.3,6.0,0.0,1.0863,3.9885
926,4.0,7.0,0.0,1.3759,4.0562
927,4.4,7.0,0.0,1.4177,4.0942
928,4.5,6.0,0.0,1.4032,4.0872
929,4.7,7.0,0.0,1.5132,4.1384
930,5.2,10.0,0.0,1.7161,4.0849
931,3.6,8.0,0.0,1.2494,4.1178
932,3.7,7.0,0.0,1.2798,4.1034
933,4.3,8.0,0.0,1.44,4.1347
934,3.3,5.0,0.0,1.1016,4.1102
935,4.3,10.0,0.0,1.4523,4.1087
936,4.2,6.0,0.0,1.3659,4.0645
937,4.0,6.0,0.0,1.3557,4.1532
938,4.3,5.0,0.0,1.3915,4.1974
939,4.2,6.0,0.0,1.3541,4.0845
940,3.4,6.0,0.0,1.1549,4.1277
941,4.4,6.0,0.0,1.4379,4.1029
942,3.6,6.0,0.0,1.1749,4.0584
943,3.9,7.0,0.0,1.3592,4.0546
944,3.1,5.0,0.0,1.0448,4.0625
945,3.2,6.0,0.0,1.108,4.0411
946,4.1,6.0,0.0,1.3122,3.9909
947,4.1,7.0,0.0,1.4032,3.9664
948,4.7,8.0,0.0,1.5562,3.9207
949,3.3,4.0,0.0,1.0741,3.9636
950,3.1,4.0,0.0,1.0428,3.9093
951,3.6,7.0,0.0,1.2054,3.9781
952,3.8,9.0,0.0,1.3361,3.8667
953,3.3,5.0,0.0,1.1079,3.9346
954,4.7,7.0,0.0,1.5416,3.9972
955,3.8,9.0,0.0,1.3101,3.8575
956,3.4,5.0,0.0,1.134,3.8126
957,4.1,7.0,0.0,1.3379,3.9079
958,4.0,5.0,0.0,1.3524,3.9671
959,3.0,6.0,0.0,1.0874,3.8991
960,2.9,4.0,0.0,1.0149,3.9081
961,4.3,6.0,0.0,1.4035,3.9169
962,2.8,4.0,0.0,0.9499,3.9441
963,4.4,9.0,0.0,1.5118,3.9711
964,3.4,4.0,0.0,1.15,3.9573
965,4.4,7.0,0.0,1.4379,3.945
966,3.6,5.0,0.0,1.1977,3.9679
967,4.5,6.0,0.0,1.4479,3.9439
968,4.1,6.0,0.0,1.3613,3.9476
969,4.2,9.0,0.0,1.4277,3.9483
970,4.1,7.0,0.0,1.3776,3.9396
971,4.3,7.0,0.0,1.4318,3.9435
972,4.5,7.0,0.0,1.4379,3.9807
973,3.7,5.0,0.0,1.2175,3.9209
974,4.5,8.0,0.0,1.4878,3.9785
975,4.1,6.0,0.0,1.4119,3.9814
976,4.2,9.0,0.0,1.4541,3.9733
977,4.5,7.0,0.0,1.4538,3.9804
978,3.8,6.0,0.0,1.2173,3.9764
979,2.9,4.0,0.0,0.9798,3.9219
980,5.2,9.0,0.0,1.6792,3.8716
981,4.3,6.0,0.0,1.4586,3.9157
982,4.6,8.0,0.0,1.4827,3.9323
983,3.8,5.0,0.0,1.2366,3.9126
984,3.3,6.0,0.0,1.1236,3.9057
985,4.2,7.0,0.0,1.4302,3.9771
986,3.0,6.0,0.0,1.0583,3.9322
987,3.7,6.0,0.0,1.252,3.9417
988,3.4,4.0,0.0,1.1314,3.9418
989,4.6,7.0,0.0,1.4866,3.9358
990,3.0,6.0,0.0,1.0641,3.906
991,4.3,7.0,0.0,1.4309,3.9173
992,4.3,6.0,0.0,1.3711,3.9074
993,5.3,9.0,0.0,1.6756,3.9338
994,4.4,6.0,0.0,1.4213,3.9836
995,3.3,4.0,0.0,1.1336,3.9565
996,4.2,7.0,0.0,1.3444,3.7868
997,3.9,6.0,0.0,1.2779,3.8111
998,3.9,7.0,0.0,1.3153,3.9151
999,4.2,10.0,0.0,1.4555,3.9794
1000,4.1,7.0,0.0,1.3711,3.9506
1001,3.8,5.0,0.0,1.243,3.9353
1002,3.6,5.0,0.0,1.2278,3.9459
1003,3.8,5.0,0.0,1.2151,3.9325
1004,4.1,7.0,0.0,1.4089,3.916
1005,2.7,4.0,0.0,0.9185,3.9065
1006,4.4,6.0,0.0,1.3776,3.9309
1007,3.7,6.0,0.0,1.2085,3.933
1008,3.4,4.0,0.0,1.0927,3.8943
1009,4.1,8.0,0.0,1.3923,3.9008
1010,3.6,6.0,0.0,1.2304,3.9076
1011,4.2,6.0,0.0,1.3638,3.9186
1012,3.3,7.0,0.0,1.1586,3.8832
1013,3.4,7.0,0.0,1.1758,3.929
1014,3.8,5.0,0.0,1.2649,3.9078
1015,3.2,4.0,0.0,1.0846,3.919
1016,4.0,8.0,0.0,1.3613,3.9299
1017,5.0,7.0,0.0,1.6371,3.8999
1018,4.9,8.0,0.0,1.5853,3.9042
1019,4.4,7.0,0.0,1.4511,3.9398
1020,4.1,6.0,0.0,1.3498,3.9476
1021,2.9,6.0,0.0,1.0282,3.9023
1022,4.4,7.0,0.0,1.4472,3.9008
1023,3.3,6.0,0.0,1.15,3.9132
1024,3.6,7.0,0.0,1.26,3.941
1025,4.2,7.0,0.0,1.3698,3.9521
1026,3.6,6.0,0.0,1.2021,3.9589
1027,3.8,12.0,0.0,1.4758,4.0114
1028,2.9,5.0,0.0,1.005,3.9694
1029,5.1,7.0,0.0,1.6138,3.9575
1030,2.9,4.0,0.0,0.9962,3.9445
1031,3.6,6.0,0.0,1.1988,3.8877
1032,3.0,5.0,0.0,1.0065,3.8552
1033,5.0,7.0,0.0,1.5615,3.8916
1034,4.4,7.0,0.0,1.4623,3.8874
1035,4.9,7.0,0.0,1.5387,3.9412
1036,3.7,8.0,0.0,1.28,3.9917
1037,4.2,6.0,0.0,1.3025,4.129
1038,2.8,4.0,0.0,0.9185,3.9885
1039,3.9,6.0,0.0,1.2798,3.9711
1040,4.1,7.0,0.0,1.3688,3.9506
1041,4.9,13.0,0.0,1.7219,4.1116
1042,4.0,6.0,0.0,1.2748,4.1644
1043,4.0,5.0,0.0,1.3681,4.0013
1044,5.0,7.0,0.0,1.5863,3.9988
1045,3.7,7.0,0.0,1.2464,3.77
1046,3.7,6.0,0.0,1.2546,3.7787
1047,3.4,5.0,0.0,1.1122,3.9586
1048,4.0,6.0,0.0,1.28,3.915
1049,4.2,6.0,0.0,1.3778,3.8636
1050,3.5,4.0,0.0,1.1803,3.8882
1051,3.5,7.0,0.0,1.1808,3.9322
1052,4.0,6.0,0.0,1.3541,3.8704
1053,3.3,6.0,0.0,1.1435,3.9801
1054,4.0,6.0,0.0,1.3379,3.9247
1055,4.3,7.0,0.0,1.4,3.9362
1056,3.9,7.0,0.0,1.2835,3.8606
1057,3.8,5.0,0.0,1.3615,3.9167
1058,2.9,4.0,0.0,0.9885,3.8922
1059,3.9,7.0,0.0,1.2669,3.9805
1060,4.3,10.0,0.0,1.519,3.9562
1061,3.8,9.0,0.0,1.3541,4.0435
1062,4.4,6.0,0.0,1.4004,4.0066
1063,3.9,7.0,0.0,1.3,4.1146
1064,3.2,6.0,0.0,1.1045,4.1238
1065,3.0,4.0,0.0,1.0029,3.9843
1066,3.3,6.0,0.0,1.1136,3.9446
1067,4.0,7.0,0.0,1.4177,3.9069
1068,4.4,8.0,0.0,1.4491,4.0173
1069,4.0,8.0,0.0,1.3704,3.9962
1070,4.5,7.0,0.0,1.4523,4.0461
1071,3.6,5.0,0.0,1.167,3.9882
1072,4.3,10.0,0.0,1.479,3.9869
1073,2.9,4.0,0.0,0.9447,3.9514
1074,4.2,7.0,0.0,1.3295,3.9794
1075,3.7,9.0,0.0,1.3491,4.0035
1076,4.3,5.0,0.0,1.456,4.0011
1077,4.5,6.0,0.0,1.484,4.0247
1078,4.7,11.0,0.0,1.6031,4.06
1079,7.0,9.0,0.0,2.2247,4.2583
1080,5.9,10.0,0.0,1.9084,4.2506
1081,7.4,12.0,0.0,2.3022,4.2662
1082,8.0,12.0,0.0,2.4515,4.1936
1083,5.7,7.0,0.0,1.8303,4.0832
1084,7.3,12.0,0.0,2.3346,4.2738
1085,5.1,12.0,0.0,1.745,4.1324
1086,4.3,11.0,0.0,1.5406,3.9691
1087,5.2,8.0,0.0,1.6205,4.0179
1088,5.1,9.0,0.0,1.6432,3.9924
1089,5.2,8.0,0.0,1.6506,4.0309
1090,4.2,7.0,0.0,1.3688,4.0445
1091,5.1,8.0,0.0,1.6498,3.9599
1092,3.4,4.0,0.0,1.1079,3.9883
1093,3.4,6.0,0.0,1.1563,3.9208
1094,4.2,9.0,0.0,1.3992,3.9377
1095,4.2,6.0,0.0,1.3483,3.9252
1096,2.8,5.0,0.0,0.9937,3.8883
1097,2.6,4.0,0.0,0.8623,3.9281
1098,2.4,3.0,0.0,0.8047,3.8961
1099,4.2,7.0,0.0,1.3928,3.9131
1100,4.3,7.0,0.0,1.4594,3.9292
1101,4.1,6.0,0.0,1.373,3.9619
1102,3.9,6.0,0.0,1.2955,3.9523
1103,2.9,4.0,0.0,0.9922,3.8711
1104,3.6,8.0,0.0,1.2229,3.8195
1105,4.2,10.0,0.0,1.4586,3.9263
1106,4.1,7.0,0.0,1.3336,4.0064
1107,3.7,5.0,0.0,1.2904,4.0097
1108,4.5,6.0,0.0,1.433,4.0146
1109,4.5,6.0,0.0,1.4769,4.0075
1110,5.6,9.0,0.0,1.8244,4.0821
1111,4.9,8.0,0.0,1.5991,4.1288
1112,5.0,10.0,0.0,1.6556,4.0567
1113,4.5,7.0,0.0,1.4331,4.0863
1114,4.3,7.0,0.0,1.4431,4.1391
1115,6.2,9.0,0.0,1.9656,4.2141
1116,6.7,14.0,0.0,2.1867,4.3143
1117,6.6,12.0,0.0,2.1565,4.2145
1118,5.9,9.0,0.0,1.8958,4.1851
1119,8.0,11.0,0.0,2.4767,4.3937
1120,6.4,9.0,0.0,2.0381,4.2911
1121,6.0,9.0,0.0,1.9199,4.3645
1122,7.3,10.0,0.0,2.2738,4.2596
1123,4.9,11.0,0.0,1.645,4.2925
1124,7.7,12.0,0.0,2.4754,4.2121
1125,7.3,10.0,0.0,2.2288,4.1724
1126,5.4,8.0,0.0,1.7407,4.1041
1127,5.5,11.0,0.0,1.8356,4.0467
1128,4.7,9.0,0.0,1.5865,3.9573
1129,4.6,6.0,0.0,1.5483,4.0692
1130,4.7,7.0,0.0,1.4967,4.211
1131,4.5,9.0,0.0,1.5547,4.1444
1132,5.6,9.0,0.0,1.8029,4.1688
1133,5.3,12.0,0.0,1.8065,4.1658
1134,5.0,8.0,0.0,1.621,4.3125
1135,6.6,11.0,0.0,2.184,4.2721
1136,4.8,6.0,0.0,1.4925,4.1009
1137,6.6,10.0,0.0,2.0851,4.232
1138,6.2,8.0,0.0,1.9884,4.2789
1139,5.1,8.0,0.0,1.6629,4.2326
1140,7.8,20.0,0.0,2.681,4.2886
1141,5.2,9.0,0.0,1.6292,4.1631
1142,5.3,9.0,0.0,1.7554,4.25
1143,4.7,6.0,0.0,1.5492,4.1532
1144,5.2,8.0,0.0,1.6329,4.2289
1145,4.9,9.0,0.0,1.5876,4.2786
1146,5.3,9.0,0.0,1.6882,4.2991
1147,4.9,7.0,0.0,1.5898,4.1246
1148,5.5,8.0,0.0,1.7685,4.1869
1149,3.8,7.0,0.0,1.251,4.0457
1150,4.0,6.0,0.0,1.2929,4.1403
1151,5.2,9.0,0.0,1.6522,4.2427
1152,4.6,6.0,0.0,1.4725,4.1561
1153,5.8,11.0,0.0,1.8692,4.0999
1154,5.5,14.0,0.0,1.9435,4.3536
1155,6.2,10.0,0.0,1.9969,4.3743
1156,6.3,14.0,0.0,2.1235,4.5778
1157,5.1,8.0,0.0,1.6641,4.3189
1158,4.5,8.0,0.0,1.4967,4.2956
1159,5.5,8.0,0.0,1.8014,4.4129
1160,4.2,6.0,0.0,1.3948,4.2757
1161,4.8,7.0,0.0,1.6113,4.2415
1162,5.9,13.0,0.0,2.079,4.3701
1163,4.5,6.0,0.0,1.4493,4.125
1164,4.0,7.0,0.0,1.3747,4.1261
1165,5.4,8.0,0.0,1.7245,4.1686
1166,3.5,5.0,0.0,1.1324,4.1038
1167,4.4,9.0,0.0,1.5327,4.0646
1168,3.8,5.0,0.0,1.2488,4.1071
1169,4.6,8.0,0.0,1.5256,4.1283
1170,4.3,5.0,0.0,1.3964,4.0767
1171,4.1,7.0,0.0,1.3856,4.1215
1172,3.4,6.0,0.0,1.1072,4.0698
1173,4.7,8.0,0.0,1.548,4.1191
1174,2.4,5.0,0.0,0.859,4.1539
1175,4.1,6.0,0.0,1.3017,4.004
1176,3.9,10.0,0.0,1.3811,3.875
1177,3.5,5.0,0.0,1.1662,3.9336
1178,4.1,7.0,0.0,1.347,4.0069
1179,3.4,6.0,0.0,1.1212,4.2147
1180,3.4,6.0,0.0,1.1842,4.3015
1181,3.5,5.0,0.0,1.1889,4.0732
1182,3.6,6.0,0.0,1.1971,4.0726
1183,3.7,5.0,0.0,1.2121,4.2606
1184,4.7,6.0,0.0,1.5093,4.1647
1185,4.2,6.0,0.0,1.3672,4.1199
1186,4.8,7.0,0.0,1.5105,4.1817
1187,7.0,11.0,0.0,2.2342,4.2947
1188,6.3,10.0,0.0,1.9731,4.4245
1189,6.7,12.0,0.0,2.1895,4.413
1190,7.3,10.0,0.0,2.2747,4.5705
1191,7.6,11.0,0.0,2.3824,4.4881
1192,6.9,14.0,0.0,2.2335,4.3812
1193,6.1,10.0,0.0,1.9448,4.2773
1194,3.1,5.0,0.0,1.1091,4.243
1195,4.4,8.0,0.0,1.4594,4.1283
1196,4.2,9.0,0.0,1.4771,4.1254
1197,5.0,9.0,0.0,1.6181,4.142
1198,3.6,5.0,0.0,1.2031,4.0079
1199,4.5,6.0,0.0,1.558,4.177
1200,5.5,13.0,0.0,1.883,3.9384
1201,4.5,8.0,0.0,1.5133,3.9208
1202,4.7,7.0,0.0,1.5264,3.9468
1203,4.8,7.0,0.0,1.5452,3.9555
1204,3.8,6.0,0.0,1.2592,4.1632
1205,4.0,8.0,0.0,1.3659,4.1064
1206,3.9,7.0,0.0,1.2635,4.0581
1207,4.3,6.0,0.0,1.3565,4.0272
1208,4.3,7.0,0.0,1.3987,4.0658
1209,4.4,6.0,0.0,1.4104,4.0786
1210,4.1,10.0,0.0,1.4112,3.9416
1211,4.4,8.0,0.0,1.4468,3.9668
1212,4.4,7.0,0.0,1.4918,4.047
1213,2.6,3.0,0.0,0.9152,3.9063
1214,5.8,10.0,0.0,1.8921,3.9142
1215,3.6,6.0,0.0,1.2685,3.9473
1216,4.7,10.0,0.0,1.5891,3.9527
1217,3.8,7.0,0.0,1.2417,4.0227
1218,4.1,6.0,0.0,1.3572,3.9877
1219,4.6,6.0,0.0,1.4525,3.961
1220,3.9,6.0,0.0,1.2997,3.9416
1221,4.2,8.0,0.0,1.4276,4.0394
1222,3.7,5.0,0.0,1.233,4.2163
1223,5.3,8.0,0.0,1.6975,4.1893
1224,5.0,7.0,0.0,1.5662,4.2181
1225,5.0,7.0,0.0,1.6271,4.276
1226,4.1,6.0,0.0,1.3253,4.0551
1227,4.9,8.0,0.0,1.5991,4.0567
1228,5.6,10.0,0.0,1.8282,4.0453
1229,3.8,5.0,0.0,1.2577,4.1938
1230,4.3,8.0,0.0,1.3849,4.1895
1231,5.0,8.0,0.0,1.6086,4.0747
1232,4.3,6.0,0.0,1.4044,4.1318
1233,4.4,9.0,0.0,1.5156,4.0727
1234,3.5,4.0,0.0,1.1576,4.1925
1235,3.2,6.0,0.0,1.0428,4.1214
1236,5.9,8.0,0.0,1.85,4.2134
1237,3.7,6.0,0.0,1.2792,4.0531
1238,4.7,6.0,0.0,1.54,4.1283
1239,3.8,10.0,0.0,1.3947,4.0452
1240,4.9,7.0,0.0,1.5536,4.1965
1241,4.7,11.0,0.0,1.6425,4.083
1242,5.2,7.0,0.0,1.7075,4.0401
1243,4.4,8.0,0.0,1.4239,4.0051
1244,4.0,5.0,0.0,1.2722,4.2877
1245,4.0,6.0,0.0,1.2689,4.2207
1246,3.6,6.0,0.0,1.1991,4.2421
1247,3.7,5.0,0.0,1.1705,4.071
1248,4.5,9.0,0.0,1.5078,4.0237
1249,4.0,9.0,0.0,1.4245,4.1185
1250,4.4,8.0,0.0,1.4811,3.9767
1251,5.1,10.0,0.0,1.707,3.9629
1252,4.6,7.0,0.0,1.5106,4.0455
1253,4.8,10.0,0.0,1.6486,4.1375
1254,5.9,10.0,0.0,1.9339,4.1535
1255,5.8,8.0,0.0,1.8402,4.2732
1256,5.3,9.0,0.0,1.6681,4.1022
1257,4.3,7.0,0.0,1.45,4.1181
1258,5.7,9.0,0.0,1.8314,4.3515
1259,3.9,6.0,0.0,1.299,4.1701
1260,3.9,6.0,0.0,1.2842,4.1227
1261,5.9,7.0,0.0,1.9036,4.5518
1262,5.5,10.0,0.0,1.8049,4.3614
1263,4.9,10.0,0.0,1.6413,4.2181
1264,4.7,8.0,0.0,1.5067,3.9951
1265,4.3,6.0,0.0,1.4048,3.9899
1266,3.5,4.0,0.0,1.1393,4.0502
1267,4.4,7.0,0.0,1.4773,4.1951
1268,4.1,6.0,0.0,1.3711,4.0314
1269,3.8,8.0,0.0,1.2592,4.0116
1270,4.0,8.0,0.0,1.3645,4.1039
1271,4.8,6.0,0.0,1.6056,4.1614
1272,3.4,6.0,0.0,1.1834,4.1957
1273,4.2,6.0,0.0,1.373,3.9674
1274,4.6,6.0,0.0,1.4415,4.1813
1275,3.4,5.0,0.0,1.1098,3.9882
1276,4.6,6.0,0.0,1.4798,3.9569
1277,3.9,6.0,0.0,1.2627,4.0547
1278,3.7,7.0,0.0,1.2983,3.9952
1279,3.9,6.0,0.0,1.26,4.0846
1280,5.5,8.0,0.0,1.7164,4.1271
1281,3.2,6.0,0.0,1.1032,4.0327
1282,5.5,10.0,0.0,1.8169,4.1511
1283,4.0,5.0,0.0,1.3109,4.1173
1284,4.4,5.0,0.0,1.4874,4.1215
1285,5.9,8.0,0.0,1.8681,4.2197
1286,6.0,14.0,0.0,2.0648,4.1545
1287,4.2,5.0,0.0,1.3445,4.087
1288,4.9,7.0,0.0,1.6231,4.0641
1289,4.5,9.0,0.0,1.5394,4.0989
1290,4.6,6.0,0.0,1.4824,4.0687
1291,4.2,6.0,0.0,1.3593,3.9946
1292,5.9,11.0,0.0,1.9309,4.0201
1293,5.0,9.0,0.0,1.6315,4.0803
1294,6.9,13.0,0.0,2.2776,4.0653
1295,5.7,12.0,0.0,1.8968,4.0523
1296,5.4,7.0,0.0,1.6702,4.2054
1297,5.8,10.0,0.0,1.8815,4.0354
1298,4.7,9.0,0.0,1.5974,4.0865
1299,5.4,7.0,0.0,1.7022,3.9744
1300,4.0,6.0,0.0,1.3109,3.9198
1301,5.9,9.0,0.0,1.8554,3.9255
1302,4.5,7.0,0.0,1.4442,3.9634
1303,4.2,7.0,0.0,1.4309,3.9553
1304,4.4,7.0,0.0,1.4303,3.9875
1305,5.3,8.0,0.0,1.7385,3.9268
1306,5.0,8.0,0.0,1.5956,3.9515
1307,4.1,6.0,0.0,1.3788,3.9451
1308,6.0,10.0,0.0,1.9079,4.0238
1309,5.1,7.0,0.0,1.6915,4.0409
1310,3.9,7.0,0.0,1.3343,4.0068
1311,4.8,9.0,0.0,1.5728,3.9413
1312,4.7,10.0,0.0,1.5918,3.9807
1313,5.3,13.0,0.0,1.8527,4.1471
1314,5.4,9.0,0.0,1.7159,4.1218
1315,4.3,8.0,0.0,1.4809,4.1726
1316,4.6,7.0,0.0,1.4836,4.0779
1317,3.6,5.0,0.0,1.2104,4.0886
1318,4.6,6.0,0.0,1.5074,4.1151
1319,4.3,6.0,0.0,1.4511,4.1506
1320,5.4,9.0,0.0,1.7072,4.0787
1321,5.4,8.0,0.0,1.7254,4.012
1322,6.3,11.0,0.0,2.0483,4.1678
1323,4.9,6.0,0.0,1.5781,4.2613
1324,3.6,5.0,0.0,1.2124,4.1301
1325,5.3,10.0,0.0,1.715,4.2403
1326,6.9,9.0,0.0,2.1387,4.1692
1327,5.4,11.0,0.0,1.8224,4.2226
1328,5.7,10.0,0.0,1.818,4.1155
1329,4.8,7.0,0.0,1.5708,4.1649
1330,5.9,9.0,0.0,1.8514,4.171
1331,5.7,13.0,0.0,1.8827,4.2267
1332,4.8,7.0,0.0,1.6332,4.2029
1333,4.9,6.0,0.0,1.5452,4.1026
1334,4.1,5.0,0.0,1.3444,4.1026
1335,4.9,7.0,0.0,1.6066,4.1424
1336,5.1,7.0,0.0,1.5898,4.0411
1337,4.3,8.0,0.0,1.4627,4.1594
1338,4.5,8.0,0.0,1.4403,4.2436
1339,5.0,8.0,0.0,1.6388,4.1813
1340,4.2,5.0,0.0,1.4036,4.1129
1341,7.6,12.0,0.0,2.3668,4.1838
1342,5.2,9.0,0.0,1.6917,4.193
1343,4.7,7.0,0.0,1.5497,4.2403
1344,5.0,6.0,0.0,1.6023,4.1324
1345,5.8,8.0,0.0,1.8664,4.2285
1346,5.6,9.0,0.0,1.8547,4.1793
1347,5.0,9.0,0.0,1.7168,4.0679
1348,5.4,8.0,0.0,1.7454,4.102
1349,4.6,10.0,0.0,1.5835,4.0303
1350,5.4,9.0,0.0,1.7356,4.101
1351,4.2,6.0,0.0,1.3615,3.9844
1352,6.1,9.0,0.0,1.8991,3.9955
1353,5.9,9.0,0.0,1.8184,4.1426
1354,4.8,6.0,0.0,1.5792,4.2099
1355,6.3,9.0,0.0,1.951,4.2914
1356,5.3,10.0,0.0,1.7342,4.0989
1357,4.2,7.0,0.0,1.3563,4.0452
1358,4.6,9.0,0.0,1.5601,4.0795
1359,6.5,11.0,0.0,2.1055,4.2904
1360,5.4,9.0,0.0,1.7567,4.2099
1361,5.3,10.0,0.0,1.7824,4.122
1362,5.7,11.0,0.0,1.8773,4.0862
1363,5.0,8.0,0.0,1.6212,4.1052
1364,5.6,10.0,0.0,1.8606,4.0732
1365,3.6,4.0,0.0,1.2411,4.0761
1366,4.4,7.0,0.0,1.4919,4.0939
1367,4.9,11.0,0.0,1.6893,4.0242
1368,3.5,5.0,0.0,1.184,4.0255
1369,3.3,6.0,0.0,1.134,3.9544
1370,3.8,8.0,0.0,1.3403,3.9914
1371,3.8,6.0,0.0,1.2563,3.9962
1372,3.8,8.0,0.0,1.3067,4.0193
1373,4.7,7.0,0.0,1.5314,3.9942
1374,3.3,7.0,0.0,1.1772,3.8868
1375,3.9,10.0,0.0,1.398,4.0283
1376,5.0,7.0,0.0,1.5898,4.0341
1377,4.6,10.0,0.0,1.6454,4.1457
1378,4.2,6.0,0.0,1.3637,4.1008
1379,5.3,9.0,0.0,1.7383,4.2767
1380,4.5,7.0,0.0,1.4578,4.0833
1381,4.8,8.0,0.0,1.5574,4.0912
1382,3.7,5.0,0.0,1.1701,4.0608
1383,4.2,6.0,0.0,1.3804,4.0834
1384,3.9,6.0,0.0,1.3089,4.1265
1385,5.0,7.0,0.0,1.5976,4.1736
1386,5.2,6.0,0.0,1.6255,4.2827
1387,4.9,7.0,0.0,1.5472,4.2242
1388,5.8,10.0,0.0,1.9046,4.3072
1389,4.5,7.0,0.0,1.4623,4.0959
1390,4.9,9.0,0.0,1.62,4.1798
1391,4.1,8.0,0.0,1.3817,4.1725
1392,4.8,8.0,0.0,1.5079,4.0676
1393,5.2,11.0,0.0,1.7532,4.1065
1394,5.1,9.0,0.0,1.6467,4.1016
1395,4.0,8.0,0.0,1.3437,4.0871
1396,4.9,11.0,0.0,1.6823,4.0366
1397,3.8,8.0,0.0,1.3437,4.1015
1398,3.0,5.0,0.0,0.9885,4.0572
1399,3.8,7.0,0.0,1.2922,3.9895
1400,4.3,7.0,0.0,1.4259,4.0393
1401,3.4,5.0,0.0,1.1091,4.0848
1402,2.9,4.0,0.0,0.9851,4.1046
1403,3.9,6.0,0.0,1.2408,4.0377
1404,3.8,5.0,0.0,1.2669,4.007
1405,4.2,7.0,0.0,1.3539,4.0133
1406,3.4,8.0,0.0,1.1988,4.0575
1407,2.8,5.0,0.0,1.0062,3.9208
1408,4.5,6.0,0.0,1.4347,3.9855
1409,4.0,8.0,0.0,1.4231,4.0389
1410,3.1,4.0,0.0,1.0022,3.9494
1411,3.9,6.0,0.0,1.257,3.9825
1412,2.9,7.0,0.0,1.0284,3.9603
1413,5.1,10.0,0.0,1.6701,4.074
1414,4.2,8.0,0.0,1.4098,4.0456
1415,4.3,7.0,0.0,1.3901,4.056
1416,3.9,7.0,0.0,1.2842,3.9684
1417,4.3,10.0,0.0,1.4685,4.0693
1418,4.3,7.0,0.0,1.433,4.0942
1419,5.7,9.0,0.0,1.7979,4.0387
1420,4.5,8.0,0.0,1.5276,4.0021
1421,4.3,6.0,0.0,1.3843,3.9692
1422,4.7,7.0,0.0,1.523,4.0235
1423,4.3,8.0,0.0,1.42,4.0256
1424,5.4,10.0,0.0,1.789,4.1039
1425,4.8,10.0,0.0,1.608,4.0513
1426,4.4,9.0,0.0,1.5521,4.0196
1427,5.1,8.0,0.0,1.634,4.0342
1428,4.9,8.0,0.0,1.6643,3.9587
1429,3.9,5.0,0.0,1.28,3.986
1430,3.8,5.0,0.0,1.2353,3.9621
1431,3.7,5.0,0.0,1.1908,3.9619
1432,3.5,5.0,0.0,1.1515,3.9407
1433,3.8,9.0,0.0,1.3483,3.9307
1434,3.3,5.0,0.0,1.102,3.9585
1435,4.7,6.0,0.0,1.5756,3.9592
1436,3.4,5.0,0.0,1.1198,3.9005
1437,2.7,7.0,0.0,1.0048,3.9174
1438,3.3,5.0,0.0,1.1098,3.9098
1439,3.8,6.0,0.0,1.3,3.907
1440,4.0,8.0,0.0,1.3863,3.9158
1441,4.7,7.0,0.0,1.5787,3.9959
1442,3.7,5.0,0.0,1.2382,3.9509
1443,3.9,6.0,0.0,1.2862,3.9981
1444,4.5,6.0,0.0,1.4422,4.0477
1445,4.1,5.0,0.0,1.3748,4.0407
1446,3.6,5.0,0.0,1.1578,4.0262
1447,3.7,6.0,0.0,1.2845,3.9909
1448,4.1,6.0,0.0,1.3477,3.9913
1449,4.3,7.0,0.0,1.3856,4.052
1450,6.7,10.0,0.0,2.0623,4.1033
1451,4.1,7.0,0.0,1.4104,4.0373
1452,6.0,9.0,0.0,1.9064,4.1442
1453,4.9,7.0,0.0,1.6532,4.1767
1454,5.1,9.0,0.0,1.6363,4.0815
1455,4.0,7.0,0.0,1.3304,4.0253
1456,3.3,5.0,0.0,1.1424,4.1293
1457,5.8,8.0,0.0,1.9104,4.0943
1458,4.9,6.0,0.0,1.578,4.0709
1459,4.1,7.0,0.0,1.3744,3.9066
1460,5.3,7.0,0.0,1.7254,3.9916
1461,5.4,11.0,0.0,1.7837,3.9902
1462,3.0,6.0,0.0,1.0742,3.8468
1463,4.3,8.0,0.0,1.3999,3.9251
1464,5.1,7.0,0.0,1.5851,3.9858
1465,4.8,7.0,0.0,1.5644,3.9279
1466,3.4,4.0,0.0,1.0738,3.9343
1467,5.3,9.0,0.0,1.7628,3.9497
1468,4.6,6.0,0.0,1.4498,3.9638
1469,3.2,5.0,0.0,1.0897,3.8611
1470,4.0,6.0,0.0,1.3877,4.0082
1471,4.1,7.0,0.0,1.341,3.9785
1472,4.2,8.0,0.0,1.4129,3.9337
1473,4.4,8.0,0.0,1.4205,3.9258
1474,4.1,9.0,0.0,1.4744,3.8847
1475,4.5,9.0,0.0,1.4939,4.077
1476,4.6,12.0,0.0,1.6613,3.9931
1477,4.3,6.0,0.0,1.3928,4.1016
1478,4.3,9.0,0.0,1.4177,3.908
1479,4.0,5.0,0.0,1.3153,3.8511
1480,3.4,4.0,0.0,1.1161,3.8718
1481,3.5,5.0,0.0,1.1511,3.8763
1482,4.3,6.0,0.0,1.3964,3.889
1483,3.9,6.0,0.0,1.2792,3.9451
1484,4.2,7.0,0.0,1.382,3.9326
1485,4.9,8.0,0.0,1.598,3.996
1486,5.3,8.0,0.0,1.6636,4.0736
1487,5.0,8.0,0.0,1.6583,4.0218
1488,6.7,11.0,0.0,2.1868,4.0973
1489,7.1,14.0,0.0,2.349,4.2415
1490,5.5,11.0,0.0,1.8728,4.1024
1491,5.4,9.0,0.0,1.773,4.0716
1492,5.2,13.0,0.0,1.8924,4.0255
1493,5.0,7.0,0.0,1.6357,4.0749
1494,6.3,11.0,0.0,2.0116,4.0913
1495,6.4,11.0,0.0,2.0616,4.2308
1496,5.4,10.0,0.0,1.8204,4.2423
1497,5.9,12.0,0.0,1.9281,4.2665
1498,4.8,9.0,0.0,1.5865,4.2795
1499,6.0,10.0,0.0,1.9605,4.3227
1500,6.8,8.0,0.0,2.1261,4.2637
1501,7.3,15.0,0.0,2.3468,4.2034
1502,6.7,9.0,0.0,2.0584,4.2943
1503,4.9,11.0,0.0,1.6775,4.2331
1504,5.7,7.0,0.0,1.7803,4.1902
1505,5.2,7.0,0.0,1.7051,4.167
1506,5.3,14.0,0.0,1.8671,4.1857
1507,6.5,9.0,0.0,1.9872,4.258
1508,5.3,9.0,0.0,1.7464,4.3553
1509,5.1,11.0,0.0,1.6941,4.4
1510,3.2,5.0,0.0,1.0897,4.3466
1511,4.1,8.0,0.0,1.3416,4.2674
1512,4.1,7.0,0.0,1.3638,4.1322
1513,5.2,9.0,0.0,1.7148,4.3571
1514,5.3,7.0,0.0,1.6993,4.1717
1515,3.5,5.0,0.0,1.2241,4.1213
1516,4.8,8.0,0.0,1.5865,4.175
1517,3.6,5.0,0.0,1.2057,4.1453
1518,4.5,7.0,0.0,1.4429,4.116
1519,3.1,7.0,0.0,1.1347,4.0897
1520,5.2,11.0,0.0,1.7452,4.1256
1521,4.0,4.0,0.0,1.3245,4.1404
1522,5.7,11.0,0.0,1.8539,4.2055
1523,5.6,9.0,0.0,1.7962,4.2394
1524,5.7,12.0,0.0,1.8408,4.0869
1525,5.5,15.0,0.0,1.9753,4.169
1526,4.4,7.0,0.0,1.42,4.1783
1527,6.7,11.0,0.0,2.1472,4.3117
1528,5.5,8.0,0.0,1.7365,4.2697
1529,3.9,7.0,0.0,1.2679,4.1131
1530,5.3,9.0,0.0,1.6645,4.172
1531,5.4,8.0,0.0,1.728,4.1339
1532,3.9,7.0,0.0,1.3613,4.0891
1533,5.6,10.0,0.0,1.8351,4.1232
1534,4.3,6.0,0.0,1.3856,4.2678
1535,2.8,4.0,0.0,0.9664,4.0944
1536,2.8,5.0,0.0,0.956,4.0416
1537,3.3,6.0,0.0,1.1258,4.0393
1538,3.3,8.0,0.0,1.1884,4.0492
1539,3.0,4.0,0.0,0.9592,4.0565
1540,3.6,9.0,0.0,1.2884,4.0389
1541,2.4,3.0,0.0,0.8612,4.0335
1542,4.4,7.0,0.0,1.4424,4.0402
1543,3.6,6.0,0.0,1.1755,4.0318
1544,5.5,7.0,0.0,1.7509,4.1089
1545,3.6,5.0,0.0,1.1445,4.1184
1546,4.0,6.0,0.0,1.2859,4.1929
1547,5.3,11.0,0.0,1.7496,4.354
1548,4.0,6.0,0.0,1.2526,4.2383
1549,3.8,8.0,0.0,1.2722,4.1444
1550,5.3,9.0,0.0,1.6713,4.1312
1551,4.9,9.0,0.0,1.6475,4.2856
1552,6.6,10.0,0.0,2.0391,4.2193
1553,5.8,8.0,0.0,1.8735,4.1388
1554,3.8,6.0,0.0,1.2369,4.0674
1555,4.2,6.0,0.0,1.363,4.1361
1556,5.2,8.0,0.0,1.5961,4.2132
1557,5.2,7.0,0.0,1.6544,4.2511
1558,5.3,8.0,0.0,1.7289,4.1901
1559,4.6,8.0,0.0,1.5303,4.0833
1560,5.4,9.0,0.0,1.708,4.1807
1561,3.9,5.0,0.0,1.3043,4.1429
1562,3.7,5.0,0.0,1.2349,3.9161
1563,3.7,5.0,0.0,1.2449,3.8803
1564,4.3,8.0,0.0,1.458,4.2281
1565,4.9,10.0,0.0,1.6116,4.0746
1566,5.1,9.0,0.0,1.7497,4.1216
1567,4.0,6.0,0.0,1.3119,4.2463
1568,5.1,7.0,0.0,1.674,4.2
1569,5.2,7.0,0.0,1.6576,4.189
1570,4.5,7.0,0.0,1.4401,4.046
1571,4.6,8.0,0.0,1.5079,4.1543
1572,4.7,9.0,0.0,1.555,4.1648
1573,4.5,6.0,0.0,1.4595,4.1158
1574,3.4,5.0,0.0,1.1694,4.164
1575,6.3,13.0,0.0,2.0503,4.0972
1576,4.3,8.0,0.0,1.4591,3.939
1577,4.6,9.0,0.0,1.5791,4.0944
1578,4.4,8.0,0.0,1.5167,3.9722
1579,4.4,8.0,0.0,1.4753,3.9977
1580,5.1,8.0,0.0,1.6155,4.043
1581,4.3,7.0,0.0,1.3811,3.7981
1582,4.3,8.0,0.0,1.3928,3.8726
1583,5.2,9.0,0.0,1.7487,3.9243
1584,4.6,6.0,0.0,1.49,4.0933
1585,6.1,11.0,0.0,2.0193,3.9451
1586,4.6,6.0,0.0,1.4712,4.039
1587,4.4,8.0,0.0,1.4992,4.0426
1588,4.6,7.0,0.0,1.4414,4.0755
1589,6.0,11.0,0.0,1.9418,4.0651
1590,5.5,7.0,0.0,1.7685,4.2929
1591,5.2,10.0,0.0,1.7748,4.2249
1592,4.0,7.0,0.0,1.304,4.0981
1593,3.8,6.0,0.0,1.2387,3.9812
1594,4.1,6.0,0.0,1.3403,3.941
1595,4.1,6.0,0.0,1.3295,4.0039
1596,3.3,6.0,0.0,1.1158,4.0171
1597,4.0,6.0,0.0,1.315,4.0297
1598,4.3,6.0,0.0,1.419,4.1197
1599,6.5,10.0,0.0,2.0806,4.2651
1600,4.7,7.0,0.0,1.513,4.2395
1601,4.3,7.0,0.0,1.4177,4.0915
1602,5.2,11.0,0.0,1.7186,4.1181
1603,5.9,10.0,0.0,1.9113,4.1489
1604,4.7,13.0,0.0,1.727,4.1258
1605,5.8,10.0,0.0,1.9052,4.111
1606,6.0,11.0,0.0,1.9964,4.2158
1607,5.6,9.0,0.0,1.7338,4.1207
1608,4.9,7.0,0.0,1.6142,4.0864
1609,4.5,6.0,0.0,1.4701,4.0881
1610,5.2,12.0,0.0,1.8193,4.1156
1611,5.2,8.0,0.0,1.6844,4.1771
1612,3.6,5.0,0.0,1.1887,4.126
1613,5.1,7.0,0.0,1.5721,4.1866
1614,4.3,10.0,0.0,1.5433,4.065
1615,5.4,11.0,0.0,1.7781,4.1037
1616,3.9,5.0,0.0,1.3165,4.1678
1617,4.8,7.0,0.0,1.5739,4.2373
1618,4.3,8.0,0.0,1.4629,4.2643
1619,3.9,7.0,0.0,1.3219,4.1074
1620,3.9,7.0,0.0,1.3739,4.1336
1621,4.5,7.0,0.0,1.4545,4.1716
1622,4.0,5.0,0.0,1.345,4.1545
1623,4.9,6.0,0.0,1.5381,4.084
1624,3.7,6.0,0.0,1.2021,4.0954
1625,5.3,12.0,0.0,1.7854,4.0308
1626,4.6,8.0,0.0,1.5749,4.0572
1627,6.4,9.0,0.0,2.0124,4.1208
1628,4.7,7.0,0.0,1.5493,4.0946
1629,5.6,8.0,0.0,1.7685,4.1478
1630,4.9,6.0,0.0,1.5626,4.3548
1631,5.3,8.0,0.0,1.7465,4.3359
1632,5.7,7.0,0.0,1.7794,4.2897
1633,5.3,10.0,0.0,1.6975,4.1895
1634,5.3,13.0,0.0,1.8182,4.2368
1635,4.5,7.0,0.0,1.5338,4.2465
1636,6.1,10.0,0.0,1.9203,4.2096
1637,5.2,10.0,0.0,1.7033,4.1328
1638,5.2,9.0,0.0,1.7465,4.0459
1639,6.2,10.0,0.0,2.0026,4.2354
1640,4.8,8.0,0.0,1.578,4.1838
1641,4.8,7.0,0.0,1.5222,4.2297
1642,4.3,8.0,0.0,1.4472,4.1835
1643,7.2,12.0,0.0,2.3047,4.4033
1644,5.9,8.0,0.0,1.8465,4.2353
1645,7.0,8.0,0.0,2.2153,4.5057
1646,6.5,10.0,0.0,2.0587,4.292
1647,8.1,13.0,0.0,2.6619,4.2172
1648,6.0,10.0,0.0,1.9,4.1161
1649,5.3,8.0,0.0,1.7644,4.3175
1650,6.3,10.0,0.0,1.9682,4.3055
1651,5.8,12.0,0.0,1.9313,4.1435
1652,6.6,9.0,0.0,2.0508,4.2626
1653,6.0,9.0,0.0,1.9761,4.175
1654,5.1,7.0,0.0,1.6192,4.2319
1655,4.6,8.0,0.0,1.458,4.1249
1656,3.6,5.0,0.0,1.2249,4.2837
1657,4.6,10.0,0.0,1.5792,4.153
1658,4.7,7.0,0.0,1.5445,4.1758
1659,5.3,8.0,0.0,1.7044,4.0512
1660,5.2,8.0,0.0,1.6865,4.0909
1661,3.5,6.0,0.0,1.191,4.0436
1662,4.2,6.0,0.0,1.3435,3.8395
1663,3.6,6.0,0.0,1.2384,3.8933
1664,3.5,5.0,0.0,1.1805,3.8956
1665,2.7,5.0,0.0,0.9726,3.8519
1666,4.5,7.0,0.0,1.4753,4.073
1667,5.4,10.0,0.0,1.7865,3.9818
1668,4.1,10.0,0.0,1.4758,3.8656
1669,2.7,4.0,0.0,0.9552,3.991
1670,4.4,6.0,0.0,1.4027,4.1324
1671,4.7,6.0,0.0,1.5497,4.1304
1672,4.1,8.0,0.0,1.3592,4.0834
1673,3.9,9.0,0.0,1.3805,4.0847
1674,3.6,5.0,0.0,1.1581,4.1202
1675,4.2,7.0,0.0,1.373,3.9748
1676,2.5,3.0,0.0,0.8609,4.0804
1677,4.5,8.0,0.0,1.4866,4.2764
1678,3.6,6.0,0.0,1.1921,4.2141
1679,3.1,4.0,0.0,1.0378,4.2048
1680,3.3,7.0,0.0,1.1864,4.1463
1681,4.2,9.0,0.0,1.3964,4.1436
1682,3.4,7.0,0.0,1.1522,4.1438
1683,4.6,10.0,0.0,1.5679,4.1581
1684,3.5,6.0,0.0,1.1409,4.1381
1685,3.7,5.0,0.0,1.252,4.2108
1686,4.0,7.0,0.0,1.3467,4.2742
1687,5.0,7.0,0.0,1.6673,4.1119
1688,5.3,10.0,0.0,1.7815,4.0118
1689,3.7,8.0,0.0,1.3137,4.0761
1690,4.1,6.0,0.0,1.3336,4.0953
1691,5.2,9.0,0.0,1.7117,4.0863
1692,5.3,8.0,0.0,1.7148,4.0371
1693,4.4,8.0,0.0,1.4479,4.0379
1694,3.4,6.0,0.0,1.1198,4.0078
1695,3.4,4.0,0.0,1.1446,4.0735
1696,4.1,6.0,0.0,1.3524,4.1058
1697,5.5,10.0,0.0,1.7965,4.101
1698,3.7,8.0,0.0,1.2649,4.0517
1699,4.7,9.0,0.0,1.5835,4.1448
1700,4.0,6.0,0.0,1.321,4.0479
1701,4.0,6.0,0.0,1.2679,4.0246
1702,4.5,9.0,0.0,1.5452,4.129
1703,3.5,5.0,0.0,1.156,4.1022
1704,3.7,5.0,0.0,1.1771,4.0172
1705,2.9,4.0,0.0,0.9622,3.9704
1706,3.1,5.0,0.0,1.0731,4.0234
1707,3.3,8.0,0.0,1.206,3.9933
1708,4.1,6.0,0.0,1.2648,4.0457
1709,4.3,8.0,0.0,1.3915,4.0686
1710,3.2,4.0,0.0,1.0835,4.1089
1711,4.3,6.0,0.0,1.4728,4.1136
1712,4.4,6.0,0.0,1.4798,4.0978
1713,4.9,8.0,0.0,1.5917,4.1765
1714,3.8,5.0,0.0,1.259,4.119
1715,4.2,6.0,0.0,1.3666,4.0495
1716,5.2,7.0,0.0,1.6725,4.1144
1717,4.6,8.0,0.0,1.49,4.0658
1718,4.7,6.0,0.0,1.497,4.1917
1719,4.8,7.0,0.0,1.5701,4.0829
1720,4.6,7.0,0.0,1.5387,4.1095
1721,4.2,7.0,0.0,1.3379,4.0999
1722,3.6,6.0,0.0,1.1662,4.0982
1723,2.8,5.0,0.0,0.9889,4.0591
1724,3.7,6.0,0.0,1.2054,4.0734
1725,3.3,6.0,0.0,1.1053,4.065
1726,3.7,6.0,0.0,1.194,4.1107
1727,2.8,4.0,0.0,0.9472,4.0301
1728,3.2,7.0,0.0,1.1065,4.0343
1729,3.0,4.0,0.0,1.0259,4.0687
1730,4.5,8.0,0.0,1.4888,4.0304
1731,4.5,7.0,0.0,1.4448,4.0407
1732,2.8,5.0,0.0,0.9579,3.9107
1733,2.4,3.0,0.0,0.8426,3.9749
1734,3.0,5.0,0.0,1.0117,3.9741
1735,3.8,6.0,0.0,1.252,4.0255
1736,4.3,7.0,0.0,1.4731,4.0364
1737,5.7,11.0,0.0,1.8692,4.0447
1738,4.6,7.0,0.0,1.4957,4.0365
1739,5.0,10.0,0.0,1.6553,4.1111
1740,5.9,15.0,0.0,2.0976,3.9815
1741,5.3,9.0,0.0,1.711,4.0324
1742,6.3,11.0,0.0,2.0904,4.1788
1743,5.1,7.0,0.0,1.6845,4.1284
1744,3.7,5.0,0.0,1.294,4.0942
1745,4.8,9.0,0.0,1.5644,4.1021
1746,5.2,7.0,0.0,1.5991,4.0375
1747,4.5,6.0,0.0,1.4723,4.0886
1748,4.4,6.0,0.0,1.3889,3.9983
1749,4.0,9.0,0.0,1.3391,3.9524
1750,4.3,9.0,0.0,1.4277,4.055
1751,3.5,7.0,0.0,1.2398,3.9702
1752,4.3,7.0,0.0,1.4177,3.9875
1753,3.4,9.0,0.0,1.252,3.9667
1754,5.2,8.0,0.0,1.682,4.0735
1755,3.7,6.0,0.0,1.236,3.9663
1756,3.6,6.0,0.0,1.2166,4.0192
1757,3.8,10.0,0.0,1.3865,4.0681
1758,3.2,6.0,0.0,1.1108,4.0027
1759,3.6,6.0,0.0,1.1991,4.0216
1760,3.5,5.0,0.0,1.1233,4.1335
1761,4.3,8.0,0.0,1.4685,4.0339
1762,4.7,7.0,0.0,1.501,4.0084
1763,3.8,6.0,0.0,1.2369,4.0796
1764,3.4,4.0,0.0,1.1864,4.1068
1765,4.0,5.0,0.0,1.3242,4.0549
1766,5.6,10.0,0.0,1.7578,4.0773
1767,4.2,9.0,0.0,1.4146,4.125
1768,4.0,9.0,0.0,1.3764,4.0651
1769,5.2,9.0,0.0,1.7168,4.1088
1770,3.7,5.0,0.0,1.178,4.0547
1771,4.1,8.0,0.0,1.4141,4.1657
1772,4.6,8.0,0.0,1.5058,4.0366
1773,3.3,5.0,0.0,1.0874,4.0272
1774,4.7,8.0,0.0,1.5305,4.1929
1775,4.4,6.0,0.0,1.4632,4.0933
1776,3.7,5.0,0.0,1.2359,4.0702
1777,2.9,7.0,0.0,1.0569,4.0515
1778,3.8,6.0,0.0,1.2651,4.0422
1779,4.2,7.0,0.0,1.32,4.0763
1780,3.3,6.0,0.0,1.1287,4.115
1781,4.4,7.0,0.0,1.4211,4.2704
1782,3.6,5.0,0.0,1.1735,4.1913
1783,4.0,6.0,0.0,1.2938,4.0897
1784,3.7,4.0,0.0,1.1634,4.1672
1785,3.9,6.0,0.0,1.334,4.1899
1786,3.7,6.0,0.0,1.2369,4.1608
1787,2.7,5.0,0.0,0.9434,4.0501
1788,4.4,7.0,0.0,1.4548,4.3108
1789,3.3,5.0,0.0,1.0981,4.0014
1790,2.8,6.0,0.0,0.9865,4.1658
1791,3.4,6.0,0.0,1.1758,4.0562
1792,4.3,8.0,0.0,1.44,4.031
1793,3.2,7.0,0.0,1.1162,4.0779
1794,2.5,3.0,0.0,0.866,4.0495
1795,3.1,4.0,0.0,1.0381,4.0429
1796,2.7,4.0,0.0,0.9348,4.1083
1797,4.4,7.0,0.0,1.4538,3.9741
1798,3.1,6.0,0.0,1.0742,4.0137
1799,3.4,8.0,0.0,1.2054,4.0424
1800,5.4,11.0,0.0,1.7703,4.0864
1801,5.3,10.0,0.0,1.7793,4.1374
1802,5.1,6.0,0.0,1.5956,4.0972
1803,4.8,8.0,0.0,1.5639,4.1963
1804,5.8,10.0,0.0,1.9228,4.2083
1805,5.0,8.0,0.0,1.6101,4.0887
1806,4.0,5.0,0.0,1.252,4.1048
1807,3.8,5.0,0.0,1.2462,4.1345
1808,5.4,9.0,0.0,1.7427,4.1549
1809,5.4,9.0,0.0,1.7441,4.136
1810,4.9,8.0,0.0,1.5564,4.1431
1811,4.7,9.0,0.0,1.5298,4.1366
1812,3.2,4.0,0.0,1.0573,4.0142
1813,4.3,7.0,0.0,1.4149,4.1346
1814,4.5,7.0,0.0,1.4555,4.1622
1815,3.7,5.0,0.0,1.2124,4.3325
1816,3.7,5.0,0.0,1.2561,4.0976
1817,3.8,5.0,0.0,1.2878,4.1329
1818,4.9,10.0,0.0,1.6423,4.1085
1819,4.8,9.0,0.0,1.6053,4.1526
1820,5.1,8.0,0.0,1.6173,4.2008
1821,5.1,7.0,0.0,1.6003,4.2182
1822,6.8,9.0,0.0,2.1518,4.3255
1823,5.1,9.0,0.0,1.6394,4.2186
1824,4.7,6.0,0.0,1.479,4.2748
1825,5.8,8.0,0.0,1.8176,4.1808
1826,5.1,6.0,0.0,1.6095,4.2193
1827,4.1,5.0,0.0,1.348,4.2202
1828,4.4,6.0,0.0,1.4564,4.1335
1829,5.5,11.0,0.0,1.7699,4.0891
1830,4.6,6.0,0.0,1.4901,4.1271
1831,4.7,11.0,0.0,1.6494,4.0554
1832,3.9,5.0,0.0,1.2488,4.0715
1833,4.2,7.0,0.0,1.3645,4.0565
1834,3.8,6.0,0.0,1.2038,4.147
1835,4.9,7.0,0.0,1.5835,4.1864
1836,4.6,6.0,0.0,1.496,4.0566
1837,4.9,8.0,0.0,1.5976,4.2386
1838,5.0,9.0,0.0,1.6271,4.08
1839,4.6,7.0,0.0,1.4703,4.1645
1840,5.0,11.0,0.0,1.7091,4.0839
1841,4.7,7.0,0.0,1.5445,4.1816
1842,5.1,9.0,0.0,1.6636,4.2161
1843,5.4,11.0,0.0,1.7882,4.3036
1844,5.7,9.0,0.0,1.8797,4.2611
1845,4.6,6.0,0.0,1.5448,4.253
1846,5.7,9.0,0.0,1.7826,4.3508
1847,4.7,8.0,0.0,1.6,4.1818
1848,4.2,6.0,0.0,1.4119,4.078
1849,4.0,6.0,0.0,1.3672,4.0779
1850,3.8,5.0,0.0,1.2314,4.1224
1851,2.5,5.0,0.0,0.9233,4.0127
1852,3.4,7.0,0.0,1.1834,4.0451
1853,3.7,6.0,0.0,1.1864,4.0889
1854,3.9,6.0,0.0,1.2893,3.9963
1855,4.4,10.0,0.0,1.5394,3.9706
1856,2.3,3.0,0.0,0.7808,4.0274
1857,3.3,6.0,0.0,1.1324,4.1102
1858,3.2,8.0,0.0,1.1705,4.2215
1859,2.7,4.0,0.0,0.9495,4.0875
1860,4.2,7.0,0.0,1.3454,4.0477
1861,3.8,6.0,0.0,1.2563,4.0775
1862,3.2,4.0,0.0,1.0618,4.0483
1863,4.0,6.0,0.0,1.3037,4.1213
1864,4.0,6.0,0.0,1.3046,4.1316
1865,4.1,6.0,0.0,1.3304,4.1529
1866,5.0,7.0,0.0,1.5857,4.1366
1867,4.9,8.0,0.0,1.5893,4.3219
1868,3.8,5.0,0.0,1.2247,4.3103
1869,4.5,7.0,0.0,1.4448,4.4841
1870,6.0,9.0,0.0,1.9307,4.5295
1871,7.2,11.0,0.0,2.2408,4.3701
1872,4.8,7.0,0.0,1.5407,4.3705
1873,4.4,8.0,0.0,1.441,4.3451
1874,6.0,12.0,0.0,1.9868,4.284
1875,4.5,7.0,0.0,1.3906,4.2309
1876,3.9,5.0,0.0,1.2568,4.1014
1877,3.4,6.0,0.0,1.1426,4.0759
1878,4.1,6.0,0.0,1.3489,4.1621
1879,4.6,8.0,0.0,1.49,4.1822
1880,3.8,6.0,0.0,1.2401,4.0857
1881,3.5,5.0,0.0,1.2074,4.0377
1882,3.6,6.0,0.0,1.2041,3.9342
1883,3.1,6.0,0.0,1.089,3.8613
1884,2.7,4.0,0.0,0.9097,3.8134
1885,3.0,6.0,0.0,1.0188,3.8261
1886,4.5,6.0,0.0,1.4555,3.9186
1887,3.8,8.0,0.0,1.2835,3.8906
1888,4.2,7.0,0.0,1.351,3.9465
1889,4.5,8.0,0.0,1.4796,3.8794
1890,3.2,5.0,0.0,1.0282,3.9359
1891,3.6,7.0,0.0,1.2577,3.9698
1892,4.5,10.0,0.0,1.4992,4.0644
1893,5.0,8.0,0.0,1.621,4.0218
1894,4.7,9.0,0.0,1.6217,4.0893
1895,3.6,5.0,0.0,1.2449,3.9535
1896,4.3,5.0,0.0,1.4603,3.9472
1897,4.2,5.0,0.0,1.3274,4.0124
1898,3.3,5.0,0.0,1.1322,4.1555
1899,3.7,6.0,0.0,1.2403,3.9062
1900,4.1,7.0,0.0,1.3313,4.0883
1901,4.4,7.0,0.0,1.4605,3.9072
1902,4.3,8.0,0.0,1.4472,4.0742
1903,4.1,7.0,0.0,1.3376,3.9593
1904,5.0,8.0,0.0,1.5811,4.0739
1905,4.6,6.0,0.0,1.4933,3.9268
1906,3.7,8.0,0.0,1.3304,3.9296
1907,4.7,10.0,0.0,1.6091,4.0054
1908,4.8,8.0,0.0,1.5588,4.037
1909,4.0,7.0,0.0,1.3376,4.0691
1910,5.4,7.0,0.0,1.7635,4.0709
1911,5.9,10.0,0.0,1.9251,4.1084
1912,4.4,6.0,0.0,1.4273,4.0996
1913,6.1,9.0,0.0,1.9872,4.1908
1914,6.0,10.0,0.0,1.9915,4.272
1915,5.2,8.0,0.0,1.659,4.0753
1916,4.3,7.0,0.0,1.4027,4.1263
1917,4.6,8.0,0.0,1.5419,4.1678
1918,4.4,5.0,0.0,1.455,4.1567
1919,4.3,6.0,0.0,1.3862,4.1433
1920,5.0,9.0,0.0,1.6727,4.1525
1921,6.6,11.0,0.0,2.0833,4.3023
1922,6.3,9.0,0.0,1.9711,4.2891
1923,6.2,10.0,0.0,1.9287,4.1794
1924,5.7,13.0,0.0,1.9,4.2616
1925,4.6,5.0,0.0,1.4523,4.2346
1926,4.9,7.0,0.0,1.5222,4.2695
1927,5.7,11.0,0.0,1.8439,4.2171
1928,5.1,7.0,0.0,1.6793,4.1456
1929,4.7,5.0,0.0,1.4497,4.1964
1930,5.2,8.0,0.0,1.6796,4.1678
1931,5.1,7.0,0.0,1.5506,4.1556
1932,5.3,9.0,0.0,1.7583,4.3249
1933,4.5,9.0,0.0,1.482,4.1211
1934,5.4,9.0,0.0,1.7589,4.1896
1935,5.4,8.0,0.0,1.7691,4.2634
1936,4.9,6.0,0.0,1.5212,4.1956
1937,5.9,15.0,0.0,2.0369,4.2109
1938,5.1,7.0,0.0,1.573,4.2266
1939,3.7,5.0,0.0,1.2624,4.1022
1940,5.1,10.0,0.0,1.6893,4.1076
1941,4.9,6.0,0.0,1.6024,4.1449
1942,4.0,7.0,0.0,1.2963,4.1543
1943,3.2,5.0,0.0,1.0677,4.2171
1944,4.0,6.0,0.0,1.3601,4.1542
1945,4.8,6.0,0.0,1.5426,4.1642
1946,5.3,12.0,0.0,1.7965,4.417
1947,4.4,5.0,0.0,1.4343,4.2539
1948,4.7,10.0,0.0,1.6301,4.2631
1949,5.2,8.0,0.0,1.6595,4.1803
1950,6.6,11.0,0.0,2.1282,4.3539
1951,5.5,7.0,0.0,1.7568,4.1155
1952,5.2,7.0,0.0,1.6727,4.2486
1953,4.7,6.0,0.0,1.5025,4.144
1954,5.1,8.0,0.0,1.634,4.108
1955,3.7,6.0,0.0,1.2076,4.0894
1956,5.8,12.0,0.0,1.9332,4.1813
1957,4.6,6.0,0.0,1.4717,4.1926
1958,6.3,10.0,0.0,2.0547,4.3357
1959,4.7,7.0,0.0,1.555,4.1194
1960,5.1,8.0,0.0,1.6617,4.2407
1961,4.8,9.0,0.0,1.5906,4.1904
1962,4.7,7.0,0.0,1.5226,4.2568
1963,5.2,7.0,0.0,1.6239,4.3225
1964,3.8,7.0,0.0,1.2401,4.1728
1965,5.1,9.0,0.0,1.662,4.2993
1966,4.0,7.0,0.0,1.2919,4.3887
1967,4.0,6.0,0.0,1.3167,4.1088
1968,3.8,7.0,0.0,1.2648,4.1765
1969,4.3,6.0,0.0,1.4061,4.2641
1970,4.0,6.0,0.0,1.3009,4.2953
1971,4.8,6.0,0.0,1.5301,4.2547
1972,4.9,8.0,0.0,1.5472,4.2151
1973,6.4,14.0,0.0,2.1688,4.2885
1974,6.1,9.0,0.0,1.9469,4.3194
1975,4.6,9.0,0.0,1.5955,4.1338
1976,5.6,9.0,0.0,1.8335,4.1945
1977,4.0,6.0,0.0,1.2923,4.1989
1978,4.7,6.0,0.0,1.5658,4.2719
1979,4.7,7.0,0.0,1.5232,4.1687
1980,4.7,8.0,0.0,1.5446,4.2196
1981,5.4,7.0,0.0,1.707,4.2392
1982,4.4,7.0,0.0,1.447,4.2424
1983,4.0,7.0,0.0,1.3017,4.1991
1984,4.3,6.0,0.0,1.3771,4.1811
1985,5.9,10.0,0.0,1.9529,4.3269
1986,5.3,9.0,0.0,1.7511,4.3362
1987,6.1,8.0,0.0,1.8989,4.2838
1988,4.4,7.0,0.0,1.4564,4.3043
1989,4.1,7.0,0.0,1.3563,4.255
1990,5.4,8.0,0.0,1.7047,4.2195
1991,5.9,12.0,0.0,1.9462,4.1637
1992,5.5,7.0,0.0,1.68,3.9997
1993,3.9,6.0,0.0,1.2417,4.1601
1994,4.9,9.0,0.0,1.6556,3.9818
1995,4.1,6.0,0.0,1.3657,4.032
1996,7.2,13.0,0.0,2.4256,4.1916
1997,5.3,7.0,0.0,1.7292,4.1381
1998,5.6,8.0,0.0,1.737,4.0832
1999,6.2,10.0,0.0,1.9666,4.0214
2000,4.3,6.0,0.0,1.3999,4.1635
2001,6.4,10.0,0.0,2.0316,4.262
2002,5.4,7.0,0.0,1.751,4.1681
2003,5.7,8.0,0.0,1.7939,4.1576
2004,5.6,10.0,0.0,1.8624,4.2804
2005,5.2,10.0,0.0,1.7358,4.1304
2006,5.9,9.0,0.0,1.9101,4.1383
2007,4.6,8.0,0.0,1.5538,4.0749
2008,4.3,9.0,0.0,1.4379,4.0252
2009,5.1,14.0,0.0,1.8412,3.9316
2010,5.2,7.0,0.0,1.6535,4.0604
2011,4.3,6.0,0.0,1.3778,4.0242
2012,6.0,11.0,0.0,1.9824,4.0438
2013,5.1,8.0,0.0,1.6357,4.1645
2014,5.5,8.0,0.0,1.6993,4.085
2015,5.2,10.0,0.0,1.7781,3.964
2016,4.2,7.0,0.0,1.3964,3.9633
2017,4.4,8.0,0.0,1.4728,3.9499
2018,4.0,5.0,0.0,1.287,4.011
2019,3.9,5.0,0.0,1.2643,3.98
2020,4.8,8.0,0.0,1.5815,3.9922
2021,5.0,8.0,0.0,1.5754,4.0521
2022,5.3,7.0,0.0,1.7235,4.073
2023,4.9,8.0,0.0,1.5787,4.0799
2024,3.9,6.0,0.0,1.3259,4.0281
2025,5.9,8.0,0.0,1.8573,4.139
2026,3.9,8.0,0.0,1.3607,4.0821
2027,3.2,4.0,0.0,1.05,3.9686
2028,4.0,5.0,0.0,1.3076,4.041
2029,4.7,7.0,0.0,1.4685,3.9473
2030,5.6,9.0,0.0,1.7685,3.9751
2031,3.6,5.0,0.0,1.2074,3.9178
2032,4.3,8.0,0.0,1.4716,3.8821
2033,4.0,6.0,0.0,1.3113,3.9045
2034,4.5,6.0,0.0,1.4675,3.8677
2035,4.0,6.0,0.0,1.321,3.9488
2036,3.5,8.0,0.0,1.2494,3.9394
2037,3.5,5.0,0.0,1.1251,3.9917
2038,4.6,6.0,0.0,1.5426,3.959
2039,3.4,5.0,0.0,1.0909,3.9468
2040,5.5,10.0,0.0,1.7591,3.9717
2041,3.9,7.0,0.0,1.2891,4.0011
2042,3.1,5.0,0.0,1.0641,3.9656
2043,4.1,9.0,0.0,1.3833,3.9956
2044,4.1,6.0,0.0,1.337,3.9893
2045,3.6,6.0,0.0,1.2196,4.0157
2046,3.7,6.0,0.0,1.2213,3.9084
2047,4.0,6.0,0.0,1.2884,3.9932
2048,4.7,7.0,0.0,1.5406,3.9652
2049,3.1,5.0,0.0,1.0569,3.9946
2050,3.6,4.0,0.0,1.1948,3.9973
2051,3.7,6.0,0.0,1.2278,4.0041
2052,3.1,4.0,0.0,1.0058,3.952
2053,4.3,7.0,0.0,1.3961,3.9557
2054,2.9,4.0,0.0,1.0301,3.9132
2055,4.3,8.0,0.0,1.4169,4.0172
2056,3.6,5.0,0.0,1.1746,4.0087
2057,4.5,7.0,0.0,1.4809,3.9587
2058,3.8,6.0,0.0,1.2241,3.9386
2059,3.7,6.0,0.0,1.2449,3.8492
2060,4.7,8.0,0.0,1.519,3.8816
2061,4.8,9.0,0.0,1.6101,3.9811
2062,4.2,6.0,0.0,1.3423,3.9767
2063,6.0,8.0,0.0,1.8835,4.0467
2064,4.8,8.0,0.0,1.5968,4.1255
2065,5.4,7.0,0.0,1.7287,4.23
2066,6.0,14.0,0.0,2.0516,4.18
2067,6.0,8.0,0.0,1.9001,4.2095
2068,6.9,10.0,0.0,2.342,4.4176
2069,5.7,9.0,0.0,1.8841,4.0641
2070,5.3,7.0,0.0,1.7219,4.2443
2071,5.6,10.0,0.0,1.8411,4.2929
2072,6.1,8.0,0.0,1.9303,4.2963
2073,7.2,11.0,0.0,2.2302,4.2233
2074,4.8,7.0,0.0,1.4959,4.1594
2075,6.9,9.0,0.0,2.1647,4.279
2076,5.3,8.0,0.0,1.7301,4.0419
2077,6.0,8.0,0.0,1.9414,4.2304
2078,5.0,9.0,0.0,1.6564,4.4075
2079,6.1,16.0,0.0,2.1448,4.2537
2080,5.2,10.0,0.0,1.715,4.1085
2081,5.2,7.0,0.0,1.7094,4.0838
2082,6.1,7.0,0.0,1.9631,4.2384
2083,7.0,11.0,0.0,2.1893,4.1035
2084,5.6,10.0,0.0,1.8395,4.0239
2085,4.6,7.0,0.0,1.5067,4.2528
2086,5.3,8.0,0.0,1.7072,4.3078
2087,4.1,7.0,0.0,1.326,4.1472
2088,4.7,9.0,0.0,1.6123,4.4428
2089,4.8,6.0,0.0,1.5166,4.4674
2090,4.4,6.0,0.0,1.49,4.3155
2091,4.2,7.0,0.0,1.4149,4.2308
2092,2.9,5.0,0.0,1.02,4.4054
2093,3.7,7.0,0.0,1.2635,4.1069
2094,3.2,5.0,0.0,1.0981,4.1144
2095,3.7,6.0,0.0,1.2041,4.0844
2096,3.4,6.0,0.0,1.1122,4.1335
2097,4.5,7.0,0.0,1.4526,4.1374
2098,2.4,5.0,0.0,0.925,4.153
2099,3.1,5.0,0.0,1.0569,4.2036
2100,3.3,6.0,0.0,1.1122,4.1033
2101,3.1,9.0,0.0,1.214,4.0785
2102,3.4,5.0,0.0,1.1321,4.0998
2103,4.3,7.0,0.0,1.416,4.0894
2104,3.4,8.0,0.0,1.2679,4.0947
2105,5.5,9.0,0.0,1.7797,4.2287
2106,4.3,6.0,0.0,1.3527,4.1311
2107,4.5,9.0,0.0,1.4858,4.1153
2108,5.3,7.0,0.0,1.6648,4.167
2109,3.3,5.0,0.0,1.1071,4.1027
2110,4.5,6.0,0.0,1.4517,4.143
2111,3.2,6.0,0.0,1.055,4.0481
2112,4.5,7.0,0.0,1.4851,4.0708
2113,3.9,8.0,0.0,1.3104,4.1717
2114,4.0,8.0,0.0,1.371,4.2923
2115,3.9,6.0,0.0,1.2886,4.2622
2116,2.6,4.0,0.0,0.9149,4.2477
2117,4.7,6.0,0.0,1.4627,4.2607
2118,4.2,7.0,0.0,1.4281,4.1486
2119,3.6,5.0,0.0,1.2196,4.0576
2120,4.2,7.0,0.0,1.3851,4.1453
2121,3.7,6.0,0.0,1.2679,4.103
2122,4.5,6.0,0.0,1.4323,4.1091
2123,4.2,7.0,0.0,1.3987,4.068
2124,5.8,9.0,0.0,1.882,4.1631
2125,5.7,10.0,0.0,1.8093,4.1482
2126,4.3,7.0,0.0,1.4351,4.0816
2127,4.4,8.0,0.0,1.4595,3.93
2128,4.1,6.0,0.0,1.3423,3.951
2129,4.3,9.0,0.0,1.4696,3.8907
2130,4.9,7.0,0.0,1.5716,3.8508
2131,4.5,12.0,0.0,1.6523,3.9373
2132,5.2,8.0,0.0,1.6352,4.0159
2133,4.9,7.0,0.0,1.6123,4.0552
2134,4.5,9.0,0.0,1.54,4.1272
2135,6.1,12.0,0.0,1.9767,4.1075
2136,4.6,9.0,0.0,1.5601,4.069
2137,4.0,6.0,0.0,1.2961,4.0635
2138,3.7,5.0,0.0,1.2512,4.0848
2139,6.2,12.0,0.0,2.0233,4.1304
2140,4.3,11.0,0.0,1.5132,4.1759
2141,6.8,13.0,0.0,2.1756,4.1479
2142,6.6,10.0,0.0,2.1528,4.295
2143,6.8,12.0,0.0,2.1255,4.2382
2144,5.5,8.0,0.0,1.7636,4.1873
2145,4.6,6.0,0.0,1.4744,4.13
2146,4.5,5.0,0.0,1.4424,4.0909
2147,5.0,8.0,0.0,1.6086,3.9079
2148,3.9,9.0,0.0,1.3615,3.9984
2149,3.5,5.0,0.0,1.1686,3.989
2150,4.4,7.0,0.0,1.4078,3.9378
2151,3.7,5.0,0.0,1.1354,3.9959
2152,3.0,5.0,0.0,1.0332,4.046
2153,4.5,10.0,0.0,1.5277,4.0026
2154,3.9,5.0,0.0,1.2544,3.9889
2155,4.2,6.0,0.0,1.3191,3.9472
2156,3.4,5.0,0.0,1.1314,3.9907
2157,4.8,8.0,0.0,1.5561,4.0291
2158,3.9,8.0,0.0,1.3328,4.0001
2159,3.2,5.0,0.0,1.0588,3.9897
2160,4.5,9.0,0.0,1.496,4.069
2161,4.8,8.0,0.0,1.5418,4.1053
2162,4.0,6.0,0.0,1.3067,4.0425
2163,4.3,8.0,0.0,1.4329,4.1715
2164,4.4,10.0,0.0,1.5534,4.0508
2165,5.5,10.0,0.0,1.7674,4.1241
2166,5.3,7.0,0.0,1.6629,4.2899
2167,6.4,8.0,0.0,2.0056,4.3244
2168,5.8,10.0,0.0,1.9282,4.2425
2169,5.3,7.0,0.0,1.6997,4.143
2170,5.8,13.0,0.0,1.9446,4.0793
2171,4.4,7.0,0.0,1.4379,4.0962
2172,4.8,10.0,0.0,1.5601,4.1432
2173,4.4,6.0,0.0,1.4537,4.2195
2174,4.6,6.0,0.0,1.4755,4.0842
2175,5.1,10.0,0.0,1.7427,4.0649
2176,5.1,8.0,0.0,1.6148,4.2
2177,4.7,10.0,0.0,1.5968,4.2972
2178,5.7,8.0,0.0,1.8503,4.3899
2179,5.7,8.0,0.0,1.8293,4.2325
2180,4.4,9.0,0.0,1.4654,4.2247
2181,5.3,8.0,0.0,1.6984,4.3172
2182,5.0,9.0,0.0,1.7104,4.103
2183,3.8,6.0,0.0,1.2878,4.093
2184,4.3,10.0,0.0,1.4728,4.1826
2185,3.9,6.0,0.0,1.2795,4.1464
2186,4.6,7.0,0.0,1.5322,4.1754
2187,3.9,4.0,0.0,1.2829,4.1544
2188,4.1,8.0,0.0,1.4047,4.1488
2189,4.9,8.0,0.0,1.574,4.2051
2190,4.3,9.0,0.0,1.4716,3.8569
2191,5.7,7.0,0.0,1.8408,4.0834
2192,4.0,5.0,0.0,1.3435,4.0412
2193,4.7,7.0,0.0,1.4906,4.0738
2194,3.7,5.0,0.0,1.2031,4.0607
2195,4.1,5.0,0.0,1.3076,4.1172
2196,4.8,8.0,0.0,1.5368,4.0348
2197,5.2,11.0,0.0,1.7804,4.0149
2198,3.3,8.0,0.0,1.1808,4.115
2199,4.2,6.0,0.0,1.3978,4.1178
2200,4.3,7.0,0.0,1.3935,4.1858
2201,4.0,5.0,0.0,1.2835,4.1483
2202,4.2,5.0,0.0,1.3973,4.0773
2203,4.5,8.0,0.0,1.4731,4.0771
2204,5.0,8.0,0.0,1.6076,4.2304
2205,5.4,7.0,0.0,1.6746,4.437
2206,5.4,8.0,0.0,1.7091,4.3204
2207,5.4,8.0,0.0,1.6727,4.325
2208,5.7,8.0,0.0,1.797,4.3846
2209,4.9,10.0,0.0,1.5778,4.3717
2210,4.7,7.0,0.0,1.5435,4.3256
2211,5.0,9.0,0.0,1.6471,4.3089
2212,4.0,6.0,0.0,1.3295,4.2419
2213,5.0,7.0,0.0,1.5675,4.2077
2214,4.9,9.0,0.0,1.5718,4.1987
2215,4.1,6.0,0.0,1.393,4.2605
2216,5.5,10.0,0.0,1.7533,4.2598
2217,5.4,9.0,0.0,1.8213,4.3353
2218,5.3,10.0,0.0,1.7235,4.2968
2219,4.7,7.0,0.0,1.4723,4.382
2220,4.5,6.0,0.0,1.5079,4.3259
2221,5.1,13.0,0.0,1.8286,4.3392
2222,4.6,9.0,0.0,1.533,4.2713
2223,4.9,6.0,0.0,1.6168,4.1446
2224,5.9,8.0,0.0,1.8583,4.1409
2225,5.5,7.0,0.0,1.8005,4.2578
2226,5.4,8.0,0.0,1.6915,4.1629
2227,3.8,8.0,0.0,1.3167,4.2384
2228,4.0,6.0,0.0,1.3017,4.2195
2229,6.4,11.0,0.0,2.0803,4.2174
2230,4.7,12.0,0.0,1.6515,4.2122
2231,3.7,7.0,0.0,1.233,4.1223
2232,5.8,9.0,0.0,1.9615,4.2123
2233,5.6,7.0,0.0,1.8125,4.1951
2234,6.7,10.0,0.0,2.1504,4.39
2235,4.9,8.0,0.0,1.6673,4.2117
2236,8.6,18.0,0.0,2.9576,4.4137
2237,6.3,9.0,0.0,1.9673,4.1659
2238,5.3,9.0,0.0,1.7,4.3071
2239,5.5,12.0,0.0,1.9019,4.2801
2240,5.4,7.0,0.0,1.7134,4.2906
2241,5.3,7.0,0.0,1.6471,4.3011
2242,4.1,6.0,0.0,1.3554,4.3491
2243,5.0,11.0,0.0,1.6775,4.1488
2244,5.2,7.0,0.0,1.6736,4.3139
2245,4.2,6.0,0.0,1.4177,4.1282
2246,5.2,9.0,0.0,1.6928,4.1779
2247,4.9,7.0,0.0,1.5981,4.2394
2248,3.7,5.0,0.0,1.1874,4.1033
2249,4.7,7.0,0.0,1.5387,4.1792
2250,2.9,6.0,0.0,1.0235,4.0425
2251,4.1,8.0,0.0,1.3551,4.1643
2252,3.8,6.0,0.0,1.2387,4.1095
2253,3.7,5.0,0.0,1.2689,4.06
2254,4.0,5.0,0.0,1.2449,4.1564
2255,3.6,7.0,0.0,1.1834,4.1082
2256,3.6,6.0,0.0,1.1786,4.112
2257,4.8,6.0,0.0,1.5251,4.1313
2258,4.8,8.0,0.0,1.489,4.0793
2259,4.0,5.0,0.0,1.309,4.0967
2260,4.1,6.0,0.0,1.3342,4.1327
2261,5.4,7.0,0.0,1.6689,4.2071
2262,3.8,6.0,0.0,1.1985,4.1141
2263,5.3,8.0,0.0,1.6643,4.1511
2264,6.9,9.0,0.0,2.2256,4.2312
2265,6.6,9.0,0.0,2.1449,4.3723
2266,6.1,8.0,0.0,1.9445,4.2694
2267,7.3,9.0,0.0,2.2293,4.2967
2268,5.1,8.0,0.0,1.7205,4.3044
2269,4.4,8.0,0.0,1.4632,4.0764
2270,4.7,6.0,0.0,1.4871,4.1303
2271,4.4,10.0,0.0,1.5013,4.1111
2272,5.1,11.0,0.0,1.7434,4.0753
2273,5.8,18.0,0.0,2.1984,4.1954
2274,4.6,9.0,0.0,1.6409,4.1403
2275,5.2,8.0,0.0,1.6976,4.1299
2276,4.9,6.0,0.0,1.5684,4.0687
2277,4.5,10.0,0.0,1.5416,4.1927
2278,4.9,8.0,0.0,1.5472,4.2394
2279,4.4,5.0,0.0,1.395,4.1938
2280,4.5,8.0,0.0,1.4491,4.008
2281,5.4,13.0,0.0,1.8564,4.2117
2282,4.8,9.0,0.0,1.5645,4.009
2283,5.1,8.0,0.0,1.6715,3.9969
2284,4.3,6.0,0.0,1.4183,4.0336
2285,3.8,5.0,0.0,1.233,4.0143
2286,5.1,11.0,0.0,1.7325,4.1163
2287,5.1,6.0,0.0,1.6424,4.177
2288,5.5,8.0,0.0,1.7395,4.2305
2289,5.7,17.0,0.0,2.1042,4.1433
2290,5.4,8.0,0.0,1.7273,4.1552
2291,5.6,10.0,0.0,1.833,4.1933
2292,5.3,12.0,0.0,1.782,4.3249
2293,6.5,13.0,0.0,2.1587,4.2086
2294,5.5,12.0,0.0,1.8094,4.2005
2295,4.9,9.0,0.0,1.6362,4.2795
2296,6.6,10.0,0.0,2.119,4.1439
2297,5.8,10.0,0.0,1.8604,4.097
2298,5.4,9.0,0.0,1.7678,4.2569
2299,4.7,6.0,0.0,1.5217,4.5065
2300,4.1,6.0,0.0,1.3918,4.139
2301,5.1,11.0,0.0,1.6726,4.1953
2302,4.2,7.0,0.0,1.3762,4.192
2303,6.0,9.0,0.0,1.9741,4.2863
2304,5.8,10.0,0.0,1.9167,4.1908
2305,4.7,7.0,0.0,1.5329,4.0646
2306,4.6,9.0,0.0,1.5898,4.0352
2307,5.1,8.0,0.0,1.5992,4.1535
2308,4.7,10.0,0.0,1.5427,4.1286
2309,3.5,5.0,0.0,1.257,4.1104
2310,5.7,9.0,0.0,1.8514,4.2379
2311,6.6,10.0,0.0,2.0401,4.1732
2312,5.4,10.0,0.0,1.786,4.0593
2313,6.4,9.0,0.0,2.0182,4.2818
2314,3.6,5.0,0.0,1.2139,4.1251
2315,5.1,8.0,0.0,1.6369,4.1398
2316,4.7,6.0,0.0,1.5511,4.2799
2317,5.0,8.0,0.0,1.6128,4.1453
2318,5.3,8.0,0.0,1.7117,4.3228
2319,4.9,7.0,0.0,1.5342,4.1805
2320,4.3,6.0,0.0,1.3964,4.1624
2321,5.5,10.0,0.0,1.8244,4.1351
2322,5.3,10.0,0.0,1.7916,4.1511
2323,6.3,17.0,0.0,2.2248,4.2375
2324,4.9,6.0,0.0,1.6274,4.2052
2325,3.4,7.0,0.0,1.1874,4.0247
2326,4.1,5.0,0.0,1.3519,3.9482
2327,5.5,9.0,0.0,1.6915,4.1472
2328,5.1,8.0,0.0,1.5708,4.1255
2329,5.8,12.0,0.0,1.941,4.3031
2330,5.4,8.0,0.0,1.7397,4.3047
2331,4.6,10.0,0.0,1.5679,4.1095
2332,4.8,8.0,0.0,1.5802,4.2372
2333,3.8,5.0,0.0,1.2671,4.245
2334,4.3,6.0,0.0,1.4027,4.1597
2335,4.2,7.0,0.0,1.3583,4.2331
2336,5.1,13.0,0.0,1.8125,4.1574
2337,4.2,8.0,0.0,1.3551,4.2024
2338,4.6,8.0,0.0,1.4997,4.1603
2339,4.5,11.0,0.0,1.5843,4.1873
2340,3.6,5.0,0.0,1.1319,4.2149
2341,3.9,6.0,0.0,1.2735,4.1811
2342,4.9,9.0,0.0,1.5825,4.1685
2343,4.4,8.0,0.0,1.4491,4.1115
2344,3.0,4.0,0.0,1.0137,4.1113
2345,3.8,6.0,0.0,1.2401,4.1475
2346,4.2,6.0,0.0,1.3438,4.1452
2347,5.0,8.0,0.0,1.6775,4.1719
2348,3.9,7.0,0.0,1.2935,4.1115
2349,3.7,6.0,0.0,1.2577,4.1377
2350,5.6,12.0,0.0,1.8621,4.2
2351,3.8,6.0,0.0,1.2767,4.0506
2352,4.4,7.0,0.0,1.4553,4.0697
2353,3.9,6.0,0.0,1.2835,4.1668
2354,5.1,8.0,0.0,1.6188,4.1057
2355,6.0,16.0,0.0,2.1231,4.0742
2356,4.1,7.0,0.0,1.3908,4.0204
2357,4.2,6.0,0.0,1.3565,4.0269
2358,3.9,7.0,0.0,1.3092,3.9986
2359,3.6,8.0,0.0,1.2492,3.9931
2360,3.4,5.0,0.0,1.1539,3.914
2361,4.2,6.0,0.0,1.3927,4.0239
2362,4.0,8.0,0.0,1.3616,3.9671
2363,3.7,7.0,0.0,1.244,3.9582
2364,3.8,5.0,0.0,1.2196,4.1613
2365,4.9,7.0,0.0,1.547,4.1874
2366,4.2,6.0,0.0,1.3492,4.2068
2367,4.1,6.0,0.0,1.3454,3.9544
2368,4.2,7.0,0.0,1.3625,3.948
2369,3.3,6.0,0.0,1.1402,3.9379
2370,3.3,4.0,0.0,1.0927,3.9733
2371,3.6,7.0,0.0,1.2093,3.9874
2372,3.7,6.0,0.0,1.1965,4.0193
2373,3.6,6.0,0.0,1.2104,4.0215
2374,4.0,7.0,0.0,1.3012,3.9995
2375,3.3,4.0,0.0,1.0754,4.0082
2376,4.4,6.0,0.0,1.4169,4.0119
2377,3.3,5.0,0.0,1.1283,3.9749
2378,3.6,5.0,0.0,1.1497,3.93
2379,3.7,7.0,0.0,1.2359,3.818
2380,4.2,8.0,0.0,1.3948,4.0849
2381,5.2,9.0,0.0,1.658,4.1301
2382,3.2,5.0,0.0,1.0757,4.1728
2383,3.9,7.0,0.0,1.2798,4.0502
2384,3.3,4.0,0.0,1.1283,4.0816
2385,3.4,7.0,0.0,1.1839,4.0404
2386,2.9,5.0,0.0,0.9631,4.0325
2387,3.4,7.0,0.0,1.1958,4.1163
2388,3.5,5.0,0.0,1.114,4.049
2389,3.3,5.0,0.0,1.1407,4.0402
2390,4.4,11.0,0.0,1.5147,4.014
2391,3.8,6.0,0.0,1.245,4.0162
2392,3.9,7.0,0.0,1.3143,4.0577
2393,4.4,6.0,0.0,1.4058,3.9883
2394,4.4,10.0,0.0,1.5747,4.0099
2395,4.5,5.0,0.0,1.4548,4.0361
2396,4.4,5.0,0.0,1.4621,4.0794
2397,3.5,7.0,0.0,1.2657,3.9776
2398,4.6,7.0,0.0,1.4646,3.9925
2399,5.4,12.0,0.0,1.7947,4.1369
2400,4.3,8.0,0.0,1.42,4.0998
2401,4.7,7.0,0.0,1.5166,4.2452
2402,4.6,6.0,0.0,1.4831,4.1559
2403,3.8,6.0,0.0,1.2322,4.0784
2404,4.0,6.0,0.0,1.3415,4.0587
2405,3.7,6.0,0.0,1.245,4.0051
2406,3.3,6.0,0.0,1.1347,4.068
2407,5.1,8.0,0.0,1.6588,3.9992
2408,3.8,6.0,0.0,1.2961,4.0477
2409,4.0,7.0,0.0,1.3421,4.0027
2410,3.9,7.0,0.0,1.3136,3.8564
2411,5.3,10.0,0.0,1.7391,3.923
2412,5.5,10.0,0.0,1.809,3.9999
2413,5.8,11.0,0.0,1.8787,3.9661
2414,5.1,8.0,0.0,1.6462,3.9984
2415,5.3,16.0,0.0,1.99,3.9982
2416,5.8,8.0,0.0,1.8269,3.9754
2417,6.2,9.0,0.0,1.9822,4.1073
2418,6.3,13.0,0.0,2.1038,4.1971
2419,6.7,10.0,0.0,2.1167,4.3257
2420,5.2,8.0,0.0,1.7082,4.2543
2421,6.2,9.0,0.0,2.0332,4.4429
2422,8.0,21.0,0.0,2.8019,4.5876
2423,6.9,9.0,0.0,2.1604,4.6593
2424,6.6,11.0,0.0,2.1178,4.4552
2425,8.3,12.0,0.0,2.5326,4.5126
2426,6.4,10.0,0.0,2.0043,4.5041
2427,7.0,15.0,0.0,2.3181,4.5182
2428,5.5,11.0,0.0,1.74,4.1947
2429,5.5,7.0,0.0,1.6639,4.1272
2430,5.9,9.0,0.0,1.8708,4.1757
2431,4.9,8.0,0.0,1.6315,4.023
2432,4.7,7.0,0.0,1.5413,3.9678
2433,5.5,11.0,0.0,1.8604,4.0999
2434,4.4,5.0,0.0,1.4034,4.0786
2435,6.2,13.0,0.0,2.0365,4.1183
2436,5.7,13.0,0.0,1.9311,4.096
2437,5.2,9.0,0.0,1.6962,4.2646
2438,3.9,5.0,0.0,1.3,3.9398
2439,5.4,9.0,0.0,1.718,3.9026
2440,7.6,12.0,0.0,2.4281,4.2226
2441,5.6,9.0,0.0,1.7416,4.1918
2442,6.5,10.0,0.0,2.0615,4.0844
2443,4.8,8.0,0.0,1.5601,4.0269
2444,4.1,6.0,0.0,1.3645,4.0414
2445,5.0,8.0,0.0,1.6051,4.0464
2446,3.8,5.0,0.0,1.2526,4.0224
2447,3.3,4.0,0.0,1.105,3.9285
2448,4.5,8.0,0.0,1.5199,4.0365
2449,5.2,7.0,0.0,1.6435,4.207
2450,5.9,10.0,0.0,1.8958,4.1509
2451,5.6,9.0,0.0,1.8072,4.1412
2452,4.7,6.0,0.0,1.4893,4.0886
2453,4.2,6.0,0.0,1.3601,4.0272
2454,4.1,9.0,0.0,1.4,4.0142
2455,3.8,6.0,0.0,1.2669,3.929
2456,4.2,6.0,0.0,1.3301,3.9262
2457,3.8,8.0,0.0,1.2922,4.0661
2458,3.6,6.0,0.0,1.1973,4.0477
2459,3.8,7.0,0.0,1.2672,4.0333
2460,3.7,7.0,0.0,1.1887,4.1301
2461,3.6,8.0,0.0,1.233,4.027
2462,2.9,6.0,0.0,1.0536,4.2607
2463,4.0,6.0,0.0,1.3165,4.2031
2464,3.0,5.0,0.0,1.0677,4.2686
2465,4.0,7.0,0.0,1.3167,4.0566
2466,3.2,5.0,0.0,1.0703,3.9344
2467,3.8,6.0,0.0,1.2593,3.8964
2468,4.6,9.0,0.0,1.5679,3.953
2469,6.0,11.0,0.0,1.9666,4.0386
2470,4.6,8.0,0.0,1.4917,3.9008
2471,3.7,6.0,0.0,1.2563,3.9719
2472,4.8,7.0,0.0,1.5865,4.0489
2473,5.4,12.0,0.0,1.8296,3.9807
2474,4.8,9.0,0.0,1.5622,4.032
2475,5.6,8.0,0.0,1.7486,4.2416
2476,4.9,7.0,0.0,1.5911,4.1038
2477,4.0,6.0,0.0,1.3122,4.0763
2478,4.0,6.0,0.0,1.3006,4.0482
2479,3.9,6.0,0.0,1.2806,4.0365
2480,4.3,5.0,0.0,1.4036,4.067
2481,5.2,8.0,0.0,1.6953,4.1685
2482,4.7,8.0,0.0,1.4948,4.0399
2483,4.8,7.0,0.0,1.5344,4.1201
2484,4.8,6.0,0.0,1.4832,4.0325
2485,4.6,9.0,0.0,1.5416,4.043
2486,3.7,5.0,0.0,1.1832,4.0348
2487,3.6,6.0,0.0,1.2635,4.0353
2488,3.8,6.0,0.0,1.2835,4.0327
2489,4.5,9.0,0.0,1.522,3.9667
2490,3.6,5.0,0.0,1.1476,4.0328
2491,3.6,5.0,0.0,1.1758,4.0106
2492,2.5,4.0,0.0,0.8693,4.0285
2493,3.9,7.0,0.0,1.3122,4.0669
2494,4.3,6.0,0.0,1.3688,4.0346
2495,3.6,7.0,0.0,1.2167,4.1906
2496,4.9,8.0,0.0,1.5702,4.1614
2497,4.2,8.0,0.0,1.4021,4.0602
2498,3.5,5.0,0.0,1.1632,4.0546
2499,5.0,8.0,0.0,1.5863,4.0768
2500,4.0,5.0,0.0,1.321,4.0593
2501,4.1,7.0,0.0,1.3849,3.9887
2502,4.5,7.0,0.0,1.504,4.0957
2503,5.3,8.0,0.0,1.6905,4.0954
2504,5.2,10.0,0.0,1.7571,4.0947
2505,5.1,11.0,0.0,1.6962,4.1529
2506,5.4,9.0,0.0,1.7321,4.3632
2507,4.7,6.0,0.0,1.5461,4.2801
2508,5.4,10.0,0.0,1.7553,4.2873
2509,4.7,7.0,0.0,1.5233,4.2665
2510,4.0,6.0,0.0,1.2883,4.083
2511,5.0,7.0,0.0,1.5961,4.0315
2512,5.4,8.0,0.0,1.7113,4.2191
2513,4.7,7.0,0.0,1.5053,4.0058
2514,3.2,6.0,0.0,1.0824,4.048
2515,4.0,6.0,0.0,1.3189,4.152
2516,4.0,6.0,0.0,1.303,4.07
2517,4.0,8.0,0.0,1.3598,4.0078
2518,4.5,7.0,0.0,1.4454,3.9475
2519,3.7,5.0,0.0,1.2337,4.0456
2520,4.2,6.0,0.0,1.371,4.0538
2521,4.3,7.0,0.0,1.4417,4.0632
2522,4.6,7.0,0.0,1.5166,4.1309
2523,4.8,8.0,0.0,1.5183,4.0066
2524,5.4,9.0,0.0,1.768,4.0667
2525,4.3,6.0,0.0,1.3901,4.1297
2526,4.7,8.0,0.0,1.5416,4.1694
2527,4.5,7.0,0.0,1.5032,4.08
2528,5.3,10.0,0.0,1.7809,4.0907
2529,5.8,10.0,0.0,1.9015,4.1435
2530,5.5,12.0,0.0,1.8563,4.0881
2531,4.7,7.0,0.0,1.569,4.0699
2532,5.4,7.0,0.0,1.7667,4.2239
2533,5.5,12.0,0.0,1.839,4.3173
2534,4.7,7.0,0.0,1.5316,4.2768
2535,4.5,7.0,0.0,1.4809,3.9919
2536,4.6,8.0,0.0,1.4972,4.1755
2537,4.9,10.0,0.0,1.675,4.1196
2538,4.7,7.0,0.0,1.5418,4.1781
2539,4.3,7.0,0.0,1.4331,4.0942
2540,5.1,8.0,0.0,1.6347,3.9855
2541,3.4,4.0,0.0,1.1307,3.935
2542,3.7,8.0,0.0,1.261,3.9668
2543,4.2,6.0,0.0,1.3644,3.9703
2544,4.4,6.0,0.0,1.4263,4.2039
2545,5.0,8.0,0.0,1.6311,4.1455
2546,4.5,7.0,0.0,1.4301,4.2104
2547,5.3,11.0,0.0,1.7836,4.3775
2548,4.9,8.0,0.0,1.5918,4.2647
2549,4.1,7.0,0.0,1.3379,4.2255
2550,5.1,7.0,0.0,1.5986,4.1542
2551,5.2,8.0,0.0,1.6532,4.2886
2552,5.0,9.0,0.0,1.6255,4.353
2553,4.8,7.0,0.0,1.5419,4.3386
2554,5.8,10.0,0.0,1.8626,4.2976
2555,4.4,6.0,0.0,1.4586,4.1492
2556,4.9,7.0,0.0,1.5561,4.2236
2557,5.8,10.0,0.0,1.9252,4.2542
2558,4.2,8.0,0.0,1.408,4.0782
2559,6.1,12.0,0.0,1.9894,4.1561
2560,3.5,5.0,0.0,1.2414,4.155
2561,3.4,6.0,0.0,1.1265,4.1079
2562,4.1,6.0,0.0,1.3477,4.1946
2563,3.8,6.0,0.0,1.261,4.1021
2564,5.3,8.0,0.0,1.656,4.2453
2565,4.3,7.0,0.0,1.4698,4.1978
2566,3.9,7.0,0.0,1.2842,4.1634
2567,4.9,6.0,0.0,1.5861,4.1186
2568,3.9,5.0,0.0,1.3219,4.0987
2569,4.3,6.0,0.0,1.3566,4.0412
2570,3.7,6.0,0.0,1.2322,4.0174
2571,3.9,7.0,0.0,1.3113,4.0871
2572,3.7,6.0,0.0,1.2408,4.2018
2573,3.5,5.0,0.0,1.1584,4.1985
2574,5.3,8.0,0.0,1.6679,4.1679
2575,4.4,6.0,0.0,1.4064,4.0694
2576,4.6,7.0,0.0,1.5387,4.0308
2577,4.7,7.0,0.0,1.5266,4.1068
2578,4.3,8.0,0.0,1.427,3.957
2579,4.4,7.0,0.0,1.4136,3.9807
2580,4.5,8.0,0.0,1.5015,4.0561
2581,5.0,8.0,0.0,1.656,4.0836
2582,3.9,7.0,0.0,1.3242,4.0213
2583,4.7,8.0,0.0,1.4876,4.045
2584,3.5,6.0,0.0,1.1315,3.9402
2585,3.9,7.0,0.0,1.3195,4.0727
2586,5.8,10.0,0.0,1.8039,4.103
2587,4.7,8.0,0.0,1.5574,4.1
2588,5.0,9.0,0.0,1.6018,4.1567
2589,4.7,7.0,0.0,1.5085,4.1535
2590,3.8,7.0,0.0,1.3137,3.985
2591,3.9,7.0,0.0,1.3025,3.9698
2592,4.8,7.0,0.0,1.484,3.9257
2593,5.8,8.0,0.0,1.8166,4.1539
2594,4.7,9.0,0.0,1.527,4.068
2595,4.7,8.0,0.0,1.5467,4.1891
2596,5.0,7.0,0.0,1.5941,4.0846
2597,4.7,8.0,0.0,1.5222,4.0755
2598,4.5,6.0,0.0,1.4426,3.9672
2599,5.7,9.0,0.0,1.842,4.1915
2600,4.8,10.0,0.0,1.6371,4.0823
2601,5.5,10.0,0.0,1.8204,3.992
2602,6.9,11.0,0.0,2.2113,4.1168
2603,4.1,7.0,0.0,1.3964,4.1685
2604,4.6,6.0,0.0,1.4804,4.0263
2605,4.7,7.0,0.0,1.4823,4.1267
2606,4.3,5.0,0.0,1.4221,4.0334
2607,4.2,6.0,0.0,1.3453,4.1479
2608,4.2,5.0,0.0,1.3229,4.0626
2609,3.2,5.0,0.0,1.0712,4.042
2610,4.0,6.0,0.0,1.2669,4.1631
2611,3.9,8.0,0.0,1.3513,4.0317
2612,3.8,6.0,0.0,1.2726,4.1163
2613,5.3,9.0,0.0,1.7349,4.094
2614,4.5,10.0,0.0,1.5429,4.2399
2615,4.5,6.0,0.0,1.463,4.2083
2616,4.2,8.0,0.0,1.4331,4.21
2617,4.2,7.0,0.0,1.3759,4.1924
2618,5.5,10.0,0.0,1.7567,4.1364
2619,6.4,18.0,0.0,2.3225,4.211
2620,5.5,11.0,0.0,1.8901,4.1821
2621,5.0,9.0,0.0,1.6619,4.098
2622,3.8,8.0,0.0,1.2883,4.0994
2623,3.9,5.0,0.0,1.2876,4.0462
2624,3.7,6.0,0.0,1.2544,4.1731
2625,4.9,7.0,0.0,1.5588,4.1906
2626,5.1,7.0,0.0,1.6262,4.231
2627,4.2,6.0,0.0,1.4107,4.1718
2628,4.6,6.0,0.0,1.4608,4.2253
2629,5.8,9.0,0.0,1.8442,4.174
2630,4.8,6.0,0.0,1.583,4.2215
2631,5.0,7.0,0.0,1.653,4.2161
2632,5.1,6.0,0.0,1.5854,4.0661
2633,4.5,8.0,0.0,1.5166,3.9671
2634,4.8,9.0,0.0,1.6148,4.0909
2635,3.8,5.0,0.0,1.2173,4.0941
2636,5.3,10.0,0.0,1.7571,4.1724
2637,4.6,7.0,0.0,1.5689,4.1584
2638,3.1,5.0,0.0,1.0235,4.0443
2639,3.1,6.0,0.0,1.0761,4.0785
2640,3.6,5.0,0.0,1.1487,4.1438
2641,4.7,8.0,0.0,1.5678,4.2037
2642,4.9,9.0,0.0,1.6413,4.0538
2643,5.4,9.0,0.0,1.7303,4.1631
2644,5.2,8.0,0.0,1.656,4.2245
2645,3.9,6.0,0.0,1.3453,4.2302
2646,4.7,7.0,0.0,1.5013,4.227
2647,4.3,8.0,0.0,1.4317,4.252
2648,4.4,9.0,0.0,1.4629,4.336
2649,5.2,10.0,0.0,1.7498,4.2669
2650,4.3,7.0,0.0,1.4579,4.1837
2651,4.9,8.0,0.0,1.5991,4.1652
2652,4.0,7.0,0.0,1.3274,4.1019
2653,5.2,12.0,0.0,1.7965,4.0323
2654,6.5,14.0,0.0,2.1506,4.0516
2655,4.0,6.0,0.0,1.321,4.0242
2656,4.6,7.0,0.0,1.4564,4.0869
2657,4.2,7.0,0.0,1.3956,4.048
2658,6.3,12.0,0.0,2.0499,4.1155
2659,5.9,16.0,0.0,2.0835,4.1978
2660,4.2,7.0,0.0,1.3739,4.1559
2661,4.8,9.0,0.0,1.5956,4.2282
2662,5.7,10.0,0.0,1.8728,4.4033
2663,6.0,9.0,0.0,1.9385,4.2265
2664,6.2,13.0,0.0,2.0797,4.2549
2665,4.1,5.0,0.0,1.4,4.2314
2666,3.7,5.0,0.0,1.2157,4.1675
2667,4.7,11.0,0.0,1.6056,4.2636
2668,3.9,6.0,0.0,1.3167,4.1787
2669,3.8,5.0,0.0,1.2906,4.2095
2670,3.5,7.0,0.0,1.2888,4.0313
2671,3.8,6.0,0.0,1.2166,3.9998
2672,2.7,5.0,0.0,0.9327,4.0678
2673,2.8,4.0,0.0,0.956,4.0025
2674,3.4,6.0,0.0,1.1494,4.0948
2675,3.2,5.0,0.0,1.0798,4.0085
2676,2.5,3.0,0.0,0.8933,3.9116
2677,3.4,5.0,0.0,1.1122,4.1219
2678,3.9,7.0,0.0,1.2792,4.11
2679,3.5,5.0,0.0,1.0897,4.0513
2680,3.5,5.0,0.0,1.1705,3.9588
2681,4.2,6.0,0.0,1.3585,3.9728
2682,3.4,5.0,0.0,1.125,3.9748
2683,4.6,7.0,0.0,1.5015,4.0744
2684,3.5,5.0,0.0,1.1395,3.9781
2685,4.0,8.0,0.0,1.3295,3.9179
2686,4.0,6.0,0.0,1.3444,4.0015
2687,3.5,4.0,0.0,1.1312,3.8896
2688,3.2,4.0,0.0,1.0448,3.9844
2689,5.6,9.0,0.0,1.7915,3.9993
2690,4.9,6.0,0.0,1.5058,4.0577
2691,3.9,6.0,0.0,1.2246,4.0515
2692,2.6,4.0,0.0,0.8857,4.0605
2693,4.3,7.0,0.0,1.4,4.0445
2694,4.0,5.0,0.0,1.2953,4.0087
2695,3.5,8.0,0.0,1.2206,4.0333
2696,4.8,7.0,0.0,1.5692,4.0627
2697,3.1,6.0,0.0,1.0694,3.9993
2698,4.6,6.0,0.0,1.5058,4.0627
2699,5.1,10.0,0.0,1.6887,4.0804
2700,4.5,6.0,0.0,1.4851,4.0492
2701,4.2,7.0,0.0,1.3932,4.0944
2702,4.5,7.0,0.0,1.4629,4.1035
2703,3.5,6.0,0.0,1.2023,4.0044
2704,4.7,8.0,0.0,1.5167,4.108
2705,5.4,9.0,0.0,1.7515,4.0549
2706,4.1,6.0,0.0,1.3975,4.0611
2707,6.1,13.0,0.0,2.0175,4.1716
2708,4.4,7.0,0.0,1.466,4.1127
2709,4.7,7.0,0.0,1.5435,4.0102
2710,4.3,7.0,0.0,1.4,4.0072
2711,3.7,6.0,0.0,1.244,3.9866
2712,6.3,10.0,0.0,1.9805,4.0122
2713,3.9,6.0,0.0,1.3225,4.0904
2714,4.3,7.0,0.0,1.4421,4.0902
2715,4.0,5.0,0.0,1.2828,4.013
2716,4.1,5.0,0.0,1.3415,4.0448
2717,4.5,8.0,0.0,1.5357,4.0552
2718,3.7,5.0,0.0,1.2923,4.1382
2719,4.5,8.0,0.0,1.4731,4.1089
2720,4.5,7.0,0.0,1.5409,4.1198
2721,4.9,9.0,0.0,1.6454,4.1495
2722,3.9,7.0,0.0,1.337,4.0479
2723,3.3,4.0,0.0,1.1105,4.0893
2724,3.4,7.0,0.0,1.1522,4.0845
2725,5.1,10.0,0.0,1.7094,4.139
2726,4.7,7.0,0.0,1.5199,4.0667
2727,4.5,8.0,0.0,1.5465,4.1557
2728,5.4,7.0,0.0,1.6845,4.2181
2729,5.3,7.0,0.0,1.6971,4.0942
2730,5.9,8.0,0.0,1.9151,4.0653
2731,5.4,11.0,0.0,1.7871,4.142
2732,5.5,8.0,0.0,1.7507,4.1796
2733,6.0,9.0,0.0,1.9301,4.207
2734,4.9,9.0,0.0,1.6225,4.1527
2735,7.1,11.0,0.0,2.2683,4.225
2736,6.0,11.0,0.0,1.966,4.0097
2737,4.7,9.0,0.0,1.5452,4.0434
2738,4.5,7.0,0.0,1.5329,4.2134
2739,5.1,8.0,0.0,1.6875,4.1378
2740,4.8,7.0,0.0,1.5626,4.0889
2741,7.2,12.0,0.0,2.2392,4.2959
2742,4.3,9.0,0.0,1.4759,3.9642
2743,4.8,6.0,0.0,1.5344,4.0086
2744,4.9,9.0,0.0,1.6227,4.0215
2745,3.9,6.0,0.0,1.2685,3.9769
2746,4.0,6.0,0.0,1.337,3.9754
2747,4.4,6.0,0.0,1.44,4.1029
2748,5.2,8.0,0.0,1.7101,4.152
2749,5.2,8.0,0.0,1.6856,4.1353
2750,4.2,8.0,0.0,1.4035,4.1744
2751,3.0,5.0,0.0,1.0247,4.0412
2752,4.5,7.0,0.0,1.4714,4.0603
2753,4.2,7.0,0.0,1.3601,4.1068
2754,4.8,13.0,0.0,1.7475,4.1092
2755,4.1,9.0,0.0,1.3778,4.0924
2756,4.4,7.0,0.0,1.4214,4.0364
2757,4.7,7.0,0.0,1.548,4.0374
2758,4.1,6.0,0.0,1.3483,4.0641
2759,3.8,6.0,0.0,1.2806,3.9768
2760,3.8,6.0,0.0,1.3025,4.1324
2761,4.3,7.0,0.0,1.4281,4.0299
2762,3.6,5.0,0.0,1.1755,4.0627
2763,4.7,6.0,0.0,1.4799,4.0745
2764,4.7,8.0,0.0,1.5556,4.1315
2765,4.9,8.0,0.0,1.6286,4.1638
2766,6.0,11.0,0.0,1.9881,4.0968
2767,3.7,7.0,0.0,1.2057,4.108
2768,3.8,7.0,0.0,1.2857,4.0515
2769,4.1,7.0,0.0,1.3771,4.1172
2770,3.4,5.0,0.0,1.1563,4.0965
2771,3.3,5.0,0.0,1.1529,4.1335
2772,3.3,5.0,0.0,1.0583,4.082
2773,4.4,7.0,0.0,1.427,4.1726
2774,3.3,4.0,0.0,1.1218,4.222
2775,4.0,6.0,0.0,1.2883,4.3232
2776,4.4,6.0,0.0,1.4302,4.2453
2777,3.6,6.0,0.0,1.2002,4.1852
2778,5.4,12.0,0.0,1.8198,4.2356
2779,2.7,5.0,0.0,0.9174,4.223
2780,4.0,7.0,0.0,1.3583,4.2319
2781,4.1,5.0,0.0,1.3331,4.0996
2782,5.5,9.0,0.0,1.7517,4.1223
2783,4.5,6.0,0.0,1.4671,4.1316
2784,5.9,11.0,0.0,1.8841,4.1135
2785,4.6,10.0,0.0,1.5547,4.103
2786,4.7,6.0,0.0,1.5288,4.2273
2787,5.4,9.0,0.0,1.7257,4.099
2788,4.4,11.0,0.0,1.5361,4.167
2789,3.7,6.0,0.0,1.2657,4.0686
2790,3.9,6.0,0.0,1.28,4.1461
2791,4.0,6.0,0.0,1.3491,4.0961
2792,3.7,6.0,0.0,1.2203,4.0663
2793,3.6,4.0,0.0,1.2121,4.0344
2794,4.3,7.0,0.0,1.4716,4.254
2795,3.9,6.0,0.0,1.2842,4.2372
2796,4.6,6.0,0.0,1.4918,4.2283
2797,3.5,6.0,0.0,1.1662,4.002
2798,4.7,7.0,0.0,1.4763,4.2375
2799,5.0,6.0,0.0,1.598,4.0861
2800,5.0,10.0,0.0,1.6993,4.1423
2801,4.0,7.0,0.0,1.326,4.1748
2802,5.4,13.0,0.0,1.8455,4.1217
2803,4.8,6.0,0.0,1.5013,3.9784
2804,4.2,6.0,0.0,1.363,4.0201
2805,4.1,6.0,0.0,1.3705,4.0976
2806,4.8,12.0,0.0,1.7136,4.2482
2807,4.8,9.0,0.0,1.5457,4.2352
2808,4.3,5.0,0.0,1.447,4.1289
2809,6.0,14.0,0.0,2.0604,4.3062
2810,4.7,6.0,0.0,1.478,4.1821
2811,5.0,11.0,0.0,1.711,4.2761
2812,5.4,10.0,0.0,1.721,4.3424
2813,5.3,9.0,0.0,1.7187,4.2788
2814,5.4,10.0,0.0,1.7992,4.2921
2815,5.9,9.0,0.0,1.8782,4.2031
2816,5.6,8.0,0.0,1.7441,4.3352
2817,4.8,9.0,0.0,1.5688,4.3054
2818,6.8,11.0,0.0,2.116,4.221
2819,5.0,7.0,0.0,1.6186,4.0253
2820,5.1,8.0,0.0,1.5956,4.1363
2821,5.0,7.0,0.0,1.7168,4.0906
2822,3.8,6.0,0.0,1.2657,4.1179
2823,5.3,12.0,0.0,1.8028,4.295
2824,4.6,7.0,0.0,1.5495,4.2027
2825,4.7,6.0,0.0,1.4807,4.1031
2826,5.0,9.0,0.0,1.6571,4.1831
2827,4.6,8.0,0.0,1.5556,4.0556
2828,3.7,6.0,0.0,1.2859,4.1589
2829,5.4,8.0,0.0,1.7245,4.0988
2830,4.6,9.0,0.0,1.5351,4.1159
2831,4.9,6.0,0.0,1.5081,4.1029
2832,3.7,6.0,0.0,1.1973,4.0582
2833,3.9,7.0,0.0,1.3304,4.0737
2834,4.1,7.0,0.0,1.315,3.9549
2835,5.7,8.0,0.0,1.786,4.0112
2836,4.3,7.0,0.0,1.4331,4.0196
2837,4.4,5.0,0.0,1.4183,3.8869
2838,3.8,6.0,0.0,1.2845,4.0496
2839,4.0,7.0,0.0,1.345,4.0523
2840,4.5,7.0,0.0,1.441,4.101
2841,5.2,8.0,0.0,1.6225,4.1555
2842,4.8,8.0,0.0,1.5472,4.0468
2843,5.9,12.0,0.0,1.9255,4.2067
2844,4.1,8.0,0.0,1.3454,4.1901
2845,3.6,5.0,0.0,1.1738,4.1085
2846,5.0,6.0,0.0,1.5961,4.2148
2847,6.9,13.0,0.0,2.2594,4.4311
2848,6.1,9.0,0.0,1.9199,4.4865
2849,5.4,7.0,0.0,1.7408,4.5936
2850,5.8,9.0,0.0,1.893,4.5546
2851,5.3,9.0,0.0,1.7395,4.2229
2852,5.6,9.0,0.0,1.8462,4.2266
2853,4.0,8.0,0.0,1.3833,4.2972
2854,4.3,6.0,0.0,1.4089,4.1228
2855,3.2,4.0,0.0,1.1322,4.0091
2856,3.0,5.0,0.0,1.0038,4.0247
2857,3.2,6.0,0.0,1.0775,3.9817
2858,4.7,7.0,0.0,1.4655,4.0615
2859,3.5,6.0,0.0,1.1646,4.0957
2860,4.9,7.0,0.0,1.6086,4.0854
2861,3.8,12.0,0.0,1.5222,4.0444
2862,4.0,6.0,0.0,1.2732,4.0447
2863,3.4,6.0,0.0,1.1435,4.131
2864,3.8,7.0,0.0,1.244,4.0215
2865,2.7,5.0,0.0,0.945,3.9565
2866,3.9,6.0,0.0,1.259,4.0044
2867,4.1,7.0,0.0,1.3073,4.0829
2868,5.3,8.0,0.0,1.6713,4.0984
2869,3.8,7.0,0.0,1.2593,4.0803
2870,4.6,7.0,0.0,1.4836,4.2421
2871,5.5,7.0,0.0,1.7342,4.111
2872,3.0,5.0,0.0,1.0452,4.0324
2873,2.9,4.0,0.0,0.9869,4.0818
2874,3.9,5.0,0.0,1.2446,4.1959
2875,5.4,8.0,0.0,1.7655,4.3758
2876,4.0,7.0,0.0,1.3657,4.1804
2877,5.2,7.0,0.0,1.6713,4.0935
2878,4.6,7.0,0.0,1.4586,4.1366
2879,6.0,11.0,0.0,2.0026,4.2079
2880,5.9,11.0,0.0,1.9424,4.2772
2881,6.7,16.0,0.0,2.2509,4.2001
2882,6.9,14.0,0.0,2.2693,4.1623
2883,4.4,9.0,0.0,1.5185,4.1412
2884,5.1,9.0,0.0,1.6941,4.2332
2885,7.5,10.0,0.0,2.2658,4.4174
2886,6.4,9.0,0.0,2.0261,4.4093
2887,5.3,11.0,0.0,1.7361,4.3356
2888,4.9,11.0,0.0,1.6492,4.2835
2889,3.8,6.0,0.0,1.2773,4.1857
2890,4.0,8.0,0.0,1.407,4.1376
2891,3.8,6.0,0.0,1.2401,4.1038
2892,4.1,5.0,0.0,1.3889,4.1123
2893,5.1,16.0,0.0,1.9436,4.204
2894,4.8,7.0,0.0,1.5159,4.1798
2895,3.0,4.0,0.0,0.9865,4.1717
2896,4.3,6.0,0.0,1.405,4.1699
2897,4.2,6.0,0.0,1.3598,4.0384
2898,4.6,8.0,0.0,1.5726,4.0354
2899,4.3,6.0,0.0,1.3977,3.9458
2900,5.3,8.0,0.0,1.6216,3.9612
2901,3.6,5.0,0.0,1.2408,3.9533
2902,4.3,10.0,0.0,1.4479,3.9893
2903,4.0,6.0,0.0,1.3771,4.0851
2904,5.3,9.0,0.0,1.6988,4.1938
2905,5.9,8.0,0.0,1.8405,4.0831
2906,4.5,7.0,0.0,1.4387,4.2289
2907,6.7,8.0,0.0,2.1218,4.4775
2908,4.9,7.0,0.0,1.5906,4.2607
2909,5.9,11.0,0.0,1.9105,4.081
2910,5.6,8.0,0.0,1.7511,4.0831
2911,5.6,9.0,0.0,1.8084,4.081
2912,6.6,11.0,0.0,2.0706,4.1344
2913,4.0,5.0,0.0,1.303,3.9475
2914,6.1,11.0,0.0,1.967,3.9889
2915,6.2,9.0,0.0,1.9723,4.0692
2916,4.6,7.0,0.0,1.5316,4.1194
2917,5.7,12.0,0.0,1.8621,4.1293
2918,5.0,7.0,0.0,1.5405,4.1706
2919,4.9,9.0,0.0,1.5901,4.2485
2920,5.2,8.0,0.0,1.7139,4.183
2921,3.6,7.0,0.0,1.2366,3.9441
2922,5.0,8.0,0.0,1.6435,4.2873
2923,4.9,8.0,0.0,1.619,4.1477
2924,4.9,6.0,0.0,1.5828,4.189
2925,4.9,6.0,0.0,1.5644,4.0231
2926,4.4,9.0,0.0,1.4277,3.9493
2927,3.5,5.0,0.0,1.1916,4.0451
2928,4.5,7.0,0.0,1.4696,3.9807
2929,3.8,6.0,0.0,1.2955,3.9995
2930,4.4,7.0,0.0,1.397,4.073
2931,4.5,6.0,0.0,1.433,4.0063
2932,4.6,9.0,0.0,1.519,4.1451
2933,5.4,7.0,0.0,1.6964,4.1305
2934,5.1,8.0,0.0,1.6288,4.1396
2935,5.0,8.0,0.0,1.613,4.0154
2936,4.5,6.0,0.0,1.456,4.0914
2937,5.0,8.0,0.0,1.5945,4.1998
2938,5.1,8.0,0.0,1.6713,4.3647
2939,6.4,11.0,0.0,2.0518,4.385
2940,4.6,6.0,0.0,1.5106,4.076
2941,5.0,9.0,0.0,1.6677,4.0305
2942,6.9,10.0,0.0,2.2311,4.1986
2943,8.3,18.0,0.0,2.8735,4.272
2944,6.7,11.0,0.0,2.2153,4.3097
2945,5.1,8.0,0.0,1.6357,4.0156
2946,5.9,8.0,0.0,1.7692,4.1819
2947,6.2,17.0,0.0,2.188,4.0967
2948,6.1,9.0,0.0,1.9361,4.2917
2949,5.9,10.0,0.0,1.9269,4.2136
2950,4.5,10.0,0.0,1.5926,4.1053
2951,6.0,12.0,0.0,2.0065,4.1213
2952,4.6,7.0,0.0,1.5125,4.1184
2953,4.9,6.0,0.0,1.5314,4.1474
2954,4.3,8.0,0.0,1.4245,3.9621
2955,3.6,4.0,0.0,1.1187,4.0149
2956,4.5,7.0,0.0,1.4827,4.1155
2957,4.0,7.0,0.0,1.3265,4.0225
2958,3.9,7.0,0.0,1.3423,4.1422
2959,4.9,8.0,0.0,1.5467,4.0036
2960,4.3,6.0,0.0,1.4036,4.1026
2961,4.7,7.0,0.0,1.4586,4.2233
2962,4.9,9.0,0.0,1.6067,4.1256
2963,4.4,5.0,0.0,1.4373,4.1516
2964,4.0,6.0,0.0,1.3122,4.0092
2965,6.3,15.0,0.0,2.114,4.1131
2966,4.9,7.0,0.0,1.5549,4.0824
2967,5.9,12.0,0.0,1.9418,4.0991
2968,4.4,8.0,0.0,1.4047,4.1552
2969,6.7,10.0,0.0,2.1423,4.0748
2970,4.4,7.0,0.0,1.4564,4.0375
2971,4.9,7.0,0.0,1.5914,4.1443
2972,3.3,5.0,0.0,1.0996,4.0451
2973,4.8,6.0,0.0,1.4879,4.0557
2974,3.8,6.0,0.0,1.2685,4.0185
2975,4.2,5.0,0.0,1.3932,4.1596
2976,4.1,8.0,0.0,1.4876,3.9806
2977,4.4,6.0,0.0,1.455,4.1752
2978,5.1,7.0,0.0,1.6371,4.1439
2979,4.1,7.0,0.0,1.3718,4.0927
2980,4.5,7.0,0.0,1.501,4.1687
2981,4.4,5.0,0.0,1.4426,4.2184
2982,5.1,11.0,0.0,1.7241,4.1987
2983,4.2,7.0,0.0,1.3843,4.0829
2984,3.6,5.0,0.0,1.1948,4.2185
2985,3.7,6.0,0.0,1.2714,4.1312
2986,4.1,8.0,0.0,1.4032,4.0829
2987,5.4,10.0,0.0,1.7564,4.1809
2988,4.8,11.0,0.0,1.6696,4.2186
2989,5.4,9.0,0.0,1.7296,4.2852
2990,4.3,8.0,0.0,1.382,4.1337
2991,3.6,6.0,0.0,1.2164,4.211
2992,4.5,8.0,0.0,1.5156,4.0695
2993,4.5,7.0,0.0,1.4823,4.0472
2994,3.7,5.0,0.0,1.2806,4.012
2995,4.9,8.0,0.0,1.5741,4.1515
2996,4.7,10.0,0.0,1.6165,4.0172
2997,4.9,11.0,0.0,1.7243,4.105
2998,4.6,8.0,0.0,1.4925,4.094
2999,4.4,6.0,0.0,1.4193,4.1927
3000,4.9,8.0,0.0,1.6411,4.1069
3001,5.2,8.0,0.0,1.6394,4.1738
3002,5.6,10.0,0.0,1.7345,4.2615
3003,5.5,8.0,0.0,1.7687,4.2394
3004,5.3,7.0,0.0,1.64,4.2383
3005,5.1,11.0,0.0,1.7776,4.1812
3006,4.5,7.0,0.0,1.4731,4.1356
3007,4.0,6.0,0.0,1.315,4.1798
3008,4.6,7.0,0.0,1.4486,4.0351
3009,3.8,6.0,0.0,1.2609,4.0163
3010,3.5,4.0,0.0,1.1404,3.8835
3011,4.2,6.0,0.0,1.3583,4.0382
3012,3.7,6.0,0.0,1.2333,4.4369
3013,5.3,8.0,0.0,1.7227,4.3393
3014,4.2,7.0,0.0,1.4219,4.0917
3015,4.5,8.0,0.0,1.537,4.2226
3016,4.1,5.0,0.0,1.3774,4.0458
3017,5.0,7.0,0.0,1.6748,4.1193
3018,6.6,9.0,0.0,2.0519,4.2322
3019,6.5,14.0,0.0,2.2316,4.2315
3020,6.2,13.0,0.0,2.0706,4.1286
3021,4.6,7.0,0.0,1.49,4.08
3022,5.1,8.0,0.0,1.6191,4.0966
3023,4.8,6.0,0.0,1.558,4.1148
3024,4.9,9.0,0.0,1.5914,4.1265
3025,3.6,6.0,0.0,1.1837,4.031
3026,3.8,5.0,0.0,1.2449,4.2574
3027,4.0,6.0,0.0,1.2679,4.2631
3028,4.2,6.0,0.0,1.3453,3.9876
3029,4.9,6.0,0.0,1.5248,4.0734
3030,3.6,6.0,0.0,1.1608,4.0212
3031,3.9,7.0,0.0,1.3177,3.9437
3032,3.7,5.0,0.0,1.1975,4.0938
3033,4.0,8.0,0.0,1.3718,4.1471
3034,5.2,8.0,0.0,1.6251,4.1145
3035,6.0,11.0,0.0,1.9822,4.3046
3036,3.6,5.0,0.0,1.1746,4.2254
3037,5.2,10.0,0.0,1.772,4.2035
3038,4.4,7.0,0.0,1.4036,4.2051
3039,4.3,7.0,0.0,1.364,4.1127
3040,4.7,7.0,0.0,1.4809,4.1388
3041,4.1,8.0,0.0,1.3856,4.0875
3042,5.0,9.0,0.0,1.6325,4.0073
3043,4.5,6.0,0.0,1.4465,3.9611
3044,3.9,6.0,0.0,1.2488,3.9262
3045,4.7,12.0,0.0,1.6486,3.9516
3046,3.9,5.0,0.0,1.2904,3.9027
3047,3.7,6.0,0.0,1.2466,4.03
3048,4.4,7.0,0.0,1.4866,4.0742
3049,3.6,6.0,0.0,1.1619,4.0524
3050,3.9,5.0,0.0,1.2076,4.0194
3051,4.6,8.0,0.0,1.5226,4.0177
3052,5.4,7.0,0.0,1.7263,4.058
3053,3.4,6.0,0.0,1.1539,4.0301
3054,4.1,7.0,0.0,1.3453,4.0879
3055,3.3,5.0,0.0,1.0853,4.0914
3056,3.4,4.0,0.0,1.087,3.9806
3057,4.4,10.0,0.0,1.5342,3.9844
3058,2.4,3.0,0.0,0.7886,4.0237
3059,3.1,6.0,0.0,1.0735,3.9863
3060,3.1,5.0,0.0,1.0284,4.0688
3061,2.8,5.0,0.0,0.9673,4.0499
3062,3.2,6.0,0.0,1.1079,4.0746
3063,2.8,7.0,0.0,1.0229,4.1092
3064,2.7,5.0,0.0,0.925,3.921
3065,1.9,5.0,0.0,0.7283,3.7666
3066,3.0,5.0,0.0,1.0037,3.9661
3067,2.8,4.0,0.0,0.9701,4.0
3068,3.2,5.0,0.0,1.0759,3.9664
3069,3.0,4.0,0.0,1.0085,3.9538
3070,3.6,6.0,0.0,1.2058,3.9935
3071,4.1,10.0,0.0,1.4359,4.0723
3072,3.3,5.0,0.0,1.0588,3.9616
3073,2.7,6.0,0.0,0.9806,3.9657
3074,3.4,8.0,0.0,1.201,4.0344
3075,3.0,5.0,0.0,1.04,4.0557
3076,3.7,9.0,0.0,1.3331,3.9989
3077,3.0,5.0,0.0,1.0459,3.9373
3078,2.4,3.0,0.0,0.8471,4.0391
3079,3.1,4.0,0.0,0.9988,3.9341
3080,3.7,6.0,0.0,1.2175,3.7959
3081,3.0,4.0,0.0,0.9885,3.8936
3082,3.4,6.0,0.0,1.1904,3.9399
3083,4.2,9.0,0.0,1.4248,3.9477
3084,4.2,6.0,0.0,1.3192,3.9458
3085,3.2,5.0,0.0,1.0731,3.9368
3086,4.0,6.0,0.0,1.3153,3.9883
3087,2.5,4.0,0.0,0.8131,3.8791
3088,2.6,4.0,0.0,0.8902,3.9436
3089,2.5,4.0,0.0,0.8609,3.9056
3090,3.1,6.0,0.0,1.0757,3.9038
3091,4.1,6.0,0.0,1.3286,3.957
3092,3.8,6.0,0.0,1.2638,4.0038
3093,4.1,5.0,0.0,1.3177,3.9713
3094,3.6,5.0,0.0,1.1667,4.0182
3095,4.8,8.0,0.0,1.5555,4.0102
3096,5.4,10.0,0.0,1.6974,4.0939
3097,5.6,7.0,0.0,1.7862,4.2628
3098,5.5,9.0,0.0,1.7824,4.1454
3099,4.4,7.0,0.0,1.4217,4.062
3100,6.5,16.0,0.0,2.2529,4.0812
3101,5.0,8.0,0.0,1.6,4.0144
3102,7.6,14.0,0.0,2.5127,4.1777
3103,6.4,9.0,0.0,1.9784,4.2193
3104,4.5,6.0,0.0,1.4939,4.1601
3105,4.2,5.0,0.0,1.4146,4.0759
3106,4.4,6.0,0.0,1.4622,4.0899
3107,4.5,6.0,0.0,1.4448,4.1093
3108,5.1,7.0,0.0,1.5888,4.1999
3109,4.8,6.0,0.0,1.5452,4.1302
3110,5.4,7.0,0.0,1.7523,4.2528
3111,3.4,4.0,0.0,1.1072,4.057
3112,5.7,8.0,0.0,1.8353,4.1152
3113,5.2,8.0,0.0,1.7168,4.1044
3114,4.7,9.0,0.0,1.5491,4.0631
3115,3.8,6.0,0.0,1.2526,4.0444
3116,5.4,12.0,0.0,1.8385,3.9725
3117,5.5,9.0,0.0,1.8189,4.1409
3118,4.8,10.0,0.0,1.6018,4.1088
3119,4.6,7.0,0.0,1.5094,4.154
3120,5.1,7.0,0.0,1.6576,4.0429
3121,5.9,11.0,0.0,1.9767,4.2086
3122,5.0,8.0,0.0,1.5274,4.2575
3123,4.7,8.0,0.0,1.5335,4.1581
3124,4.1,8.0,0.0,1.3863,4.0701
3125,4.9,9.0,0.0,1.6374,4.1398
3126,4.9,9.0,0.0,1.6347,4.0682
3127,4.9,8.0,0.0,1.5708,4.0582
3128,5.7,10.0,0.0,1.8303,4.1813
3129,3.6,5.0,0.0,1.1998,4.0022
3130,4.2,5.0,0.0,1.337,3.9123
3131,4.8,8.0,0.0,1.5794,4.0282
3132,5.5,11.0,0.0,1.8346,4.0498
3133,4.3,8.0,0.0,1.3994,4.1543
3134,5.1,7.0,0.0,1.6556,4.0806
3135,4.9,8.0,0.0,1.5601,3.9312
3136,4.5,8.0,0.0,1.4914,4.0545
3137,4.4,9.0,0.0,1.4276,4.0035
3138,3.9,6.0,0.0,1.2845,4.0984
3139,3.9,6.0,0.0,1.26,4.0576
3140,4.0,9.0,0.0,1.4169,4.0765
3141,4.3,6.0,0.0,1.419,4.0306
3142,5.5,8.0,0.0,1.7847,4.1865
3143,7.4,13.0,0.0,2.3473,4.142
3144,4.5,7.0,0.0,1.5074,4.087
3145,6.1,11.0,0.0,1.9692,4.0957
3146,6.1,10.0,0.0,1.9773,4.0781
3147,4.4,6.0,0.0,1.4169,4.0081
3148,5.9,9.0,0.0,1.9084,3.9176
3149,4.9,8.0,0.0,1.5748,4.3365
3150,4.3,8.0,0.0,1.4564,4.0679
3151,4.9,10.0,0.0,1.607,4.1212
3152,4.3,6.0,0.0,1.3718,4.1555
3153,3.1,5.0,0.0,1.0332,4.0382
3154,4.1,6.0,0.0,1.3361,4.1936
3155,4.5,8.0,0.0,1.4925,4.1683
3156,4.3,8.0,0.0,1.4415,4.1326
3157,4.0,7.0,0.0,1.334,4.095
3158,4.1,6.0,0.0,1.3295,3.8651
3159,4.5,9.0,0.0,1.4839,4.0688
3160,3.5,5.0,0.0,1.1857,4.0117
3161,3.6,5.0,0.0,1.2255,4.0928
3162,4.3,8.0,0.0,1.3955,3.9723
3163,3.6,6.0,0.0,1.2091,3.9159
3164,3.2,5.0,0.0,1.0781,3.9826
3165,3.8,6.0,0.0,1.2241,3.9283
3166,4.0,7.0,0.0,1.3498,4.1708
3167,4.8,9.0,0.0,1.5754,3.9742
3168,5.2,10.0,0.0,1.7779,4.0415
3169,5.6,9.0,0.0,1.7965,4.069
3170,5.5,9.0,0.0,1.7944,4.2032
3171,5.4,8.0,0.0,1.6912,4.0086
3172,3.7,6.0,0.0,1.2983,3.9596
3173,5.0,7.0,0.0,1.6053,4.0292
3174,3.8,5.0,0.0,1.2414,3.9472
3175,4.4,7.0,0.0,1.4422,4.1235
3176,4.4,9.0,0.0,1.5297,3.9651
3177,4.3,7.0,0.0,1.3756,3.9247
3178,4.3,6.0,0.0,1.3467,3.9205
3179,5.4,7.0,0.0,1.6474,3.9715
3180,5.3,7.0,0.0,1.7732,3.9664
3181,6.1,8.0,0.0,1.8464,4.101
3182,5.5,8.0,0.0,1.7519,4.1064
3183,6.2,12.0,0.0,1.9849,4.0257
3184,6.5,14.0,0.0,2.2424,4.2039
3185,5.6,8.0,0.0,1.7905,4.312
3186,7.6,13.0,0.0,2.4105,4.3441
3187,6.7,13.0,0.0,2.1791,4.3713
3188,5.0,7.0,0.0,1.6039,4.2248
3189,5.4,8.0,0.0,1.715,4.1527
3190,5.4,8.0,0.0,1.7578,4.1963
3191,5.4,8.0,0.0,1.7804,4.0825
3192,4.9,8.0,0.0,1.5601,4.0829
3193,4.2,7.0,0.0,1.3784,4.0466
3194,5.1,8.0,0.0,1.6687,4.0584
3195,3.8,5.0,0.0,1.2913,3.9908
3196,4.6,7.0,0.0,1.4878,4.0782
3197,4.2,6.0,0.0,1.3265,4.051
3198,3.6,5.0,0.0,1.2068,4.0368
3199,3.9,6.0,0.0,1.2961,4.0036
3200,4.8,6.0,0.0,1.5461,3.9773
3201,3.7,7.0,0.0,1.2369,3.9092
3202,5.0,12.0,0.0,1.7719,3.9349
3203,3.9,6.0,0.0,1.3265,3.9443
3204,3.2,5.0,0.0,1.0805,3.9763
3205,4.3,8.0,0.0,1.3877,3.9007
3206,3.9,9.0,0.0,1.3551,4.0063
3207,3.7,7.0,0.0,1.2369,3.979
3208,2.7,4.0,0.0,0.8964,3.9642
3209,3.7,5.0,0.0,1.2042,3.9273
3210,4.2,9.0,0.0,1.4944,3.8893
3211,3.8,8.0,0.0,1.3089,3.9286
3212,2.9,6.0,0.0,0.995,3.8853
3213,3.1,4.0,0.0,1.0235,3.8378
3214,4.1,6.0,0.0,1.3266,3.8029
3215,4.6,6.0,0.0,1.4177,4.0042
3216,3.5,4.0,0.0,1.2446,3.9195
3217,3.3,6.0,0.0,1.1522,3.8872
3218,3.9,6.0,0.0,1.2913,3.9081
3219,4.2,9.0,0.0,1.456,3.9067
3220,4.0,7.0,0.0,1.3415,3.9072
3221,4.0,6.0,0.0,1.2891,3.9409
3222,3.8,5.0,0.0,1.2186,3.9567
3223,4.3,8.0,0.0,1.4066,3.9328
3224,3.7,5.0,0.0,1.2726,3.939
3225,3.1,4.0,0.0,1.0129,3.9125
3226,4.0,6.0,0.0,1.3363,3.9245
3227,5.5,10.0,0.0,1.8331,3.9203
3228,3.3,6.0,0.0,1.0965,3.969
3229,4.7,10.0,0.0,1.6091,3.9338
3230,2.8,4.0,0.0,0.9885,3.883
3231,3.5,5.0,0.0,1.1797,3.9629
3232,4.7,7.0,0.0,1.5101,3.9651
3233,3.9,7.0,0.0,1.3067,3.9056
3234,5.1,9.0,0.0,1.6787,3.9683
3235,3.4,7.0,0.0,1.1772,3.8805
3236,3.3,5.0,0.0,1.1194,3.9522
3237,3.1,5.0,0.0,1.0332,3.9082
3238,3.5,7.0,0.0,1.1808,3.9588
3239,2.7,3.0,0.0,0.9,3.9636
3240,3.6,5.0,0.0,1.178,3.8932
3241,4.6,9.0,0.0,1.5684,3.942
3242,5.0,7.0,0.0,1.5743,4.1554
3243,3.8,6.0,0.0,1.214,3.9908
3244,3.9,5.0,0.0,1.2488,4.0861
3245,5.4,9.0,0.0,1.7234,4.0649
3246,4.0,6.0,0.0,1.2929,3.9958
3247,3.0,5.0,0.0,1.0235,4.0685
3248,3.7,5.0,0.0,1.219,4.0578
3249,4.0,6.0,0.0,1.3109,4.113
3250,3.7,6.0,0.0,1.253,4.0449
3251,3.2,7.0,0.0,1.1881,4.027
3252,4.0,5.0,0.0,1.3067,4.0501
3253,4.6,6.0,0.0,1.4933,4.0215
3254,3.6,5.0,0.0,1.1904,4.2668
3255,3.8,5.0,0.0,1.2592,4.0799
3256,3.8,8.0,0.0,1.304,4.0729
3257,3.2,4.0,0.0,1.0828,3.9936
3258,3.5,5.0,0.0,1.1741,4.1067
3259,3.6,5.0,0.0,1.1632,4.0553
3260,4.1,7.0,0.0,1.382,4.0763
3261,3.3,5.0,0.0,1.1198,4.0846
3262,3.2,6.0,0.0,1.0805,4.1217
3263,3.6,6.0,0.0,1.1893,4.0648
3264,3.8,6.0,0.0,1.2359,4.1687
3265,4.3,5.0,0.0,1.4277,4.1312
3266,4.9,10.0,0.0,1.6893,4.0641
3267,4.0,7.0,0.0,1.3177,4.1282
3268,3.8,6.0,0.0,1.2319,3.7673
3269,4.3,8.0,0.0,1.4141,3.6922
3270,3.2,5.0,0.0,1.0554,3.899
3271,5.3,7.0,0.0,1.6528,3.741
3272,4.1,9.0,0.0,1.3732,3.676
3273,3.6,5.0,0.0,1.1522,3.6472
3274,4.1,6.0,0.0,1.3177,3.6493
3275,4.6,6.0,0.0,1.5288,3.6701
3276,3.1,4.0,0.0,1.0713,3.6316
3277,4.0,6.0,0.0,1.2814,3.6713
3278,3.6,6.0,0.0,1.2005,3.6886
3279,3.9,5.0,0.0,1.2726,3.6804
3280,4.0,6.0,0.0,1.3073,3.7124
3281,3.6,5.0,0.0,1.2054,3.6955
3282,2.8,4.0,0.0,0.9421,3.6987
3283,3.5,5.0,0.0,1.1789,3.6916
3284,3.9,6.0,0.0,1.236,3.6752
3285,3.3,6.0,0.0,1.1079,3.7075
3286,3.6,7.0,0.0,1.2088,3.6947
3287,3.6,5.0,0.0,1.1347,3.6813
3288,3.0,4.0,0.0,1.0121,3.6616
3289,3.6,5.0,0.0,1.2446,3.6801
3290,3.8,8.0,0.0,1.372,3.6455
3291,4.1,5.0,0.0,1.3094,3.7124
3292,4.2,7.0,0.0,1.3987,3.6796
3293,4.2,6.0,0.0,1.3191,3.6626
3294,3.8,6.0,0.0,1.28,3.6572
3295,3.8,6.0,0.0,1.2577,3.6521
3296,3.6,6.0,0.0,1.1687,3.6358
3297,4.6,8.0,0.0,1.51,3.6715
3298,3.5,6.0,0.0,1.194,3.6516
3299,2.9,5.0,0.0,0.9952,3.6624
3300,3.3,5.0,0.0,1.0618,3.6674
3301,3.1,8.0,0.0,1.1435,3.7077
3302,4.4,9.0,0.0,1.4479,3.6904
3303,4.0,9.0,0.0,1.4036,3.6626
3304,4.2,6.0,0.0,1.3563,3.6614
3305,3.0,4.0,0.0,1.0105,3.6675
3306,3.6,6.0,0.0,1.2002,3.6579
3307,3.6,6.0,0.0,1.1842,3.717
3308,5.5,9.0,0.0,1.7628,3.6778
3309,3.1,5.0,0.0,1.0648,3.6627
3310,3.9,6.0,0.0,1.2641,3.6584
3311,3.1,6.0,0.0,1.1007,3.6738
3312,3.6,5.0,0.0,1.1463,3.6659
3313,3.7,6.0,0.0,1.2219,3.6742
3314,3.4,5.0,0.0,1.1259,3.6579
3315,4.0,7.0,0.0,1.2829,3.7021
3316,3.9,7.0,0.0,1.315,3.7198
3317,3.7,5.0,0.0,1.2068,3.7229
3318,4.1,6.0,0.0,1.3038,3.6837
3319,3.5,7.0,0.0,1.2196,3.657
3320,3.3,6.0,0.0,1.1047,3.6804
3321,3.2,5.0,0.0,1.0478,3.6718
3322,3.5,5.0,0.0,1.1664,3.6816
3323,5.3,7.0,0.0,1.6879,3.6827
3324,4.1,7.0,0.0,1.3336,3.6798
3325,3.7,7.0,0.0,1.232,3.6734
3326,3.4,6.0,0.0,1.1694,3.6815
3327,2.4,3.0,0.0,0.8546,3.7128
3328,3.5,5.0,0.0,1.1755,3.6931
3329,4.1,6.0,0.0,1.3177,3.6942
3330,3.5,6.0,0.0,1.1686,3.6587
3331,4.3,8.0,0.0,1.4654,3.6831
3332,4.8,8.0,0.0,1.6031,3.6468
3333,3.6,7.0,0.0,1.217,3.6716
3334,3.2,5.0,0.0,1.0923,3.6836
3335,3.5,6.0,0.0,1.1803,3.6986
3336,3.9,5.0,0.0,1.2714,3.7023
3337,3.7,6.0,0.0,1.2272,3.6805
3338,4.1,7.0,0.0,1.3349,3.6594
3339,4.8,9.0,0.0,1.6103,3.6841
3340,3.4,7.0,0.0,1.1864,3.6641
3341,3.6,5.0,0.0,1.1958,3.6993
3342,3.8,6.0,0.0,1.2616,3.6695
3343,4.5,7.0,0.0,1.485,3.6462
3344,3.6,5.0,0.0,1.1664,3.6466
3345,4.2,6.0,0.0,1.3527,3.6627
3346,4.4,8.0,0.0,1.4827,3.6735
3347,4.1,8.0,0.0,1.3892,3.6609
3348,3.8,7.0,0.0,1.2779,3.6821
3349,3.3,5.0,0.0,1.1548,3.6717
3350,3.9,5.0,0.0,1.3109,3.6874
3351,3.2,4.0,0.0,1.0965,3.675
3352,4.2,6.0,0.0,1.345,3.7061
3353,3.7,5.0,0.0,1.1954,3.7045
3354,4.7,9.0,0.0,1.5357,3.6856
3355,3.1,5.0,0.0,1.0524,3.669
3356,4.2,7.0,0.0,1.3485,3.6578
3357,2.8,4.0,0.0,0.9646,3.6474
3358,3.9,6.0,0.0,1.261,3.6627
3359,3.5,5.0,0.0,1.1304,3.6883
3360,3.8,5.0,0.0,1.245,3.691
3361,3.6,5.0,0.0,1.1817,3.6909
3362,2.6,6.0,0.0,0.9597,3.6886
3363,4.0,6.0,0.0,1.2558,3.6912
3364,4.2,6.0,0.0,1.4048,3.6797
3365,3.9,8.0,0.0,1.3,3.7434
3366,4.2,6.0,0.0,1.341,3.6737
3367,4.0,8.0,0.0,1.3811,3.6772
3368,4.4,6.0,0.0,1.4303,3.6764
3369,3.1,5.0,0.0,1.0332,3.6491
3370,4.3,7.0,0.0,1.4696,3.6945
3371,4.1,6.0,0.0,1.3225,3.6857
3372,4.0,6.0,0.0,1.326,3.6901
3373,4.1,6.0,0.0,1.3058,3.6999
3374,2.4,3.0,0.0,0.8609,3.6772
3375,3.9,7.0,0.0,1.315,3.714
3376,5.8,10.0,0.0,1.8871,3.717
3377,3.7,6.0,0.0,1.2233,3.6706
3378,3.6,10.0,0.0,1.3666,3.6853
3379,3.8,5.0,0.0,1.2767,3.6905
3380,4.2,7.0,0.0,1.3705,3.7011
3381,3.4,4.0,0.0,1.1258,3.7083
3382,4.1,6.0,0.0,1.3067,3.7104
3383,3.9,7.0,0.0,1.2893,3.6898
3384,3.4,6.0,0.0,1.1906,3.6717
3385,2.8,5.0,0.0,0.9908,3.6745
3386,4.3,11.0,0.0,1.5292,3.6647
3387,3.6,7.0,0.0,1.217,3.6587
3388,3.8,7.0,0.0,1.334,3.7103
3389,3.4,4.0,0.0,1.125,3.6857
3390,4.4,7.0,0.0,1.4421,3.6969
3391,3.2,5.0,0.0,1.063,3.6425
3392,3.9,6.0,0.0,1.2657,3.6594
3393,3.1,5.0,0.0,1.077,3.6619
3394,4.0,6.0,0.0,1.2593,3.673
3395,3.6,7.0,0.0,1.236,3.677
3396,3.6,6.0,0.0,1.1377,3.6858
3397,4.8,7.0,0.0,1.5457,3.6838
3398,4.2,6.0,0.0,1.3511,3.6699
3399,4.5,6.0,0.0,1.4442,3.7094
3400,2.6,3.0,0.0,0.891,3.6904
3401,4.3,8.0,0.0,1.4517,3.6957
3402,4.4,6.0,0.0,1.3666,3.6382
3403,3.8,7.0,0.0,1.3027,3.6358
3404,3.6,5.0,0.0,1.1609,3.6548
3405,3.9,7.0,0.0,1.3185,3.6588
3406,3.9,8.0,0.0,1.3784,3.6952
3407,3.5,5.0,0.0,1.2225,3.6764
3408,3.5,7.0,0.0,1.1973,3.7492
3409,3.0,4.0,0.0,0.9836,3.6658
3410,3.8,6.0,0.0,1.241,3.6763
3411,4.4,10.0,0.0,1.5536,3.6743
3412,3.2,5.0,0.0,1.0724,3.6873
3413,4.7,7.0,0.0,1.5078,3.6723
3414,4.8,7.0,0.0,1.5652,3.6765
3415,3.8,9.0,0.0,1.3195,3.651
3416,4.1,7.0,0.0,1.3328,3.6652
3417,4.1,8.0,0.0,1.4177,3.6874
3418,4.4,12.0,0.0,1.584,3.6876
3419,4.1,6.0,0.0,1.3321,3.6686
3420,4.1,6.0,0.0,1.3191,3.689
3421,2.8,5.0,0.0,0.9786,3.6676
3422,3.6,5.0,0.0,1.241,3.7062
3423,4.4,10.0,0.0,1.5088,3.6984
3424,3.4,6.0,0.0,1.1494,3.7179
3425,3.6,7.0,0.0,1.2221,3.7085
3426,4.5,6.0,0.0,1.4925,3.6752
3427,3.8,6.0,0.0,1.2701,3.6843
3428,3.8,8.0,0.0,1.2929,3.7067
3429,3.6,4.0,0.0,1.2401,3.6637
3430,3.9,5.0,0.0,1.3076,3.7051
3431,3.1,4.0,0.0,1.0524,3.6704
3432,4.3,6.0,0.0,1.3892,3.7039
3433,3.7,6.0,0.0,1.1797,3.6989
3434,4.0,6.0,0.0,1.3453,3.7152
3435,4.1,9.0,0.0,1.4073,3.7032
3436,4.8,10.0,0.0,1.6041,3.7142
3437,4.8,11.0,0.0,1.6202,3.7096
3438,3.8,5.0,0.0,1.2555,3.9186
3439,3.3,4.0,0.0,1.0817,3.7816
3440,3.6,4.0,0.0,1.1823,3.7457
3441,5.7,18.0,0.0,2.1935,3.7582
3442,3.3,5.0,0.0,1.1233,3.7697
3443,3.6,6.0,0.0,1.1884,3.8016
3444,4.2,8.0,0.0,1.427,3.7169
3445,3.9,6.0,0.0,1.3598,3.7294
3446,4.8,11.0,0.0,1.696,3.7316
3447,4.4,8.0,0.0,1.4193,3.7006
3448,3.3,4.0,0.0,1.0897,3.7276
3449,4.8,10.0,0.0,1.6305,3.75
3450,3.8,5.0,0.0,1.1971,3.8808
3451,3.6,7.0,0.0,1.2002,3.7622
3452,4.3,7.0,0.0,1.4315,3.7549
3453,5.0,9.0,0.0,1.6369,3.7128
3454,3.8,6.0,0.0,1.2387,3.8206
3455,3.6,5.0,0.0,1.2186,3.7852
3456,3.5,6.0,0.0,1.172,3.7913
3457,4.2,9.0,0.0,1.429,3.7313
3458,3.6,7.0,0.0,1.2054,3.689
3459,3.6,6.0,0.0,1.1921,3.6985
3460,3.0,5.0,0.0,0.9899,3.6708
3461,3.6,5.0,0.0,1.1789,3.6922
3462,2.9,4.0,0.0,0.995,3.6778
3463,3.6,6.0,0.0,1.1954,3.6545
3464,4.4,7.0,0.0,1.4696,3.6772
3465,3.1,5.0,0.0,1.0496,3.6665
3466,3.7,9.0,0.0,1.299,3.6654
3467,4.3,6.0,0.0,1.3613,3.6891
3468,4.0,6.0,0.0,1.3115,3.7014
3469,3.9,7.0,0.0,1.2726,3.6953
3470,3.6,6.0,0.0,1.2076,3.7153
3471,4.8,7.0,0.0,1.542,3.7913
3472,3.5,5.0,0.0,1.1487,3.7069
3473,4.9,10.0,0.0,1.6086,3.6738
3474,3.7,6.0,0.0,1.1721,3.7063
3475,3.7,7.0,0.0,1.2411,3.687
3476,3.0,4.0,0.0,0.9798,3.7063
3477,5.0,8.0,0.0,1.6653,3.7938
3478,3.2,4.0,0.0,1.0378,3.8307
3479,3.8,5.0,0.0,1.2021,3.8555
3480,3.6,6.0,0.0,1.1749,3.6991
3481,3.5,5.0,0.0,1.1491,3.8614
3482,4.6,11.0,0.0,1.657,3.7714
3483,3.4,6.0,0.0,1.1126,3.7572
3484,3.9,9.0,0.0,1.3468,3.7727
3485,2.4,3.0,0.0,0.8397,3.7203
3486,4.3,6.0,0.0,1.4219,3.724
3487,4.6,8.0,0.0,1.5303,3.7575
3488,4.1,6.0,0.0,1.3393,3.7949
3489,3.8,6.0,0.0,1.2306,3.8489
3490,4.0,7.0,0.0,1.3625,3.7872
3491,3.9,6.0,0.0,1.2593,3.7576
3492,3.4,4.0,0.0,1.0874,3.7691
3493,4.0,5.0,0.0,1.3122,3.8235
3494,4.7,8.0,0.0,1.5,3.8385
3495,3.3,5.0,0.0,1.1269,3.6569
3496,3.8,6.0,0.0,1.315,3.7083
3497,3.8,8.0,0.0,1.2891,3.7536
3498,4.0,6.0,0.0,1.317,3.7218
3499,3.9,6.0,0.0,1.2641,3.7376
3500,3.5,7.0,0.0,1.2157,3.7297
3501,3.5,8.0,0.0,1.2494,3.736
3502,3.6,5.0,0.0,1.206,3.7144
3503,3.5,5.0,0.0,1.1608,3.7001
3504,4.0,7.0,0.0,1.3143,3.7983
3505,5.4,9.0,0.0,1.7585,3.8241
3506,4.5,6.0,0.0,1.4214,3.8124
3507,3.6,7.0,0.0,1.2385,3.7802
3508,4.2,6.0,0.0,1.3219,3.784
3509,3.5,7.0,0.0,1.2,3.7627
3510,4.2,8.0,0.0,1.3964,3.7126
3511,2.4,3.0,0.0,0.8602,3.6668
3512,3.3,4.0,0.0,1.1465,3.7252
3513,3.3,4.0,0.0,1.0477,3.6674
3514,5.6,10.0,0.0,1.8242,3.6763
3515,3.0,4.0,0.0,0.9734,3.7277
3516,3.2,5.0,0.0,1.0611,3.7277
3517,5.4,17.0,0.0,2.0733,3.7474
3518,3.4,6.0,0.0,1.1269,3.6876
3519,4.2,7.0,0.0,1.3704,3.6955
3520,4.1,8.0,0.0,1.3856,3.6862
3521,4.0,6.0,0.0,1.2814,3.719
3522,4.8,7.0,0.0,1.519,3.6707
3523,4.0,6.0,0.0,1.299,3.6982
3524,3.6,6.0,0.0,1.2249,3.6652
3525,5.0,9.0,0.0,1.6332,3.7433
3526,2.8,4.0,0.0,0.9836,3.7044
3527,5.1,8.0,0.0,1.6068,3.6874
3528,2.6,4.0,0.0,0.9241,3.6841
3529,4.1,6.0,0.0,1.3415,3.7563
3530,3.5,4.0,0.0,1.1482,3.7203
3531,2.7,4.0,0.0,0.9152,3.7553
3532,4.4,8.0,0.0,1.5032,3.8369
3533,2.7,4.0,0.0,0.9526,3.7639
3534,4.9,8.0,0.0,1.619,3.8112
3535,4.3,8.0,0.0,1.4387,3.8043
3536,4.7,9.0,0.0,1.5749,3.7916
3537,4.2,7.0,0.0,1.3454,3.753
3538,3.8,6.0,0.0,1.2514,3.7153
3539,3.8,5.0,0.0,1.3361,3.8059
3540,3.6,5.0,0.0,1.1578,3.7427
3541,6.1,12.0,0.0,2.0214,3.8782
3542,4.0,8.0,0.0,1.3363,3.6967
3543,3.1,4.0,0.0,1.0282,3.7136
3544,4.2,7.0,0.0,1.3778,3.7799
3545,3.4,5.0,0.0,1.1056,3.697
3546,2.4,3.0,0.0,0.8793,3.7863
3547,3.6,7.0,0.0,1.2317,3.8133
3548,4.2,9.0,0.0,1.4379,3.8564
3549,4.2,8.0,0.0,1.4064,3.8356
3550,4.5,8.0,0.0,1.4523,3.7233
3551,2.9,4.0,0.0,0.9704,3.6936
3552,2.8,4.0,0.0,0.956,3.7329
3553,3.6,5.0,0.0,1.1608,3.7553
3554,4.8,9.0,0.0,1.5713,3.7094
3555,4.4,8.0,0.0,1.4646,3.6486
3556,4.5,9.0,0.0,1.5133,3.6725
3557,2.8,3.0,0.0,0.968,3.7371
3558,4.4,7.0,0.0,1.4075,3.777
3559,2.5,4.0,0.0,0.8511,3.7212
3560,3.9,6.0,0.0,1.244,3.7585
3561,4.6,7.0,0.0,1.444,3.7348
3562,3.1,4.0,0.0,1.02,3.731
3563,3.5,6.0,0.0,1.1832,3.7847
3564,3.5,6.0,0.0,1.1806,3.7297
3565,4.2,6.0,0.0,1.3645,3.7404
3566,4.1,9.0,0.0,1.3593,3.6834
3567,4.0,7.0,0.0,1.3253,3.6635
3568,3.8,6.0,0.0,1.259,3.6931
3569,3.6,5.0,0.0,1.1694,3.9534
3570,4.5,6.0,0.0,1.4177,3.9955
3571,3.8,7.0,0.0,1.246,3.7464
3572,3.6,4.0,0.0,1.1893,3.8767
3573,3.0,6.0,0.0,1.0757,3.6979
3574,4.0,8.0,0.0,1.324,3.713
3575,2.9,4.0,0.0,0.9749,3.6832
3576,4.8,8.0,0.0,1.6028,3.8292
3577,4.0,7.0,0.0,1.2937,3.6651
3578,2.8,5.0,0.0,0.9664,3.7682
3579,4.2,11.0,0.0,1.4831,3.8106
3580,3.1,4.0,0.0,1.0474,3.7843
3581,4.3,7.0,0.0,1.4491,3.7847
3582,3.1,4.0,0.0,1.0266,3.7477
3583,4.0,8.0,0.0,1.3416,3.8095
3584,4.0,7.0,0.0,1.3396,3.7508
3585,4.4,11.0,0.0,1.5917,3.7727
3586,4.3,6.0,0.0,1.3856,3.7155
3587,4.0,6.0,0.0,1.2706,3.759
3588,3.8,6.0,0.0,1.2548,3.7091
3589,3.5,4.0,0.0,1.1539,3.7755
3590,4.8,7.0,0.0,1.5426,3.7686
3591,3.3,6.0,0.0,1.1212,3.7545
3592,3.9,7.0,0.0,1.2922,3.7578
3593,4.4,6.0,0.0,1.3843,3.8054
3594,4.3,10.0,0.0,1.501,3.766
3595,3.8,8.0,0.0,1.2983,3.7737
3596,3.0,9.0,0.0,1.1522,3.7471
3597,3.3,4.0,0.0,1.1435,3.7537
3598,3.9,5.0,0.0,1.2884,3.8014
3599,5.0,8.0,0.0,1.6078,3.7943
3600,3.8,5.0,0.0,1.1749,3.7492
3601,3.0,7.0,0.0,1.089,3.7513
3602,4.1,6.0,0.0,1.3613,3.7945
3603,4.5,7.0,0.0,1.4646,3.8065
3604,4.1,7.0,0.0,1.3674,3.927
3605,3.5,7.0,0.0,1.1779,3.8533
3606,4.6,7.0,0.0,1.4714,3.7745
3607,3.8,10.0,0.0,1.395,3.7421
3608,3.8,6.0,0.0,1.1958,3.7392
3609,4.6,8.0,0.0,1.4627,3.7594
3610,3.7,5.0,0.0,1.2255,3.6948
3611,3.6,5.0,0.0,1.2164,3.7178
3612,3.5,7.0,0.0,1.2025,3.7444
3613,3.2,8.0,0.0,1.1522,3.6716
3614,4.5,10.0,0.0,1.5487,3.6549
3615,3.3,6.0,0.0,1.1269,3.7292
3616,5.0,7.0,0.0,1.6249,3.6955
3617,3.7,6.0,0.0,1.2225,3.7446
3618,3.4,5.0,0.0,1.1347,3.7124
3619,3.7,7.0,0.0,1.2131,3.6882
3620,4.4,7.0,0.0,1.3994,3.7532
3621,3.4,6.0,0.0,1.1389,3.6654
3622,3.6,5.0,0.0,1.1889,3.7663
3623,3.5,6.0,0.0,1.2154,3.7154
3624,4.0,6.0,0.0,1.3143,3.7155
3625,4.0,8.0,0.0,1.3557,3.8598
3626,3.9,6.0,0.0,1.3113,3.7653
3627,3.6,5.0,0.0,1.1808,3.74
3628,2.6,4.0,0.0,0.8542,3.7133
3629,4.0,7.0,0.0,1.2862,3.7194
3630,4.1,5.0,0.0,1.3495,3.7376
3631,4.6,6.0,0.0,1.4933,3.7619
3632,3.6,6.0,0.0,1.2272,3.7508
3633,4.5,7.0,0.0,1.4696,3.7678
3634,4.7,10.0,0.0,1.5524,3.7802
3635,4.4,7.0,0.0,1.4281,3.7693
3636,4.4,8.0,0.0,1.479,3.7233
3637,5.2,7.0,0.0,1.6181,3.7607
3638,3.1,5.0,0.0,1.077,3.7937
3639,4.7,7.0,0.0,1.5301,3.8312
3640,4.0,7.0,0.0,1.303,3.7587
3641,4.3,7.0,0.0,1.437,3.7706
3642,3.1,5.0,0.0,1.0588,3.7603
3643,4.5,7.0,0.0,1.4866,3.7961
3644,4.1,7.0,0.0,1.3889,3.769
3645,4.2,8.0,0.0,1.4071,3.7847
3646,3.4,5.0,0.0,1.1045,3.744
3647,4.5,8.0,0.0,1.4866,3.7874
3648,3.7,5.0,0.0,1.2398,3.7851
3649,3.8,6.0,0.0,1.2339,3.7481
3650,3.7,5.0,0.0,1.1854,3.7488
3651,3.1,5.0,0.0,1.0398,3.7307
3652,4.1,8.0,0.0,1.4071,3.7603
3653,4.1,6.0,0.0,1.3301,3.7473
3654,3.7,5.0,0.0,1.1916,3.7998
3655,3.7,6.0,0.0,1.2131,3.7868
3656,2.8,4.0,0.0,0.9747,3.7802
3657,4.0,6.0,0.0,1.306,3.7361
3658,4.0,8.0,0.0,1.3304,3.7289
3659,3.2,6.0,0.0,1.105,3.7741
3660,3.6,8.0,0.0,1.252,3.7482
3661,5.5,9.0,0.0,1.7982,3.7444
3662,3.6,6.0,0.0,1.1797,3.7608
3663,3.5,7.0,0.0,1.1705,3.764
3664,3.2,4.0,0.0,1.0235,3.7306
3665,3.9,6.0,0.0,1.3557,3.7817
3666,4.3,7.0,0.0,1.3915,3.7907
3667,2.9,6.0,0.0,1.0356,3.773
3668,3.6,6.0,0.0,1.1779,3.7568
3669,3.6,6.0,0.0,1.2031,3.7387
3670,3.1,6.0,0.0,1.1122,3.732
3671,3.4,6.0,0.0,1.1494,3.7266
3672,4.9,9.0,0.0,1.5961,3.7823
3673,4.7,7.0,0.0,1.4731,3.8487
3674,4.4,10.0,0.0,1.525,3.7769
3675,5.7,8.0,0.0,1.8195,3.8006
3676,3.8,7.0,0.0,1.253,3.7771
3677,4.0,7.0,0.0,1.3265,3.7336
3678,3.7,6.0,0.0,1.2023,3.7521
3679,4.6,6.0,0.0,1.4703,3.7734
3680,3.9,6.0,0.0,1.2333,3.7471
3681,4.8,8.0,0.0,1.5811,3.7564
3682,4.1,5.0,0.0,1.3528,3.7544
3683,4.3,8.0,0.0,1.4092,3.7834
3684,4.1,7.0,0.0,1.3778,3.7602
3685,3.6,5.0,0.0,1.1482,3.7641
3686,3.4,8.0,0.0,1.2134,3.7665
3687,3.8,5.0,0.0,1.2714,3.7269
3688,3.4,8.0,0.0,1.2216,3.7
3689,3.7,6.0,0.0,1.2002,3.7823
3690,3.4,4.0,0.0,1.0953,3.7681
3691,3.9,8.0,0.0,1.337,3.7766
3692,4.5,8.0,0.0,1.4918,3.7385
3693,4.7,9.0,0.0,1.5737,3.7448
3694,4.4,6.0,0.0,1.3849,3.7824
3695,3.5,6.0,0.0,1.1779,3.7512
3696,3.7,6.0,0.0,1.2252,3.7424
3697,3.8,9.0,0.0,1.3077,3.7565
3698,3.8,5.0,0.0,1.241,3.7403
3699,4.4,7.0,0.0,1.4675,3.7359
3700,4.0,5.0,0.0,1.3336,3.7497
3701,3.0,6.0,0.0,1.0371,3.7408
3702,3.2,6.0,0.0,1.1412,3.813
3703,4.9,10.0,0.0,1.6061,3.8097
3704,4.0,7.0,0.0,1.3342,3.7552
3705,3.8,5.0,0.0,1.2369,3.7629
3706,3.2,7.0,0.0,1.0975,3.7306
3707,4.2,6.0,0.0,1.3498,3.7505
3708,3.8,8.0,0.0,1.3376,3.7833
3709,4.7,10.0,0.0,1.6123,3.7976
3710,3.2,5.0,0.0,1.1136,3.7273
3711,4.3,6.0,0.0,1.3863,3.7127
3712,4.0,8.0,0.0,1.3778,3.7332
3713,3.9,6.0,0.0,1.2932,3.7014
3714,3.4,7.0,0.0,1.1489,3.6968
3715,2.8,6.0,0.0,1.0,3.7217
3716,3.8,6.0,0.0,1.2114,3.6806
3717,3.8,7.0,0.0,1.2758,3.6419
3718,2.8,5.0,0.0,0.9742,3.6837
3719,4.3,6.0,0.0,1.4211,3.6958
3720,3.5,6.0,0.0,1.214,3.6853
3721,4.6,7.0,0.0,1.4894,3.6849
3722,3.2,6.0,0.0,1.0705,3.7095
3723,4.4,7.0,0.0,1.4169,3.7455
3724,3.2,6.0,0.0,1.1435,3.7337
3725,3.4,5.0,0.0,1.1032,3.7206
3726,4.2,5.0,0.0,1.3343,3.6841
3727,4.7,6.0,0.0,1.534,3.7727
3728,3.2,4.0,0.0,1.0609,3.7146
3729,4.3,7.0,0.0,1.4177,3.7216
3730,3.4,6.0,0.0,1.1212,3.7509
3731,3.8,6.0,0.0,1.2482,3.7344
3732,4.3,7.0,0.0,1.4722,3.7491
3733,3.5,5.0,0.0,1.1806,3.7128
3734,5.2,7.0,0.0,1.6716,3.7367
3735,4.0,6.0,0.0,1.3116,3.6923
3736,4.6,9.0,0.0,1.5264,3.7194
3737,3.5,7.0,0.0,1.1906,3.7033
3738,3.5,5.0,0.0,1.1426,3.7202
3739,4.1,6.0,0.0,1.3625,3.6803
3740,4.3,5.0,0.0,1.3527,3.7324
3741,4.5,6.0,0.0,1.4372,3.6912
3742,3.2,5.0,0.0,1.0477,3.6726
3743,4.8,10.0,0.0,1.613,3.7069
3744,3.7,5.0,0.0,1.1941,3.7102
3745,2.9,4.0,0.0,0.9747,3.6742
3746,3.7,6.0,0.0,1.2379,3.7003
3747,2.8,5.0,0.0,0.9865,3.6739
3748,3.1,7.0,0.0,1.1011,3.7091
3749,3.9,7.0,0.0,1.3107,3.7104
3750,4.5,5.0,0.0,1.458,3.7341
3751,3.5,4.0,0.0,1.118,3.7354
3752,3.9,6.0,0.0,1.3465,3.7195
3753,3.8,7.0,0.0,1.2798,3.7428
3754,4.4,9.0,0.0,1.5143,3.725
3755,4.5,7.0,0.0,1.4415,3.7225
3756,3.5,7.0,0.0,1.2085,3.7268
3757,3.8,6.0,0.0,1.2627,3.72
3758,4.0,6.0,0.0,1.294,3.7293
3759,3.1,7.0,0.0,1.0941,3.7018
3760,4.6,6.0,0.0,1.4586,3.7228
3761,4.8,8.0,0.0,1.5931,3.6972
3762,3.6,5.0,0.0,1.1522,3.7094
3763,4.4,7.0,0.0,1.4247,3.7017
3764,4.4,7.0,0.0,1.4858,3.7434
3765,3.8,6.0,0.0,1.2779,3.6938
3766,3.4,7.0,0.0,1.1948,3.6766
3767,3.8,5.0,0.0,1.275,3.7342
3768,3.6,5.0,0.0,1.1752,3.753
3769,4.0,5.0,0.0,1.2649,3.7204
3770,4.2,9.0,0.0,1.4888,3.7533
3771,4.0,7.0,0.0,1.4274,3.7562
3772,3.9,7.0,0.0,1.272,3.762
3773,4.1,8.0,0.0,1.326,3.706
3774,3.6,6.0,0.0,1.2,3.7198
3775,4.1,8.0,0.0,1.3554,3.683
3776,3.7,7.0,0.0,1.2466,3.6881
3777,3.3,6.0,0.0,1.1251,3.7102
3778,3.1,4.0,0.0,1.0686,3.7198
3779,3.7,5.0,0.0,1.2369,3.7553
3780,4.2,8.0,0.0,1.4329,3.7278
3781,4.4,6.0,0.0,1.3956,3.7698
3782,4.1,5.0,0.0,1.3067,3.7278
3783,3.2,4.0,0.0,1.0227,3.7025
3784,4.3,6.0,0.0,1.4104,3.7207
3785,3.6,5.0,0.0,1.194,3.7379
3786,4.0,6.0,0.0,1.3498,3.716
3787,3.8,6.0,0.0,1.1991,3.7064
3788,4.5,6.0,0.0,1.4302,3.7281
3789,4.3,6.0,0.0,1.3778,3.7153
3790,3.2,5.0,0.0,1.0298,3.7495
3791,3.7,6.0,0.0,1.219,3.7302
3792,3.9,6.0,0.0,1.299,3.7187
3793,3.0,6.0,0.0,1.0798,3.714
3794,4.0,5.0,0.0,1.257,3.7581
3795,3.4,6.0,0.0,1.1738,3.7375
3796,4.3,9.0,0.0,1.4456,3.7167
3797,3.5,5.0,0.0,1.1465,3.7087
3798,4.0,6.0,0.0,1.287,3.72
3799,4.4,8.0,0.0,1.505,3.6423
3800,3.8,8.0,0.0,1.3295,3.6382
3801,4.0,10.0,0.0,1.4073,3.6154
3802,4.3,6.0,0.0,1.3645,3.6084
3803,4.6,6.0,0.0,1.5416,3.6596
3804,5.1,8.0,0.0,1.6123,3.6662
3805,4.4,8.0,0.0,1.4353,3.6988
3806,3.3,8.0,0.0,1.1977,3.6681
3807,3.4,6.0,0.0,1.1169,3.6918
3808,3.7,5.0,0.0,1.2845,3.6709
3809,3.0,5.0,0.0,1.0798,3.6451
3810,4.7,7.0,0.0,1.5588,3.6701
3811,3.8,6.0,0.0,1.2757,3.6291
3812,3.5,5.0,0.0,1.1718,3.6453
3813,4.3,8.0,0.0,1.4525,3.6852
3814,4.5,7.0,0.0,1.4541,3.7281
3815,4.8,9.0,0.0,1.5875,3.7745
3816,4.0,7.0,0.0,1.3805,3.7217
3817,3.8,6.0,0.0,1.3421,3.6847
3818,4.0,6.0,0.0,1.3,3.6935
3819,4.5,9.0,0.0,1.4918,3.7
3820,3.8,7.0,0.0,1.2561,3.6471
3821,4.7,9.0,0.0,1.5941,3.6556
3822,3.8,5.0,0.0,1.2563,3.9252
3823,3.9,7.0,0.0,1.28,3.6775
3824,3.8,6.0,0.0,1.2757,3.6513
3825,3.6,7.0,0.0,1.2419,3.6258
3826,4.7,6.0,0.0,1.49,3.6362
3827,3.9,7.0,0.0,1.2568,3.6469
3828,3.0,4.0,0.0,1.0029,3.632
3829,4.0,7.0,0.0,1.3477,3.6133
3830,4.0,5.0,0.0,1.3101,3.6125
3831,4.2,7.0,0.0,1.3657,3.655
3832,3.3,6.0,0.0,1.1036,3.5809
3833,3.8,6.0,0.0,1.2544,3.6541
3834,4.4,8.0,0.0,1.4811,3.6046
3835,3.9,5.0,0.0,1.2285,3.6162
3836,4.9,8.0,0.0,1.5764,3.669
3837,3.9,7.0,0.0,1.2641,3.6154
3838,4.1,7.0,0.0,1.3361,3.6373
3839,3.8,8.0,0.0,1.3265,3.656
3840,3.8,8.0,0.0,1.3058,3.6469
3841,3.4,5.0,0.0,1.1465,3.6581
3842,3.8,6.0,0.0,1.252,3.6545
3843,4.1,6.0,0.0,1.3811,3.6557
3844,4.1,6.0,0.0,1.3032,3.6492
3845,3.5,5.0,0.0,1.1258,3.6385
3846,3.7,5.0,0.0,1.26,3.6314
3847,4.9,7.0,0.0,1.5708,3.8164
3848,4.0,6.0,0.0,1.3067,3.7649
3849,4.1,7.0,0.0,1.303,3.5949
3850,3.8,8.0,0.0,1.2923,3.5943
3851,4.5,7.0,0.0,1.4523,3.621
3852,3.9,6.0,0.0,1.3032,3.6755
3853,4.3,6.0,0.0,1.3803,3.6478
3854,3.3,7.0,0.0,1.1649,3.6258
3855,3.9,9.0,0.0,1.3537,3.5976
3856,4.0,5.0,0.0,1.2919,3.6298
3857,3.4,4.0,0.0,1.1548,3.6334
3858,3.5,5.0,0.0,1.15,3.5995
3859,3.5,5.0,0.0,1.1371,3.6186
3860,2.4,3.0,0.0,0.8459,3.6088
3861,3.5,5.0,0.0,1.1694,3.6151
3862,4.3,8.0,0.0,1.44,3.6334
3863,3.3,5.0,0.0,1.0744,3.6462
3864,5.0,10.0,0.0,1.7082,3.6474
3865,4.4,7.0,0.0,1.4654,3.6463
3866,3.2,4.0,0.0,1.0305,3.6434
3867,4.5,9.0,0.0,1.4525,3.6395
3868,4.5,11.0,0.0,1.6462,3.6247
3869,3.4,8.0,0.0,1.1887,3.6897
3870,4.9,9.0,0.0,1.6123,3.6792
3871,3.0,4.0,0.0,1.0029,3.7451
3872,4.5,7.0,0.0,1.5183,3.7428
3873,3.9,6.0,0.0,1.3225,3.7267
3874,2.8,4.0,0.0,0.9241,3.7486
3875,4.5,6.0,0.0,1.4555,3.7575
3876,4.0,6.0,0.0,1.3833,3.7127
3877,3.1,5.0,0.0,1.044,3.7006
3878,4.7,11.0,0.0,1.6332,3.7376
3879,4.3,7.0,0.0,1.4359,3.7451
3880,4.9,9.0,0.0,1.6068,3.7207
3881,5.1,10.0,0.0,1.6782,3.741
3882,2.7,4.0,0.0,0.9284,3.7695
3883,3.7,5.0,0.0,1.2322,3.668
3884,4.8,10.0,0.0,1.6031,3.6499
3885,4.1,5.0,0.0,1.3143,3.6361
3886,3.6,5.0,0.0,1.2091,3.6404
3887,3.0,6.0,0.0,1.0524,3.6338
3888,3.4,5.0,0.0,1.1664,3.6259
3889,3.5,5.0,0.0,1.1375,3.6364
3890,3.5,5.0,0.0,1.1874,3.6517
3891,3.4,6.0,0.0,1.1494,3.6545
3892,3.0,5.0,0.0,1.0137,3.6384
3893,4.1,6.0,0.0,1.3198,3.635
3894,3.3,4.0,0.0,1.1287,3.624
3895,3.4,4.0,0.0,1.0905,3.628
3896,4.2,8.0,0.0,1.3999,3.6189
3897,3.6,7.0,0.0,1.2106,3.6115
3898,3.6,5.0,0.0,1.2186,3.6303
3899,3.0,5.0,0.0,1.0404,3.6543
3900,4.3,10.0,0.0,1.4567,3.6282
3901,3.9,5.0,0.0,1.3134,3.6597
3902,4.0,6.0,0.0,1.303,3.6197
3903,3.6,5.0,0.0,1.1746,3.626
3904,3.6,5.0,0.0,1.2845,3.6492
3905,4.4,11.0,0.0,1.5487,3.6381
3906,2.6,3.0,0.0,0.8865,3.6262
3907,3.6,5.0,0.0,1.1576,3.669
3908,3.5,6.0,0.0,1.1918,3.622
3909,3.2,6.0,0.0,1.1143,3.6207
3910,3.5,5.0,0.0,1.1567,3.614
3911,3.6,5.0,0.0,1.1705,3.6387
3912,3.6,6.0,0.0,1.2322,3.7156
3913,3.7,7.0,0.0,1.245,3.6544
3914,3.0,5.0,0.0,1.0247,3.5952
3915,4.0,6.0,0.0,1.3037,3.6157
3916,4.0,5.0,0.0,1.2814,3.6265
3917,3.7,5.0,0.0,1.1948,3.6238
3918,4.6,9.0,0.0,1.5132,3.6531
3919,3.2,5.0,0.0,1.0588,3.6229
3920,3.9,9.0,0.0,1.3435,3.6294
3921,3.0,6.0,0.0,1.0594,3.6195
3922,3.2,4.0,0.0,1.0677,3.628
3923,4.4,7.0,0.0,1.4586,3.6412
3924,4.9,8.0,0.0,1.5916,3.6559
3925,4.2,6.0,0.0,1.3645,3.6482
3926,3.5,5.0,0.0,1.1324,3.6388
3927,3.7,5.0,0.0,1.2206,3.6669
3928,3.8,6.0,0.0,1.2369,3.636
3929,3.8,5.0,0.0,1.2219,3.6254
3930,4.0,8.0,0.0,1.366,3.6174
3931,4.3,7.0,0.0,1.373,3.6382
3932,3.3,6.0,0.0,1.1212,3.6202
3933,4.3,6.0,0.0,1.4213,3.6147
3934,3.9,11.0,0.0,1.4001,3.6067
3935,3.6,6.0,0.0,1.233,3.6721
3936,4.0,7.0,0.0,1.3046,3.5881
3937,4.3,10.0,0.0,1.5124,3.6319
3938,3.9,7.0,0.0,1.3113,3.6739
3939,3.9,7.0,0.0,1.3409,3.6343
3940,4.2,7.0,0.0,1.3955,3.6453
3941,3.9,5.0,0.0,1.2544,3.6657
3942,4.5,7.0,0.0,1.4415,3.6501
3943,3.7,6.0,0.0,1.1948,3.6158
3944,3.3,7.0,0.0,1.1391,3.6153
3945,3.6,6.0,0.0,1.1779,3.6461
3946,3.6,7.0,0.0,1.2671,3.6347
3947,2.3,3.0,0.0,0.7947,3.6303
3948,3.9,5.0,0.0,1.296,3.6429
3949,3.7,5.0,0.0,1.2288,3.6257
3950,3.6,6.0,0.0,1.2314,3.6364
3951,4.1,7.0,0.0,1.3705,3.6232
3952,3.3,6.0,0.0,1.148,3.6568
3953,4.0,6.0,0.0,1.2955,3.6408
3954,3.8,7.0,0.0,1.2498,3.6185
3955,4.3,13.0,0.0,1.6471,3.6199
3956,3.6,6.0,0.0,1.1881,3.6213
3957,4.0,7.0,0.0,1.3491,3.6252
3958,2.9,5.0,0.0,1.0516,3.6366
3959,4.1,5.0,0.0,1.315,3.6242
3960,4.4,7.0,0.0,1.3964,3.6238
3961,3.9,9.0,0.0,1.3454,3.5894
3962,3.6,6.0,0.0,1.182,3.7266
3963,5.0,9.0,0.0,1.6093,3.6793
3964,4.2,6.0,0.0,1.3632,3.6585
3965,5.0,7.0,0.0,1.5508,3.6101
3966,3.4,5.0,0.0,1.1047,3.6136
3967,3.9,8.0,0.0,1.3544,3.6211
3968,3.5,6.0,0.0,1.1672,3.6128
3969,3.8,8.0,0.0,1.2826,3.6391
3970,4.7,8.0,0.0,1.5395,3.6522
3971,3.5,5.0,0.0,1.16,3.6516
3972,5.0,14.0,0.0,1.7945,3.6697
3973,3.9,6.0,0.0,1.2352,3.6294
3974,4.0,7.0,0.0,1.3391,3.629
3975,4.7,8.0,0.0,1.5664,3.6857
3976,3.3,4.0,0.0,1.0547,3.6773
3977,4.0,7.0,0.0,1.3495,3.6144
3978,4.5,6.0,0.0,1.4387,3.6554
3979,4.6,9.0,0.0,1.5683,3.6871
3980,4.8,9.0,0.0,1.5713,3.6387
3981,4.0,8.0,0.0,1.3559,3.6795
3982,4.7,8.0,0.0,1.523,3.6848
3983,3.4,8.0,0.0,1.252,3.6685
3984,3.2,4.0,0.0,1.0645,3.6541
3985,2.8,4.0,0.0,0.9604,3.6254
3986,3.4,6.0,0.0,1.1018,3.6243
3987,3.2,4.0,0.0,1.1126,3.6215
3988,4.6,7.0,0.0,1.4663,3.6437
3989,3.9,6.0,0.0,1.2726,3.6167
3990,3.7,9.0,0.0,1.351,3.6111
3991,3.3,4.0,0.0,1.0837,3.5846
3992,4.4,8.0,0.0,1.4858,3.6415
3993,3.4,5.0,0.0,1.1187,3.6215
3994,4.4,8.0,0.0,1.4211,3.6283
3995,3.6,5.0,0.0,1.1921,3.5957
3996,3.8,7.0,0.0,1.3271,3.6223
3997,3.8,6.0,0.0,1.2432,3.6218
3998,4.0,6.0,0.0,1.2757,3.6147
3999,2.7,6.0,0.0,0.9697,3.5821
4000,4.1,9.0,0.0,1.4177,3.6203
4001,4.2,9.0,0.0,1.4359,3.6514
4002,3.2,5.0,0.0,1.1018,3.6307
4003,3.7,6.0,0.0,1.2679,3.599
4004,4.7,8.0,0.0,1.5471,3.5998
4005,3.7,5.0,0.0,1.1634,3.5909
4006,3.3,6.0,0.0,1.1289,3.6245
4007,3.7,7.0,0.0,1.2701,3.5985
4008,3.0,3.0,0.0,1.0524,3.6218
4009,3.4,6.0,0.0,1.1426,3.6137
4010,3.7,6.0,0.0,1.2272,3.6325
4011,4.3,7.0,0.0,1.3803,3.6389
4012,3.8,5.0,0.0,1.2624,3.6294
4013,3.6,5.0,0.0,1.1808,3.6404
4014,3.4,5.0,0.0,1.1014,3.6561
4015,4.3,6.0,0.0,1.3964,3.6463
4016,4.1,7.0,0.0,1.4018,3.6777
4017,3.0,7.0,0.0,1.0712,3.621
4018,3.5,7.0,0.0,1.1662,3.6246
4019,3.6,7.0,0.0,1.2317,3.6361
4020,4.3,6.0,0.0,1.3265,3.677
4021,4.3,7.0,0.0,1.4517,3.612
4022,3.4,4.0,0.0,1.1424,3.6369
4023,2.9,4.0,0.0,0.9726,3.6296
4024,3.8,9.0,0.0,1.3089,3.5994
4025,4.2,8.0,0.0,1.4078,3.6129
4026,5.6,11.0,0.0,1.9041,3.6661
4027,4.1,6.0,0.0,1.3932,3.6505
4028,3.0,6.0,0.0,1.0735,3.6074
4029,4.2,5.0,0.0,1.3304,3.6262
4030,3.5,5.0,0.0,1.1435,3.6218
4031,4.7,9.0,0.0,1.6155,3.6425
4032,3.7,6.0,0.0,1.2379,3.6325
4033,3.1,6.0,0.0,1.0392,3.6326
4034,4.1,5.0,0.0,1.4032,3.6306
4035,3.6,7.0,0.0,1.2031,3.6178
4036,3.8,5.0,0.0,1.2031,3.6412
4037,3.4,5.0,0.0,1.1045,3.6119
4038,3.6,4.0,0.0,1.243,3.6441
4039,4.5,7.0,0.0,1.4345,3.6124
4040,3.5,5.0,0.0,1.1307,3.618
4041,4.5,7.0,0.0,1.4553,3.6183
4042,3.5,5.0,0.0,1.1948,3.6226
4043,4.0,5.0,0.0,1.275,3.616
4044,4.6,6.0,0.0,1.4331,3.6352
4045,4.3,6.0,0.0,1.3875,3.6682
4046,3.7,6.0,0.0,1.2548,3.6896
4047,4.0,6.0,0.0,1.2845,3.6553
4048,3.8,5.0,0.0,1.2555,3.6703
4049,4.5,8.0,0.0,1.466,3.6498
4050,4.2,5.0,0.0,1.3301,3.6465
4051,3.4,4.0,0.0,1.1068,3.6738
4052,4.1,8.0,0.0,1.4107,3.6492
4053,3.6,6.0,0.0,1.2216,3.6451
4054,3.8,6.0,0.0,1.2433,3.6452
4055,2.9,5.0,0.0,1.0557,3.679
4056,3.0,4.0,0.0,1.0394,3.6641
4057,3.6,6.0,0.0,1.1652,3.6457
4058,4.4,7.0,0.0,1.4646,3.6736
4059,4.1,7.0,0.0,1.3511,3.6606
4060,3.4,8.0,0.0,1.26,3.6687
4061,4.1,7.0,0.0,1.3776,3.6691
4062,3.5,5.0,0.0,1.1686,3.653
4063,3.6,9.0,0.0,1.2851,3.6453
4064,3.5,6.0,0.0,1.1975,3.6397
4065,4.3,8.0,0.0,1.4424,3.6409
4066,3.3,7.0,0.0,1.0943,3.6668
4067,3.7,7.0,0.0,1.1904,3.6825
4068,4.7,6.0,0.0,1.504,3.6817
4069,4.5,7.0,0.0,1.4716,3.7307
4070,3.9,6.0,0.0,1.2576,3.6774
4071,3.2,7.0,0.0,1.1389,3.7308
4072,3.5,6.0,0.0,1.1779,3.6734
4073,5.8,14.0,0.0,2.0079,3.6667
4074,3.7,6.0,0.0,1.2385,3.6446
4075,4.5,7.0,0.0,1.4782,3.6707
4076,4.9,8.0,0.0,1.5777,3.6633
4077,4.4,9.0,0.0,1.456,3.6879
4078,2.7,4.0,0.0,0.9499,3.6829
4079,4.6,8.0,0.0,1.4825,3.6748
4080,4.5,8.0,0.0,1.5361,3.711
4081,4.4,9.0,0.0,1.449,3.7463
4082,4.2,6.0,0.0,1.3955,3.727
4083,3.9,5.0,0.0,1.2922,3.7357
4084,4.6,7.0,0.0,1.4796,3.7101
4085,3.7,8.0,0.0,1.2714,3.6487
4086,4.3,7.0,0.0,1.4149,3.6902
4087,4.4,6.0,0.0,1.4211,3.7265
4088,4.2,8.0,0.0,1.4089,3.6793
4089,3.8,5.0,0.0,1.2189,3.6812
4090,3.9,5.0,0.0,1.2767,3.6978
4091,3.6,11.0,0.0,1.4061,3.6507
4092,3.8,5.0,0.0,1.1991,3.6687
4093,3.0,5.0,0.0,1.0262,3.6402
4094,3.6,4.0,0.0,1.2369,3.6269
4095,3.3,6.0,0.0,1.1137,3.6267
4096,4.2,6.0,0.0,1.3771,3.6261
4097,3.5,5.0,0.0,1.1446,3.6292
4098,4.3,7.0,0.0,1.4277,3.6013
4099,3.7,5.0,0.0,1.2369,3.6469
4100,3.5,7.0,0.0,1.1608,3.5744
4101,3.2,5.0,0.0,1.0648,3.5822
4102,3.5,5.0,0.0,1.1386,3.5967
4103,3.3,4.0,0.0,1.0898,3.5861
4104,3.5,4.0,0.0,1.1887,3.5706
4105,3.9,7.0,0.0,1.3136,3.577
4106,4.4,6.0,0.0,1.4283,3.573
4107,4.4,6.0,0.0,1.4421,3.5776
4108,4.1,6.0,0.0,1.2919,3.5627
4109,4.4,7.0,0.0,1.4318,3.564
4110,3.7,8.0,0.0,1.2369,3.5707
4111,4.0,6.0,0.0,1.3058,3.5883
4112,5.1,9.0,0.0,1.6532,3.6059
4113,4.2,7.0,0.0,1.3788,3.5915
4114,3.3,5.0,0.0,1.0742,3.5939
4115,4.5,7.0,0.0,1.4317,3.6151
4116,5.4,13.0,0.0,1.8881,3.6017
4117,4.2,7.0,0.0,1.3732,3.5971
4118,4.7,7.0,0.0,1.5379,3.6103
4119,4.8,10.0,0.0,1.5932,3.6184
4120,3.7,6.0,0.0,1.2366,3.6557
4121,3.5,6.0,0.0,1.1251,3.5949
4122,4.8,7.0,0.0,1.6003,3.6166
4123,3.5,5.0,0.0,1.1598,3.6566
4124,4.0,10.0,0.0,1.4303,3.659
4125,3.5,5.0,0.0,1.1723,3.6444
4126,4.0,5.0,0.0,1.3286,3.6606
4127,5.5,9.0,0.0,1.789,3.6321
4128,3.8,6.0,0.0,1.2494,3.5883
4129,5.4,12.0,0.0,1.8215,3.6136
4130,4.7,10.0,0.0,1.6086,3.6403
4131,3.8,5.0,0.0,1.3219,3.5901
4132,3.5,5.0,0.0,1.0898,3.59
4133,4.5,8.0,0.0,1.479,3.592
4134,4.6,6.0,0.0,1.5322,3.6642
4135,3.5,6.0,0.0,1.1834,3.624
4136,4.7,10.0,0.0,1.6912,3.6297
4137,5.0,8.0,0.0,1.6185,3.6016
4138,4.9,9.0,0.0,1.6062,3.592
4139,4.2,8.0,0.0,1.3761,3.5791
4140,3.6,6.0,0.0,1.2288,3.5966
4141,4.2,6.0,0.0,1.3672,3.6398
4142,3.4,7.0,0.0,1.1494,3.6062
4143,3.8,7.0,0.0,1.2891,3.6185
4144,4.1,5.0,0.0,1.3379,3.616
4145,3.2,5.0,0.0,1.0923,3.5809
4146,3.6,5.0,0.0,1.1973,3.5977
4147,4.4,9.0,0.0,1.4741,3.578
4148,3.5,5.0,0.0,1.1629,3.5529
4149,3.1,5.0,0.0,1.0735,3.5638
4150,4.0,8.0,0.0,1.326,3.5929
4151,3.3,5.0,0.0,1.1053,3.6199
4152,3.7,6.0,0.0,1.2068,3.6468
4153,4.2,7.0,0.0,1.3855,3.6042
4154,3.4,7.0,0.0,1.1803,3.576
4155,3.7,5.0,0.0,1.1901,3.5583
4156,2.6,4.0,0.0,0.8969,3.6006
4157,3.7,7.0,0.0,1.2221,3.5898
4158,3.9,7.0,0.0,1.3349,3.5893
4159,3.7,6.0,0.0,1.2829,3.5961
4160,4.3,8.0,0.0,1.4878,3.5922
4161,3.3,5.0,0.0,1.0941,3.5751
4162,3.5,5.0,0.0,1.1446,3.6024
4163,3.3,6.0,0.0,1.0852,3.6239
4164,3.1,5.0,0.0,1.0663,3.6382
4165,4.3,7.0,0.0,1.373,3.6379
4166,4.4,8.0,0.0,1.4967,3.5997
4167,3.2,5.0,0.0,1.0611,3.5608
4168,3.6,5.0,0.0,1.2484,3.6023
4169,3.6,6.0,0.0,1.214,3.5652
4170,4.3,10.0,0.0,1.4898,3.5669
4171,3.9,8.0,0.0,1.3334,3.5767
4172,5.2,10.0,0.0,1.7635,3.6392
4173,4.6,6.0,0.0,1.5021,3.6597
4174,4.1,5.0,0.0,1.3453,3.6317
4175,2.8,4.0,0.0,0.9368,3.6237
4176,3.0,4.0,0.0,0.981,3.642
4177,3.9,7.0,0.0,1.3109,3.6366
4178,3.8,5.0,0.0,1.245,3.6338
4179,3.4,6.0,0.0,1.1549,3.6257
4180,3.3,5.0,0.0,1.1054,3.6137
4181,3.9,6.0,0.0,1.3265,3.6131
4182,4.2,9.0,0.0,1.4141,3.633
4183,3.2,5.0,0.0,1.0889,3.6731
4184,4.4,8.0,0.0,1.4851,3.6463
4185,3.9,6.0,0.0,1.275,3.6367
4186,4.8,13.0,0.0,1.7185,3.6404
4187,4.0,8.0,0.0,1.3539,3.6984
4188,3.4,7.0,0.0,1.1533,3.653
4189,3.5,5.0,0.0,1.1137,3.6361
4190,3.8,7.0,0.0,1.2767,3.625
4191,4.3,11.0,0.0,1.5094,3.6325
4192,4.6,9.0,0.0,1.5586,3.619
4193,3.5,8.0,0.0,1.227,3.6119
4194,4.0,10.0,0.0,1.4132,3.6308
4195,2.9,6.0,0.0,1.0022,3.5752
4196,4.8,7.0,0.0,1.5536,3.6028
4197,3.5,4.0,0.0,1.1608,3.5902
4198,5.7,9.0,0.0,1.8237,3.6649
4199,4.7,7.0,0.0,1.5427,3.6159
4200,4.4,8.0,0.0,1.4555,3.6513
4201,3.3,5.0,0.0,1.0493,3.5922
4202,4.6,6.0,0.0,1.4985,3.5926
4203,3.8,5.0,0.0,1.1924,3.6572
4204,2.9,5.0,0.0,0.9718,3.6198
4205,3.0,4.0,0.0,1.0282,3.6337
4206,3.6,5.0,0.0,1.1837,3.6455
4207,4.0,8.0,0.0,1.3423,3.6284
4208,3.2,4.0,0.0,1.0488,3.5995
4209,3.4,7.0,0.0,1.1752,3.5836
4210,3.7,6.0,0.0,1.1864,3.5916
4211,3.8,7.0,0.0,1.251,3.6363
4212,3.2,6.0,0.0,1.0849,3.6212
4213,3.6,6.0,0.0,1.1806,3.6096
4214,2.5,4.0,0.0,0.8693,3.5783
4215,3.2,5.0,0.0,1.1045,3.6171
4216,3.5,5.0,0.0,1.1578,3.6115
4217,3.8,9.0,0.0,1.2773,3.6053
4218,3.4,5.0,0.0,1.1283,3.6014
4219,2.5,4.0,0.0,0.9282,3.5684
4220,4.9,7.0,0.0,1.5628,3.6219
4221,3.5,5.0,0.0,1.1522,3.5829
4222,3.6,5.0,0.0,1.2173,3.5681
4223,3.8,5.0,0.0,1.243,3.6385
4224,4.1,10.0,0.0,1.4448,3.669
4225,3.7,5.0,0.0,1.2609,3.6328
4226,4.1,7.0,0.0,1.341,3.7158
4227,4.2,6.0,0.0,1.3739,3.6309
4228,2.8,4.0,0.0,0.9783,3.6137
4229,3.8,5.0,0.0,1.3592,3.6322
4230,4.9,8.0,0.0,1.6001,3.69
4231,4.3,7.0,0.0,1.4149,3.6028
4232,4.9,7.0,0.0,1.6454,3.6763
4233,3.9,6.0,0.0,1.252,3.663
4234,4.6,7.0,0.0,1.5209,3.6524
4235,3.4,6.0,0.0,1.1442,3.6992
4236,3.9,6.0,0.0,1.3143,3.6654
4237,4.3,6.0,0.0,1.4538,3.6722
4238,4.8,12.0,0.0,1.7488,3.7618
4239,5.6,9.0,0.0,1.7611,3.6325
4240,5.1,6.0,0.0,1.5918,3.6197
4241,4.7,7.0,0.0,1.5145,3.6999
4242,5.6,11.0,0.0,1.8422,3.5944
4243,4.2,8.0,0.0,1.4347,3.6116
4244,5.2,8.0,0.0,1.6409,3.6356
4245,5.2,7.0,0.0,1.6462,3.7423
4246,4.2,6.0,0.0,1.4309,3.6607
4247,4.4,6.0,0.0,1.4231,3.665
4248,4.5,7.0,0.0,1.4623,3.6608
4249,3.4,5.0,0.0,1.1091,3.6596
4250,4.4,8.0,0.0,1.4498,3.6304
4251,4.3,7.0,0.0,1.3977,3.6218
4252,5.5,9.0,0.0,1.7628,3.612
4253,4.1,6.0,0.0,1.3253,3.6261
4254,3.7,4.0,0.0,1.2689,3.658
4255,3.6,5.0,0.0,1.2104,3.6445
4256,3.1,4.0,0.0,1.0705,3.6475
4257,4.8,9.0,0.0,1.5644,3.7917
4258,6.3,17.0,0.0,2.2534,3.8034
4259,6.5,9.0,0.0,2.045,3.799
4260,4.2,8.0,0.0,1.4526,3.6987
4261,4.6,6.0,0.0,1.4812,3.7271
4262,4.7,8.0,0.0,1.523,3.6523
4263,4.0,6.0,0.0,1.3153,3.6856
4264,3.6,6.0,0.0,1.2124,3.6293
4265,4.4,7.0,0.0,1.4567,3.6134
4266,3.6,5.0,0.0,1.1461,3.5929
4267,5.9,10.0,0.0,1.9307,3.689
4268,4.6,9.0,0.0,1.5538,3.6351
4269,4.8,7.0,0.0,1.5169,3.6211
4270,4.7,7.0,0.0,1.4901,3.6521
4271,5.5,10.0,0.0,1.8259,3.7209
4272,5.8,8.0,0.0,1.8521,3.7613
4273,4.7,9.0,0.0,1.542,3.7756
4274,5.1,11.0,0.0,1.7266,3.7911
4275,3.6,4.0,0.0,1.2137,3.6861
4276,4.8,7.0,0.0,1.4925,3.638
4277,4.7,10.0,0.0,1.6123,3.6688
4278,4.8,8.0,0.0,1.5342,3.6283
4279,5.1,9.0,0.0,1.657,3.7405
4280,4.4,7.0,0.0,1.437,3.7192
4281,3.5,4.0,0.0,1.1461,3.6221
4282,5.5,11.0,0.0,1.8039,3.6449
4283,4.7,6.0,0.0,1.542,3.612
4284,5.6,9.0,0.0,1.8047,3.6826
4285,4.8,7.0,0.0,1.548,3.6287
4286,4.1,5.0,0.0,1.324,3.6693
4287,4.6,8.0,0.0,1.5344,3.7502
4288,4.7,7.0,0.0,1.5064,3.6274
4289,4.8,6.0,0.0,1.5368,3.6918
4290,4.6,7.0,0.0,1.4961,3.7214
4291,3.7,6.0,0.0,1.2252,3.6621
4292,5.0,9.0,0.0,1.6691,3.7434
4293,5.0,8.0,0.0,1.6332,3.7358
4294,4.7,10.0,0.0,1.5916,3.6548
4295,4.6,7.0,0.0,1.5471,3.7697
4296,4.8,9.0,0.0,1.6788,3.7544
4297,5.7,13.0,0.0,1.9731,3.7736
4298,4.8,10.0,0.0,1.6288,3.8019
4299,6.0,10.0,0.0,1.9167,3.843
4300,4.0,7.0,0.0,1.3229,3.6922
4301,3.7,5.0,0.0,1.2366,3.7015
4302,4.8,7.0,0.0,1.558,3.6403
4303,5.0,7.0,0.0,1.5452,3.646
4304,3.9,7.0,0.0,1.2767,3.714
4305,5.5,11.0,0.0,1.8049,3.6514
4306,3.7,6.0,0.0,1.241,3.6349
4307,5.2,8.0,0.0,1.6687,3.7116
4308,3.5,6.0,0.0,1.183,3.8518
4309,5.7,12.0,0.0,1.924,3.9659
4310,5.4,8.0,0.0,1.7418,3.9606
4311,4.5,6.0,0.0,1.5159,3.922
4312,4.7,8.0,0.0,1.5251,3.7199
4313,4.7,7.0,0.0,1.4944,3.7387
4314,4.1,9.0,0.0,1.4379,3.7353
4315,5.2,12.0,0.0,1.7528,3.7665
4316,3.2,5.0,0.0,1.0909,3.7204
4317,4.5,11.0,0.0,1.5368,3.726
4318,3.9,6.0,0.0,1.2648,3.7802
4319,4.1,10.0,0.0,1.4484,3.7104
4320,4.7,10.0,0.0,1.5968,3.7879
4321,6.1,9.0,0.0,1.9226,3.8012
4322,4.0,8.0,0.0,1.371,3.7528
4323,2.7,5.0,0.0,0.9436,3.652
4324,4.5,8.0,0.0,1.4387,3.7007
4325,4.3,7.0,0.0,1.4001,3.7418
4326,5.2,10.0,0.0,1.7378,3.7557
4327,4.5,7.0,0.0,1.5166,3.8749
4328,4.2,6.0,0.0,1.4553,3.7713
4329,3.4,5.0,0.0,1.0927,3.6945
4330,5.1,7.0,0.0,1.6865,3.8105
4331,5.6,14.0,0.0,2.0074,3.8551
4332,5.7,10.0,0.0,1.8268,3.7874
4333,6.4,10.0,0.0,1.9874,3.8936
4334,6.1,9.0,0.0,1.9407,3.8937
4335,4.8,9.0,0.0,1.5805,3.7972
4336,5.7,8.0,0.0,1.8176,3.8822
4337,5.5,10.0,0.0,1.8005,3.7682
4338,5.4,9.0,0.0,1.6804,3.8549
4339,7.3,18.0,0.0,2.4653,3.9356
4340,4.5,7.0,0.0,1.4231,3.7793
4341,7.3,12.0,0.0,2.223,3.8743
4342,4.7,9.0,0.0,1.5658,3.7702
4343,7.7,11.0,0.0,2.3869,3.9021
4344,5.8,11.0,0.0,1.8589,3.9491
4345,6.8,10.0,0.0,2.1415,3.8735
4346,4.2,6.0,0.0,1.3774,3.6973
4347,4.9,6.0,0.0,1.6024,3.7863
4348,5.2,9.0,0.0,1.6929,3.7245
4349,3.8,7.0,0.0,1.2484,3.7139
4350,4.9,8.0,0.0,1.6042,3.7112
4351,4.9,7.0,0.0,1.5857,3.7411
4352,6.5,13.0,0.0,2.0951,3.702
4353,5.1,10.0,0.0,1.6917,3.7649
4354,5.6,10.0,0.0,1.7727,3.7953
4355,7.6,11.0,0.0,2.3685,3.8159
4356,4.3,7.0,0.0,1.479,3.7213
4357,5.4,7.0,0.0,1.7047,3.7533
4358,6.6,15.0,0.0,2.1871,3.8479
4359,6.4,10.0,0.0,2.0165,3.9328
4360,7.2,12.0,0.0,2.249,3.99
4361,6.3,15.0,0.0,2.1645,3.7787
4362,5.5,9.0,0.0,1.7687,3.8234
4363,6.5,10.0,0.0,2.0065,3.9254
4364,7.3,12.0,0.0,2.3621,4.2032
4365,11.0,20.0,0.0,3.4753,4.1087
4366,8.5,12.0,0.0,2.7242,4.1846
4367,10.7,15.0,0.0,3.2554,4.0152
4368,9.8,14.0,0.0,3.0059,4.164
4369,7.9,12.0,0.0,2.5947,4.0569
4370,8.8,13.0,0.0,2.7278,4.1161
4371,9.3,14.0,0.0,2.9357,4.0235
4372,8.9,13.0,0.0,2.7334,4.0373
4373,11.0,16.0,0.0,3.4197,4.0522
4374,6.0,10.0,0.0,1.9931,4.0141
4375,8.4,16.0,0.0,2.632,3.9595
4376,7.6,12.0,0.0,2.4152,3.9861
4377,6.6,14.0,0.0,2.1867,3.8837
4378,7.1,11.0,0.0,2.2045,3.9307
4379,6.6,9.0,0.0,2.2022,3.9078
4380,5.4,10.0,0.0,1.7628,3.7596
4381,5.3,9.0,0.0,1.6651,3.7065
4382,6.0,9.0,0.0,1.9287,3.7571
4383,5.7,9.0,0.0,1.8412,3.7463
4384,6.1,10.0,0.0,2.0218,3.7204
4385,5.1,8.0,0.0,1.6415,3.6775
4386,5.9,13.0,0.0,2.0803,3.7326
4387,3.9,6.0,0.0,1.3,3.782
4388,5.6,8.0,0.0,1.7685,3.7569
4389,5.4,9.0,0.0,1.7703,3.7517
4390,4.6,9.0,0.0,1.5529,3.7443
4391,5.1,10.0,0.0,1.7453,3.7549
4392,5.4,13.0,0.0,1.8913,3.6843
4393,4.7,8.0,0.0,1.5726,3.697
4394,5.2,8.0,0.0,1.6301,3.6853
4395,4.3,7.0,0.0,1.3851,3.6065
4396,4.5,7.0,0.0,1.4941,3.7234
4397,6.4,9.0,0.0,1.9909,3.7494
4398,4.7,7.0,0.0,1.5419,3.7274
4399,3.5,5.0,0.0,1.1209,3.6636
4400,3.8,5.0,0.0,1.236,3.6422
4401,4.3,7.0,0.0,1.4495,3.6569
4402,3.9,7.0,0.0,1.3136,3.6772
4403,4.3,6.0,0.0,1.4027,3.6565
4404,4.6,7.0,0.0,1.4722,3.6431
4405,5.0,11.0,0.0,1.7168,3.6307
4406,4.2,6.0,0.0,1.3346,3.6572
4407,3.8,9.0,0.0,1.3177,3.6285
4408,5.0,8.0,0.0,1.5928,3.6273
4409,3.4,7.0,0.0,1.166,3.6049
4410,4.0,10.0,0.0,1.3999,3.6068
4411,3.2,6.0,0.0,1.0909,3.6357
4412,4.5,6.0,0.0,1.4627,3.5893
4413,3.8,5.0,0.0,1.2568,3.6221
4414,4.8,7.0,0.0,1.5637,3.6503
4415,3.9,6.0,0.0,1.3113,3.6998
4416,5.1,7.0,0.0,1.6142,3.6504
4417,3.7,6.0,0.0,1.2592,3.6579
4418,3.9,6.0,0.0,1.3012,3.6186
4419,4.0,6.0,0.0,1.3265,3.6663
4420,3.3,6.0,0.0,1.1746,3.687
4421,5.0,8.0,0.0,1.7029,3.7387
4422,4.1,7.0,0.0,1.3778,3.6413
4423,4.4,9.0,0.0,1.4984,3.6708
4424,2.7,3.0,0.0,0.911,3.6065
4425,3.3,4.0,0.0,1.1283,3.5925
4426,4.1,9.0,0.0,1.386,3.6308
4427,2.9,4.0,0.0,0.9786,3.617
4428,3.6,10.0,0.0,1.3121,3.5568
4429,2.9,4.0,0.0,0.995,3.5622
4430,3.8,5.0,0.0,1.2891,3.5844
4431,3.5,5.0,0.0,1.1283,3.5617
4432,3.6,6.0,0.0,1.1941,3.5412
4433,4.2,7.0,0.0,1.3817,3.5502
4434,3.8,6.0,0.0,1.3183,3.5625
4435,4.3,6.0,0.0,1.3592,3.5544
4436,3.5,5.0,0.0,1.2207,3.5742
4437,2.9,4.0,0.0,0.9836,3.5571
4438,4.1,6.0,0.0,1.3601,3.5566
4439,3.4,5.0,0.0,1.0738,3.5866
4440,2.8,4.0,0.0,0.9314,3.5738
4441,3.6,6.0,0.0,1.1741,3.6151
4442,2.8,5.0,0.0,1.0137,3.6406
4443,2.8,5.0,0.0,0.9804,3.606
4444,3.9,7.0,0.0,1.324,3.5652
4445,4.2,8.0,0.0,1.3625,3.6384
4446,3.4,6.0,0.0,1.1664,3.5926
4447,3.9,8.0,0.0,1.317,3.5681
4448,3.8,6.0,0.0,1.28,3.6384
4449,3.0,4.0,0.0,1.0324,3.5867
4450,3.2,5.0,0.0,1.0477,3.6113
4451,4.2,7.0,0.0,1.3855,3.5805
4452,3.1,4.0,0.0,1.0516,3.5755
4453,3.8,6.0,0.0,1.245,3.5655
4454,3.8,6.0,0.0,1.2352,3.5685
4455,3.9,7.0,0.0,1.2876,3.5931
4456,3.4,4.0,0.0,1.1598,3.5786
4457,3.3,4.0,0.0,1.1126,3.583
4458,3.4,6.0,0.0,1.1522,3.5986
4459,2.8,4.0,0.0,1.0008,3.6007
4460,4.0,7.0,0.0,1.3638,3.5986
4461,3.5,5.0,0.0,1.1435,3.5946
4462,2.9,6.0,0.0,1.0516,3.6172
4463,3.7,7.0,0.0,1.2627,3.5989
4464,4.3,7.0,0.0,1.4498,3.5933
4465,3.5,7.0,0.0,1.1808,3.5966
4466,3.8,8.0,0.0,1.2969,3.5864
4467,3.3,6.0,0.0,1.1515,3.6074
4468,5.4,11.0,0.0,1.7372,3.589
4469,3.4,5.0,0.0,1.1583,3.587
4470,3.9,7.0,0.0,1.2828,3.5995
4471,3.8,5.0,0.0,1.2398,3.6108
4472,3.6,5.0,0.0,1.1856,3.6051
4473,4.2,5.0,0.0,1.3,3.5937
4474,3.9,5.0,0.0,1.3089,3.6057
4475,3.8,7.0,0.0,1.2904,3.6402
4476,3.7,6.0,0.0,1.2172,3.5884
4477,3.9,7.0,0.0,1.3328,3.6042
4478,3.0,5.0,0.0,1.0296,3.6061
4479,4.3,7.0,0.0,1.3705,3.5895
4480,4.6,9.0,0.0,1.5026,3.6028
4481,4.2,6.0,0.0,1.3409,3.6072
4482,4.2,6.0,0.0,1.3811,3.6095
4483,4.8,14.0,0.0,1.797,3.592
4484,4.5,8.0,0.0,1.466,3.6081
4485,3.6,5.0,0.0,1.1636,3.5891
4486,3.7,5.0,0.0,1.1941,3.5881
4487,3.5,5.0,0.0,1.2088,3.5798
4488,4.8,8.0,0.0,1.5702,3.5972
4489,3.9,5.0,0.0,1.2484,3.5754
4490,4.0,5.0,0.0,1.3304,3.6006
4491,3.7,6.0,0.0,1.2641,3.6972
4492,4.0,5.0,0.0,1.3379,3.6483
4493,3.4,6.0,0.0,1.12,3.6387
4494,3.8,6.0,0.0,1.2432,3.6532
4495,3.2,5.0,0.0,1.1491,3.6367
4496,3.9,7.0,0.0,1.2758,3.643
4497,3.6,6.0,0.0,1.2057,3.6681
4498,3.4,5.0,0.0,1.114,3.6686
4499,3.6,5.0,0.0,1.2114,3.6508
4500,4.9,8.0,0.0,1.6006,3.6673
