generation,top_mean_fitness,max_fitness,min_fitness,std_fitness,elapsed_time_sec
1,2.3,3.0,0.0,0.781,3.696
2,2.7,5.0,0.0,0.9556,3.7688
3,3.5,5.0,0.0,1.1626,3.9104
4,2.9,4.0,0.0,0.9755,3.8655
5,4.1,8.0,0.0,1.3688,3.8839
6,3.9,7.0,0.0,1.3393,3.7996
7,4.3,8.0,0.0,1.3791,3.7703
8,4.2,7.0,0.0,1.3592,3.8559
9,4.4,6.0,0.0,1.4106,3.8721
10,4.4,7.0,0.0,1.4276,3.812
11,3.8,7.0,0.0,1.2932,3.8499
12,3.1,5.0,0.0,1.0298,3.832
13,3.5,12.0,0.0,1.408,3.8346
14,3.5,6.0,0.0,1.1893,3.811
15,4.4,7.0,0.0,1.4318,3.7918
16,4.1,6.0,0.0,1.3598,3.8024
17,5.0,13.0,0.0,1.797,3.8255
18,4.3,5.0,0.0,1.3776,3.774
19,3.5,6.0,0.0,1.1687,3.772
20,3.8,7.0,0.0,1.2963,3.7975
21,3.4,6.0,0.0,1.1515,3.8315
22,4.9,8.0,0.0,1.5857,4.0439
23,3.8,6.0,0.0,1.2961,4.1152
24,4.8,8.0,0.0,1.5381,3.9365
25,3.5,6.0,0.0,1.1889,4.0388
26,6.3,10.0,0.0,2.0069,4.1198
27,4.9,8.0,0.0,1.6396,4.0819
28,4.3,7.0,0.0,1.4387,3.9298
29,3.4,8.0,0.0,1.2154,3.8812
30,2.9,5.0,0.0,1.0307,3.863
31,3.0,5.0,0.0,1.022,3.8252
32,3.4,6.0,0.0,1.1649,3.8321
33,3.6,5.0,0.0,1.1817,3.8982
34,3.5,7.0,0.0,1.2295,3.841
35,3.7,5.0,0.0,1.1948,3.8584
36,5.1,10.0,0.0,1.6891,3.8739
37,3.3,4.0,0.0,1.0989,3.8662
38,3.7,5.0,0.0,1.1874,3.7737
39,3.9,9.0,0.0,1.3542,3.795
40,4.0,7.0,0.0,1.3485,3.8193
41,2.9,6.0,0.0,1.0413,3.73
42,3.8,8.0,0.0,1.2891,3.7381
43,2.8,5.0,0.0,0.9434,3.7787
44,3.5,7.0,0.0,1.191,3.8304
45,4.0,5.0,0.0,1.2922,3.8878
46,4.0,7.0,0.0,1.3259,3.8812
47,4.0,6.0,0.0,1.3328,3.8407
48,4.3,6.0,0.0,1.3524,3.8786
49,5.1,8.0,0.0,1.6588,3.8586
50,3.6,5.0,0.0,1.1619,3.8664
51,3.5,5.0,0.0,1.1402,3.8663
52,3.8,8.0,0.0,1.3586,3.8583
53,3.3,6.0,0.0,1.1347,3.8976
54,5.0,8.0,0.0,1.6492,3.9038
55,4.4,6.0,0.0,1.4417,3.9075
56,5.3,8.0,0.0,1.6784,3.9455
57,4.7,9.0,0.0,1.5654,3.9608
58,4.8,10.0,0.0,1.6498,4.0025
59,4.9,10.0,0.0,1.6388,3.9172
60,5.3,8.0,0.0,1.6641,3.9125
61,4.3,7.0,0.0,1.3524,3.9069
62,5.6,8.0,0.0,1.7804,3.9933
63,5.3,8.0,0.0,1.7105,3.9303
64,3.6,4.0,0.0,1.1513,3.8264
65,4.0,6.0,0.0,1.3113,3.9452
66,4.0,6.0,0.0,1.2904,3.8804
67,3.8,6.0,0.0,1.2476,3.9083
68,4.4,7.0,0.0,1.4525,3.912
69,4.5,10.0,0.0,1.5341,3.9263
70,5.9,13.0,0.0,1.9951,3.9034
71,3.6,6.0,0.0,1.2213,3.8552
72,4.1,8.0,0.0,1.3524,3.8392
73,2.9,5.0,0.0,1.0543,3.841
74,3.1,4.0,0.0,1.0161,3.766
75,3.2,4.0,0.0,1.0805,3.8094
76,2.9,4.0,0.0,0.961,3.8156
77,3.3,5.0,0.0,1.1,3.8355
78,4.3,11.0,0.0,1.5303,3.7871
79,3.0,4.0,0.0,1.0008,3.7981
80,5.1,11.0,0.0,1.7327,3.9384
81,3.9,6.0,0.0,1.3116,3.8407
82,5.0,7.0,0.0,1.6271,4.0699
83,5.3,9.0,0.0,1.6572,4.0642
84,5.7,11.0,0.0,1.8627,3.9738
85,5.1,7.0,0.0,1.6631,3.974
86,4.4,7.0,0.0,1.4744,3.9506
87,4.4,8.0,0.0,1.4685,3.9325
88,4.5,7.0,0.0,1.4368,4.0404
89,4.8,9.0,0.0,1.5675,4.1254
90,4.4,7.0,0.0,1.469,4.0202
91,3.7,5.0,0.0,1.2643,3.9912
92,4.3,7.0,0.0,1.4807,4.0686
93,4.2,5.0,0.0,1.348,3.9517
94,3.7,5.0,0.0,1.3213,4.1466
95,5.1,9.0,0.0,1.7107,3.9032
96,3.9,7.0,0.0,1.2449,4.0448
97,4.7,11.0,0.0,1.621,4.1283
98,3.8,6.0,0.0,1.2382,4.129
99,3.2,9.0,0.0,1.1923,4.0274
100,2.9,4.0,0.0,1.0198,3.9885
101,4.3,6.0,0.0,1.4169,4.1708
102,3.2,5.0,0.0,1.0682,4.0218
103,4.8,7.0,0.0,1.5251,4.1551
104,4.4,7.0,0.0,1.4202,4.2198
105,3.9,10.0,0.0,1.3892,4.0494
106,3.9,6.0,0.0,1.2395,4.022
107,4.8,7.0,0.0,1.5614,4.03
108,6.6,20.0,0.0,2.4739,4.0652
109,6.3,13.0,0.0,2.0396,4.0269
110,6.1,10.0,0.0,1.924,4.1265
111,5.6,11.0,0.0,1.9199,4.1342
112,5.0,7.0,0.0,1.6253,4.0735
113,5.2,8.0,0.0,1.6645,4.0357
114,7.1,12.0,0.0,2.2963,4.1968
115,4.4,6.0,0.0,1.4511,4.0481
116,6.3,8.0,0.0,2.0149,4.0318
117,6.2,9.0,0.0,1.9714,3.8944
118,7.5,11.0,0.0,2.3912,4.2107
119,4.9,7.0,0.0,1.5816,3.9258
120,4.7,6.0,0.0,1.5311,3.9226
121,6.5,11.0,0.0,2.1643,4.0425
122,5.2,10.0,0.0,1.7046,3.8783
123,5.1,13.0,0.0,1.7471,3.8779
124,4.8,7.0,0.0,1.5472,4.1836
125,5.7,9.0,0.0,1.8302,4.1244
126,4.4,7.0,0.0,1.4579,4.0028
127,5.3,8.0,0.0,1.6328,4.0081
128,5.1,8.0,0.0,1.6893,3.988
129,6.1,7.0,0.0,1.9774,4.0469
130,4.6,8.0,0.0,1.5156,4.0824
131,5.7,9.0,0.0,1.8173,4.2921
132,9.0,13.0,0.0,2.8142,4.2579
133,7.2,13.0,0.0,2.3936,4.36
134,6.9,12.0,0.0,2.2593,4.1511
135,6.8,9.0,0.0,2.1242,4.151
136,8.0,13.0,0.0,2.5356,4.4679
137,5.2,7.0,0.0,1.6503,4.1222
138,7.2,15.0,0.0,2.4233,4.3586
139,6.3,13.0,0.0,2.0283,4.0496
140,6.2,10.0,0.0,1.9494,3.8841
141,3.9,6.0,0.0,1.2835,3.8725
142,4.1,9.0,0.0,1.4207,3.8659
143,4.5,6.0,0.0,1.4646,4.1227
144,4.6,9.0,0.0,1.5427,4.0383
145,3.3,5.0,0.0,1.1209,3.957
146,3.8,6.0,0.0,1.2845,4.1861
147,4.0,7.0,0.0,1.3243,4.1738
148,5.3,14.0,0.0,1.8593,3.9943
149,3.7,6.0,0.0,1.2241,4.0774
150,6.4,13.0,0.0,2.1089,4.1264
151,5.2,7.0,0.0,1.6948,4.2087
152,6.8,10.0,0.0,2.1374,4.2758
153,7.6,14.0,0.0,2.4334,4.285
154,7.0,11.0,0.0,2.1461,4.3213
155,6.6,12.0,0.0,2.1835,4.3795
156,7.3,12.0,0.0,2.3214,4.3766
157,5.5,6.0,0.0,1.8001,4.134
158,3.9,5.0,0.0,1.2552,3.9349
159,4.9,7.0,0.0,1.566,3.9627
160,4.1,6.0,0.0,1.3657,3.9213
161,4.1,7.0,0.0,1.3644,3.8187
162,4.9,8.0,0.0,1.6423,3.9292
163,4.4,7.0,0.0,1.4027,3.9767
164,4.8,9.0,0.0,1.5868,4.0194
165,4.6,7.0,0.0,1.4878,4.0149
166,4.4,7.0,0.0,1.4387,3.914
167,3.5,9.0,0.0,1.257,3.9252
168,3.9,8.0,0.0,1.3409,4.0394
169,4.9,8.0,0.0,1.5941,4.0191
170,5.0,8.0,0.0,1.6266,4.0857
171,5.0,9.0,0.0,1.6291,3.9694
172,6.0,13.0,0.0,2.125,4.1216
173,4.4,6.0,0.0,1.4144,3.8832
174,4.3,7.0,0.0,1.4481,3.9124
175,6.3,11.0,0.0,2.1093,4.0983
176,5.1,8.0,0.0,1.6999,3.9539
177,4.3,6.0,0.0,1.3784,3.9088
178,4.1,6.0,0.0,1.337,3.8375
179,5.9,9.0,0.0,1.8359,3.9574
180,5.6,8.0,0.0,1.8405,3.9218
181,5.2,6.0,0.0,1.66,3.8444
182,5.6,10.0,0.0,1.8621,3.9617
183,4.9,7.0,0.0,1.5928,3.96
184,5.8,8.0,0.0,1.9158,4.0589
185,5.0,8.0,0.0,1.6239,3.9951
186,6.1,15.0,0.0,2.1036,4.0496
187,4.6,9.0,0.0,1.5835,4.0368
188,3.8,7.0,0.0,1.2649,3.9992
189,4.6,8.0,0.0,1.5118,3.8332
190,4.2,5.0,0.0,1.3265,3.9394
191,4.5,6.0,0.0,1.4517,4.0055
192,5.0,11.0,0.0,1.6852,3.9858
193,4.6,8.0,0.0,1.5021,3.9675
194,4.2,7.0,0.0,1.3688,3.8688
195,4.1,6.0,0.0,1.382,3.8645
196,5.2,9.0,0.0,1.7146,3.8262
197,5.8,12.0,0.0,1.9775,4.0205
198,6.7,9.0,0.0,2.0668,4.0288
199,7.8,9.0,0.0,2.3726,4.1803
200,4.9,8.0,0.0,1.5853,3.9138
201,6.2,9.0,0.0,1.9774,3.9069
202,3.9,9.0,0.0,1.3674,3.8385
203,4.6,6.0,0.0,1.4689,3.9561
204,5.6,8.0,0.0,1.7289,4.1361
205,4.8,7.0,0.0,1.5366,3.8612
206,5.4,8.0,0.0,1.7134,3.8544
207,3.9,8.0,0.0,1.4211,3.9074
208,5.1,9.0,0.0,1.6374,4.0564
209,4.5,7.0,0.0,1.4858,3.9881
210,3.8,6.0,0.0,1.2083,3.9592
211,4.6,9.0,0.0,1.5066,3.8073
212,7.0,12.0,0.0,2.2241,3.9717
213,6.8,13.0,0.0,2.1119,4.1053
214,5.5,7.0,0.0,1.7157,3.9398
215,5.0,7.0,0.0,1.5748,3.9826
216,4.2,7.0,0.0,1.4048,3.9506
217,4.4,8.0,0.0,1.4753,3.9078
218,4.1,6.0,0.0,1.3585,4.0849
219,4.7,9.0,0.0,1.5483,3.8959
220,3.7,5.0,0.0,1.214,3.7285
221,3.7,5.0,0.0,1.1958,3.8387
222,2.9,5.0,0.0,1.022,3.7567
223,4.1,7.0,0.0,1.3705,3.8744
224,5.2,11.0,0.0,1.8047,3.8049
225,4.6,6.0,0.0,1.4655,3.8931
226,4.7,8.0,0.0,1.5098,3.8418
227,4.5,8.0,0.0,1.5296,3.801
228,4.6,12.0,0.0,1.6086,3.908
229,6.7,14.0,0.0,2.2022,4.0673
230,4.7,6.0,0.0,1.484,4.0152
231,4.2,7.0,0.0,1.3601,4.0995
232,4.5,10.0,0.0,1.5459,4.0417
233,3.7,6.0,0.0,1.2278,4.0254
234,4.0,8.0,0.0,1.3638,4.0243
235,4.7,7.0,0.0,1.5396,4.0878
236,4.6,7.0,0.0,1.5021,3.9765
237,3.7,5.0,0.0,1.2488,3.9854
238,5.7,8.0,0.0,1.8099,4.0996
239,5.4,7.0,0.0,1.693,4.1123
240,5.0,8.0,0.0,1.5882,4.0648
241,5.0,7.0,0.0,1.6241,3.9942
242,5.5,9.0,0.0,1.828,4.0062
243,4.0,8.0,0.0,1.3465,4.0084
244,5.2,11.0,0.0,1.7564,4.0166
245,4.4,10.0,0.0,1.5264,3.9675
246,5.0,12.0,0.0,1.7368,3.9523
247,5.5,8.0,0.0,1.7493,3.9951
248,5.2,8.0,0.0,1.6547,4.1124
249,4.9,6.0,0.0,1.5811,4.0283
250,5.4,7.0,0.0,1.7093,3.9852
251,5.8,9.0,0.0,1.8613,4.0523
252,4.6,6.0,0.0,1.4507,4.0119
253,4.8,8.0,0.0,1.537,3.8919
254,4.4,8.0,0.0,1.5067,3.9597
255,4.1,8.0,0.0,1.3686,3.9739
256,3.6,5.0,0.0,1.1445,3.8212
257,3.6,5.0,0.0,1.2068,3.7472
258,4.2,8.0,0.0,1.4281,3.7998
259,4.3,5.0,0.0,1.4119,3.809
260,2.9,5.0,0.0,0.9887,3.8708
261,4.5,8.0,0.0,1.5261,3.9157
262,4.4,7.0,0.0,1.4211,3.9003
263,4.6,8.0,0.0,1.5233,3.9376
264,4.5,10.0,0.0,1.5446,3.9581
265,5.6,9.0,0.0,1.804,3.9532
266,4.7,7.0,0.0,1.4673,3.7548
267,4.5,6.0,0.0,1.4622,3.7392
268,4.1,6.0,0.0,1.382,3.8006
269,4.3,6.0,0.0,1.3817,3.7917
270,4.5,7.0,0.0,1.4073,3.8047
271,4.8,14.0,0.0,1.8362,3.8335
272,5.6,12.0,0.0,1.8926,3.8064
273,4.2,6.0,0.0,1.3259,3.8198
274,4.1,7.0,0.0,1.3391,3.8095
275,4.0,5.0,0.0,1.3067,3.7788
276,5.1,14.0,0.0,1.8405,3.8821
277,3.6,5.0,0.0,1.1924,3.7843
278,4.4,6.0,0.0,1.4106,3.8338
279,4.6,8.0,0.0,1.504,3.8911
280,4.4,6.0,0.0,1.4539,3.9698
281,4.7,6.0,0.0,1.4663,3.9282
282,5.4,8.0,0.0,1.7635,3.8743
283,5.3,9.0,0.0,1.7385,3.8527
284,4.1,6.0,0.0,1.3744,3.7946
285,5.0,7.0,0.0,1.6222,3.9161
286,5.2,8.0,0.0,1.6915,3.9945
287,5.2,13.0,0.0,1.8476,4.014
288,5.5,9.0,0.0,1.7804,3.9784
289,6.0,8.0,0.0,1.8788,3.8142
290,4.8,7.0,0.0,1.5601,3.7563
291,5.5,8.0,0.0,1.7927,3.8054
292,4.6,7.0,0.0,1.505,3.8959
293,6.3,12.0,0.0,2.0693,3.9648
294,8.0,12.0,0.0,2.6004,3.9895
295,11.1,23.0,0.0,3.6365,4.0772
296,6.4,9.0,0.0,2.0741,3.9703
297,7.5,12.0,0.0,2.3325,4.0041
298,4.9,10.0,0.0,1.6372,3.8169
299,4.8,7.0,0.0,1.5779,3.7887
300,5.3,7.0,0.0,1.6734,3.7742
301,4.2,6.0,0.0,1.3379,3.8575
302,3.1,5.0,0.0,1.0461,3.7968
303,4.2,6.0,0.0,1.3453,3.8075
304,4.0,7.0,0.0,1.3598,3.8055
305,4.3,8.0,0.0,1.4424,3.7852
306,4.8,11.0,0.0,1.696,3.8826
307,4.8,7.0,0.0,1.5474,3.8752
308,5.0,11.0,0.0,1.7245,3.9519
309,4.8,7.0,0.0,1.5516,3.9235
310,5.1,8.0,0.0,1.6738,3.9547
311,6.5,12.0,0.0,2.1265,4.0275
312,6.6,10.0,0.0,2.0988,3.9876
313,5.8,8.0,0.0,1.8446,4.1627
314,4.1,9.0,0.0,1.4373,3.9961
315,6.0,8.0,0.0,1.8756,4.0681
316,4.0,6.0,0.0,1.3477,4.0973
317,3.8,5.0,0.0,1.2494,3.8904
318,3.6,6.0,0.0,1.1684,4.0851
319,5.0,7.0,0.0,1.6744,4.2523
320,6.0,9.0,0.0,1.9404,4.2488
321,6.1,10.0,0.0,1.9144,4.3081
322,5.0,8.0,0.0,1.5754,4.3113
323,5.1,9.0,0.0,1.7021,4.2077
324,4.4,10.0,0.0,1.5777,4.0882
325,5.1,10.0,0.0,1.6796,4.2293
326,4.2,6.0,0.0,1.3961,4.1774
327,4.8,10.0,0.0,1.5945,4.0726
328,3.9,8.0,0.0,1.3559,4.0583
329,3.7,5.0,0.0,1.2081,4.1161
330,4.5,7.0,0.0,1.4317,4.1894
331,4.5,7.0,0.0,1.4465,4.0395
332,3.7,5.0,0.0,1.259,3.9377
333,4.5,8.0,0.0,1.5124,3.9053
334,3.2,6.0,0.0,1.1011,3.8421
335,5.3,10.0,0.0,1.7738,3.8644
336,4.9,9.0,0.0,1.5811,3.8632
337,3.8,5.0,0.0,1.252,4.1481
338,5.4,8.0,0.0,1.6288,4.1383
339,6.9,11.0,0.0,2.2216,4.0404
340,5.6,12.0,0.0,1.8701,4.1184
341,4.3,6.0,0.0,1.3569,3.9063
342,5.1,11.0,0.0,1.7725,3.9899
343,4.2,9.0,0.0,1.4098,4.0022
344,5.3,8.0,0.0,1.7301,4.0853
345,4.0,8.0,0.0,1.3778,4.2589
346,3.9,5.0,0.0,1.2246,4.1707
347,6.2,13.0,0.0,2.0139,4.1826
348,3.4,4.0,0.0,1.098,4.2101
349,4.9,8.0,0.0,1.5906,4.1941
350,3.6,6.0,0.0,1.1584,4.154
351,4.1,8.0,0.0,1.3686,4.1849
352,4.8,9.0,0.0,1.5387,4.1578
353,4.3,9.0,0.0,1.4712,4.4316
354,4.6,8.0,0.0,1.5159,4.2841
355,4.5,7.0,0.0,1.4104,4.2478
356,4.3,7.0,0.0,1.4676,4.2014
357,4.1,9.0,0.0,1.3593,3.9526
358,4.1,9.0,0.0,1.4141,3.9947
359,4.4,6.0,0.0,1.407,3.9217
360,2.9,4.0,0.0,1.0058,4.0093
361,5.1,11.0,0.0,1.7021,4.0618
362,4.5,5.0,0.0,1.3904,4.027
363,3.9,5.0,0.0,1.2904,4.0486
364,4.0,6.0,0.0,1.3025,3.8087
365,4.3,6.0,0.0,1.4122,3.8183
366,4.4,9.0,0.0,1.4301,4.0539
367,4.7,7.0,0.0,1.5381,4.1113
368,4.8,7.0,0.0,1.5037,4.0282
369,4.7,7.0,0.0,1.5024,4.0432
370,4.6,7.0,0.0,1.4431,4.0713
371,4.9,12.0,0.0,1.728,4.069
372,4.8,7.0,0.0,1.5611,4.1385
373,3.7,6.0,0.0,1.257,4.096
374,4.3,6.0,0.0,1.4211,3.9058
375,3.9,7.0,0.0,1.3067,3.8374
376,4.4,7.0,0.0,1.4594,3.8306
377,4.2,6.0,0.0,1.3273,3.8954
378,3.6,6.0,0.0,1.1539,3.8489
379,3.6,6.0,0.0,1.2008,3.8956
380,3.8,5.0,0.0,1.2166,3.9016
381,4.7,10.0,0.0,1.618,3.8169
382,3.5,6.0,0.0,1.1615,3.8464
383,4.3,6.0,0.0,1.4716,3.8145
384,5.5,10.0,0.0,1.8167,3.7625
385,3.8,6.0,0.0,1.1948,3.9398
386,5.0,7.0,0.0,1.6093,3.8835
387,4.5,6.0,0.0,1.4703,3.8385
388,4.8,8.0,0.0,1.578,3.8937
389,4.3,6.0,0.0,1.4009,3.9349
390,3.9,7.0,0.0,1.2303,4.06
391,4.0,6.0,0.0,1.347,3.8716
392,3.5,9.0,0.0,1.26,3.9804
393,3.3,5.0,0.0,1.0638,3.945
394,3.6,6.0,0.0,1.2074,3.8254
395,3.8,6.0,0.0,1.2114,3.7945
396,5.1,12.0,0.0,1.8222,3.8929
397,3.5,5.0,0.0,1.1632,3.9344
398,4.5,8.0,0.0,1.5021,3.8962
399,3.4,5.0,0.0,1.1971,3.7962
400,4.0,5.0,0.0,1.3301,3.886
401,4.5,6.0,0.0,1.4001,3.9363
402,5.3,8.0,0.0,1.7103,3.9988
403,4.9,10.0,0.0,1.6138,3.8941
404,3.2,4.0,0.0,1.0703,3.9505
405,3.4,5.0,0.0,1.1569,3.9832
406,3.2,4.0,0.0,1.1424,3.9523
407,3.6,7.0,0.0,1.2052,3.8072
408,3.0,7.0,0.0,1.0667,3.8851
409,2.4,4.0,0.0,0.8523,3.854
410,4.5,7.0,0.0,1.4387,3.8542
411,2.6,4.0,0.0,0.8832,3.7994
412,3.4,7.0,0.0,1.1747,3.8314
413,2.7,6.0,0.0,0.9497,3.8125
414,3.6,5.0,0.0,1.2076,3.775
415,3.7,7.0,0.0,1.249,3.8686
416,4.1,6.0,0.0,1.3923,3.9928
417,3.5,5.0,0.0,1.1522,3.9722
418,4.0,6.0,0.0,1.2805,3.9347
419,4.1,7.0,0.0,1.3994,3.8954
420,3.8,5.0,0.0,1.252,3.7566
421,4.7,8.0,0.0,1.5366,3.8371
422,4.0,5.0,0.0,1.3489,3.9551
423,5.0,7.0,0.0,1.613,3.8944
424,4.0,7.0,0.0,1.3856,3.9905
425,4.6,6.0,0.0,1.5211,3.9245
426,4.0,6.0,0.0,1.3153,3.962
427,4.1,7.0,0.0,1.3266,3.9036
428,3.5,6.0,0.0,1.1758,3.8739
429,4.1,5.0,0.0,1.3144,3.9991
430,4.0,5.0,0.0,1.2997,3.948
431,4.0,7.0,0.0,1.3242,3.8736
432,5.0,8.0,0.0,1.6229,3.8422
433,4.3,7.0,0.0,1.4491,3.919
434,5.5,9.0,0.0,1.7553,3.9562
435,4.6,8.0,0.0,1.4697,3.9095
436,4.6,6.0,0.0,1.4811,3.9424
437,5.5,10.0,0.0,1.7668,3.963
438,4.2,7.0,0.0,1.3956,4.0005
439,3.9,5.0,0.0,1.2913,3.9557
440,4.8,8.0,0.0,1.5452,4.0135
441,4.0,6.0,0.0,1.2883,3.9476
442,3.3,4.0,0.0,1.1072,4.0042
443,4.6,10.0,0.0,1.5261,3.9414
444,4.1,6.0,0.0,1.337,3.9515
445,4.5,7.0,0.0,1.4763,4.0785
446,4.3,8.0,0.0,1.4027,3.8846
447,4.0,6.0,0.0,1.3037,3.7692
448,3.7,6.0,0.0,1.2366,3.7833
449,4.2,8.0,0.0,1.3569,3.7617
450,4.9,8.0,0.0,1.5916,3.8472
451,4.1,5.0,0.0,1.3229,4.0499
452,2.9,4.0,0.0,0.9869,4.0227
453,4.0,5.0,0.0,1.2732,3.9732
454,3.7,6.0,0.0,1.2213,3.9747
455,4.6,7.0,0.0,1.4759,3.9247
456,3.2,7.0,0.0,1.1225,3.9499
457,4.0,7.0,0.0,1.2891,4.0658
458,3.9,7.0,0.0,1.3316,4.0277
459,5.8,8.0,0.0,1.8204,3.8185
460,4.5,9.0,0.0,1.523,3.837
461,3.7,7.0,0.0,1.2641,3.824
462,3.8,6.0,0.0,1.315,3.8604
463,4.1,6.0,0.0,1.3527,3.8498
464,3.2,5.0,0.0,1.0255,3.8571
465,3.8,10.0,0.0,1.3615,3.9579
466,3.5,5.0,0.0,1.1491,3.7777
467,4.4,7.0,0.0,1.4881,3.744
468,3.2,4.0,0.0,1.0837,3.807
469,3.5,7.0,0.0,1.1667,3.8279
470,4.8,9.0,0.0,1.5615,3.8982
471,4.8,13.0,0.0,1.7321,3.928
472,3.5,5.0,0.0,1.1532,3.8771
473,5.3,10.0,0.0,1.7436,4.0846
474,4.9,8.0,0.0,1.6302,4.0976
475,5.3,8.0,0.0,1.708,4.124
476,5.4,14.0,0.0,1.8924,4.0289
477,5.2,8.0,0.0,1.618,3.947
478,7.1,10.0,0.0,2.2147,4.0453
479,5.4,8.0,0.0,1.7794,4.0961
480,5.5,7.0,0.0,1.7854,3.983
481,4.6,9.0,0.0,1.4952,3.9804
482,5.8,12.0,0.0,1.9864,3.867
483,3.7,5.0,0.0,1.194,3.7486
484,4.0,7.0,0.0,1.3336,3.7759
485,6.2,10.0,0.0,1.958,4.1516
486,4.0,6.0,0.0,1.3336,3.935
487,4.5,6.0,0.0,1.4177,4.046
488,3.4,4.0,0.0,1.0855,3.9441
489,4.4,9.0,0.0,1.456,4.0083
490,4.1,7.0,0.0,1.3563,3.8371
491,3.7,5.0,0.0,1.1993,3.8124
492,3.6,7.0,0.0,1.1991,4.0222
493,3.6,7.0,0.0,1.2196,3.95
494,2.8,5.0,0.0,0.9937,4.1023
495,3.9,5.0,0.0,1.326,4.1302
496,3.7,7.0,0.0,1.2735,3.8076
497,3.1,5.0,0.0,1.0794,3.8026
498,3.9,6.0,0.0,1.2781,3.8108
499,3.7,5.0,0.0,1.2246,3.7869
500,3.4,8.0,0.0,1.2353,3.8188
501,4.1,7.0,0.0,1.3592,3.7597
502,3.1,5.0,0.0,1.0863,3.6899
503,4.4,7.0,0.0,1.4075,3.7766
504,3.5,4.0,0.0,1.1752,3.7813
505,4.5,7.0,0.0,1.4798,4.4806
506,3.6,6.0,0.0,1.1991,3.8431
507,4.5,6.0,0.0,1.4393,3.8334
508,3.4,5.0,0.0,1.1684,3.8486
509,4.0,7.0,0.0,1.2891,3.7713
510,4.6,8.0,0.0,1.4906,3.8084
511,4.0,5.0,0.0,1.3113,3.9133
512,3.6,8.0,0.0,1.3086,3.8351
513,2.9,4.0,0.0,0.9985,3.8347
514,3.6,5.0,0.0,1.1723,3.8914
515,4.2,6.0,0.0,1.3811,3.9069
516,4.3,6.0,0.0,1.4211,3.9253
517,6.6,13.0,0.0,2.2399,3.9642
518,6.0,11.0,0.0,1.9519,3.9067
519,5.6,8.0,0.0,1.6858,3.8518
520,5.8,11.0,0.0,1.9228,3.823
521,4.9,10.0,0.0,1.6053,3.8956
522,7.4,15.0,0.0,2.3936,4.1078
523,5.6,8.0,0.0,1.841,4.1632
524,5.6,11.0,0.0,1.8613,4.2241
525,5.0,7.0,0.0,1.6347,4.0184
526,4.3,7.0,0.0,1.461,4.0121
527,3.0,4.0,0.0,0.995,3.9925
528,4.3,7.0,0.0,1.3791,3.9495
529,3.3,8.0,0.0,1.1864,3.9053
530,3.3,5.0,0.0,1.0945,3.9607
531,4.1,6.0,0.0,1.3116,3.9631
532,3.6,6.0,0.0,1.1884,3.9977
533,3.3,5.0,0.0,1.0927,4.029
534,3.3,4.0,0.0,1.0763,3.9471
535,3.6,5.0,0.0,1.2384,3.9262
536,5.1,8.0,0.0,1.5855,4.137
537,4.9,6.0,0.0,1.5644,3.9946
538,4.2,7.0,0.0,1.3978,3.9866
539,5.3,7.0,0.0,1.6332,3.9533
540,5.0,10.0,0.0,1.6568,3.974
541,4.8,6.0,0.0,1.5013,3.9834
542,5.4,9.0,0.0,1.7725,4.0538
543,5.4,9.0,0.0,1.7227,4.102
544,4.5,6.0,0.0,1.4424,3.9939
545,4.6,7.0,0.0,1.4918,3.7819
546,4.3,6.0,0.0,1.4231,4.159
547,3.9,6.0,0.0,1.2669,4.2119
548,3.8,5.0,0.0,1.2173,4.0507
549,3.9,6.0,0.0,1.2657,4.2032
550,3.7,7.0,0.0,1.2555,4.1167
551,2.8,4.0,0.0,0.98,3.9902
552,3.5,4.0,0.0,1.1176,3.9421
553,3.5,5.0,0.0,1.2008,3.8806
554,4.4,7.0,0.0,1.3698,3.9526
555,3.6,7.0,0.0,1.2107,3.895
556,4.4,6.0,0.0,1.4051,3.7796
557,3.6,6.0,0.0,1.2121,3.7469
558,4.1,7.0,0.0,1.309,3.8282
559,4.4,7.0,0.0,1.4469,3.8103
560,3.9,7.0,0.0,1.3116,3.7092
561,4.1,6.0,0.0,1.3304,3.8804
562,4.1,5.0,0.0,1.3544,3.8194
563,5.7,10.0,0.0,1.8585,4.012
564,3.8,6.0,0.0,1.2624,3.9893
565,4.0,6.0,0.0,1.3177,3.9679
566,4.3,6.0,0.0,1.4035,4.0761
567,4.6,6.0,0.0,1.497,4.1151
568,4.3,6.0,0.0,1.4309,3.9674
569,5.7,8.0,0.0,1.7544,3.963
570,4.9,6.0,0.0,1.6271,4.1227
571,6.2,9.0,0.0,1.925,4.147
572,5.7,11.0,0.0,1.8991,4.0841
573,5.3,8.0,0.0,1.672,4.1589
574,5.6,10.0,0.0,1.8062,4.3069
575,4.9,7.0,0.0,1.5277,4.1354
576,5.8,15.0,0.0,2.0609,4.102
577,5.0,8.0,0.0,1.574,4.0644
578,6.0,10.0,0.0,1.9625,4.262
579,6.6,9.0,0.0,2.1089,4.1677
580,3.5,5.0,0.0,1.2219,3.9862
581,6.3,11.0,0.0,2.0851,4.1022
582,5.4,8.0,0.0,1.7612,4.1104
583,5.5,10.0,0.0,1.8083,3.9042
584,5.1,6.0,0.0,1.6883,4.1551
585,5.8,8.0,0.0,1.8628,4.1673
586,7.9,10.0,0.0,2.4053,4.2021
587,6.2,14.0,0.0,2.081,3.9482
588,5.5,12.0,0.0,1.8905,4.0275
589,9.3,25.0,0.0,3.2848,4.1526
590,5.8,10.0,0.0,1.8728,3.9382
591,6.0,10.0,0.0,1.8913,3.9693
592,5.9,10.0,0.0,1.9,4.2801
593,8.0,15.0,0.0,2.5442,4.329
594,6.4,17.0,0.0,2.269,3.9302
595,4.4,6.0,0.0,1.3805,3.8502
596,5.7,11.0,0.0,1.8668,4.02
597,5.0,9.0,0.0,1.5675,3.9043
598,5.0,9.0,0.0,1.6556,3.9709
599,5.4,7.0,0.0,1.711,3.9462
600,5.5,8.0,0.0,1.7511,3.8992
601,5.6,10.0,0.0,1.7741,3.8341
602,5.5,8.0,0.0,1.78,4.0295
603,4.9,8.0,0.0,1.6066,3.8668
604,4.8,8.0,0.0,1.5235,3.902
605,5.8,15.0,0.0,2.047,4.0384
606,3.6,5.0,0.0,1.2288,4.0378
607,3.3,4.0,0.0,1.1216,4.0046
608,3.7,6.0,0.0,1.1973,4.0004
609,4.9,7.0,0.0,1.5387,3.8737
610,5.1,9.0,0.0,1.6756,3.7867
611,6.2,10.0,0.0,1.9799,3.8884
612,4.1,6.0,0.0,1.2806,3.7574
613,6.1,15.0,0.0,2.1136,3.8882
614,3.8,7.0,0.0,1.2913,3.7992
615,4.5,7.0,0.0,1.4888,3.8678
616,4.7,7.0,0.0,1.4992,3.9091
617,3.9,8.0,0.0,1.3855,3.8449
618,4.8,10.0,0.0,1.634,3.9208
619,5.0,9.0,0.0,1.7075,3.8706
620,3.6,5.0,0.0,1.2679,3.9521
621,5.7,8.0,0.0,1.7903,3.9826
622,5.6,8.0,0.0,1.7738,3.9562
623,4.0,7.0,0.0,1.2953,3.9145
624,3.8,5.0,0.0,1.2074,3.9601
625,4.4,6.0,0.0,1.3666,3.9539
626,4.6,9.0,0.0,1.5146,3.9409
627,3.7,6.0,0.0,1.1746,3.9731
628,5.6,16.0,0.0,2.0537,4.0232
629,4.1,5.0,0.0,1.3519,3.8771
630,4.0,6.0,0.0,1.3465,3.911
631,3.3,6.0,0.0,1.1465,3.9517
632,4.4,7.0,0.0,1.4098,4.0292
633,4.4,6.0,0.0,1.3904,3.983
634,4.2,9.0,0.0,1.4526,3.92
635,3.9,6.0,0.0,1.244,3.9252
636,4.7,6.0,0.0,1.4722,3.9212
637,4.2,7.0,0.0,1.3688,3.9797
638,4.3,5.0,0.0,1.509,4.0208
639,4.5,11.0,0.0,1.5508,4.0708
640,3.1,7.0,0.0,1.134,3.9092
641,5.0,10.0,0.0,1.6988,4.0037
642,4.1,7.0,0.0,1.3527,3.9074
643,4.6,7.0,0.0,1.4728,3.9881
644,4.9,12.0,0.0,1.6941,3.9909
645,4.7,7.0,0.0,1.5344,3.9884
646,5.2,14.0,0.0,1.9064,4.1304
647,4.1,6.0,0.0,1.3416,4.0261
648,4.2,8.0,0.0,1.3964,3.9807
649,4.4,10.0,0.0,1.4955,3.9753
650,3.4,7.0,0.0,1.1803,3.9175
651,3.4,5.0,0.0,1.1347,4.0549
652,2.9,6.0,0.0,1.0121,3.975
653,3.8,6.0,0.0,1.2726,4.0745
654,3.8,6.0,0.0,1.2401,3.9984
655,6.4,12.0,0.0,2.0144,4.1275
656,5.9,9.0,0.0,1.8514,4.3184
657,5.2,9.0,0.0,1.6703,4.365
658,4.9,7.0,0.0,1.5112,4.3044
659,6.3,10.0,0.0,2.0414,4.4328
660,7.6,11.0,0.0,2.3156,4.5947
661,5.6,7.0,0.0,1.7254,4.1369
662,6.1,8.0,0.0,1.9249,4.47
663,5.4,8.0,0.0,1.7416,4.4563
664,5.4,8.0,0.0,1.7048,4.4529
665,4.5,6.0,0.0,1.4722,4.2352
666,6.6,11.0,0.0,2.1293,4.4385
667,6.0,11.0,0.0,1.9412,4.4848
668,6.5,10.0,0.0,2.0683,4.4872
669,6.5,14.0,0.0,2.1789,4.2099
670,4.9,8.0,0.0,1.5524,4.3206
671,3.6,4.0,0.0,1.156,4.0268
672,5.2,9.0,0.0,1.6824,3.9431
673,3.6,5.0,0.0,1.2041,3.9607
674,2.6,4.0,0.0,0.9394,3.9393
675,3.5,5.0,0.0,1.1473,3.7523
676,5.1,7.0,0.0,1.5968,3.7615
677,2.9,5.0,0.0,1.0682,3.8849
678,4.7,10.0,0.0,1.5863,3.9695
679,3.3,5.0,0.0,1.1098,4.0035
680,3.8,9.0,0.0,1.2981,3.9356
681,3.0,6.0,0.0,1.0371,3.8562
682,5.5,9.0,0.0,1.809,3.9037
683,4.8,9.0,0.0,1.5664,3.7551
684,2.5,4.0,0.0,0.8405,3.8519
685,3.9,5.0,0.0,1.2981,4.0037
686,3.4,6.0,0.0,1.1371,4.0052
687,3.2,5.0,0.0,1.0865,4.0791
688,4.6,7.0,0.0,1.5232,3.9778
689,4.7,7.0,0.0,1.5416,4.0856
690,3.8,8.0,0.0,1.2732,4.0203
691,3.2,7.0,0.0,1.1347,4.0253
692,3.6,5.0,0.0,1.2038,4.0365
693,4.7,8.0,0.0,1.5256,4.1218
694,4.1,5.0,0.0,1.3492,3.9538
695,4.4,7.0,0.0,1.3761,4.091
696,4.1,7.0,0.0,1.3109,3.8675
697,4.6,8.0,0.0,1.5159,4.0956
698,5.2,10.0,0.0,1.6751,4.1829
699,5.7,8.0,0.0,1.7959,4.0543
700,4.7,9.0,0.0,1.5322,4.1196
701,7.3,11.0,0.0,2.2776,4.2461
702,6.8,14.0,0.0,2.3151,4.3548
703,6.4,8.0,0.0,1.9733,4.0597
704,6.3,10.0,0.0,2.0602,4.0182
705,4.5,6.0,0.0,1.4637,4.1883
706,5.4,7.0,0.0,1.7105,4.1221
707,6.4,8.0,0.0,1.9527,4.1054
708,7.6,13.0,0.0,2.4536,4.1936
709,6.5,11.0,0.0,2.0469,4.1047
710,4.7,6.0,0.0,1.5092,4.1811
711,3.7,5.0,0.0,1.1732,4.1824
712,3.8,6.0,0.0,1.2488,3.9878
713,6.4,11.0,0.0,2.0712,4.0289
714,5.9,10.0,0.0,1.9394,4.1354
715,6.9,16.0,0.0,2.3233,4.0687
716,6.5,9.0,0.0,2.0225,4.1073
717,5.7,8.0,0.0,1.7521,4.1665
718,7.4,16.0,0.0,2.3709,4.0958
719,7.1,11.0,0.0,2.2658,4.1431
720,5.3,7.0,0.0,1.6993,3.9613
721,6.5,12.0,0.0,2.1186,3.9454
722,6.3,11.0,0.0,2.0248,4.0136
723,8.1,11.0,0.0,2.5846,4.2292
724,6.7,12.0,0.0,2.0798,4.2143
725,5.5,8.0,0.0,1.7599,4.2303
726,5.1,7.0,0.0,1.6357,4.1344
727,5.3,9.0,0.0,1.6948,4.2201
728,6.4,10.0,0.0,2.03,4.2183
729,8.3,14.0,0.0,2.6458,4.5554
730,10.3,21.0,0.0,3.3181,4.5833
731,7.7,11.0,0.0,2.4152,4.3697
732,7.2,11.0,0.0,2.3971,4.394
733,9.2,21.0,0.0,3.106,4.3488
734,7.3,11.0,0.0,2.3335,4.4057
735,5.4,8.0,0.0,1.707,3.9413
736,7.2,11.0,0.0,2.2995,4.0669
737,6.3,9.0,0.0,1.9424,3.986
738,7.1,12.0,0.0,2.2717,4.1956
739,6.9,14.0,0.0,2.3061,4.3105
740,10.4,16.0,0.0,3.2245,4.3127
741,7.3,10.0,0.0,2.2939,4.1387
742,7.5,13.0,0.0,2.4182,4.0738
743,6.8,10.0,0.0,2.1156,3.9792
744,6.1,11.0,0.0,1.9571,4.0033
745,8.9,27.0,0.0,3.3338,4.1946
746,7.1,10.0,0.0,2.2694,4.111
747,5.8,12.0,0.0,1.9092,4.0628
748,4.3,5.0,0.0,1.4925,3.9214
749,3.8,5.0,0.0,1.2688,3.8499
750,5.0,7.0,0.0,1.5937,3.9193
751,3.8,8.0,0.0,1.3477,3.8846
752,4.3,5.0,0.0,1.3973,3.9102
753,5.1,7.0,0.0,1.6594,3.8677
754,4.5,6.0,0.0,1.441,3.8915
755,4.1,6.0,0.0,1.3744,3.8926
756,3.1,6.0,0.0,1.0307,3.8697
757,4.7,7.0,0.0,1.4705,3.9271
758,3.6,5.0,0.0,1.2005,4.0499
759,3.1,6.0,0.0,1.1072,3.8506
760,4.3,6.0,0.0,1.3489,3.8878
761,4.3,5.0,0.0,1.3898,3.9396
762,3.9,8.0,0.0,1.272,3.8955
763,3.7,5.0,0.0,1.2203,3.756
764,4.5,9.0,0.0,1.565,3.9159
765,3.4,6.0,0.0,1.1375,3.7477
766,4.7,8.0,0.0,1.5021,3.8422
767,3.8,6.0,0.0,1.1893,3.8638
768,3.8,6.0,0.0,1.2414,3.737
769,4.0,6.0,0.0,1.306,3.7977
770,4.0,5.0,0.0,1.3361,3.939
771,4.4,9.0,0.0,1.4685,3.9538
772,4.9,7.0,0.0,1.5974,4.0921
773,4.5,6.0,0.0,1.4379,3.941
774,4.7,9.0,0.0,1.5432,4.0827
775,3.1,4.0,0.0,1.0323,3.8616
776,4.6,7.0,0.0,1.5196,3.8425
777,3.5,6.0,0.0,1.1638,3.8442
778,4.0,6.0,0.0,1.2735,3.9373
779,3.7,8.0,0.0,1.2679,3.7961
780,4.1,7.0,0.0,1.3747,3.7667
781,4.4,11.0,0.0,1.5791,3.7695
782,4.3,8.0,0.0,1.3961,3.8633
783,3.5,7.0,0.0,1.2074,3.8559
784,3.6,6.0,0.0,1.2139,3.8904
785,3.7,5.0,0.0,1.1973,3.7996
786,3.4,6.0,0.0,1.1494,3.7549
787,4.2,8.0,0.0,1.3739,3.7938
788,4.9,8.0,0.0,1.6333,3.8622
789,5.1,9.0,0.0,1.677,3.8866
790,6.1,11.0,0.0,1.962,4.054
791,6.0,9.0,0.0,1.9904,4.2077
792,7.9,11.0,0.0,2.3706,4.1524
793,11.9,19.0,0.0,3.7562,4.4303
794,10.3,14.0,0.0,3.2004,4.4967
795,13.5,26.0,0.0,4.1667,4.4549
796,12.6,21.0,0.0,3.9141,4.4013
797,8.3,16.0,0.0,2.616,4.2732
798,6.3,10.0,0.0,2.0488,4.1882
799,12.0,22.0,0.0,3.9317,4.5476
800,11.5,23.0,0.0,3.6429,4.595
801,12.5,20.0,0.0,3.8663,4.6389
802,16.2,19.0,0.0,4.895,4.9246
803,19.8,38.0,0.0,6.1758,5.0191
804,18.7,23.0,0.0,5.6662,5.3232
805,21.9,44.0,0.0,6.7398,5.5459
806,23.2,40.0,0.0,7.0645,5.3134
807,20.2,31.0,0.0,6.1733,4.9253
808,23.1,36.0,0.0,6.8666,5.2838
809,18.8,28.0,0.0,5.7836,5.3798
810,17.1,23.0,0.0,5.2591,5.2078
811,16.7,20.0,0.0,5.2587,4.9205
812,18.1,28.0,0.0,5.5816,5.1121
813,17.2,24.0,0.0,4.95,5.1058
814,18.7,33.0,0.0,5.9405,5.0119
815,23.9,39.0,0.0,7.2042,5.3229
816,18.9,27.0,0.0,5.7332,5.1188
817,17.8,28.0,0.0,5.4562,5.1304
818,15.5,25.0,0.0,4.7709,5.2948
819,17.7,25.0,0.0,5.4864,5.0051
820,18.9,31.0,0.0,5.7856,5.2577
821,19.9,23.0,0.0,6.1553,5.0492
822,18.8,33.0,0.0,5.9354,4.9489
823,17.1,28.0,0.0,5.13,4.8406
824,16.7,25.0,0.0,5.1729,4.8901
825,19.5,33.0,0.0,5.9132,4.9681
826,19.0,30.0,0.0,5.6293,5.2557
827,16.4,28.0,0.0,4.9232,4.9496
828,19.6,24.0,0.0,6.0638,5.0565
829,24.1,37.0,0.0,7.211,5.2028
830,18.8,27.0,0.0,5.6368,4.8167
831,19.8,32.0,0.0,5.9717,4.5911
832,12.8,23.0,0.0,3.9907,4.7251
833,17.4,27.0,0.0,5.2556,4.5627
834,15.1,28.0,0.0,4.7339,4.4593
835,13.1,24.0,0.0,4.1357,4.3892
836,14.5,19.0,0.0,4.4966,4.4812
837,14.4,23.0,0.0,4.578,4.5271
838,15.1,22.0,0.0,4.5621,4.588
839,18.8,30.0,0.0,5.7811,4.484
840,13.7,34.0,0.0,4.6594,4.294
841,15.4,20.0,0.0,4.8,4.3691
842,15.2,25.0,0.0,4.6829,4.4125
843,15.6,25.0,0.0,4.8733,4.4132
844,15.8,30.0,0.0,4.9759,4.4078
845,11.2,14.0,0.0,3.4852,4.2528
846,16.4,26.0,0.0,5.0551,4.4235
847,14.4,23.0,0.0,4.4251,4.3917
848,16.0,26.0,0.0,4.8855,4.4466
849,15.4,25.0,0.0,4.9427,4.3831
850,11.4,19.0,0.0,3.6263,4.2343
851,17.8,23.0,0.0,5.3233,4.5187
852,15.5,24.0,0.0,4.6394,4.4365
853,13.1,26.0,0.0,4.0592,4.4255
854,15.2,26.0,0.0,4.6433,4.6176
855,11.7,13.0,0.0,3.5738,4.3728
856,14.4,21.0,0.0,4.3197,4.4415
857,14.7,28.0,0.0,4.552,4.4532
858,16.0,31.0,0.0,5.0643,4.5513
859,16.3,21.0,0.0,4.8955,4.3568
860,13.5,23.0,0.0,4.1914,4.6059
861,17.1,35.0,0.0,5.4226,4.5133
862,12.8,16.0,0.0,3.9012,4.482
863,16.8,29.0,0.0,5.2758,4.6522
864,14.4,29.0,0.0,4.5611,4.3455
865,13.7,18.0,0.0,4.0743,4.4691
866,15.3,25.0,0.0,4.6774,4.6019
867,12.4,25.0,0.0,4.0215,4.3552
868,14.6,24.0,0.0,4.5583,4.5579
869,12.7,24.0,0.0,3.9294,4.4502
870,14.4,21.0,0.0,4.2248,4.436
871,15.8,24.0,0.0,4.8249,4.5236
872,14.6,23.0,0.0,4.5949,4.4746
873,15.2,29.0,0.0,4.8733,4.5842
874,13.1,18.0,0.0,4.2309,4.5276
875,13.1,22.0,0.0,4.0324,4.4966
876,11.4,14.0,0.0,3.4456,4.372
877,16.8,26.0,0.0,5.2058,4.3503
878,12.7,21.0,0.0,4.1581,4.4121
879,16.5,28.0,0.0,4.9826,4.8702
880,14.7,26.0,0.0,4.6409,4.6511
881,10.7,16.0,0.0,3.2735,4.2103
882,13.1,24.0,0.0,4.0706,4.3252
883,12.9,20.0,0.0,4.0824,4.4668
884,12.2,21.0,0.0,3.6422,4.2497
885,17.5,29.0,0.0,5.313,4.4827
886,13.9,21.0,0.0,4.2057,4.4302
887,17.0,38.0,0.0,5.4745,4.4635
888,13.8,28.0,0.0,4.4273,4.3704
889,16.1,27.0,0.0,4.9296,4.4357
890,12.4,19.0,0.0,3.8608,4.4085
891,13.1,25.0,0.0,4.1973,4.3298
892,12.5,17.0,0.0,3.7435,4.3399
893,12.3,16.0,0.0,3.8596,4.2852
894,11.9,21.0,0.0,3.644,4.3027
895,14.2,22.0,0.0,4.4457,4.3477
896,15.1,26.0,0.0,4.6731,4.4028
897,15.1,22.0,0.0,4.7249,4.3378
898,14.8,24.0,0.0,4.5548,4.4698
899,13.8,21.0,0.0,4.3286,4.5268
900,16.4,36.0,0.0,5.2727,4.5031
901,12.7,19.0,0.0,4.1818,4.4511
902,13.2,20.0,0.0,4.0608,4.4531
903,11.2,17.0,0.0,3.5957,4.3382
904,14.9,21.0,0.0,4.4531,4.52
905,14.0,23.0,0.0,4.2272,4.5508
906,14.5,21.0,0.0,4.4333,4.4454
907,13.4,19.0,0.0,4.0862,4.2627
908,16.0,32.0,0.0,4.932,4.4134
909,13.7,21.0,0.0,4.0848,4.3429
910,15.7,28.0,0.0,4.9587,4.5262
911,12.0,16.0,0.0,3.6098,4.3775
912,12.4,20.0,0.0,3.8439,4.5572
913,13.4,20.0,0.0,4.033,4.4484
914,13.8,20.0,0.0,4.1842,4.4335
915,13.8,21.0,0.0,4.3083,4.4776
916,12.9,21.0,0.0,3.95,4.4122
917,11.7,15.0,0.0,3.5663,4.4595
918,14.9,22.0,0.0,4.8337,4.5601
919,14.4,18.0,0.0,4.4156,4.523
920,14.9,25.0,0.0,4.507,4.456
921,11.9,24.0,0.0,3.7053,4.3597
922,12.9,21.0,0.0,3.9859,4.2166
923,14.4,27.0,0.0,4.56,4.3859
924,13.0,29.0,0.0,4.2942,4.4389
925,16.4,34.0,0.0,5.2648,4.5401
926,11.2,18.0,0.0,3.4278,4.3234
927,17.4,32.0,0.0,5.4784,4.6369
928,13.5,21.0,0.0,4.129,4.3961
929,12.4,28.0,0.0,3.937,4.2845
930,13.5,21.0,0.0,4.0979,4.5
931,12.3,19.0,0.0,3.8509,4.3079
932,12.2,19.0,0.0,3.7807,4.3477
933,14.6,20.0,0.0,4.3729,4.4604
934,12.7,20.0,0.0,3.8917,4.4713
935,14.2,29.0,0.0,4.5684,4.3116
936,11.1,15.0,0.0,3.3682,4.2645
937,11.2,18.0,0.0,3.4434,4.1795
938,11.3,28.0,0.0,3.9125,4.2217
939,10.2,13.0,0.0,3.217,4.0908
940,13.5,26.0,0.0,4.1952,4.3411
941,11.8,23.0,0.0,3.7797,4.1491
942,12.7,17.0,0.0,3.9386,4.2885
943,9.2,15.0,0.0,2.9765,4.2464
944,9.5,14.0,0.0,2.9021,4.3675
945,12.8,24.0,0.0,4.0488,4.4494
946,11.4,15.0,0.0,3.5327,4.4563
947,9.9,13.0,0.0,3.0083,4.4261
948,12.4,15.0,0.0,3.691,4.4837
949,14.5,21.0,0.0,4.5589,4.4236
950,12.7,18.0,0.0,3.8714,4.4309
951,10.7,16.0,0.0,3.3554,4.3692
952,13.9,35.0,0.0,4.6536,4.4196
953,13.1,19.0,0.0,3.9158,4.5274
954,14.6,31.0,0.0,4.5662,4.3712
955,14.8,39.0,0.0,5.0248,4.3159
956,12.9,23.0,0.0,4.1301,4.2493
957,13.7,19.0,0.0,4.2974,4.5472
958,14.1,26.0,0.0,4.4531,4.4788
959,12.2,20.0,0.0,3.8833,4.2855
960,11.4,15.0,0.0,3.536,4.3514
961,12.8,19.0,0.0,3.8504,4.3379
962,13.5,21.0,0.0,4.1758,4.2583
963,12.8,16.0,0.0,3.8584,4.4109
964,16.2,27.0,0.0,4.9338,4.3835
965,14.9,20.0,0.0,4.4145,4.5386
966,11.6,14.0,0.0,3.678,4.3318
967,13.0,16.0,0.0,3.8979,4.4091
968,15.8,23.0,0.0,4.8585,4.4962
969,15.8,24.0,0.0,4.7482,4.5942
970,11.8,16.0,0.0,3.6963,4.3501
971,11.9,16.0,0.0,3.608,4.343
972,10.7,18.0,0.0,3.4264,4.2268
973,16.0,23.0,0.0,4.9077,4.6329
974,13.1,31.0,0.0,4.4445,4.4418
975,13.2,19.0,0.0,4.0147,4.6011
976,11.5,21.0,0.0,3.5097,4.5807
977,12.9,17.0,0.0,3.9354,4.4146
978,14.6,29.0,0.0,4.6144,4.5006
979,12.9,22.0,0.0,4.0703,4.4042
980,14.2,26.0,0.0,4.4091,4.4159
981,16.0,26.0,0.0,5.0331,4.4867
982,13.9,21.0,0.0,4.248,4.5498
983,17.8,26.0,0.0,5.4148,4.671
984,15.2,20.0,0.0,4.6358,4.6631
985,15.8,31.0,0.0,5.0482,4.6932
986,12.1,19.0,0.0,3.6592,4.5709
987,13.3,19.0,0.0,4.1316,4.6027
988,13.4,34.0,0.0,4.6301,4.4934
989,13.0,16.0,0.0,4.0595,4.4518
990,10.8,14.0,0.0,3.3395,4.375
991,15.3,20.0,0.0,4.4975,4.5335
992,12.0,17.0,0.0,3.782,4.3426
993,11.7,19.0,0.0,3.5199,4.378
994,11.5,15.0,0.0,3.5051,4.3467
995,14.0,18.0,0.0,4.2763,4.4179
996,19.5,35.0,0.0,6.2645,4.756
997,11.9,19.0,0.0,3.5824,4.5036
998,14.7,31.0,0.0,4.7233,4.2345
999,17.4,28.0,0.0,5.5745,4.3795
1000,16.7,29.0,0.0,5.1699,4.354
1001,12.7,30.0,0.0,4.1364,4.1298
1002,11.8,18.0,0.0,3.5448,4.3094
1003,13.8,19.0,0.0,4.2258,4.4096
1004,15.5,35.0,0.0,5.0207,4.4137
1005,13.7,22.0,0.0,4.2616,4.2795
1006,15.8,28.0,0.0,4.9355,4.3482
1007,13.3,23.0,0.0,4.2714,4.3504
1008,11.0,23.0,0.0,3.4527,4.2948
1009,17.8,26.0,0.0,5.4825,4.5786
1010,14.9,22.0,0.0,4.677,4.4912
1011,12.7,21.0,0.0,3.965,4.2072
1012,14.0,19.0,0.0,4.3772,4.3177
1013,12.5,25.0,0.0,3.9708,4.46
1014,13.7,19.0,0.0,4.0916,4.3124
1015,10.5,14.0,0.0,3.1969,4.1672
1016,11.7,16.0,0.0,3.6218,4.2602
1017,14.5,22.0,0.0,4.5638,4.5216
1018,10.4,13.0,0.0,3.1339,4.2967
1019,14.2,25.0,0.0,4.3802,4.3689
1020,15.2,18.0,0.0,4.6262,4.3951
1021,13.8,26.0,0.0,4.2105,4.3596
1022,13.5,18.0,0.0,4.1073,4.4504
1023,11.6,14.0,0.0,3.7081,4.3997
1024,11.7,13.0,0.0,3.5855,4.2746
1025,13.7,25.0,0.0,4.2363,4.468
1026,13.5,19.0,0.0,4.0829,4.4025
1027,14.7,27.0,0.0,4.5321,4.4557
1028,13.2,20.0,0.0,4.0499,4.4654
1029,14.1,21.0,0.0,4.3243,4.4502
1030,15.4,20.0,0.0,4.5923,4.588
1031,12.2,16.0,0.0,3.7912,4.3913
1032,13.9,19.0,0.0,4.3963,4.4498
1033,13.5,30.0,0.0,4.4826,4.3526
1034,13.2,30.0,0.0,4.3171,4.2371
1035,14.3,27.0,0.0,4.4087,4.4499
1036,11.7,23.0,0.0,3.7694,4.3788
1037,13.0,21.0,0.0,3.973,4.3803
1038,14.6,21.0,0.0,4.4348,4.4896
1039,13.5,18.0,0.0,4.2774,4.4006
1040,13.6,23.0,0.0,4.3034,4.4143
1041,13.3,25.0,0.0,4.2691,4.4182
1042,14.0,17.0,0.0,4.4241,4.4541
1043,14.2,23.0,0.0,4.3475,4.3851
1044,15.4,20.0,0.0,4.6581,4.4296
1045,10.8,14.0,0.0,3.2917,4.3518
1046,12.2,20.0,0.0,3.9174,4.5491
1047,14.4,17.0,0.0,4.3686,4.6561
1048,11.9,18.0,0.0,3.5511,4.5039
1049,14.5,18.0,0.0,4.4269,4.6463
1050,12.0,24.0,0.0,3.8429,4.4393
1051,15.1,26.0,0.0,4.7082,4.5331
1052,12.5,24.0,0.0,3.9631,4.5351
1053,13.1,18.0,0.0,4.0485,4.3827
1054,13.4,33.0,0.0,4.5354,4.592
1055,13.4,17.0,0.0,4.2246,4.6029
1056,13.1,19.0,0.0,4.0061,4.6677
1057,16.1,25.0,0.0,5.0948,4.6038
1058,18.3,29.0,0.0,5.6827,4.7301
1059,12.4,17.0,0.0,3.7684,4.4156
1060,13.9,19.0,0.0,4.2103,4.3868
1061,12.7,20.0,0.0,3.77,4.5174
1062,10.5,17.0,0.0,3.18,4.4064
1063,13.4,29.0,0.0,4.3769,4.4497
1064,13.0,18.0,0.0,3.8384,4.4555
1065,15.4,25.0,0.0,4.8369,4.4708
1066,18.9,32.0,0.0,6.0761,4.4978
1067,13.3,21.0,0.0,4.1641,4.5286
1068,14.2,25.0,0.0,4.4273,4.4628
1069,17.5,24.0,0.0,5.2059,4.4868
1070,13.3,17.0,0.0,4.0198,4.4047
1071,12.5,21.0,0.0,4.0489,4.4776
1072,12.1,19.0,0.0,3.8921,4.3861
1073,15.2,18.0,0.0,4.6707,4.5674
1074,15.7,25.0,0.0,4.7364,4.644
1075,17.4,25.0,0.0,5.2228,4.5019
1076,13.8,17.0,0.0,4.3661,4.4612
1077,12.6,17.0,0.0,3.7746,4.4613
1078,13.2,16.0,0.0,3.9535,4.4614
1079,17.3,28.0,0.0,5.2672,4.5855
1080,14.3,20.0,0.0,4.5042,4.3377
1081,15.9,24.0,0.0,4.82,4.5845
1082,13.2,18.0,0.0,4.2216,4.3671
1083,13.3,16.0,0.0,4.0533,4.3538
1084,14.9,27.0,0.0,4.6978,4.3613
1085,13.2,21.0,0.0,4.2365,4.4219
1086,13.2,19.0,0.0,4.0541,4.2496
1087,11.9,17.0,0.0,3.6881,4.1273
1088,12.2,24.0,0.0,3.8066,4.2366
1089,13.9,28.0,0.0,4.6109,4.358
1090,12.1,16.0,0.0,3.7177,4.5461
1091,14.7,18.0,0.0,4.3849,4.499
1092,12.9,21.0,0.0,4.0125,4.595
1093,12.8,22.0,0.0,3.9303,4.6549
1094,12.6,21.0,0.0,3.9254,4.6694
1095,13.1,18.0,0.0,4.1122,4.6405
1096,11.3,15.0,0.0,3.5006,4.5231
1097,12.6,18.0,0.0,3.84,4.3409
1098,17.4,26.0,0.0,5.3365,4.3641
1099,14.0,21.0,0.0,4.4066,4.3866
1100,15.2,22.0,0.0,4.6022,4.526
1101,13.5,18.0,0.0,3.9811,4.5582
1102,13.1,15.0,0.0,3.9421,4.4224
1103,13.5,18.0,0.0,4.1528,4.547
1104,13.3,18.0,0.0,4.1495,4.3942
1105,14.3,20.0,0.0,4.2561,4.5647
1106,16.5,29.0,0.0,5.2239,4.4968
1107,12.4,16.0,0.0,3.8499,4.3775
1108,14.3,18.0,0.0,4.538,4.4856
1109,14.8,24.0,0.0,4.5818,4.4904
1110,11.1,16.0,0.0,3.4172,4.4714
1111,11.8,13.0,0.0,3.8036,4.3804
1112,14.5,21.0,0.0,4.3301,4.4837
1113,17.3,30.0,0.0,5.3002,4.6693
1114,16.5,23.0,0.0,4.9809,4.7473
1115,13.2,23.0,0.0,3.9433,4.5961
1116,12.7,19.0,0.0,3.8548,4.4818
1117,14.0,24.0,0.0,4.3811,4.239
1118,15.3,23.0,0.0,4.6888,4.3348
1119,13.1,22.0,0.0,3.9976,4.2322
1120,18.4,28.0,0.0,5.658,4.4189
1121,14.9,21.0,0.0,4.611,4.3759
1122,11.1,15.0,0.0,3.3348,4.2254
1123,12.9,17.0,0.0,3.9484,4.3093
1124,13.9,21.0,0.0,4.3956,4.4714
1125,13.3,16.0,0.0,4.0784,4.5022
1126,12.9,19.0,0.0,4.1223,4.2754
1127,12.7,18.0,0.0,3.8941,4.3192
1128,12.6,20.0,0.0,3.9215,4.348
1129,17.2,28.0,0.0,5.3054,4.5022
1130,16.3,27.0,0.0,5.0826,4.4041
1131,12.7,19.0,0.0,3.8484,4.3917
1132,12.0,19.0,0.0,3.6279,4.2479
1133,14.2,20.0,0.0,4.3395,4.3953
1134,13.8,36.0,0.0,4.8176,4.3568
1135,15.8,23.0,0.0,4.9333,4.3544
1136,14.1,19.0,0.0,4.2353,4.5366
1137,16.8,31.0,0.0,5.2518,4.5167
1138,12.8,27.0,0.0,3.9823,4.4466
1139,13.8,23.0,0.0,4.1554,4.4762
1140,15.2,25.0,0.0,4.8006,4.3805
1141,14.5,35.0,0.0,4.7631,4.2855
1142,14.8,23.0,0.0,4.6024,4.5752
1143,12.2,19.0,0.0,3.5899,4.291
1144,13.3,22.0,0.0,4.3504,4.3494
1145,10.0,13.0,0.0,3.0473,4.2016
1146,12.1,17.0,0.0,3.5507,4.3727
1147,13.2,23.0,0.0,4.2188,4.478
1148,11.3,14.0,0.0,3.4738,4.3306
1149,12.2,25.0,0.0,3.8664,4.4017
1150,14.4,22.0,0.0,4.4544,4.3655
1151,14.4,17.0,0.0,4.4413,4.5317
1152,15.8,27.0,0.0,4.9727,4.4949
1153,13.8,18.0,0.0,4.134,4.4391
1154,15.4,19.0,0.0,4.5124,4.6373
1155,13.2,20.0,0.0,3.9387,4.2644
1156,11.9,18.0,0.0,3.8232,4.3967
1157,15.7,23.0,0.0,4.8885,4.6695
1158,15.2,24.0,0.0,4.6566,4.5373
1159,13.9,30.0,0.0,4.4057,4.3279
1160,14.3,19.0,0.0,4.4224,4.4665
1161,15.2,24.0,0.0,4.8238,4.3227
1162,11.8,16.0,0.0,3.7656,4.3152
1163,14.6,21.0,0.0,4.3497,4.4101
1164,14.1,22.0,0.0,4.528,4.4142
1165,12.6,19.0,0.0,3.9398,4.2773
1166,16.9,30.0,0.0,5.2251,4.3468
1167,12.4,23.0,0.0,3.8531,4.2518
1168,12.1,17.0,0.0,3.641,4.1915
1169,14.1,18.0,0.0,4.2776,4.3629
1170,14.4,29.0,0.0,4.5902,4.2782
1171,14.0,20.0,0.0,4.3162,4.4125
1172,13.2,22.0,0.0,4.1833,4.3565
1173,11.7,19.0,0.0,3.6559,4.2907
1174,14.9,22.0,0.0,4.5176,4.373
1175,12.1,16.0,0.0,3.8002,4.4384
1176,13.2,17.0,0.0,4.0784,4.5114
1177,12.5,22.0,0.0,3.9575,4.3878
1178,14.6,21.0,0.0,4.4441,4.3361
1179,13.1,22.0,0.0,4.0934,4.1421
1180,12.6,22.0,0.0,3.8746,4.2679
1181,14.1,22.0,0.0,4.2568,4.3086
1182,17.0,33.0,0.0,5.2159,4.3516
1183,14.1,20.0,0.0,4.2668,4.4548
1184,14.1,22.0,0.0,4.4621,4.5905
1185,14.0,19.0,0.0,4.2353,4.5477
1186,12.8,19.0,0.0,4.0479,4.4211
1187,12.7,25.0,0.0,3.9482,4.3006
1188,12.6,17.0,0.0,4.1019,4.4219
1189,14.9,23.0,0.0,4.5963,4.5331
1190,16.7,21.0,0.0,5.2032,4.5261
1191,10.9,22.0,0.0,3.4942,4.2467
1192,14.8,30.0,0.0,4.7064,4.3351
1193,13.2,19.0,0.0,4.1267,4.4115
1194,12.1,23.0,0.0,3.865,4.2184
1195,12.1,20.0,0.0,3.7406,4.2783
1196,12.0,22.0,0.0,3.8081,4.3139
1197,18.7,24.0,0.0,5.533,4.4728
1198,12.5,17.0,0.0,3.6762,4.3687
1199,13.8,18.0,0.0,4.3904,4.5288
1200,18.0,34.0,0.0,5.6551,4.674
1201,11.5,19.0,0.0,3.5843,4.2925
1202,11.4,18.0,0.0,3.4811,4.4239
1203,13.4,17.0,0.0,4.1392,4.3539
1204,12.4,21.0,0.0,3.8644,4.614
1205,14.3,19.0,0.0,4.3238,4.5899
1206,15.7,22.0,0.0,4.7337,4.692
1207,14.8,19.0,0.0,4.591,4.7002
1208,13.6,23.0,0.0,4.2315,4.5827
1209,13.3,24.0,0.0,4.4107,4.5868
1210,14.1,19.0,0.0,4.2445,4.5839
1211,13.4,24.0,0.0,4.0985,4.6029
1212,10.4,13.0,0.0,3.2307,4.2286
1213,12.5,16.0,0.0,3.7683,4.5394
1214,12.0,19.0,0.0,3.7094,4.4949
1215,19.0,35.0,0.0,6.0311,4.7762
1216,12.1,17.0,0.0,3.6397,4.6073
1217,13.6,24.0,0.0,4.1474,4.5993
1218,18.2,27.0,0.0,5.4553,4.6501
1219,13.3,27.0,0.0,4.1115,4.3336
1220,12.6,18.0,0.0,3.9484,4.5488
1221,12.9,18.0,0.0,3.7902,4.4589
1222,16.0,35.0,0.0,5.2135,4.6085
1223,14.0,29.0,0.0,4.3815,4.5013
1224,12.5,24.0,0.0,4.0142,4.4451
1225,19.1,32.0,0.0,5.7832,4.6193
1226,15.6,33.0,0.0,5.2006,4.5405
1227,11.5,17.0,0.0,3.341,4.2775
1228,11.6,16.0,0.0,3.5479,4.5281
1229,11.7,18.0,0.0,3.6685,4.3736
1230,16.1,27.0,0.0,4.941,4.4149
1231,10.8,18.0,0.0,3.4214,4.263
1232,12.5,23.0,0.0,3.8701,4.2808
1233,14.3,21.0,0.0,4.4,4.467
1234,12.6,18.0,0.0,3.9047,4.3084
1235,12.7,22.0,0.0,3.8846,4.3415
1236,11.9,16.0,0.0,3.6101,4.4001
1237,10.4,18.0,0.0,3.2331,4.1819
1238,9.6,12.0,0.0,3.0108,4.2574
1239,12.2,20.0,0.0,3.8059,4.3483
1240,14.9,28.0,0.0,4.7647,4.3957
1241,15.6,21.0,0.0,4.6418,4.3651
1242,11.0,31.0,0.0,3.9444,4.2634
1243,14.3,23.0,0.0,4.4591,4.3581
1244,13.1,21.0,0.0,4.107,4.3353
1245,12.8,16.0,0.0,3.9311,4.3507
1246,13.9,20.0,0.0,4.1706,4.4577
1247,13.1,19.0,0.0,3.9706,4.4467
1248,18.2,25.0,0.0,5.5161,4.4825
1249,12.7,24.0,0.0,4.0447,4.195
1250,16.3,23.0,0.0,4.9008,4.4579
1251,12.2,20.0,0.0,3.7675,4.4066
1252,14.2,21.0,0.0,4.3506,4.476
1253,15.1,21.0,0.0,4.6209,4.4771
1254,13.5,24.0,0.0,4.2883,4.4454
1255,16.7,29.0,0.0,5.1691,4.5931
1256,14.6,26.0,0.0,4.6361,4.442
1257,15.2,25.0,0.0,4.9002,4.3826
1258,14.8,28.0,0.0,4.4966,4.5694
1259,16.9,25.0,0.0,5.2307,4.5748
1260,17.8,42.0,0.0,5.6996,4.5239
1261,17.1,36.0,0.0,5.6595,4.6378
1262,11.4,16.0,0.0,3.4758,4.4498
1263,15.5,24.0,0.0,4.6948,4.2945
1264,13.0,19.0,0.0,4.0216,4.3269
1265,20.2,33.0,0.0,6.0151,4.6408
1266,13.6,20.0,0.0,4.2474,4.4772
1267,18.1,28.0,0.0,5.4459,4.4501
1268,13.6,22.0,0.0,4.2711,4.4806
1269,15.4,19.0,0.0,4.6299,4.4636
1270,16.3,22.0,0.0,4.7952,4.5573
1271,13.6,23.0,0.0,4.5106,4.4831
1272,13.3,19.0,0.0,3.9976,4.3532
1273,13.7,22.0,0.0,4.1865,4.3645
1274,14.5,25.0,0.0,4.4611,4.3035
1275,14.5,19.0,0.0,4.2342,4.5484
1276,12.1,19.0,0.0,3.7497,4.4043
1277,13.2,27.0,0.0,4.171,4.3834
1278,15.2,20.0,0.0,4.6881,4.3991
1279,19.2,40.0,0.0,6.0173,4.602
1280,12.4,18.0,0.0,3.7054,4.3968
1281,11.1,18.0,0.0,3.5133,4.27
1282,14.3,31.0,0.0,4.6274,4.2613
1283,12.2,16.0,0.0,3.6833,4.2641
1284,14.9,24.0,0.0,4.5751,4.3676
1285,13.8,17.0,0.0,4.2134,4.3817
1286,14.2,19.0,0.0,4.4167,4.3666
1287,10.7,20.0,0.0,3.3796,4.1705
1288,13.2,24.0,0.0,4.3217,4.3596
1289,11.8,16.0,0.0,3.78,4.3104
1290,11.8,19.0,0.0,3.6664,4.5508
1291,14.0,24.0,0.0,4.3027,4.5722
1292,14.3,18.0,0.0,4.1903,4.6161
1293,11.6,19.0,0.0,3.5896,4.4228
1294,12.9,19.0,0.0,4.0435,4.5113
1295,15.8,22.0,0.0,4.8323,4.6333
1296,10.4,16.0,0.0,3.1683,4.3939
1297,14.2,19.0,0.0,4.4688,4.6357
1298,13.9,20.0,0.0,4.3941,4.6892
1299,13.2,20.0,0.0,4.1674,4.4742
1300,13.1,35.0,0.0,4.5033,4.4685
1301,16.0,25.0,0.0,4.9993,4.4214
1302,15.5,29.0,0.0,4.9289,4.5327
1303,16.6,22.0,0.0,4.8409,4.3688
1304,14.9,20.0,0.0,4.4833,4.4561
1305,14.5,22.0,0.0,4.3318,4.4
1306,13.5,18.0,0.0,4.185,4.4138
1307,14.7,29.0,0.0,4.5831,4.996
1308,12.5,22.0,0.0,3.8727,4.4259
1309,14.4,34.0,0.0,4.9242,4.4595
1310,16.3,31.0,0.0,4.9465,4.5166
1311,13.4,23.0,0.0,4.3391,4.56
1312,15.4,22.0,0.0,4.8055,4.6595
1313,14.3,22.0,0.0,4.5607,4.5096
1314,13.6,20.0,0.0,4.0777,4.5851
1315,12.9,24.0,0.0,3.9731,4.5508
1316,13.6,32.0,0.0,4.4544,4.5443
1317,14.2,24.0,0.0,4.5507,4.5805
1318,10.4,13.0,0.0,3.1614,4.4585
1319,14.2,19.0,0.0,4.4213,4.3525
1320,14.4,26.0,0.0,4.6059,4.5124
1321,10.4,14.0,0.0,3.1314,4.4549
1322,14.1,22.0,0.0,4.514,4.4471
1323,15.2,27.0,0.0,4.7095,4.4763
1324,13.1,19.0,0.0,3.9244,4.4258
1325,14.7,20.0,0.0,4.4843,4.5558
1326,12.5,21.0,0.0,3.9045,4.4752
1327,14.2,21.0,0.0,4.3968,4.3011
1328,15.4,18.0,0.0,4.6674,4.6017
1329,20.8,26.0,0.0,6.1753,4.6274
1330,12.1,16.0,0.0,3.5818,4.5045
1331,14.2,24.0,0.0,4.4674,4.6292
1332,15.0,25.0,0.0,4.8559,4.4028
1333,16.0,25.0,0.0,4.9195,4.3365
1334,17.0,32.0,0.0,5.3544,4.3661
1335,13.7,20.0,0.0,4.2449,4.5495
1336,14.7,24.0,0.0,4.5889,4.3607
1337,14.5,34.0,0.0,4.7145,4.4311
1338,13.5,24.0,0.0,4.0973,4.2281
1339,13.6,25.0,0.0,4.3555,4.3762
1340,15.4,25.0,0.0,4.7688,4.5794
1341,15.3,30.0,0.0,4.8606,4.338
1342,16.2,31.0,0.0,5.1215,4.49
1343,10.2,14.0,0.0,3.1185,4.1801
1344,15.7,22.0,0.0,4.6413,4.3057
1345,14.2,26.0,0.0,4.4059,4.3413
1346,18.2,33.0,0.0,5.5463,4.4107
1347,13.6,21.0,0.0,4.0524,4.3787
1348,16.3,26.0,0.0,5.0062,4.5318
1349,19.8,33.0,0.0,5.9169,4.69
1350,14.1,23.0,0.0,4.1746,4.3
1351,13.4,19.0,0.0,4.2244,4.4537
1352,12.7,18.0,0.0,3.8252,4.4396
1353,13.5,25.0,0.0,4.3673,4.4539
1354,11.7,15.0,0.0,3.5595,4.2693
1355,14.3,21.0,0.0,4.384,4.4033
1356,10.1,14.0,0.0,3.1277,4.3872
1357,15.1,28.0,0.0,4.7376,4.5193
1358,16.0,27.0,0.0,5.1213,4.4178
1359,15.5,21.0,0.0,4.7799,4.3003
1360,13.4,17.0,0.0,4.1488,4.3665
1361,15.6,22.0,0.0,4.8556,4.5186
1362,18.2,51.0,0.0,6.2698,4.6199
1363,14.5,23.0,0.0,4.4019,4.5909
1364,14.9,22.0,0.0,4.8263,4.5544
1365,15.0,29.0,0.0,4.6331,4.4194
1366,16.5,21.0,0.0,4.9392,4.6613
1367,13.7,22.0,0.0,4.3175,4.4715
1368,12.2,17.0,0.0,3.825,4.5414
1369,11.0,15.0,0.0,3.3767,4.5152
1370,14.6,23.0,0.0,4.527,4.5913
1371,11.7,17.0,0.0,3.547,4.5677
1372,16.4,20.0,0.0,4.7987,4.7325
1373,15.6,22.0,0.0,4.7172,4.6516
1374,13.1,23.0,0.0,4.0583,4.3856
1375,14.8,21.0,0.0,4.8018,4.7084
1376,15.4,39.0,0.0,5.0507,4.6508
1377,13.6,23.0,0.0,4.0976,4.5519
1378,10.6,18.0,0.0,3.3893,4.295
1379,11.4,18.0,0.0,3.4673,4.5665
1380,14.6,19.0,0.0,4.3343,4.889
1381,11.6,16.0,0.0,3.544,4.5323
1382,16.0,19.0,0.0,4.7916,4.6302
1383,12.3,18.0,0.0,3.7682,4.4539
1384,9.2,12.0,0.0,2.9048,4.4198
1385,8.2,13.0,0.0,2.5884,4.2895
1386,14.8,30.0,0.0,4.7713,4.3688
1387,13.4,20.0,0.0,4.3217,4.4601
1388,16.5,24.0,0.0,5.0187,4.4268
1389,12.6,17.0,0.0,3.9022,4.4976
1390,14.6,24.0,0.0,4.6722,4.399
1391,16.9,22.0,0.0,4.999,4.5294
1392,13.5,22.0,0.0,4.1382,4.4268
1393,13.6,25.0,0.0,4.2697,4.4669
1394,12.4,21.0,0.0,3.8534,4.3353
1395,16.9,26.0,0.0,5.1585,4.459
1396,13.2,22.0,0.0,4.1499,4.2659
1397,11.5,16.0,0.0,3.6619,4.4265
1398,12.7,20.0,0.0,3.8788,4.4453
1399,17.3,33.0,0.0,5.5079,4.4957
1400,14.4,23.0,0.0,4.3692,4.2606
1401,11.1,16.0,0.0,3.4939,4.3744
1402,12.3,17.0,0.0,3.7799,4.3822
1403,12.6,19.0,0.0,3.9177,4.3754
1404,14.4,25.0,0.0,4.4997,4.5341
1405,14.8,21.0,0.0,4.6019,4.6133
1406,11.6,17.0,0.0,3.6467,4.5239
1407,13.3,19.0,0.0,3.9048,4.4839
1408,14.5,17.0,0.0,4.3531,4.3873
1409,13.2,19.0,0.0,4.1126,4.3559
1410,12.6,23.0,0.0,4.0037,4.2536
1411,11.9,18.0,0.0,3.5985,4.2301
1412,13.2,18.0,0.0,3.9944,4.3579
1413,12.0,20.0,0.0,3.7626,4.3982
1414,10.0,20.0,0.0,3.1675,4.1722
1415,10.7,18.0,0.0,3.295,4.2847
1416,16.7,37.0,0.0,5.345,4.4226
1417,10.5,15.0,0.0,3.1498,4.3825
1418,11.6,21.0,0.0,3.5422,4.4287
1419,14.0,20.0,0.0,4.2748,4.587
1420,12.2,19.0,0.0,3.7753,4.404
1421,12.3,17.0,0.0,3.7691,4.3998
1422,12.7,26.0,0.0,4.1021,4.4235
1423,10.5,13.0,0.0,3.1604,4.3465
1424,15.0,23.0,0.0,4.7662,4.5963
1425,14.0,29.0,0.0,4.6374,4.5401
1426,11.2,16.0,0.0,3.51,4.4747
1427,13.4,28.0,0.0,4.3641,4.4018
1428,16.0,22.0,0.0,4.8365,4.5783
1429,13.6,20.0,0.0,4.1604,4.3158
1430,18.8,25.0,0.0,5.7151,4.6067
1431,11.4,16.0,0.0,3.4598,4.4529
1432,11.7,17.0,0.0,3.547,4.1797
1433,15.8,25.0,0.0,5.0637,4.7313
1434,11.8,15.0,0.0,3.5765,4.6738
1435,13.1,23.0,0.0,3.9548,4.5916
1436,12.3,16.0,0.0,3.603,4.6782
1437,14.3,19.0,0.0,4.3979,4.6053
1438,17.0,28.0,0.0,5.2158,4.6128
1439,15.8,23.0,0.0,4.8362,4.6265
1440,11.4,17.0,0.0,3.5373,4.6402
1441,11.3,18.0,0.0,3.5537,4.2995
1442,18.1,25.0,0.0,5.5352,4.9833
1443,14.6,25.0,0.0,4.6503,4.5236
1444,14.1,21.0,0.0,4.312,4.7302
1445,13.5,20.0,0.0,4.0645,4.4783
1446,15.9,24.0,0.0,4.8515,4.7116
1447,13.7,19.0,0.0,4.1415,4.3367
1448,14.9,24.0,0.0,4.5683,4.427
1449,12.3,17.0,0.0,3.7477,4.3717
1450,12.3,21.0,0.0,3.8175,4.5301
1451,12.5,17.0,0.0,3.9074,4.6607
1452,15.0,23.0,0.0,4.6333,4.6163
1453,17.6,31.0,0.0,5.3885,4.5621
1454,10.6,17.0,0.0,3.1664,4.3079
1455,13.8,18.0,0.0,4.0147,4.4262
1456,13.6,20.0,0.0,4.3451,4.4469
1457,15.2,32.0,0.0,4.9614,4.7069
1458,14.2,25.0,0.0,4.5468,4.5641
1459,18.0,28.0,0.0,5.4615,4.8771
1460,15.6,25.0,0.0,4.7613,4.6804
1461,15.2,25.0,0.0,4.6269,4.6063
1462,13.6,30.0,0.0,4.1903,4.7203
1463,15.2,32.0,0.0,4.9418,4.6507
1464,13.8,23.0,0.0,4.4543,4.6136
1465,16.2,27.0,0.0,4.9825,4.6969
1466,15.4,29.0,0.0,4.7434,4.6186
1467,15.6,26.0,0.0,4.7445,4.7399
1468,14.4,19.0,0.0,4.3947,4.7186
1469,13.2,18.0,0.0,4.1698,4.6895
1470,16.1,21.0,0.0,5.0266,4.8049
1471,17.9,33.0,0.0,5.4461,4.9095
1472,11.1,17.0,0.0,3.3537,4.6305
1473,14.4,20.0,0.0,4.5238,4.7192
1474,11.9,21.0,0.0,3.8185,4.7662
1475,13.6,21.0,0.0,4.0886,4.4532
1476,14.9,20.0,0.0,4.711,4.5422
1477,14.4,23.0,0.0,4.3632,4.4649
1478,12.8,25.0,0.0,4.136,4.3256
1479,11.2,14.0,0.0,3.5955,4.3053
1480,17.4,40.0,0.0,5.5159,4.5345
1481,9.9,15.0,0.0,3.0986,4.3476
1482,14.3,22.0,0.0,4.3815,4.3632
1483,12.8,15.0,0.0,4.0159,4.4842
1484,15.2,29.0,0.0,4.8512,4.6319
1485,12.9,32.0,0.0,4.4233,4.4105
1486,14.8,21.0,0.0,4.4696,4.527
1487,14.5,23.0,0.0,4.4871,4.5131
1488,14.9,23.0,0.0,4.4642,4.5624
1489,14.2,23.0,0.0,4.3153,4.3638
1490,11.4,14.0,0.0,3.512,4.4832
1491,15.3,21.0,0.0,4.5947,4.4111
1492,14.5,34.0,0.0,4.8713,4.4078
1493,17.5,34.0,0.0,5.7279,4.5609
1494,16.2,28.0,0.0,4.9687,4.3991
1495,11.3,17.0,0.0,3.6038,4.2536
1496,17.8,30.0,0.0,5.4725,4.3868
1497,12.2,16.0,0.0,3.7875,4.3206
1498,15.4,28.0,0.0,4.8351,4.5025
1499,16.1,36.0,0.0,5.3714,4.5589
1500,14.3,24.0,0.0,4.3186,4.3933
1501,14.6,26.0,0.0,4.7479,4.5086
1502,14.8,24.0,0.0,4.6163,4.5666
1503,10.5,18.0,0.0,3.339,4.3514
1504,13.8,23.0,0.0,4.1342,4.3138
1505,15.3,27.0,0.0,4.6881,4.4828
1506,13.9,24.0,0.0,4.249,4.3951
1507,11.3,20.0,0.0,3.5318,4.3044
1508,11.9,20.0,0.0,3.737,4.6544
1509,12.1,15.0,0.0,3.7056,4.5447
1510,15.5,21.0,0.0,4.7021,4.5778
1511,11.1,18.0,0.0,3.5136,4.4446
1512,12.9,17.0,0.0,3.9136,4.4521
1513,12.8,18.0,0.0,3.9939,4.3031
1514,14.4,18.0,0.0,4.4534,4.5321
1515,12.5,17.0,0.0,4.0921,4.308
1516,16.8,23.0,0.0,5.0685,4.5885
1517,15.9,21.0,0.0,4.7369,4.451
1518,15.8,27.0,0.0,4.7835,4.5546
1519,13.7,18.0,0.0,4.1292,4.3023
1520,10.2,15.0,0.0,3.1189,4.1483
1521,12.2,21.0,0.0,3.8226,4.3014
1522,15.6,25.0,0.0,4.9781,4.561
1523,13.6,19.0,0.0,4.1176,4.4734
1524,16.3,27.0,0.0,5.0058,4.6079
1525,14.5,29.0,0.0,4.6455,4.5152
1526,15.7,21.0,0.0,4.605,4.4495
1527,13.6,22.0,0.0,4.2804,4.546
1528,10.7,15.0,0.0,3.3282,4.4102
1529,13.0,20.0,0.0,4.1676,4.4061
1530,13.7,19.0,0.0,4.2568,4.2743
1531,16.3,29.0,0.0,5.0349,4.4012
1532,15.7,30.0,0.0,4.8626,4.3629
1533,10.3,12.0,0.0,3.2751,4.3362
1534,14.5,23.0,0.0,4.4908,4.4099
1535,17.1,21.0,0.0,5.246,4.6757
1536,13.0,19.0,0.0,4.062,4.5294
1537,15.0,21.0,0.0,4.5,4.4988
1538,13.4,21.0,0.0,4.2638,4.3843
1539,14.3,21.0,0.0,4.3826,4.442
1540,13.2,21.0,0.0,3.9886,4.3326
1541,14.3,40.0,0.0,5.0479,4.2237
1542,17.1,24.0,0.0,5.1291,4.4703
1543,16.1,26.0,0.0,5.17,4.5187
1544,13.6,20.0,0.0,4.1577,4.2999
1545,12.2,17.0,0.0,3.7059,4.3785
1546,11.7,15.0,0.0,3.5672,4.2768
1547,12.4,20.0,0.0,3.8807,4.3466
1548,16.3,28.0,0.0,4.8779,4.4013
1549,14.6,20.0,0.0,4.6028,4.5203
1550,16.1,32.0,0.0,5.1271,4.5165
1551,12.4,17.0,0.0,3.7758,4.4361
1552,16.7,26.0,0.0,4.8852,4.509
1553,16.8,32.0,0.0,5.4765,4.4619
1554,11.8,14.0,0.0,3.7115,4.3595
1555,14.7,33.0,0.0,4.8713,4.4616
1556,15.7,26.0,0.0,4.7794,4.4228
1557,15.4,22.0,0.0,4.7398,4.621
1558,12.9,15.0,0.0,3.9998,4.4382
1559,11.5,16.0,0.0,3.7058,4.4082
1560,17.4,31.0,0.0,5.2488,4.6488
1561,13.5,18.0,0.0,4.1979,4.3385
1562,14.4,26.0,0.0,4.4618,4.3321
1563,15.5,29.0,0.0,4.9486,4.3832
1564,12.0,16.0,0.0,3.6329,4.215
1565,13.5,17.0,0.0,4.2082,4.337
1566,15.4,22.0,0.0,4.471,4.4045
1567,12.6,19.0,0.0,3.8727,4.2082
1568,13.3,20.0,0.0,3.9633,4.2809
1569,12.1,14.0,0.0,3.7298,4.3427
1570,12.8,17.0,0.0,3.9332,4.3159
1571,11.2,21.0,0.0,3.4939,4.4556
1572,12.1,19.0,0.0,4.0168,4.4073
1573,12.6,30.0,0.0,4.3668,4.5579
1574,14.7,22.0,0.0,4.6827,4.5351
1575,14.2,21.0,0.0,4.2813,4.4778
1576,15.1,28.0,0.0,4.6585,4.3978
1577,12.5,24.0,0.0,3.8721,4.4776
1578,13.3,20.0,0.0,4.189,4.2234
1579,16.6,27.0,0.0,5.0406,4.4785
1580,10.9,17.0,0.0,3.2559,4.1146
1581,14.8,20.0,0.0,4.629,4.4742
1582,14.6,22.0,0.0,4.445,4.3827
1583,12.5,18.0,0.0,3.9537,4.4283
1584,14.4,20.0,0.0,4.27,4.5393
1585,14.8,27.0,0.0,4.5303,4.5243
1586,14.6,22.0,0.0,4.4787,4.6493
1587,16.7,25.0,0.0,5.1699,4.5723
1588,11.9,19.0,0.0,3.6346,4.5992
1589,12.2,17.0,0.0,3.7365,4.378
1590,14.0,22.0,0.0,4.3682,4.5458
1591,13.5,24.0,0.0,4.3715,4.3744
1592,11.3,14.0,0.0,3.3811,4.4775
1593,11.3,18.0,0.0,3.4497,4.4908
1594,13.2,21.0,0.0,3.8833,4.4973
1595,10.9,19.0,0.0,3.5205,4.2771
1596,12.7,18.0,0.0,3.9957,4.2309
1597,11.0,14.0,0.0,3.3408,4.3191
1598,14.9,22.0,0.0,4.4811,4.3405
1599,11.1,17.0,0.0,3.4775,4.3496
1600,16.9,38.0,0.0,5.6062,4.4885
1601,10.4,22.0,0.0,3.407,4.3086
1602,14.8,30.0,0.0,4.6869,4.4437
1603,8.5,10.0,0.0,2.5981,4.1091
1604,10.3,22.0,0.0,3.3178,4.1868
1605,13.4,27.0,0.0,4.2473,4.2761
1606,14.1,23.0,0.0,4.1883,4.2618
1607,11.2,18.0,0.0,3.4446,4.2043
1608,13.4,28.0,0.0,4.3388,4.3803
1609,12.9,18.0,0.0,3.9512,4.3781
1610,12.9,19.0,0.0,3.8887,4.3217
1611,14.6,25.0,0.0,4.4506,4.3668
1612,16.0,30.0,0.0,4.9497,4.4224
1613,13.7,24.0,0.0,4.3106,4.2678
1614,13.2,25.0,0.0,4.1696,4.3586
1615,13.1,20.0,0.0,4.1328,4.2907
1616,13.1,20.0,0.0,3.971,4.2578
1617,13.8,21.0,0.0,4.4578,4.4454
1618,12.5,17.0,0.0,3.6497,4.4662
1619,12.0,19.0,0.0,3.7049,4.3564
1620,13.3,29.0,0.0,4.2088,4.4219
1621,13.3,16.0,0.0,3.9656,4.447
1622,12.9,16.0,0.0,3.894,4.4097
1623,17.2,29.0,0.0,5.3383,4.577
1624,16.0,23.0,0.0,4.989,4.492
1625,12.4,17.0,0.0,3.721,4.4067
1626,14.1,20.0,0.0,4.3531,4.5029
1627,14.0,20.0,0.0,4.265,4.4633
1628,18.2,32.0,0.0,5.6055,4.5318
1629,13.6,18.0,0.0,4.0212,4.4493
1630,14.0,18.0,0.0,4.3229,4.2063
1631,13.1,20.0,0.0,4.0951,4.4233
1632,15.9,21.0,0.0,4.7236,4.4284
1633,14.0,20.0,0.0,4.2995,4.5874
1634,17.9,26.0,0.0,5.4882,4.6636
1635,13.6,21.0,0.0,4.2204,4.6353
1636,14.0,22.0,0.0,4.4767,4.515
1637,17.9,38.0,0.0,5.8249,4.6617
1638,13.1,18.0,0.0,4.0975,4.5273
1639,15.3,18.0,0.0,4.782,4.5641
1640,14.7,25.0,0.0,4.4874,4.5935
1641,14.5,23.0,0.0,4.5086,4.7454
1642,13.5,17.0,0.0,4.0573,4.5956
1643,18.3,24.0,0.0,5.6338,4.5384
1644,14.1,21.0,0.0,4.5122,4.5538
1645,13.3,22.0,0.0,4.2168,4.6097
1646,17.0,34.0,0.0,5.419,4.6114
1647,12.3,16.0,0.0,3.6788,4.564
1648,15.9,27.0,0.0,4.9323,4.6882
1649,14.8,22.0,0.0,4.405,4.6303
1650,12.9,17.0,0.0,4.1261,4.7683
1651,16.0,32.0,0.0,4.9607,4.592
1652,14.3,25.0,0.0,4.4006,4.63
1653,13.0,16.0,0.0,3.8598,4.6125
1654,15.7,25.0,0.0,4.7883,4.7408
1655,14.7,25.0,0.0,4.5556,4.7369
1656,12.6,18.0,0.0,3.9011,4.6462
1657,14.5,25.0,0.0,4.5204,4.8036
1658,14.5,19.0,0.0,4.3956,4.7019
1659,15.4,21.0,0.0,4.8804,4.8024
1660,17.4,28.0,0.0,5.4699,4.5303
1661,13.8,25.0,0.0,4.3056,4.4412
1662,16.0,30.0,0.0,5.0632,4.5751
1663,18.2,28.0,0.0,5.6151,4.7287
1664,11.0,16.0,0.0,3.413,4.5151
1665,12.5,20.0,0.0,3.9013,4.473
1666,13.4,21.0,0.0,4.0926,4.4873
1667,14.7,25.0,0.0,4.6615,4.4998
1668,13.2,17.0,0.0,3.9023,4.437
1669,14.9,21.0,0.0,4.654,4.5369
1670,14.2,20.0,0.0,4.4238,4.6601
1671,14.9,24.0,0.0,4.6378,4.6447
1672,11.8,14.0,0.0,3.6213,4.5513
1673,13.2,15.0,0.0,4.1078,4.8054
1674,13.3,19.0,0.0,4.3153,4.573
1675,14.7,27.0,0.0,4.5235,4.493
1676,13.7,18.0,0.0,4.1647,4.3992
1677,13.6,17.0,0.0,4.2934,4.5977
1678,12.0,19.0,0.0,3.7107,4.3898
1679,13.4,18.0,0.0,4.2202,4.4262
1680,14.3,21.0,0.0,4.3486,4.2813
1681,15.8,31.0,0.0,4.8978,4.3327
1682,16.5,25.0,0.0,5.0843,4.3442
1683,17.3,26.0,0.0,5.2992,4.4874
1684,13.5,23.0,0.0,4.2718,4.1698
1685,16.2,26.0,0.0,4.8996,4.3542
1686,17.5,25.0,0.0,5.2536,4.3333
1687,18.5,28.0,0.0,5.5655,4.4947
1688,14.7,26.0,0.0,4.6268,4.4485
1689,15.9,26.0,0.0,4.8588,4.3779
1690,13.7,25.0,0.0,4.4039,4.3529
1691,16.3,33.0,0.0,5.2269,4.4837
1692,15.8,23.0,0.0,4.8796,4.4661
1693,16.3,26.0,0.0,5.0025,4.405
1694,14.0,20.0,0.0,4.3323,4.3419
1695,11.9,19.0,0.0,3.6351,4.3736
1696,14.3,21.0,0.0,4.3405,4.3213
1697,14.6,33.0,0.0,4.7233,4.3928
1698,12.5,17.0,0.0,3.8637,4.4056
1699,11.6,25.0,0.0,3.7453,4.2387
1700,10.1,13.0,0.0,3.085,4.2871
1701,12.0,18.0,0.0,3.6475,4.391
1702,14.3,27.0,0.0,4.4982,4.407
1703,11.7,27.0,0.0,3.8554,4.3791
1704,14.6,21.0,0.0,4.4256,4.4753
1705,13.7,19.0,0.0,4.1036,4.558
1706,12.8,22.0,0.0,3.979,4.4504
1707,13.6,24.0,0.0,4.2713,4.6389
1708,14.9,25.0,0.0,4.6059,4.597
1709,13.6,18.0,0.0,4.1208,4.3613
1710,13.3,17.0,0.0,3.9557,4.5293
1711,14.4,19.0,0.0,4.4317,4.5876
1712,15.3,18.0,0.0,4.6979,4.4847
1713,14.5,26.0,0.0,4.4696,4.4411
1714,15.2,24.0,0.0,4.7407,4.4772
1715,14.6,24.0,0.0,4.6676,4.5201
1716,12.3,24.0,0.0,3.8197,4.5025
1717,12.6,19.0,0.0,4.01,4.6611
1718,15.2,20.0,0.0,4.5885,4.611
1719,14.1,21.0,0.0,4.2904,4.6599
1720,11.3,18.0,0.0,3.6674,4.3998
1721,13.3,20.0,0.0,4.1595,4.576
1722,14.6,21.0,0.0,4.3543,4.4308
1723,16.0,21.0,0.0,4.9134,4.4706
1724,18.9,31.0,0.0,5.8758,4.3821
1725,15.2,23.0,0.0,4.5662,4.3712
1726,11.5,18.0,0.0,3.6323,4.4411
1727,14.5,22.0,0.0,4.454,4.4919
1728,15.7,23.0,0.0,4.7494,4.3065
1729,15.4,26.0,0.0,4.6516,4.5335
1730,16.4,25.0,0.0,4.9898,4.7783
1731,16.2,25.0,0.0,4.9618,4.7429
1732,14.2,27.0,0.0,4.5692,4.4806
1733,16.2,21.0,0.0,4.8198,4.6468
1734,15.1,30.0,0.0,4.6348,4.3938
1735,12.3,18.0,0.0,3.7247,4.5349
1736,13.6,25.0,0.0,4.1734,4.4812
1737,12.5,17.0,0.0,3.8662,4.6292
1738,13.4,20.0,0.0,4.0247,4.4321
1739,14.5,23.0,0.0,4.4015,4.465
1740,15.0,26.0,0.0,4.6271,4.5026
1741,14.0,23.0,0.0,4.3846,4.2378
1742,13.8,19.0,0.0,4.2358,4.3235
1743,15.2,24.0,0.0,4.6508,4.3769
1744,15.5,22.0,0.0,5.0365,4.4648
1745,12.1,23.0,0.0,3.9462,4.3438
1746,14.6,21.0,0.0,4.4866,4.6067
1747,14.6,22.0,0.0,4.3852,4.6798
1748,14.1,27.0,0.0,4.4383,4.7171
1749,17.1,24.0,0.0,5.1842,4.8529
1750,11.7,16.0,0.0,3.6039,4.7866
1751,18.2,29.0,0.0,5.566,4.9652
1752,11.8,15.0,0.0,3.5739,4.5937
1753,14.8,30.0,0.0,4.7455,4.7527
1754,10.9,17.0,0.0,3.4327,4.5409
1755,14.1,22.0,0.0,4.349,4.7769
1756,17.6,27.0,0.0,5.2374,4.8997
1757,15.0,22.0,0.0,4.6057,4.78
1758,13.6,21.0,0.0,4.0582,4.594
1759,14.6,23.0,0.0,4.5878,4.5575
1760,15.4,25.0,0.0,4.8,4.5663
1761,14.1,22.0,0.0,4.2399,4.4313
1762,11.8,22.0,0.0,3.8206,4.3597
1763,12.7,20.0,0.0,3.9164,4.5414
1764,13.5,24.0,0.0,4.2121,4.4199
1765,17.0,30.0,0.0,5.3816,4.797
1766,15.3,21.0,0.0,4.654,4.4893
1767,14.9,21.0,0.0,4.5618,4.7522
1768,16.9,30.0,0.0,5.3375,4.7211
1769,13.0,16.0,0.0,3.9867,4.7396
1770,12.7,32.0,0.0,4.4167,4.5828
1771,13.7,27.0,0.0,4.2775,4.4151
1772,12.4,17.0,0.0,3.6955,4.7503
1773,15.2,28.0,0.0,4.7125,4.6778
1774,15.0,22.0,0.0,4.4874,4.6279
1775,14.5,22.0,0.0,4.5351,4.6884
1776,12.3,16.0,0.0,3.7721,4.5381
1777,19.5,27.0,0.0,5.9971,4.8216
1778,16.6,26.0,0.0,5.1429,4.7641
1779,13.3,17.0,0.0,4.1119,4.2781
1780,15.0,21.0,0.0,4.6331,4.3507
1781,13.3,32.0,0.0,4.4721,4.3955
1782,14.2,20.0,0.0,4.2428,4.6849
1783,14.1,28.0,0.0,4.3589,4.4525
1784,19.5,31.0,0.0,6.0585,4.7099
1785,14.8,22.0,0.0,4.4839,4.5709
1786,13.8,20.0,0.0,4.3395,4.8135
1787,15.6,40.0,0.0,5.3075,4.5227
1788,15.3,27.0,0.0,4.7759,4.7225
1789,14.4,20.0,0.0,4.419,4.582
1790,14.8,20.0,0.0,4.2893,4.5245
1791,13.8,28.0,0.0,4.4614,4.6395
1792,11.6,17.0,0.0,3.4939,4.2989
1793,10.3,12.0,0.0,3.1733,4.3937
1794,17.1,31.0,0.0,5.4396,4.5488
1795,15.4,21.0,0.0,4.4861,4.443
1796,13.3,21.0,0.0,4.0798,4.4177
1797,11.5,15.0,0.0,3.4911,4.6692
1798,14.7,19.0,0.0,4.5315,4.7508
1799,14.7,24.0,0.0,4.5667,4.5739
1800,15.0,22.0,0.0,4.4821,4.624
1801,12.3,18.0,0.0,3.7933,4.5791
1802,10.3,13.0,0.0,3.3385,4.547
1803,18.1,27.0,0.0,5.4015,4.6617
1804,18.5,26.0,0.0,5.5083,4.7242
1805,14.5,24.0,0.0,4.3929,4.4334
1806,13.9,27.0,0.0,4.3596,4.4238
1807,9.9,13.0,0.0,3.0096,4.4431
1808,15.1,28.0,0.0,4.7887,4.5288
1809,13.1,23.0,0.0,4.0419,4.6609
1810,14.9,26.0,0.0,4.4848,4.5433
1811,14.7,22.0,0.0,4.5431,4.7726
1812,11.8,21.0,0.0,3.6411,4.2296
1813,12.0,21.0,0.0,3.759,4.3718
1814,9.2,13.0,0.0,2.7644,4.4465
1815,13.2,18.0,0.0,4.032,4.617
1816,17.3,33.0,0.0,5.4879,4.806
1817,13.6,21.0,0.0,4.2104,4.5738
1818,12.7,21.0,0.0,3.9712,4.7834
1819,15.3,25.0,0.0,4.5527,4.7194
1820,14.7,31.0,0.0,4.7787,4.652
1821,11.1,14.0,0.0,3.4346,4.6708
1822,12.2,22.0,0.0,3.7913,4.507
1823,15.3,19.0,0.0,4.7558,4.5476
1824,12.3,25.0,0.0,4.0464,4.42
1825,12.8,15.0,0.0,3.9479,4.5145
1826,12.5,22.0,0.0,3.839,4.4977
1827,13.3,27.0,0.0,4.4215,4.6931
1828,17.4,24.0,0.0,5.2731,4.7063
1829,15.2,28.0,0.0,4.5847,4.6246
1830,12.0,14.0,0.0,3.7141,4.4527
1831,13.6,23.0,0.0,4.0596,4.53
1832,15.9,23.0,0.0,4.6235,4.7029
1833,13.9,19.0,0.0,4.0693,4.415
1834,12.9,19.0,0.0,3.9604,4.5081
1835,15.1,22.0,0.0,4.5332,4.5793
1836,13.6,19.0,0.0,4.2681,4.8332
1837,15.8,29.0,0.0,4.8025,4.7255
1838,15.2,23.0,0.0,4.6562,4.4128
1839,13.7,16.0,0.0,4.3407,4.7011
1840,13.0,22.0,0.0,4.0924,4.6117
1841,14.0,22.0,0.0,4.342,4.7683
1842,14.0,21.0,0.0,4.3598,4.457
1843,13.6,21.0,0.0,4.2551,4.4886
1844,15.5,39.0,0.0,5.1969,4.4334
1845,13.0,22.0,0.0,4.0075,4.2977
1846,13.9,24.0,0.0,4.3027,4.4088
1847,15.0,21.0,0.0,4.552,4.3562
1848,13.4,18.0,0.0,3.9459,4.3191
1849,16.0,24.0,0.0,4.9851,4.3733
1850,17.2,32.0,0.0,5.3902,4.4189
1851,15.3,22.0,0.0,4.8495,4.4878
1852,13.7,20.0,0.0,4.1425,4.4839
1853,11.5,17.0,0.0,3.553,4.4251
1854,11.6,17.0,0.0,3.5465,4.5283
1855,15.0,31.0,0.0,4.8077,4.4917
1856,15.6,26.0,0.0,4.8049,4.4584
1857,16.0,26.0,0.0,5.1045,4.4033
1858,14.7,24.0,0.0,4.5351,4.3606
1859,17.5,43.0,0.0,5.9739,4.4804
1860,13.5,20.0,0.0,4.2513,4.5148
1861,13.3,17.0,0.0,4.046,4.3274
1862,19.0,32.0,0.0,5.8802,4.6092
1863,16.2,23.0,0.0,4.9606,4.5787
1864,10.8,18.0,0.0,3.4009,4.2234
1865,15.5,28.0,0.0,4.8156,4.4183
1866,10.6,16.0,0.0,3.2015,4.3144
1867,15.0,22.0,0.0,4.4317,4.3633
1868,15.6,25.0,0.0,4.7231,4.3826
1869,12.0,19.0,0.0,3.7214,4.4791
1870,16.6,30.0,0.0,5.309,4.7119
1871,11.4,18.0,0.0,3.424,4.4814
1872,17.1,21.0,0.0,5.2767,4.6435
1873,13.1,19.0,0.0,4.0421,4.4423
1874,15.3,34.0,0.0,4.9871,4.4799
1875,13.6,23.0,0.0,4.1916,4.5171
1876,13.2,20.0,0.0,4.0915,4.5247
1877,11.9,14.0,0.0,3.8628,4.6083
1878,13.7,21.0,0.0,4.1899,4.4899
1879,15.4,44.0,0.0,5.3777,4.6033
1880,13.7,21.0,0.0,4.2301,4.6003
1881,16.5,21.0,0.0,5.019,4.5199
1882,15.2,21.0,0.0,4.5307,4.4323
1883,13.1,18.0,0.0,4.0,4.231
1884,13.7,23.0,0.0,4.2586,4.4978
1885,12.1,15.0,0.0,3.7223,4.3753
1886,12.0,15.0,0.0,3.8525,4.3887
1887,11.4,14.0,0.0,3.3597,4.2773
1888,13.8,26.0,0.0,4.3738,4.3151
1889,14.5,21.0,0.0,4.485,4.5448
1890,13.2,15.0,0.0,4.0583,4.4381
1891,12.4,17.0,0.0,3.9657,4.2183
1892,16.5,29.0,0.0,5.2201,4.4134
1893,16.3,24.0,0.0,4.977,4.5106
1894,14.1,22.0,0.0,4.2897,4.4051
1895,16.0,26.0,0.0,5.0464,4.4201
1896,11.9,17.0,0.0,3.6807,4.3568
1897,18.3,41.0,0.0,5.9047,4.4448
1898,16.5,40.0,0.0,5.343,4.5496
1899,14.1,19.0,0.0,4.3292,4.4055
1900,14.9,27.0,0.0,4.7531,4.5566
1901,14.2,28.0,0.0,4.4673,4.5101
1902,14.1,24.0,0.0,4.3731,4.4618
1903,17.8,28.0,0.0,5.5834,4.4917
1904,14.4,21.0,0.0,4.3292,4.3367
1905,13.4,23.0,0.0,4.1361,4.4031
1906,17.3,36.0,0.0,5.4031,4.5537
1907,13.3,25.0,0.0,4.3199,4.3464
1908,15.8,24.0,0.0,4.6861,4.439
1909,13.3,23.0,0.0,4.0663,4.4483
1910,13.9,24.0,0.0,4.2396,4.4562
1911,13.9,23.0,0.0,4.3393,4.5186
1912,12.9,19.0,0.0,4.0366,4.5695
1913,12.8,20.0,0.0,3.8582,4.6618
1914,12.2,21.0,0.0,3.7881,4.5068
1915,13.4,16.0,0.0,4.0743,4.4978
1916,12.5,17.0,0.0,3.8794,4.3935
1917,13.0,22.0,0.0,4.0598,4.5076
1918,14.5,18.0,0.0,4.3938,4.6537
1919,14.8,24.0,0.0,4.5961,4.4742
1920,12.9,16.0,0.0,3.841,4.5115
1921,9.7,14.0,0.0,2.9915,4.4631
1922,13.6,21.0,0.0,4.089,4.6687
1923,15.4,30.0,0.0,5.0922,4.5273
1924,11.2,25.0,0.0,3.6964,4.3961
1925,13.0,24.0,0.0,4.0701,4.5143
1926,14.2,21.0,0.0,4.3617,4.5024
1927,15.1,26.0,0.0,4.7283,4.4575
1928,14.5,20.0,0.0,4.3558,4.5115
1929,15.5,32.0,0.0,4.9798,4.5081
1930,12.8,15.0,0.0,3.8369,4.6431
1931,9.9,14.0,0.0,3.032,4.245
1932,11.5,18.0,0.0,3.5341,4.2588
1933,14.6,23.0,0.0,4.4736,4.4493
1934,13.5,19.0,0.0,4.0682,4.6138
1935,11.3,15.0,0.0,3.5588,4.329
1936,9.6,13.0,0.0,2.9486,4.4488
1937,13.1,19.0,0.0,3.9762,4.5831
1938,11.6,17.0,0.0,3.5451,4.4598
1939,15.3,20.0,0.0,4.8812,4.9562
1940,11.9,22.0,0.0,3.6569,4.8255
1941,13.8,17.0,0.0,4.1357,4.5854
1942,10.8,13.0,0.0,3.2438,4.5397
1943,14.0,22.0,0.0,4.2285,4.5647
1944,11.5,18.0,0.0,3.5941,4.5719
1945,13.7,26.0,0.0,4.1969,4.6674
1946,11.6,18.0,0.0,3.6101,4.4864
1947,14.0,18.0,0.0,4.242,4.7857
1948,11.5,19.0,0.0,3.6644,4.498
1949,10.3,17.0,0.0,3.3302,4.5
1950,13.2,22.0,0.0,4.0094,4.5065
1951,12.9,19.0,0.0,3.9992,4.4724
1952,13.4,23.0,0.0,4.0475,4.588
1953,12.8,18.0,0.0,3.8715,4.4282
1954,12.1,19.0,0.0,3.7026,4.492
1955,11.2,14.0,0.0,3.3834,4.515
1956,9.8,15.0,0.0,3.0311,4.4642
1957,12.6,17.0,0.0,3.6554,4.4882
1958,13.8,26.0,0.0,4.3656,4.6933
1959,11.0,20.0,0.0,3.4362,4.4996
1960,11.4,17.0,0.0,3.6378,4.524
1961,13.0,19.0,0.0,4.0162,4.4427
1962,12.8,22.0,0.0,3.958,4.4553
1963,12.4,30.0,0.0,4.085,4.5551
1964,12.8,22.0,0.0,4.0637,4.5991
1965,11.9,19.0,0.0,3.5955,4.6203
1966,17.7,28.0,0.0,5.3864,4.5125
1967,16.1,27.0,0.0,4.861,4.3607
1968,12.1,16.0,0.0,3.7881,4.3099
1969,11.6,23.0,0.0,3.7086,4.3612
1970,15.6,25.0,0.0,4.6,4.4335
1971,15.1,27.0,0.0,4.6276,4.4469
1972,13.5,24.0,0.0,4.1729,4.4314
1973,12.8,26.0,0.0,4.0637,4.3876
1974,16.5,34.0,0.0,5.3787,4.4018
1975,15.0,23.0,0.0,4.6961,4.3531
1976,16.7,20.0,0.0,4.8654,4.4468
1977,14.2,23.0,0.0,4.4054,4.5908
1978,14.6,29.0,0.0,4.6408,4.5545
1979,17.3,24.0,0.0,5.1139,4.7631
1980,11.9,18.0,0.0,3.6066,4.6076
1981,13.4,17.0,0.0,4.1783,4.6018
1982,18.7,24.0,0.0,5.7715,4.8945
1983,15.7,38.0,0.0,5.1522,4.6238
1984,13.2,20.0,0.0,4.1577,4.6041
1985,11.2,18.0,0.0,3.36,4.3862
1986,14.5,21.0,0.0,4.5803,4.4616
1987,12.6,23.0,0.0,3.9092,4.4792
1988,15.5,26.0,0.0,4.8785,4.7299
1989,14.2,18.0,0.0,4.2729,4.7046
1990,13.9,23.0,0.0,4.2987,4.5859
1991,14.2,20.0,0.0,4.3308,4.5861
1992,9.1,16.0,0.0,2.787,4.2509
1993,15.8,25.0,0.0,4.8754,4.7189
1994,12.7,18.0,0.0,3.9623,4.6852
1995,14.2,19.0,0.0,4.3846,4.6948
1996,13.1,22.0,0.0,4.0444,4.6244
1997,13.2,20.0,0.0,3.9777,4.6699
1998,13.0,17.0,0.0,4.0259,4.7139
1999,13.1,16.0,0.0,4.0182,4.5741
2000,13.0,18.0,0.0,3.9755,4.357
2001,13.8,19.0,0.0,4.2083,4.7838
2002,14.6,18.0,0.0,4.3517,4.7494
2003,13.2,16.0,0.0,3.9238,4.6661
2004,13.7,21.0,0.0,4.0355,4.5812
2005,13.7,17.0,0.0,4.1565,4.6675
2006,14.9,19.0,0.0,4.6583,4.8598
2007,13.6,22.0,0.0,4.1344,4.5772
2008,10.9,14.0,0.0,3.3943,4.4619
2009,12.6,24.0,0.0,4.027,4.3661
2010,15.4,29.0,0.0,4.8105,4.6275
2011,11.4,21.0,0.0,3.601,4.4082
2012,13.4,19.0,0.0,4.2419,4.4324
2013,12.2,18.0,0.0,3.6516,4.3728
2014,15.8,25.0,0.0,4.863,4.6534
2015,14.8,21.0,0.0,4.4874,4.6662
2016,12.3,21.0,0.0,3.9906,4.3915
2017,14.9,19.0,0.0,4.4348,4.3989
2018,13.7,26.0,0.0,4.4047,4.4326
2019,12.5,16.0,0.0,3.9468,4.4115
2020,12.3,21.0,0.0,4.0269,4.469
2021,15.4,23.0,0.0,4.8967,4.5585
2022,13.1,23.0,0.0,4.0356,4.395
2023,16.2,23.0,0.0,4.9121,4.6584
2024,13.1,22.0,0.0,4.1947,4.2551
2025,14.0,22.0,0.0,4.3727,4.3968
2026,12.0,26.0,0.0,3.9355,4.3872
2027,18.0,23.0,0.0,5.2771,4.338
2028,12.9,20.0,0.0,4.1482,4.4194
2029,14.7,33.0,0.0,4.7553,4.4031
2030,15.4,22.0,0.0,4.796,4.4977
2031,13.7,17.0,0.0,4.2671,4.4178
2032,16.6,23.0,0.0,4.9946,4.5322
2033,16.9,32.0,0.0,5.3051,4.6495
2034,13.0,17.0,0.0,4.102,4.5481
2035,12.0,17.0,0.0,3.6066,4.3385
2036,17.2,26.0,0.0,5.2332,4.7593
2037,15.2,24.0,0.0,4.61,4.5464
2038,12.6,20.0,0.0,3.7393,4.3229
2039,14.3,25.0,0.0,4.4914,4.4803
2040,13.8,19.0,0.0,4.1907,4.4173
2041,15.2,24.0,0.0,4.7875,4.3837
2042,13.7,29.0,0.0,4.3818,4.5329
2043,14.8,20.0,0.0,4.4542,4.5932
2044,16.6,24.0,0.0,5.0567,4.6586
2045,12.3,22.0,0.0,3.8269,4.649
2046,17.7,38.0,0.0,5.7522,4.6916
2047,13.7,18.0,0.0,4.3,4.691
2048,13.8,19.0,0.0,4.298,4.6338
2049,17.1,23.0,0.0,5.2836,4.5303
2050,11.6,14.0,0.0,3.6521,4.4524
2051,14.7,31.0,0.0,4.7879,4.6004
2052,15.5,27.0,0.0,4.849,4.7252
2053,15.4,24.0,0.0,4.6518,4.4988
2054,15.0,26.0,0.0,4.7873,4.7061
2055,15.7,22.0,0.0,4.6033,4.7793
2056,13.4,25.0,0.0,4.2767,4.409
2057,14.8,19.0,0.0,4.5217,4.3662
2058,13.3,19.0,0.0,4.149,4.3775
2059,16.0,31.0,0.0,5.0781,4.4636
2060,11.8,20.0,0.0,3.7035,4.4367
2061,14.5,19.0,0.0,4.4057,4.3806
2062,12.6,27.0,0.0,4.0939,4.3262
2063,17.1,20.0,0.0,5.2549,4.64
2064,14.4,24.0,0.0,4.588,4.4673
2065,14.8,21.0,0.0,4.6137,4.5161
2066,11.3,15.0,0.0,3.5124,4.5284
2067,16.9,29.0,0.0,5.2753,4.632
2068,16.7,22.0,0.0,5.0332,4.6137
2069,14.5,29.0,0.0,4.6461,4.5549
2070,14.6,17.0,0.0,4.2831,4.5338
2071,11.0,13.0,0.0,3.4129,4.3964
2072,15.9,23.0,0.0,4.783,4.631
2073,12.5,21.0,0.0,3.8533,4.43
2074,13.6,25.0,0.0,4.1218,4.5124
2075,12.8,25.0,0.0,4.1219,4.3858
2076,14.7,22.0,0.0,4.4997,4.5036
2077,11.8,18.0,0.0,3.6035,4.3261
2078,10.7,13.0,0.0,3.2267,4.475
2079,10.3,13.0,0.0,3.2139,4.5014
2080,14.7,18.0,0.0,4.6141,4.5855
2081,14.8,21.0,0.0,4.4935,4.446
2082,13.8,23.0,0.0,4.2664,4.6667
2083,12.1,19.0,0.0,3.6896,4.4127
2084,13.0,21.0,0.0,4.0483,4.5286
2085,11.0,17.0,0.0,3.3864,4.4314
2086,14.8,19.0,0.0,4.4866,4.6607
2087,12.3,19.0,0.0,3.92,4.6509
2088,13.4,21.0,0.0,4.2825,4.5526
2089,15.4,25.0,0.0,4.6448,4.6039
2090,15.4,24.0,0.0,4.6408,4.5139
2091,15.4,29.0,0.0,5.0117,4.3823
2092,11.4,16.0,0.0,3.5828,4.3237
2093,11.4,18.0,0.0,3.4753,4.2713
2094,11.3,14.0,0.0,3.5167,4.3496
2095,15.2,28.0,0.0,4.7155,4.4558
2096,14.0,25.0,0.0,4.3656,4.4935
2097,13.4,24.0,0.0,4.1719,4.4423
2098,12.4,16.0,0.0,3.7536,4.5018
2099,15.3,22.0,0.0,4.7603,4.6391
2100,11.5,16.0,0.0,3.619,4.3874
2101,12.0,18.0,0.0,3.588,4.4522
2102,16.0,23.0,0.0,5.021,4.6396
2103,12.1,17.0,0.0,3.6809,4.3953
2104,18.4,26.0,0.0,5.5636,4.4812
2105,15.3,39.0,0.0,5.1221,4.4217
2106,14.4,21.0,0.0,4.3289,4.2564
2107,14.6,23.0,0.0,4.4466,4.177
2108,15.6,24.0,0.0,4.7642,4.4481
2109,11.5,16.0,0.0,3.576,4.3966
2110,12.6,20.0,0.0,3.8694,4.3489
2111,13.3,19.0,0.0,3.9449,4.2824
2112,11.4,18.0,0.0,3.4073,4.2528
2113,14.3,22.0,0.0,4.3783,4.3603
2114,15.3,23.0,0.0,4.6538,4.316
2115,14.4,24.0,0.0,4.499,4.4256
2116,17.2,28.0,0.0,5.1846,4.4195
2117,12.6,20.0,0.0,4.0235,4.3573
2118,15.5,20.0,0.0,4.7148,4.52
2119,15.1,21.0,0.0,4.4909,4.3265
2120,14.2,25.0,0.0,4.4944,4.5813
2121,11.2,18.0,0.0,3.3773,4.4251
2122,9.6,14.0,0.0,3.0095,4.3312
2123,12.3,23.0,0.0,3.8445,4.4488
2124,13.4,18.0,0.0,4.0935,4.5094
2125,16.7,24.0,0.0,5.04,4.5727
2126,17.2,28.0,0.0,5.3722,4.5614
2127,13.4,20.0,0.0,3.9767,4.3745
2128,15.3,24.0,0.0,4.6997,4.4868
2129,16.4,31.0,0.0,5.354,4.4801
2130,10.3,16.0,0.0,3.2711,4.16
2131,13.9,19.0,0.0,4.2373,4.2918
2132,17.1,29.0,0.0,5.1886,4.6925
2133,14.1,25.0,0.0,4.6727,4.407
2134,18.4,30.0,0.0,5.6193,4.5305
2135,16.6,26.0,0.0,5.1599,4.6872
2136,15.2,28.0,0.0,4.7735,4.4764
2137,13.3,30.0,0.0,4.3674,4.4915
2138,12.9,22.0,0.0,4.0621,4.7117
2139,11.9,17.0,0.0,3.7613,4.527
2140,11.7,16.0,0.0,3.6589,4.6337
2141,10.6,14.0,0.0,3.2522,4.6345
2142,14.9,23.0,0.0,4.6313,4.6349
2143,14.0,23.0,0.0,4.4088,4.7363
2144,11.1,18.0,0.0,3.4302,4.6408
2145,14.5,37.0,0.0,5.0067,4.3257
2146,12.2,21.0,0.0,3.8597,4.3808
2147,14.9,22.0,0.0,4.5421,4.4718
2148,12.1,15.0,0.0,3.6125,4.2921
2149,14.9,28.0,0.0,4.7074,4.4316
2150,14.5,27.0,0.0,4.5569,4.3583
2151,15.7,25.0,0.0,4.9544,4.4953
2152,13.1,24.0,0.0,4.0758,4.3322
2153,11.7,22.0,0.0,3.8229,4.3769
2154,17.5,29.0,0.0,5.5272,4.5872
2155,13.7,19.0,0.0,4.1814,4.4588
2156,13.0,25.0,0.0,4.0425,4.4024
2157,14.2,18.0,0.0,4.258,4.2368
2158,13.4,31.0,0.0,4.3621,4.2795
2159,14.8,24.0,0.0,4.5986,4.243
2160,12.8,28.0,0.0,4.2007,4.3768
2161,12.7,17.0,0.0,4.0534,4.276
2162,14.1,26.0,0.0,4.3617,4.4559
2163,14.7,43.0,0.0,5.3273,4.3832
2164,12.9,17.0,0.0,3.9035,4.2415
2165,15.9,21.0,0.0,4.7707,4.6351
2166,17.8,30.0,0.0,5.5169,4.5393
2167,13.7,19.0,0.0,4.2629,4.3109
2168,14.7,24.0,0.0,4.721,4.4379
2169,15.4,25.0,0.0,4.857,4.4429
2170,12.1,16.0,0.0,3.6864,4.6222
2171,14.5,34.0,0.0,4.7666,4.6561
2172,15.8,33.0,0.0,5.0545,4.7187
2173,15.4,24.0,0.0,4.7686,4.6007
2174,15.7,33.0,0.0,5.0042,4.6565
2175,14.3,19.0,0.0,4.3575,4.5354
2176,13.7,19.0,0.0,4.0819,4.2822
2177,10.9,12.0,0.0,3.3725,4.387
2178,14.0,20.0,0.0,4.2363,4.6412
2179,15.6,23.0,0.0,4.7003,4.4501
2180,14.8,25.0,0.0,4.5256,4.5053
2181,14.4,19.0,0.0,4.3938,4.3719
2182,12.1,18.0,0.0,3.7054,4.4267
2183,18.4,30.0,0.0,5.5629,4.5242
2184,15.5,23.0,0.0,4.6387,4.4505
2185,19.7,30.0,0.0,5.8862,4.7779
2186,13.7,19.0,0.0,4.3097,4.4803
2187,11.3,15.0,0.0,3.4189,4.3793
2188,15.3,23.0,0.0,4.6228,4.597
2189,15.5,23.0,0.0,4.6288,4.5594
2190,14.9,24.0,0.0,4.684,4.5953
2191,13.2,18.0,0.0,4.0799,4.4435
2192,12.3,22.0,0.0,3.8141,4.4651
2193,16.1,25.0,0.0,4.9361,4.5878
2194,15.4,23.0,0.0,4.6819,4.3857
2195,13.3,21.0,0.0,4.0622,4.3367
2196,11.1,21.0,0.0,3.6476,4.217
2197,14.1,23.0,0.0,4.3719,4.3773
2198,14.7,23.0,0.0,4.5673,4.5406
2199,14.5,28.0,0.0,4.5453,4.5171
2200,13.5,16.0,0.0,4.0838,4.5875
2201,15.1,24.0,0.0,4.5609,4.6381
2202,12.3,20.0,0.0,3.7984,4.4709
2203,14.1,24.0,0.0,4.5,4.6133
2204,13.8,21.0,0.0,4.1503,4.7785
2205,14.5,28.0,0.0,4.6311,4.7569
2206,15.6,28.0,0.0,4.858,4.7982
2207,15.8,20.0,0.0,4.9466,4.5095
2208,14.0,17.0,0.0,4.1676,4.4558
2209,14.5,23.0,0.0,4.3561,4.5273
2210,13.8,22.0,0.0,4.1878,4.4545
2211,12.9,18.0,0.0,3.8294,4.3513
2212,17.0,26.0,0.0,5.0999,4.5153
2213,14.5,24.0,0.0,4.5093,4.3428
2214,14.5,21.0,0.0,4.3403,4.4215
2215,12.6,21.0,0.0,4.0666,4.4949
2216,10.7,16.0,0.0,3.437,4.4448
2217,11.1,16.0,0.0,3.3689,4.312
2218,13.1,18.0,0.0,4.0087,4.3818
2219,11.5,18.0,0.0,3.6088,4.4254
2220,14.3,21.0,0.0,4.4953,4.525
2221,13.3,25.0,0.0,4.3104,4.5144
2222,12.6,22.0,0.0,3.8706,4.2981
2223,15.3,21.0,0.0,4.7568,4.4555
2224,12.6,17.0,0.0,3.8138,4.3715
2225,12.4,18.0,0.0,3.9547,4.4
2226,14.8,20.0,0.0,4.4495,4.5496
2227,16.8,24.0,0.0,5.0495,4.5944
2228,13.8,19.0,0.0,4.1828,4.4572
2229,15.8,24.0,0.0,4.6884,4.425
2230,11.3,18.0,0.0,3.4245,4.1565
2231,10.4,14.0,0.0,3.3152,4.2124
2232,12.4,17.0,0.0,3.6701,4.3812
2233,11.0,17.0,0.0,3.342,4.3928
2234,14.7,35.0,0.0,4.8134,4.4502
2235,11.6,18.0,0.0,3.7322,4.34
2236,14.2,24.0,0.0,4.2983,4.4311
2237,12.3,17.0,0.0,3.759,4.3663
2238,13.4,22.0,0.0,4.1482,4.1854
2239,17.0,24.0,0.0,5.2927,4.5167
2240,13.4,22.0,0.0,4.1427,4.3245
2241,14.1,33.0,0.0,4.6602,4.4641
2242,14.4,27.0,0.0,4.5971,4.4882
2243,11.9,15.0,0.0,3.7923,4.501
2244,14.5,19.0,0.0,4.4251,4.663
2245,13.4,18.0,0.0,4.1119,4.6386
2246,13.3,19.0,0.0,4.2341,4.6599
2247,16.2,22.0,0.0,4.7688,4.6893
2248,12.3,22.0,0.0,3.8204,4.6469
2249,13.4,22.0,0.0,3.9938,4.5238
2250,12.7,20.0,0.0,4.0021,4.5022
2251,13.5,25.0,0.0,4.2223,4.4115
2252,13.8,20.0,0.0,4.1698,4.6865
2253,20.1,39.0,0.0,6.3141,5.0823
2254,13.2,19.0,0.0,3.9224,4.8531
2255,12.7,29.0,0.0,4.1331,4.6401
2256,15.4,26.0,0.0,4.7463,4.678
2257,13.0,21.0,0.0,4.0777,4.7592
2258,14.0,21.0,0.0,4.2764,4.6427
2259,14.6,20.0,0.0,4.3677,4.5181
2260,13.8,19.0,0.0,4.0314,4.6048
2261,10.4,12.0,0.0,3.2623,4.6631
2262,16.6,26.0,0.0,5.1763,4.8004
2263,15.1,25.0,0.0,4.6699,4.5523
2264,12.1,17.0,0.0,3.7525,4.4492
2265,14.2,21.0,0.0,4.3802,4.4557
2266,16.1,20.0,0.0,5.1679,4.6052
2267,12.8,15.0,0.0,3.9625,4.7547
2268,13.1,25.0,0.0,4.0506,4.8369
2269,17.1,34.0,0.0,5.5869,4.6472
2270,12.0,19.0,0.0,3.6878,4.4468
2271,10.7,17.0,0.0,3.3076,4.3392
2272,14.5,19.0,0.0,4.3804,4.6994
2273,15.1,28.0,0.0,4.6846,4.5686
2274,15.8,26.0,0.0,4.9586,4.7396
2275,15.9,24.0,0.0,4.8746,4.675
2276,12.0,17.0,0.0,3.748,4.4992
2277,15.4,28.0,0.0,4.8431,4.5738
2278,15.4,22.0,0.0,4.6271,4.5156
2279,14.2,25.0,0.0,4.3687,4.5623
2280,13.1,17.0,0.0,4.0752,4.7322
2281,12.3,22.0,0.0,3.8712,4.5127
2282,11.7,16.0,0.0,3.5555,4.244
2283,14.1,17.0,0.0,4.2223,4.5399
2284,13.4,17.0,0.0,4.1425,4.7251
2285,9.7,16.0,0.0,3.0344,4.4432
2286,14.3,24.0,0.0,4.3336,4.4605
2287,13.6,25.0,0.0,4.1695,4.518
2288,14.9,20.0,0.0,4.4542,4.5595
2289,14.5,21.0,0.0,4.5986,4.5962
2290,14.8,20.0,0.0,4.6658,4.3781
2291,14.2,24.0,0.0,4.4047,4.3428
2292,16.5,26.0,0.0,4.986,4.4631
2293,15.1,25.0,0.0,4.6314,4.5986
2294,14.0,22.0,0.0,4.3035,4.4639
2295,15.3,20.0,0.0,4.528,4.2912
2296,13.5,18.0,0.0,3.9564,4.5332
2297,12.6,22.0,0.0,3.8638,4.4786
2298,15.5,24.0,0.0,4.6045,4.7034
2299,13.3,18.0,0.0,4.0024,4.7354
2300,14.7,19.0,0.0,4.495,4.5946
2301,11.9,17.0,0.0,3.6075,4.5518
2302,12.7,23.0,0.0,4.1236,4.7307
2303,10.5,21.0,0.0,3.3795,4.4081
2304,12.0,23.0,0.0,3.796,4.3908
2305,15.5,25.0,0.0,4.7674,4.4391
2306,14.9,24.0,0.0,4.6343,4.4581
2307,14.2,21.0,0.0,4.3768,4.6384
2308,15.1,26.0,0.0,4.859,4.6396
2309,15.6,23.0,0.0,4.7463,4.8123
2310,12.4,17.0,0.0,3.8575,4.6659
2311,12.1,18.0,0.0,3.8055,4.5408
2312,14.8,23.0,0.0,4.4894,4.7172
2313,16.0,25.0,0.0,4.8171,4.846
2314,16.9,38.0,0.0,5.3948,4.6471
2315,12.5,17.0,0.0,3.8781,4.3802
2316,12.5,25.0,0.0,4.0291,4.4736
2317,14.1,35.0,0.0,4.826,4.3974
2318,12.1,21.0,0.0,3.8448,4.3398
2319,15.9,23.0,0.0,4.9191,4.5465
2320,15.0,21.0,0.0,4.7558,4.735
2321,13.0,19.0,0.0,4.0799,4.5146
2322,15.5,35.0,0.0,5.0724,4.5268
2323,13.9,18.0,0.0,4.0777,4.5713
2324,13.4,21.0,0.0,4.1859,4.4272
2325,13.6,21.0,0.0,4.2485,4.5841
2326,16.4,20.0,0.0,4.9475,4.5769
2327,12.9,19.0,0.0,3.9168,4.5757
2328,17.6,22.0,0.0,5.4248,4.6847
2329,13.9,21.0,0.0,4.2356,4.5302
2330,13.7,21.0,0.0,4.2652,4.6449
2331,14.8,23.0,0.0,4.6067,4.4665
2332,11.6,24.0,0.0,3.7864,4.4001
2333,14.1,23.0,0.0,4.3374,4.523
2334,18.0,26.0,0.0,5.5935,4.6544
2335,13.5,18.0,0.0,4.0777,4.5147
2336,12.7,15.0,0.0,4.0237,4.6502
2337,11.5,19.0,0.0,3.6273,4.5419
2338,8.2,12.0,0.0,2.6687,4.3417
2339,13.6,22.0,0.0,4.1143,4.5583
2340,11.4,20.0,0.0,3.5927,4.4964
2341,15.9,24.0,0.0,4.9654,4.6266
2342,14.2,21.0,0.0,4.2803,4.5666
2343,12.8,18.0,0.0,3.81,4.4724
2344,16.4,31.0,0.0,5.053,4.5432
2345,14.9,21.0,0.0,4.4708,4.5307
2346,14.9,22.0,0.0,4.5679,4.6229
2347,14.1,27.0,0.0,4.4652,4.4743
2348,13.8,33.0,0.0,4.6086,4.477
2349,12.0,23.0,0.0,3.7216,4.4571
2350,13.5,37.0,0.0,4.7526,4.5509
2351,18.8,31.0,0.0,5.8578,4.5921
2352,17.2,31.0,0.0,5.4942,4.6193
2353,12.5,16.0,0.0,3.7751,4.4999
2354,14.8,26.0,0.0,4.5953,4.5751
2355,15.1,26.0,0.0,4.7206,4.6227
2356,11.9,18.0,0.0,3.5462,4.4447
2357,12.7,20.0,0.0,3.7907,4.4809
2358,11.1,25.0,0.0,3.6535,4.4335
2359,12.5,19.0,0.0,3.9041,4.4193
2360,10.1,14.0,0.0,3.0726,4.3568
2361,14.1,24.0,0.0,4.3636,4.2109
2362,14.4,27.0,0.0,4.6274,4.2763
2363,11.2,16.0,0.0,3.4435,4.2733
2364,17.5,38.0,0.0,5.6719,4.2286
2365,17.6,29.0,0.0,5.2942,4.389
2366,17.3,29.0,0.0,5.201,4.4269
2367,12.8,16.0,0.0,4.0047,4.2484
2368,14.5,19.0,0.0,4.2803,4.1862
2369,13.8,21.0,0.0,4.2325,4.3416
2370,16.0,38.0,0.0,5.3293,4.3204
2371,15.6,28.0,0.0,5.021,4.3726
2372,15.1,32.0,0.0,4.9044,4.4327
2373,16.0,22.0,0.0,4.7696,4.4945
2374,12.4,23.0,0.0,3.88,4.4585
2375,15.7,25.0,0.0,5.0818,4.5344
2376,13.4,30.0,0.0,4.545,4.5307
2377,14.1,22.0,0.0,4.3005,4.5962
2378,12.8,18.0,0.0,3.9377,4.7477
2379,15.9,23.0,0.0,4.7646,4.7182
2380,13.6,17.0,0.0,4.1207,4.2936
2381,15.3,22.0,0.0,4.8029,4.4335
2382,15.9,22.0,0.0,4.8437,4.7161
2383,16.9,32.0,0.0,5.0901,4.8199
2384,14.3,23.0,0.0,4.4657,4.6617
2385,13.8,25.0,0.0,4.3228,4.5587
2386,12.8,23.0,0.0,4.0938,4.485
2387,13.9,20.0,0.0,4.2314,4.5039
2388,17.3,31.0,0.0,5.4918,4.6358
2389,15.4,25.0,0.0,4.7392,4.5774
2390,12.8,21.0,0.0,4.1024,4.7104
2391,13.9,25.0,0.0,4.4386,4.6364
2392,11.9,22.0,0.0,3.8449,4.3671
2393,11.5,18.0,0.0,3.4366,4.1534
2394,14.5,23.0,0.0,4.5307,4.2745
2395,11.5,18.0,0.0,3.5197,4.343
2396,10.8,18.0,0.0,3.486,4.3644
2397,11.9,22.0,0.0,3.8893,4.3891
2398,11.9,21.0,0.0,3.7102,4.2555
2399,10.7,15.0,0.0,3.2232,4.2315
2400,10.0,15.0,0.0,3.061,4.2608
2401,12.8,18.0,0.0,3.7434,4.4201
2402,11.2,18.0,0.0,3.4717,4.4227
2403,11.3,15.0,0.0,3.5199,4.5954
2404,13.0,17.0,0.0,3.8901,4.6845
2405,12.0,19.0,0.0,3.619,4.3483
2406,13.9,18.0,0.0,4.3952,4.6502
2407,13.5,18.0,0.0,4.4634,4.7078
2408,16.6,29.0,0.0,5.3644,4.7869
2409,14.0,22.0,0.0,4.4137,4.4997
2410,14.7,19.0,0.0,4.4355,4.5636
2411,18.3,29.0,0.0,5.6186,4.7232
2412,10.1,14.0,0.0,3.1256,4.5534
2413,16.2,26.0,0.0,4.842,4.5194
2414,13.1,16.0,0.0,4.0567,4.5107
2415,13.4,16.0,0.0,3.9816,4.5823
2416,14.6,19.0,0.0,4.4878,4.5404
2417,14.6,24.0,0.0,4.5008,4.322
2418,13.0,19.0,0.0,4.2983,4.818
2419,12.6,20.0,0.0,3.9711,4.5053
2420,12.2,20.0,0.0,3.7874,4.371
2421,11.4,21.0,0.0,3.5789,4.2626
2422,13.4,18.0,0.0,4.1178,4.2899
2423,8.2,11.0,0.0,2.5792,4.1097
2424,13.3,19.0,0.0,3.9362,4.3376
2425,12.2,17.0,0.0,3.7844,4.205
2426,15.7,25.0,0.0,4.747,4.3719
2427,13.6,33.0,0.0,4.5779,4.5882
2428,16.8,24.0,0.0,5.1273,4.6519
2429,15.0,20.0,0.0,4.4246,4.4653
2430,11.6,14.0,0.0,3.8338,4.4296
2431,19.1,38.0,0.0,5.9934,4.7021
2432,15.5,20.0,0.0,4.6474,4.4557
2433,16.3,28.0,0.0,5.1545,4.6655
2434,17.9,29.0,0.0,5.4985,4.5221
2435,12.3,16.0,0.0,3.7926,4.4466
2436,15.7,24.0,0.0,4.7864,4.7441
2437,11.9,16.0,0.0,3.65,4.405
2438,13.8,23.0,0.0,4.268,4.5891
2439,14.2,18.0,0.0,4.3227,4.6515
2440,17.3,32.0,0.0,5.4613,4.6072
2441,12.2,15.0,0.0,3.8353,4.5105
2442,15.2,23.0,0.0,4.7244,4.3337
2443,19.2,25.0,0.0,5.6468,4.4411
2444,13.8,25.0,0.0,4.2919,4.6994
2445,14.5,21.0,0.0,4.4315,4.834
2446,14.5,25.0,0.0,4.5005,4.5997
2447,10.7,21.0,0.0,3.4678,4.6382
2448,12.7,22.0,0.0,3.908,4.5089
2449,17.0,27.0,0.0,5.0952,4.8286
2450,11.6,13.0,0.0,3.6897,4.5618
2451,13.6,22.0,0.0,4.2777,4.5901
2452,11.0,14.0,0.0,3.1289,4.5165
2453,15.5,28.0,0.0,4.8,4.6454
2454,14.5,22.0,0.0,4.4159,4.4668
2455,16.8,26.0,0.0,5.177,4.5907
2456,14.9,33.0,0.0,4.8255,4.6624
2457,16.7,28.0,0.0,4.9892,4.8077
2458,12.3,18.0,0.0,3.7551,4.7487
2459,11.5,20.0,0.0,3.6064,4.5102
2460,12.4,21.0,0.0,3.8921,4.6409
2461,16.1,22.0,0.0,4.8011,4.6412
2462,16.4,27.0,0.0,4.9956,4.6407
2463,10.9,18.0,0.0,3.4243,4.4275
2464,12.1,17.0,0.0,3.6373,4.2765
2465,13.1,16.0,0.0,4.0801,4.4357
2466,12.4,27.0,0.0,4.0216,4.382
2467,16.7,33.0,0.0,5.3923,4.4245
2468,14.2,21.0,0.0,4.2528,4.2614
2469,12.5,23.0,0.0,3.9452,4.2884
2470,12.6,18.0,0.0,3.7772,4.458
2471,19.0,32.0,0.0,5.877,4.5647
2472,12.6,20.0,0.0,3.9631,4.39
2473,15.2,28.0,0.0,4.7479,4.3159
2474,18.0,25.0,0.0,5.5185,4.737
2475,11.9,25.0,0.0,3.8903,4.3713
2476,14.5,25.0,0.0,4.5048,4.4062
2477,12.8,19.0,0.0,3.9062,4.4301
2478,14.8,31.0,0.0,4.6798,4.4908
2479,11.8,17.0,0.0,3.651,4.52
2480,13.0,23.0,0.0,3.9724,4.357
2481,15.6,19.0,0.0,4.8228,4.4631
2482,10.5,12.0,0.0,3.2027,4.3707
2483,15.3,24.0,0.0,4.7381,4.3055
2484,14.2,24.0,0.0,4.3276,4.3564
2485,12.5,22.0,0.0,3.8466,4.362
2486,13.6,20.0,0.0,4.2939,4.3002
2487,15.3,27.0,0.0,4.8949,4.3466
2488,13.6,19.0,0.0,4.117,4.3249
2489,17.0,24.0,0.0,5.0968,4.4438
2490,14.4,27.0,0.0,4.454,4.436
2491,15.8,36.0,0.0,5.166,4.6671
2492,15.5,35.0,0.0,5.0902,4.3884
2493,16.4,27.0,0.0,5.0515,4.3816
2494,16.3,27.0,0.0,5.1641,4.3743
2495,14.0,24.0,0.0,4.4515,4.5199
2496,12.7,19.0,0.0,4.0156,4.4001
2497,15.1,21.0,0.0,4.6419,4.3471
2498,13.2,20.0,0.0,4.017,4.3939
2499,13.0,19.0,0.0,3.9461,4.4726
2500,15.5,23.0,0.0,4.7751,4.4087
2501,16.4,28.0,0.0,5.1117,4.3178
2502,13.8,16.0,0.0,4.3018,4.3073
2503,14.6,21.0,0.0,4.2895,4.2581
2504,13.7,18.0,0.0,4.3966,4.3608
2505,12.0,26.0,0.0,3.8498,4.2441
2506,14.3,34.0,0.0,4.9235,4.388
2507,13.8,23.0,0.0,4.2281,4.6392
2508,13.2,20.0,0.0,3.8401,4.1963
2509,15.0,22.0,0.0,4.5644,4.4593
2510,17.2,28.0,0.0,5.4617,4.5609
2511,12.6,26.0,0.0,3.9782,4.7066
2512,15.8,20.0,0.0,4.7584,4.6195
2513,14.1,23.0,0.0,4.4877,4.7179
2514,15.6,30.0,0.0,4.9071,4.3474
2515,14.9,24.0,0.0,4.4982,4.3595
2516,13.8,27.0,0.0,4.3646,4.496
2517,13.8,19.0,0.0,4.2158,4.6002
2518,11.8,32.0,0.0,4.1543,4.4373
2519,13.2,20.0,0.0,4.1167,4.2329
2520,14.7,25.0,0.0,4.6959,4.444
2521,15.6,26.0,0.0,4.8795,4.3576
2522,12.8,16.0,0.0,3.9281,4.2784
2523,13.4,18.0,0.0,4.0314,4.5154
2524,12.7,16.0,0.0,3.9235,4.4232
2525,11.9,19.0,0.0,3.6614,4.4213
2526,14.1,24.0,0.0,4.4292,4.4769
2527,12.1,19.0,0.0,3.7934,4.5199
2528,12.8,18.0,0.0,3.9787,4.5401
2529,10.0,14.0,0.0,3.0957,4.5038
2530,10.0,13.0,0.0,3.1593,4.2616
2531,12.2,16.0,0.0,3.8774,4.2809
2532,14.8,26.0,0.0,4.5322,4.377
2533,14.5,22.0,0.0,4.5064,4.3797
2534,15.3,29.0,0.0,4.8951,4.4726
2535,11.5,17.0,0.0,3.5385,4.3617
2536,12.0,15.0,0.0,3.773,4.4157
2537,13.2,21.0,0.0,4.2024,4.4202
2538,13.6,27.0,0.0,4.3014,4.5138
2539,15.8,29.0,0.0,4.9619,4.6618
2540,12.9,23.0,0.0,3.911,4.62
2541,14.1,17.0,0.0,4.416,4.5242
2542,11.4,15.0,0.0,3.4769,4.4519
2543,13.1,28.0,0.0,4.1418,4.3221
2544,17.9,27.0,0.0,5.437,4.4599
2545,13.6,21.0,0.0,4.2302,4.4471
2546,13.9,17.0,0.0,4.2187,4.3337
2547,13.9,38.0,0.0,4.755,4.3565
2548,16.2,25.0,0.0,4.92,4.5125
2549,15.5,27.0,0.0,4.7424,4.4965
2550,11.9,18.0,0.0,3.7219,4.5124
2551,13.1,21.0,0.0,4.0769,4.5438
2552,12.0,17.0,0.0,3.6494,4.4432
2553,11.1,16.0,0.0,3.5595,4.4423
2554,13.6,21.0,0.0,4.2297,4.4998
2555,15.0,26.0,0.0,4.7645,4.4237
2556,11.8,14.0,0.0,3.395,4.3582
2557,18.4,33.0,0.0,5.9196,4.6399
2558,13.3,20.0,0.0,4.278,4.4435
2559,14.6,21.0,0.0,4.4134,4.4455
2560,15.5,31.0,0.0,4.9357,4.4316
2561,15.2,21.0,0.0,4.6146,4.403
2562,11.9,18.0,0.0,3.6411,4.3793
2563,15.8,37.0,0.0,5.0475,4.4714
2564,13.5,22.0,0.0,4.2319,4.41
2565,12.6,19.0,0.0,3.8831,4.435
2566,15.0,24.0,0.0,4.7754,4.4148
2567,14.6,22.0,0.0,4.4546,4.4223
2568,13.4,21.0,0.0,4.0801,4.4778
2569,12.9,22.0,0.0,4.133,4.3785
2570,17.8,31.0,0.0,5.2803,4.697
2571,13.4,19.0,0.0,4.1722,4.5163
2572,15.9,26.0,0.0,5.0525,4.489
2573,12.4,17.0,0.0,3.7054,4.4758
2574,13.8,26.0,0.0,4.3044,4.5698
2575,13.8,22.0,0.0,4.2273,4.5398
2576,17.3,34.0,0.0,5.4718,4.696
2577,16.2,30.0,0.0,5.1498,4.6119
2578,16.2,22.0,0.0,4.9181,4.686
2579,18.0,33.0,0.0,5.6269,4.6768
2580,16.7,25.0,0.0,5.0529,4.6176
2581,16.3,27.0,0.0,5.1697,4.4526
2582,13.0,21.0,0.0,4.2315,4.6769
2583,11.8,17.0,0.0,3.6482,4.4653
2584,14.3,20.0,0.0,4.3083,4.634
2585,16.0,23.0,0.0,4.8629,4.6379
2586,16.0,25.0,0.0,4.9797,4.6133
2587,13.2,19.0,0.0,3.9051,4.3396
2588,13.0,32.0,0.0,4.412,4.4512
2589,14.1,23.0,0.0,4.4054,4.403
2590,18.3,29.0,0.0,5.5887,4.6913
2591,17.1,24.0,0.0,5.0732,4.7043
2592,9.9,15.0,0.0,3.0606,4.3617
2593,14.4,24.0,0.0,4.4077,4.5499
2594,12.8,20.0,0.0,3.9217,4.5153
2595,14.7,22.0,0.0,4.3566,4.5716
2596,10.7,15.0,0.0,3.1479,4.4243
2597,15.0,21.0,0.0,4.4113,4.5516
2598,10.6,17.0,0.0,3.3684,4.4317
2599,10.7,16.0,0.0,3.3478,4.3299
2600,9.5,13.0,0.0,2.9809,4.3067
2601,11.7,19.0,0.0,3.5705,4.5459
2602,10.4,16.0,0.0,3.2891,4.3627
2603,14.7,23.0,0.0,4.4966,4.4326
2604,15.8,22.0,0.0,4.9528,4.5737
2605,14.1,22.0,0.0,4.3274,4.62
2606,15.6,24.0,0.0,4.7048,4.4353
2607,14.1,18.0,0.0,4.3312,4.4269
2608,14.0,18.0,0.0,4.1767,4.4496
2609,11.6,17.0,0.0,3.5166,4.4223
2610,13.9,20.0,0.0,4.3236,4.4574
2611,15.0,23.0,0.0,4.4792,4.5849
2612,12.8,18.0,0.0,3.8286,4.5037
2613,13.1,18.0,0.0,3.874,4.6012
2614,15.1,31.0,0.0,5.0439,4.4667
2615,10.0,13.0,0.0,3.1702,4.3066
2616,14.4,18.0,0.0,4.4364,4.4695
2617,11.7,22.0,0.0,3.7928,4.5011
2618,12.7,19.0,0.0,3.9705,4.4901
2619,13.8,21.0,0.0,4.2597,4.3319
2620,19.3,31.0,0.0,6.2103,4.7454
2621,13.1,22.0,0.0,4.089,4.4253
2622,14.3,21.0,0.0,4.285,4.4376
2623,16.2,21.0,0.0,4.9684,4.4221
2624,14.7,23.0,0.0,4.394,4.2779
2625,14.2,19.0,0.0,4.2559,4.2274
2626,14.0,23.0,0.0,4.3699,4.4996
2627,12.3,24.0,0.0,3.9803,4.4402
2628,13.1,17.0,0.0,3.8685,4.4677
2629,12.6,27.0,0.0,4.0237,4.4842
2630,13.0,22.0,0.0,4.0189,4.4406
2631,15.6,22.0,0.0,4.7242,4.6347
2632,17.7,47.0,0.0,6.1587,4.6522
2633,13.3,17.0,0.0,4.1493,4.5198
2634,16.9,33.0,0.0,5.481,4.3978
2635,12.7,21.0,0.0,3.949,4.343
2636,16.0,33.0,0.0,4.9555,4.3723
2637,19.8,36.0,0.0,5.9211,4.6243
2638,15.5,23.0,0.0,4.8243,4.6432
2639,12.4,28.0,0.0,4.1174,4.6459
2640,16.4,27.0,0.0,4.9254,4.5676
2641,13.2,19.0,0.0,4.1912,4.5422
2642,12.6,18.0,0.0,3.9074,4.4544
2643,9.7,15.0,0.0,3.1385,4.4204
2644,14.1,23.0,0.0,4.312,4.5727
2645,11.9,18.0,0.0,3.8337,4.4466
2646,11.9,23.0,0.0,3.7065,4.5365
2647,18.8,27.0,0.0,5.7318,4.6475
2648,13.5,22.0,0.0,4.2741,4.2896
2649,15.5,22.0,0.0,4.6605,4.5088
2650,16.6,24.0,0.0,5.3086,4.6343
2651,13.7,19.0,0.0,4.2715,4.6809
2652,15.2,21.0,0.0,4.7127,4.8095
2653,11.6,24.0,0.0,3.5847,4.5246
2654,13.6,20.0,0.0,4.0299,4.3573
2655,14.5,28.0,0.0,4.5042,4.3912
2656,16.5,22.0,0.0,5.0718,4.6982
2657,15.1,27.0,0.0,4.7446,4.604
2658,14.5,22.0,0.0,4.392,4.4536
2659,18.2,31.0,0.0,5.5641,4.6454
2660,15.9,27.0,0.0,4.8889,4.879
2661,14.2,20.0,0.0,4.4098,4.7856
2662,13.3,25.0,0.0,4.1861,4.5449
2663,13.9,28.0,0.0,4.3651,4.4833
2664,13.1,26.0,0.0,4.237,4.4378
2665,13.4,20.0,0.0,4.0951,4.4396
2666,16.2,22.0,0.0,5.0262,4.45
2667,14.5,19.0,0.0,4.3176,4.3717
2668,16.9,26.0,0.0,5.096,4.4868
2669,13.8,24.0,0.0,4.3227,4.4432
2670,14.3,22.0,0.0,4.45,4.5258
2671,11.1,21.0,0.0,3.4226,4.4556
2672,13.1,25.0,0.0,4.1629,4.4509
2673,18.0,25.0,0.0,5.3938,4.6902
2674,11.9,20.0,0.0,3.5427,4.2954
2675,13.8,21.0,0.0,4.2984,4.3926
2676,12.4,17.0,0.0,3.7684,4.2772
2677,14.8,18.0,0.0,4.3266,4.4807
2678,14.3,22.0,0.0,4.397,4.3809
2679,14.3,24.0,0.0,4.4054,4.4382
2680,12.2,19.0,0.0,3.7137,4.4564
2681,12.3,19.0,0.0,3.9405,4.5105
2682,16.8,40.0,0.0,5.48,4.7235
2683,13.1,24.0,0.0,4.2057,4.5107
2684,12.2,22.0,0.0,3.7857,4.5055
2685,11.5,16.0,0.0,3.5479,4.3986
2686,10.1,13.0,0.0,3.0734,4.3188
2687,10.3,17.0,0.0,3.3683,4.3
2688,10.6,18.0,0.0,3.3276,4.1
2689,12.3,20.0,0.0,3.8841,4.4972
2690,13.3,22.0,0.0,4.1952,4.3739
2691,14.1,20.0,0.0,4.3148,4.522
2692,9.5,15.0,0.0,2.9326,4.3006
2693,12.2,19.0,0.0,3.6754,4.4911
2694,11.9,23.0,0.0,3.7871,4.3908
2695,11.4,18.0,0.0,3.6837,4.2288
2696,13.8,21.0,0.0,4.3658,4.2451
2697,13.6,31.0,0.0,4.3553,4.3399
2698,15.9,28.0,0.0,5.169,4.4195
2699,15.0,21.0,0.0,4.5738,4.3518
2700,13.0,22.0,0.0,3.9371,4.3615
2701,13.9,23.0,0.0,4.3521,4.659
2702,12.9,19.0,0.0,4.0823,4.6906
2703,10.5,15.0,0.0,3.3451,4.4527
2704,12.3,19.0,0.0,3.7338,4.5885
2705,13.5,28.0,0.0,4.3485,4.2992
2706,9.8,14.0,0.0,3.1623,4.2803
2707,16.0,23.0,0.0,4.8428,4.5793
2708,10.9,17.0,0.0,3.3932,4.3325
2709,15.3,28.0,0.0,4.8621,4.4538
2710,14.2,25.0,0.0,4.4452,4.5385
2711,14.3,20.0,0.0,4.3939,4.5188
2712,14.5,22.0,0.0,4.4937,4.3425
2713,17.6,31.0,0.0,5.6079,4.4833
2714,16.5,24.0,0.0,5.1498,4.5871
2715,14.4,22.0,0.0,4.4097,4.5527
2716,10.9,13.0,0.0,3.3907,4.5317
2717,13.6,19.0,0.0,4.1506,4.5275
2718,14.3,20.0,0.0,4.3278,4.627
2719,17.3,29.0,0.0,5.412,4.7966
2720,15.7,21.0,0.0,4.7444,4.7363
2721,15.1,19.0,0.0,4.5123,4.8003
2722,15.2,26.0,0.0,4.8602,4.5691
2723,15.7,29.0,0.0,4.8872,4.7075
2724,12.8,25.0,0.0,4.0548,4.7083
2725,11.5,16.0,0.0,3.623,4.3597
2726,14.9,25.0,0.0,4.5629,4.3716
2727,16.6,26.0,0.0,5.1506,4.5406
2728,10.9,14.0,0.0,3.2559,4.4504
2729,14.3,19.0,0.0,4.3298,4.4113
2730,11.2,18.0,0.0,3.5499,4.2469
2731,15.3,27.0,0.0,4.8711,4.498
2732,15.2,22.0,0.0,4.7019,4.4859
2733,14.0,20.0,0.0,4.3355,4.4224
2734,14.0,24.0,0.0,4.4286,4.5898
2735,17.5,22.0,0.0,5.2398,4.5861
2736,13.7,20.0,0.0,4.2631,4.4399
2737,14.1,21.0,0.0,4.366,4.6999
2738,13.3,17.0,0.0,4.0504,4.5168
2739,16.1,30.0,0.0,5.0465,4.571
2740,13.7,26.0,0.0,4.211,4.4721
2741,16.2,22.0,0.0,4.8975,4.5949
2742,11.2,14.0,0.0,3.5211,4.657
2743,13.0,20.0,0.0,4.1116,4.7936
2744,15.7,26.0,0.0,4.8628,4.8609
2745,13.5,21.0,0.0,4.1252,4.7584
2746,15.9,23.0,0.0,4.9325,4.628
2747,12.5,17.0,0.0,3.8812,4.37
2748,12.5,19.0,0.0,3.8272,4.5089
2749,15.3,23.0,0.0,4.6293,4.4337
2750,12.4,16.0,0.0,3.8201,4.298
2751,19.2,25.0,0.0,5.7522,4.4347
2752,11.3,15.0,0.0,3.5558,4.1916
2753,16.6,31.0,0.0,5.2485,4.4081
2754,11.5,21.0,0.0,3.6892,4.3329
2755,15.9,26.0,0.0,4.9197,4.5627
2756,15.8,18.0,0.0,4.7966,4.5689
2757,13.8,19.0,0.0,4.307,4.4019
2758,12.8,19.0,0.0,3.9884,4.4508
2759,14.2,23.0,0.0,4.3564,4.4696
2760,17.0,27.0,0.0,5.2308,4.3118
2761,14.1,26.0,0.0,4.4826,4.2629
2762,13.2,17.0,0.0,4.1905,4.2447
2763,15.5,27.0,0.0,4.7363,4.4919
2764,12.8,28.0,0.0,4.165,4.2948
2765,13.4,24.0,0.0,4.1864,4.4322
2766,14.1,19.0,0.0,4.2514,4.5185
2767,11.6,17.0,0.0,3.5571,4.4223
2768,13.0,23.0,0.0,4.162,4.4502
2769,13.3,21.0,0.0,4.0285,4.604
2770,12.7,21.0,0.0,3.9525,4.4746
2771,14.9,22.0,0.0,4.7322,4.6262
2772,14.0,17.0,0.0,4.2977,4.4153
2773,14.1,20.0,0.0,4.3,4.3576
2774,18.4,29.0,0.0,5.5278,4.5233
2775,12.1,17.0,0.0,3.6014,4.3569
2776,18.3,24.0,0.0,5.4587,4.5664
2777,14.5,26.0,0.0,4.459,4.5511
2778,15.5,23.0,0.0,4.7818,4.6417
2779,14.2,36.0,0.0,4.8667,4.5324
2780,16.1,32.0,0.0,5.0565,4.5761
2781,13.6,20.0,0.0,4.2033,4.6842
2782,16.2,27.0,0.0,4.8075,4.7943
2783,10.5,13.0,0.0,3.2288,4.5964
2784,11.3,20.0,0.0,3.4314,4.4347
2785,14.2,18.0,0.0,4.2906,4.327
2786,12.9,21.0,0.0,3.9227,4.4213
2787,14.9,28.0,0.0,4.6138,4.3771
2788,13.6,17.0,0.0,4.3106,4.4994
2789,14.9,28.0,0.0,4.6411,4.4217
2790,11.7,24.0,0.0,3.7185,4.2967
2791,15.2,22.0,0.0,4.651,4.4424
2792,10.6,12.0,0.0,3.2344,4.3347
2793,13.2,22.0,0.0,4.0159,4.4365
2794,12.4,21.0,0.0,3.9456,4.386
2795,12.7,17.0,0.0,3.8736,4.39
2796,14.4,25.0,0.0,4.5497,4.5749
2797,16.8,27.0,0.0,5.1967,4.58
2798,13.9,19.0,0.0,4.2322,4.4814
2799,12.6,24.0,0.0,3.8566,4.4476
2800,16.5,32.0,0.0,5.2337,4.4368
2801,14.0,18.0,0.0,4.2602,4.7025
2802,12.7,21.0,0.0,4.0522,4.5926
2803,15.7,21.0,0.0,4.8088,4.6827
2804,15.5,23.0,0.0,4.6835,4.6164
2805,17.4,32.0,0.0,5.537,4.7233
2806,12.0,15.0,0.0,3.7101,4.5098
2807,14.3,22.0,0.0,4.4409,4.5158
2808,14.8,32.0,0.0,4.8338,4.491
2809,14.6,25.0,0.0,4.4931,4.3764
2810,15.4,19.0,0.0,4.728,4.5211
2811,15.4,31.0,0.0,4.894,4.3618
2812,16.2,25.0,0.0,4.9227,4.4824
2813,14.0,29.0,0.0,4.5452,4.3292
2814,13.7,28.0,0.0,4.3458,4.3235
2815,15.0,30.0,0.0,4.7158,4.4704
2816,15.8,22.0,0.0,4.8481,4.6129
2817,16.7,31.0,0.0,5.2688,4.5362
2818,12.7,17.0,0.0,3.8575,4.4795
2819,14.7,29.0,0.0,4.6369,4.4936
2820,11.4,14.0,0.0,3.5832,4.2769
2821,13.7,17.0,0.0,4.165,4.3908
2822,11.7,22.0,0.0,3.7823,4.2345
2823,14.9,24.0,0.0,4.7617,4.367
2824,14.0,25.0,0.0,4.3795,4.449
2825,13.8,27.0,0.0,4.3348,4.3369
2826,15.9,30.0,0.0,5.1515,4.4771
2827,12.4,19.0,0.0,4.0804,4.4735
2828,15.9,24.0,0.0,4.8482,4.4049
2829,18.8,29.0,0.0,5.5946,4.4744
2830,13.8,23.0,0.0,4.1509,4.3786
2831,16.5,24.0,0.0,5.0697,4.5651
2832,13.4,19.0,0.0,3.9891,4.3971
2833,15.9,33.0,0.0,5.1279,4.4976
2834,16.7,25.0,0.0,4.9402,4.5781
2835,10.7,17.0,0.0,3.2718,4.3084
2836,14.6,19.0,0.0,4.6268,4.445
2837,12.7,21.0,0.0,3.867,4.3764
2838,15.3,35.0,0.0,4.8786,4.5569
2839,14.0,21.0,0.0,4.3125,4.5332
2840,16.9,23.0,0.0,5.0384,4.7361
2841,12.7,18.0,0.0,3.8092,4.5331
2842,17.1,28.0,0.0,5.293,4.2884
2843,12.3,14.0,0.0,3.6807,4.2823
2844,16.1,21.0,0.0,4.7854,4.3407
2845,13.5,23.0,0.0,4.1046,4.5837
2846,11.4,16.0,0.0,3.4405,4.6755
2847,12.4,18.0,0.0,3.6892,4.7414
2848,12.6,17.0,0.0,3.9343,4.7787
2849,12.4,16.0,0.0,3.84,4.3131
2850,13.2,19.0,0.0,4.0853,4.3623
2851,13.7,29.0,0.0,4.5374,4.3896
2852,13.5,20.0,0.0,4.0996,4.3045
2853,15.0,23.0,0.0,4.4441,4.5215
2854,11.4,16.0,0.0,3.5617,4.3128
2855,16.0,25.0,0.0,5.0227,4.3471
2856,12.3,20.0,0.0,3.7286,4.3227
2857,14.0,20.0,0.0,4.4906,4.3814
2858,16.6,28.0,0.0,5.1069,4.5524
2859,16.7,24.0,0.0,5.1909,4.5213
2860,13.8,19.0,0.0,4.2381,4.3285
2861,13.6,28.0,0.0,4.3469,4.3987
2862,14.8,19.0,0.0,4.5477,4.4356
2863,14.6,21.0,0.0,4.5042,4.4847
2864,11.3,14.0,0.0,3.6915,4.4097
2865,9.7,14.0,0.0,3.053,4.2913
2866,10.7,16.0,0.0,3.3046,4.3045
2867,10.1,18.0,0.0,3.0588,4.318
2868,11.7,15.0,0.0,3.6591,4.3404
2869,12.7,24.0,0.0,4.0529,4.3802
2870,13.4,20.0,0.0,4.1073,4.3775
2871,14.2,28.0,0.0,4.4892,4.4003
2872,12.5,19.0,0.0,3.843,4.3821
2873,15.6,20.0,0.0,4.7751,4.6128
2874,14.9,22.0,0.0,4.4293,4.5173
2875,14.1,19.0,0.0,4.2244,4.3984
2876,9.5,14.0,0.0,2.9468,4.2774
2877,18.7,32.0,0.0,5.6338,4.4659
2878,10.8,14.0,0.0,3.3696,4.4075
2879,11.8,17.0,0.0,3.7108,4.351
2880,13.6,20.0,0.0,4.2044,4.4355
2881,14.1,22.0,0.0,4.4048,4.6164
2882,12.8,21.0,0.0,4.0875,4.5042
2883,14.0,23.0,0.0,4.1919,4.4115
2884,14.1,18.0,0.0,4.2494,4.4326
2885,14.0,23.0,0.0,4.3577,4.5097
2886,13.2,21.0,0.0,3.9766,4.3424
2887,15.0,24.0,0.0,4.6673,4.6377
2888,13.4,21.0,0.0,4.2162,4.5635
2889,15.8,27.0,0.0,4.8799,4.5485
2890,17.2,38.0,0.0,5.5955,4.3846
2891,14.8,25.0,0.0,4.5889,4.424
2892,16.3,28.0,0.0,5.1053,4.4783
2893,14.9,25.0,0.0,4.8084,4.4649
2894,10.8,15.0,0.0,3.5114,4.28
2895,13.1,21.0,0.0,3.9451,4.4769
2896,11.7,18.0,0.0,3.5986,4.5759
2897,14.8,20.0,0.0,4.56,4.4968
2898,12.4,20.0,0.0,3.8712,4.3795
2899,11.6,16.0,0.0,3.6317,4.3496
2900,13.0,22.0,0.0,4.036,4.21
2901,12.8,19.0,0.0,3.9497,4.3017
2902,12.1,25.0,0.0,3.8817,4.4435
2903,15.6,26.0,0.0,4.6516,4.4031
2904,12.0,18.0,0.0,3.6395,4.3876
2905,15.0,26.0,0.0,4.5707,4.4197
2906,12.5,23.0,0.0,3.9,4.2892
2907,13.4,22.0,0.0,4.2223,4.4273
2908,17.3,24.0,0.0,5.2952,4.6752
2909,14.7,20.0,0.0,4.3895,4.408
2910,14.1,24.0,0.0,4.3414,4.5337
2911,15.3,20.0,0.0,4.6802,4.5408
2912,12.7,16.0,0.0,3.8147,4.4841
2913,15.5,32.0,0.0,4.982,4.568
2914,13.5,18.0,0.0,4.1146,4.5288
2915,14.7,22.0,0.0,4.3928,4.5166
2916,14.5,29.0,0.0,4.5921,4.506
2917,9.0,11.0,0.0,2.8096,4.3787
2918,14.2,18.0,0.0,4.3841,4.6198
2919,13.9,22.0,0.0,4.2323,4.5305
2920,15.0,37.0,0.0,4.9826,4.6212
2921,13.6,22.0,0.0,4.2341,4.4514
2922,14.2,22.0,0.0,4.2925,4.5577
2923,15.2,34.0,0.0,4.8578,4.5666
2924,14.4,21.0,0.0,4.2927,4.6094
2925,16.3,29.0,0.0,5.0229,4.5294
2926,14.2,21.0,0.0,4.4192,4.4464
2927,14.9,29.0,0.0,4.7694,4.5026
2928,16.0,34.0,0.0,5.2335,4.4817
2929,14.3,26.0,0.0,4.4393,4.53
2930,13.7,20.0,0.0,4.0676,4.4901
2931,16.3,35.0,0.0,5.3206,4.4632
2932,13.1,27.0,0.0,4.1519,4.4483
2933,12.6,18.0,0.0,4.0007,4.6148
2934,13.3,21.0,0.0,4.0315,4.5384
2935,12.9,19.0,0.0,3.9243,4.5371
2936,15.6,25.0,0.0,4.7,4.8018
2937,14.1,22.0,0.0,4.3342,4.4969
2938,12.8,23.0,0.0,3.8406,4.5267
2939,13.6,17.0,0.0,4.2499,4.6959
2940,15.4,20.0,0.0,4.619,4.6432
2941,11.9,17.0,0.0,3.5794,4.3768
2942,15.2,22.0,0.0,4.5362,4.5789
2943,12.3,15.0,0.0,3.906,4.5441
2944,17.4,29.0,0.0,5.4369,4.6912
2945,11.1,15.0,0.0,3.3698,4.4761
2946,20.5,36.0,0.0,6.3014,4.7061
2947,13.2,23.0,0.0,4.3412,4.5757
2948,13.5,19.0,0.0,4.0528,4.595
2949,13.0,19.0,0.0,4.1102,4.5476
2950,14.3,21.0,0.0,4.2988,4.3293
2951,17.1,25.0,0.0,5.0962,4.5895
2952,16.0,26.0,0.0,5.0725,4.6374
2953,14.0,19.0,0.0,4.316,4.4286
2954,12.6,28.0,0.0,4.1049,4.6916
2955,14.1,19.0,0.0,4.2308,4.7084
2956,14.8,25.0,0.0,4.4975,4.5506
2957,16.6,28.0,0.0,5.1604,4.5292
2958,15.6,28.0,0.0,4.8229,4.4017
2959,12.8,16.0,0.0,3.8167,4.3627
2960,12.8,32.0,0.0,4.3728,4.4234
2961,15.1,36.0,0.0,5.0683,4.5713
2962,14.1,25.0,0.0,4.2925,4.5578
2963,17.5,22.0,0.0,5.4109,4.6747
2964,11.9,19.0,0.0,3.7589,4.4633
2965,11.6,20.0,0.0,3.6689,4.5396
2966,11.0,16.0,0.0,3.3597,4.414
2967,13.2,28.0,0.0,4.2556,4.4099
2968,11.0,19.0,0.0,3.4752,4.4778
2969,10.9,20.0,0.0,3.5248,4.3358
2970,11.8,17.0,0.0,3.6666,4.4118
2971,10.8,19.0,0.0,3.3338,4.2663
2972,11.5,22.0,0.0,3.6548,4.2599
2973,14.0,20.0,0.0,4.2843,4.3632
2974,11.4,15.0,0.0,3.5442,4.3828
2975,13.7,22.0,0.0,4.3554,4.4423
2976,15.6,25.0,0.0,4.7263,4.4701
2977,13.0,23.0,0.0,4.2288,4.3647
2978,12.4,21.0,0.0,3.6905,4.2117
2979,15.9,27.0,0.0,4.9708,4.427
2980,10.2,13.0,0.0,3.1853,4.5019
2981,11.4,18.0,0.0,3.469,4.3507
2982,16.3,21.0,0.0,4.7879,4.577
2983,12.6,20.0,0.0,3.9633,4.4326
2984,14.7,23.0,0.0,4.4916,4.3678
2985,12.8,16.0,0.0,4.0891,4.3599
2986,9.6,14.0,0.0,2.9867,4.2418
2987,13.4,20.0,0.0,4.3928,4.4863
2988,12.3,19.0,0.0,3.8802,4.3906
2989,13.1,25.0,0.0,4.1264,4.3405
2990,11.3,18.0,0.0,3.4131,4.1778
2991,12.5,22.0,0.0,3.8688,4.2421
2992,13.9,23.0,0.0,4.3741,4.4814
2993,18.2,31.0,0.0,5.6621,4.6302
2994,15.7,31.0,0.0,5.0057,4.4073
2995,13.5,18.0,0.0,4.1329,4.5497
2996,13.7,18.0,0.0,4.1034,4.5968
2997,14.7,33.0,0.0,4.8532,4.507
2998,11.4,16.0,0.0,3.492,4.4054
2999,16.7,27.0,0.0,5.2002,4.5171
3000,15.8,23.0,0.0,4.8836,4.4517
3001,10.7,16.0,0.0,3.3066,4.4363
3002,14.6,23.0,0.0,4.4441,4.541
3003,15.8,34.0,0.0,5.2066,4.4921
3004,19.7,27.0,0.0,6.0185,4.7253
3005,17.3,27.0,0.0,5.2731,4.7672
3006,14.2,25.0,0.0,4.4004,4.559
3007,13.7,26.0,0.0,4.358,4.5605
3008,12.6,25.0,0.0,4.0197,4.4514
3009,15.2,21.0,0.0,4.6975,4.6889
3010,12.8,18.0,0.0,3.8765,4.5218
3011,10.8,16.0,0.0,3.3949,4.3213
3012,11.4,15.0,0.0,3.5323,4.3589
3013,14.1,21.0,0.0,4.5137,4.7212
3014,12.8,18.0,0.0,3.8562,4.4205
3015,18.0,31.0,0.0,5.6574,4.5072
3016,11.8,18.0,0.0,3.7336,4.373
3017,14.3,25.0,0.0,4.4772,4.4607
3018,15.4,28.0,0.0,4.6799,4.6384
3019,16.6,30.0,0.0,5.0755,4.6709
3020,12.0,14.0,0.0,3.7266,4.5999
3021,12.6,21.0,0.0,3.892,4.5854
3022,16.2,24.0,0.0,4.8795,4.5315
3023,12.6,17.0,0.0,3.903,4.4868
3024,13.8,25.0,0.0,4.3252,4.3551
3025,11.6,16.0,0.0,3.5026,4.3196
3026,15.2,37.0,0.0,5.1251,4.5563
3027,15.9,33.0,0.0,5.1011,4.5945
3028,13.8,19.0,0.0,4.1533,4.5027
3029,12.6,20.0,0.0,3.9367,4.3535
3030,12.0,22.0,0.0,3.9099,4.3529
3031,13.6,18.0,0.0,4.1074,4.5613
3032,10.5,17.0,0.0,3.2695,4.3354
3033,14.2,21.0,0.0,4.3653,4.4486
3034,16.9,19.0,0.0,5.2044,4.5624
3035,17.1,29.0,0.0,5.3391,4.5491
3036,15.7,22.0,0.0,4.789,4.5198
3037,13.7,24.0,0.0,4.3689,4.454
3038,11.2,15.0,0.0,3.5014,4.3476
3039,15.2,20.0,0.0,4.756,4.5584
3040,13.6,22.0,0.0,4.3305,4.6058
3041,12.1,17.0,0.0,3.8607,4.4605
3042,13.7,18.0,0.0,4.2317,4.5228
3043,14.3,30.0,0.0,4.6747,4.3889
3044,13.8,29.0,0.0,4.4021,4.5995
3045,13.9,19.0,0.0,4.3577,4.5804
3046,18.0,27.0,0.0,5.5412,4.6459
3047,13.0,18.0,0.0,4.0534,4.2822
3048,14.9,24.0,0.0,4.5871,4.4493
3049,13.7,19.0,0.0,4.2748,4.3935
3050,14.8,20.0,0.0,4.5075,4.2184
3051,15.3,27.0,0.0,4.8425,4.5394
3052,11.7,18.0,0.0,3.619,4.1719
3053,10.7,15.0,0.0,3.244,4.5691
3054,8.6,15.0,0.0,2.8391,4.3458
3055,11.7,17.0,0.0,3.6395,4.4206
3056,13.8,18.0,0.0,4.2456,4.4939
3057,10.3,20.0,0.0,3.2356,4.4127
3058,13.9,29.0,0.0,4.3986,4.5175
3059,9.2,14.0,0.0,3.0223,4.3
3060,13.7,18.0,0.0,4.1314,4.3585
3061,10.2,17.0,0.0,3.2753,4.35
3062,10.7,21.0,0.0,3.4336,4.4986
3063,13.2,17.0,0.0,3.9831,4.4745
3064,13.1,27.0,0.0,4.2044,4.5196
3065,10.9,16.0,0.0,3.363,4.3476
3066,12.5,28.0,0.0,4.3657,4.362
3067,12.9,19.0,0.0,4.0423,4.646
3068,13.2,35.0,0.0,4.6202,4.6371
3069,14.6,22.0,0.0,4.4414,4.5309
3070,10.0,17.0,0.0,3.1434,4.4063
3071,11.4,19.0,0.0,3.6096,4.3893
3072,12.2,17.0,0.0,3.5981,4.4202
3073,14.2,39.0,0.0,4.8477,4.5068
3074,14.5,22.0,0.0,4.5317,4.3214
3075,13.2,22.0,0.0,4.0948,4.5458
3076,13.6,18.0,0.0,4.0622,4.4357
3077,13.3,21.0,0.0,4.1059,4.4562
3078,13.3,20.0,0.0,4.2363,4.4809
3079,16.9,29.0,0.0,5.289,4.7229
3080,15.1,23.0,0.0,4.6138,4.6153
3081,17.1,33.0,0.0,5.3217,4.6088
3082,14.4,27.0,0.0,4.4866,4.4513
3083,14.0,20.0,0.0,4.2432,4.5788
3084,15.1,27.0,0.0,4.8689,4.5073
3085,14.5,22.0,0.0,4.5093,4.4732
3086,15.6,22.0,0.0,4.8584,4.5955
3087,15.2,21.0,0.0,4.6943,4.4918
3088,15.2,20.0,0.0,4.7355,4.6375
3089,15.9,36.0,0.0,5.2216,4.4096
3090,16.7,29.0,0.0,5.0823,4.6628
3091,12.5,20.0,0.0,3.874,4.6348
3092,14.9,23.0,0.0,4.4273,4.6399
3093,15.8,27.0,0.0,4.7927,4.315
3094,10.7,14.0,0.0,3.2854,4.3268
3095,15.5,23.0,0.0,4.8129,4.5596
3096,13.9,21.0,0.0,4.4326,4.496
3097,14.2,28.0,0.0,4.4966,4.5335
3098,16.6,21.0,0.0,4.9454,4.5821
3099,15.1,24.0,0.0,4.7042,4.606
3100,14.9,21.0,0.0,4.7289,4.567
3101,15.7,26.0,0.0,4.8785,4.5696
3102,15.4,23.0,0.0,4.6997,4.5414
3103,13.8,26.0,0.0,4.2064,4.3387
3104,13.9,22.0,0.0,4.3411,4.6207
3105,13.3,20.0,0.0,4.1099,4.518
3106,13.8,18.0,0.0,4.1924,4.5239
3107,12.7,20.0,0.0,3.9674,4.7172
3108,15.1,24.0,0.0,4.9806,4.841
3109,17.6,37.0,0.0,5.6247,4.6171
3110,12.3,19.0,0.0,3.7232,4.2914
3111,11.9,22.0,0.0,3.672,4.2448
3112,13.5,21.0,0.0,4.2309,4.4104
3113,9.9,19.0,0.0,3.1113,4.3094
3114,12.0,20.0,0.0,3.6928,4.4456
3115,15.6,27.0,0.0,4.8629,4.5124
3116,14.4,24.0,0.0,4.6008,4.5386
3117,19.1,29.0,0.0,5.752,4.5004
3118,11.9,18.0,0.0,3.6188,4.3359
3119,13.1,24.0,0.0,4.0152,4.4881
3120,14.9,24.0,0.0,4.6331,4.514
3121,11.4,18.0,0.0,3.4908,4.4032
3122,12.6,21.0,0.0,3.7923,4.4011
3123,10.5,14.0,0.0,3.2199,4.1612
3124,15.4,28.0,0.0,4.911,4.4108
3125,17.4,26.0,0.0,5.3383,4.3158
3126,16.6,35.0,0.0,5.1067,4.3512
3127,15.5,22.0,0.0,4.6097,4.3894
3128,14.2,19.0,0.0,4.3672,4.4404
3129,12.3,17.0,0.0,3.8212,4.2473
3130,14.8,24.0,0.0,4.4889,4.3928
3131,13.0,20.0,0.0,3.9634,4.3587
3132,15.8,28.0,0.0,5.0077,4.4901
3133,13.7,17.0,0.0,4.1253,4.316
3134,14.5,30.0,0.0,4.8413,4.3389
3135,14.8,18.0,0.0,4.346,4.311
3136,17.6,23.0,0.0,5.2175,4.4805
3137,16.3,28.0,0.0,5.0057,4.3717
3138,18.3,33.0,0.0,5.6549,4.5022
3139,13.5,34.0,0.0,4.6313,4.4897
3140,15.2,25.0,0.0,4.9242,4.728
3141,15.1,19.0,0.0,4.5571,4.6316
3142,14.9,24.0,0.0,4.6084,4.6628
3143,14.0,27.0,0.0,4.366,4.78
3144,14.9,21.0,0.0,4.5899,4.7393
3145,13.2,17.0,0.0,3.956,4.4158
3146,12.9,19.0,0.0,4.0369,4.4187
3147,11.5,14.0,0.0,3.5651,4.4188
3148,13.0,20.0,0.0,3.9825,4.3699
3149,12.0,22.0,0.0,3.778,4.5776
3150,13.4,19.0,0.0,3.9884,4.5697
3151,8.8,11.0,0.0,2.8239,4.2578
3152,11.7,20.0,0.0,3.6453,4.3703
3153,14.3,20.0,0.0,4.2725,4.3311
3154,11.7,17.0,0.0,3.5777,4.2446
3155,14.6,20.0,0.0,4.4296,4.2648
3156,11.8,16.0,0.0,3.6525,4.3936
3157,13.7,17.0,0.0,4.272,4.4024
3158,9.6,16.0,0.0,2.8496,4.3044
3159,10.1,14.0,0.0,3.1448,4.3648
3160,13.3,18.0,0.0,3.9077,4.3885
3161,16.8,24.0,0.0,4.9082,4.4475
3162,11.8,18.0,0.0,3.6149,4.4619
3163,11.9,16.0,0.0,3.7812,4.3367
3164,13.4,26.0,0.0,4.261,4.4368
3165,11.8,20.0,0.0,3.5875,4.4146
3166,12.1,19.0,0.0,3.6421,4.4126
3167,11.5,18.0,0.0,3.4551,4.3981
3168,13.4,22.0,0.0,4.0351,4.4936
3169,8.7,12.0,0.0,2.8262,4.2871
3170,12.7,17.0,0.0,4.085,4.5483
3171,10.0,15.0,0.0,3.1058,4.1454
3172,16.8,38.0,0.0,5.5776,4.4917
3173,12.6,23.0,0.0,3.9665,4.383
3174,12.6,24.0,0.0,3.8862,4.2873
3175,12.1,18.0,0.0,3.7718,4.331
3176,15.4,25.0,0.0,4.8695,4.4089
3177,13.4,23.0,0.0,4.0878,4.4153
3178,14.5,21.0,0.0,4.2872,4.4494
3179,12.3,20.0,0.0,3.7926,4.2553
3180,14.3,18.0,0.0,4.5119,4.453
3181,15.7,32.0,0.0,5.1405,4.3421
3182,16.0,27.0,0.0,4.9102,4.4898
3183,19.6,31.0,0.0,6.0165,4.6786
3184,14.2,21.0,0.0,4.3167,4.6122
3185,11.8,17.0,0.0,3.7037,4.344
3186,12.7,19.0,0.0,3.8617,4.2324
3187,13.5,22.0,0.0,4.2615,4.3471
3188,14.2,17.0,0.0,4.4287,4.5417
3189,12.9,19.0,0.0,3.8761,4.7302
3190,18.5,33.0,0.0,5.7207,4.6256
3191,12.8,21.0,0.0,4.0901,4.4994
3192,12.4,15.0,0.0,3.8344,4.3993
3193,11.3,16.0,0.0,3.5308,4.3867
3194,13.6,19.0,0.0,4.182,4.3695
3195,15.2,26.0,0.0,4.7818,4.382
3196,15.5,31.0,0.0,4.818,4.4617
3197,12.4,18.0,0.0,3.9128,4.4933
3198,11.9,15.0,0.0,3.5898,4.5318
3199,14.9,26.0,0.0,4.6968,4.2791
3200,18.5,28.0,0.0,5.6654,4.4852
3201,11.5,19.0,0.0,3.5367,4.2254
3202,15.2,30.0,0.0,4.8629,4.3731
3203,17.6,27.0,0.0,5.4292,4.6897
3204,13.0,19.0,0.0,4.0324,4.434
3205,13.4,19.0,0.0,4.1452,4.4781
3206,16.9,35.0,0.0,5.3251,4.4298
3207,13.4,19.0,0.0,4.133,4.4306
3208,14.2,20.0,0.0,4.3092,4.3862
3209,12.5,16.0,0.0,3.7248,4.5106
3210,14.5,22.0,0.0,4.4061,4.4117
3211,13.3,23.0,0.0,4.2237,4.357
3212,12.0,15.0,0.0,3.7596,4.5006
3213,17.9,29.0,0.0,5.647,4.5683
3214,17.0,29.0,0.0,5.2487,4.5788
3215,13.2,20.0,0.0,4.119,4.4198
3216,15.0,22.0,0.0,4.6605,4.4712
3217,16.5,27.0,0.0,4.9606,4.6301
3218,13.1,19.0,0.0,3.9927,4.4825
3219,15.3,20.0,0.0,4.9712,4.5299
3220,13.9,30.0,0.0,4.4813,4.5204
3221,14.2,19.0,0.0,4.4781,4.468
3222,11.2,17.0,0.0,3.4044,4.3669
3223,16.0,18.0,0.0,4.9629,4.6718
3224,16.2,42.0,0.0,5.3917,4.5548
3225,13.2,22.0,0.0,3.9829,4.5066
3226,16.4,26.0,0.0,5.1904,4.5289
3227,12.9,19.0,0.0,3.9724,4.4175
3228,10.2,17.0,0.0,3.1859,4.3789
3229,14.6,21.0,0.0,4.3922,4.4898
3230,16.0,35.0,0.0,5.1658,4.5084
3231,13.7,25.0,0.0,4.4835,4.4844
3232,13.6,17.0,0.0,4.26,4.4814
3233,19.1,32.0,0.0,5.7637,4.5882
3234,18.4,26.0,0.0,5.4061,4.6954
3235,13.5,21.0,0.0,4.1432,4.6136
3236,14.6,21.0,0.0,4.5522,4.5393
3237,14.5,25.0,0.0,4.6846,4.5871
3238,12.1,21.0,0.0,3.8073,4.4836
3239,11.7,20.0,0.0,3.7085,4.3212
3240,19.8,31.0,0.0,6.0743,4.5073
3241,14.8,20.0,0.0,4.6678,4.454
3242,13.4,20.0,0.0,4.0045,4.3923
3243,11.8,16.0,0.0,3.5284,4.2933
3244,17.7,37.0,0.0,5.698,4.4459
3245,14.5,27.0,0.0,4.594,4.3375
3246,12.9,16.0,0.0,3.9048,4.3601
3247,11.7,16.0,0.0,3.508,4.2986
3248,15.7,22.0,0.0,4.7684,4.53
3249,13.2,23.0,0.0,4.1092,4.4041
3250,13.1,23.0,0.0,3.9837,4.1698
3251,12.7,16.0,0.0,3.8079,4.1575
3252,19.2,43.0,0.0,6.1023,4.4802
3253,15.0,24.0,0.0,4.6678,4.5251
3254,16.7,31.0,0.0,5.3454,4.706
3255,18.1,28.0,0.0,5.5178,4.5953
3256,14.8,24.0,0.0,4.4906,4.4296
3257,13.4,25.0,0.0,4.1609,4.6421
3258,15.9,24.0,0.0,4.8466,4.4427
3259,13.3,17.0,0.0,3.9959,4.3474
3260,13.9,19.0,0.0,4.1976,4.4762
3261,14.1,16.0,0.0,4.3532,4.4804
3262,17.4,23.0,0.0,5.2556,4.6338
3263,13.5,21.0,0.0,4.2849,4.4952
3264,14.2,26.0,0.0,4.462,4.575
3265,14.9,20.0,0.0,4.8023,4.4956
3266,12.8,17.0,0.0,3.8343,4.4711
3267,15.8,22.0,0.0,4.7634,4.428
3268,12.8,22.0,0.0,4.0034,4.4487
3269,14.3,26.0,0.0,4.4959,4.4556
3270,15.0,22.0,0.0,4.4551,4.6464
3271,16.1,22.0,0.0,4.8823,4.456
3272,16.2,35.0,0.0,5.2549,4.4791
3273,16.0,24.0,0.0,5.0256,4.4441
3274,12.4,16.0,0.0,3.7346,4.3554
3275,12.9,19.0,0.0,4.1132,4.4063
3276,15.6,21.0,0.0,4.7868,4.6556
3277,14.9,21.0,0.0,4.3895,4.378
3278,13.7,18.0,0.0,4.1421,4.6149
3279,14.9,31.0,0.0,4.7033,4.5025
3280,11.1,23.0,0.0,3.6003,4.274
3281,17.2,28.0,0.0,5.2598,4.5458
3282,15.8,26.0,0.0,5.0566,4.6434
3283,14.2,19.0,0.0,4.2827,4.4138
3284,14.1,22.0,0.0,4.307,4.3646
3285,15.4,33.0,0.0,5.1168,4.4246
3286,11.3,18.0,0.0,3.5598,4.4301
3287,12.2,24.0,0.0,3.9681,4.3355
3288,13.8,17.0,0.0,4.2521,4.4591
3289,12.1,22.0,0.0,3.8208,4.4029
3290,14.1,32.0,0.0,4.7268,4.5384
3291,15.6,22.0,0.0,4.8277,4.6151
3292,13.5,26.0,0.0,4.2787,4.5047
3293,13.5,18.0,0.0,4.1063,4.5514
3294,12.5,15.0,0.0,3.9103,4.4816
3295,13.5,24.0,0.0,4.3606,4.5685
3296,12.8,27.0,0.0,4.1369,4.4879
3297,15.0,28.0,0.0,4.9096,4.4843
3298,13.0,23.0,0.0,4.0553,4.4151
3299,15.9,22.0,0.0,4.7809,4.5213
3300,17.6,33.0,0.0,5.4268,4.5704
3301,14.2,19.0,0.0,4.399,4.525
3302,15.9,28.0,0.0,5.0267,4.5669
3303,15.4,22.0,0.0,4.6336,4.4411
3304,12.0,19.0,0.0,3.8223,4.3309
3305,15.4,22.0,0.0,4.6378,4.5608
3306,15.1,21.0,0.0,4.5538,4.5067
3307,10.5,14.0,0.0,3.3163,4.4177
3308,12.8,26.0,0.0,4.0736,4.3899
3309,14.4,24.0,0.0,4.4831,4.5027
3310,14.0,23.0,0.0,4.3498,4.4947
3311,12.4,21.0,0.0,3.8707,4.4774
3312,13.1,20.0,0.0,3.9292,4.5283
3313,14.1,33.0,0.0,4.616,4.3611
3314,15.4,27.0,0.0,4.724,4.496
3315,16.0,24.0,0.0,4.9363,4.6039
3316,14.1,30.0,0.0,4.684,4.5229
3317,11.0,15.0,0.0,3.4877,4.2995
3318,14.2,20.0,0.0,4.4242,4.4773
3319,12.8,20.0,0.0,3.8704,4.322
3320,11.6,15.0,0.0,3.6696,4.4235
3321,14.9,24.0,0.0,4.7787,4.5276
3322,14.9,25.0,0.0,4.6642,4.3785
3323,14.7,25.0,0.0,4.3788,4.2767
3324,14.1,19.0,0.0,4.4796,4.3328
3325,15.6,27.0,0.0,4.916,4.2427
3326,11.3,17.0,0.0,3.6482,4.1714
3327,11.9,14.0,0.0,3.6915,4.1702
3328,12.0,20.0,0.0,3.841,4.3079
3329,10.8,17.0,0.0,3.3938,4.2904
3330,17.2,23.0,0.0,5.2305,4.4229
3331,14.1,18.0,0.0,4.2977,4.572
3332,12.1,21.0,0.0,3.7965,4.3899
3333,16.1,27.0,0.0,4.9862,4.5045
3334,13.8,18.0,0.0,4.3039,4.7061
3335,17.3,38.0,0.0,5.6109,4.7134
3336,15.5,31.0,0.0,4.943,4.7448
3337,15.0,24.0,0.0,4.5288,4.6125
3338,12.4,16.0,0.0,3.7187,4.5037
3339,12.5,21.0,0.0,3.8784,4.493
3340,19.0,26.0,0.0,5.6149,4.6855
3341,15.1,43.0,0.0,5.448,4.5881
3342,12.0,22.0,0.0,3.7563,4.461
3343,14.7,28.0,0.0,4.9013,4.3704
3344,13.1,17.0,0.0,3.8498,4.385
3345,12.9,15.0,0.0,3.8566,4.5015
3346,14.4,19.0,0.0,4.4193,4.251
3347,12.1,18.0,0.0,3.7604,4.2891
3348,15.8,26.0,0.0,4.7918,4.4403
3349,15.5,22.0,0.0,4.7231,4.4525
3350,10.9,16.0,0.0,3.3549,4.4904
3351,13.2,20.0,0.0,4.2621,4.5925
3352,14.9,24.0,0.0,4.6851,4.6327
3353,14.5,33.0,0.0,4.8156,4.3923
3354,19.0,32.0,0.0,5.9582,4.4603
3355,11.7,18.0,0.0,3.6826,4.3087
3356,14.0,23.0,0.0,4.4818,4.5415
3357,14.3,19.0,0.0,4.3269,4.5359
3358,13.7,22.0,0.0,4.2878,4.4089
3359,13.1,26.0,0.0,4.0649,4.2405
3360,11.3,19.0,0.0,3.4499,4.3804
3361,16.8,29.0,0.0,5.1853,4.7092
3362,11.2,15.0,0.0,3.4882,4.3256
3363,13.6,16.0,0.0,4.2521,4.4855
3364,14.8,23.0,0.0,4.5243,4.588
3365,11.9,23.0,0.0,3.7169,4.513
3366,12.7,18.0,0.0,3.7992,4.6253
3367,13.6,16.0,0.0,4.0682,4.5888
3368,16.2,32.0,0.0,5.3488,4.6816
3369,12.8,20.0,0.0,3.9347,4.5883
3370,14.9,25.0,0.0,4.6606,4.6425
3371,14.4,32.0,0.0,4.6141,4.6646
3372,11.8,13.0,0.0,3.7934,4.6524
3373,15.7,28.0,0.0,4.9154,4.4321
3374,14.7,24.0,0.0,4.5191,4.4044
3375,13.0,23.0,0.0,4.0589,4.5236
3376,14.5,37.0,0.0,4.8039,4.4837
3377,13.3,25.0,0.0,4.2527,4.4753
3378,11.5,16.0,0.0,3.739,4.5359
3379,11.2,18.0,0.0,3.5309,4.4419
3380,14.8,22.0,0.0,4.5394,4.6851
3381,12.9,17.0,0.0,3.9508,4.5495
3382,17.2,29.0,0.0,5.3733,4.5318
3383,9.5,15.0,0.0,2.9563,4.3515
3384,11.7,17.0,0.0,3.7266,4.3794
3385,11.7,16.0,0.0,3.4492,4.4677
3386,16.3,35.0,0.0,5.426,4.5752
3387,13.4,23.0,0.0,4.1865,4.4875
3388,15.5,25.0,0.0,5.0392,4.5761
3389,13.9,21.0,0.0,4.2812,4.5669
3390,14.4,24.0,0.0,4.4618,4.458
3391,10.8,16.0,0.0,3.2684,4.3631
3392,15.2,32.0,0.0,4.9024,4.4037
3393,12.4,19.0,0.0,3.697,4.27
3394,16.8,23.0,0.0,5.2922,4.8128
3395,15.7,27.0,0.0,4.8733,4.4617
3396,14.3,20.0,0.0,4.4181,4.5261
3397,14.2,22.0,0.0,4.3997,4.4161
3398,12.2,20.0,0.0,3.9348,4.5782
3399,12.6,22.0,0.0,3.997,4.4939
3400,14.3,24.0,0.0,4.4499,4.5263
3401,15.7,25.0,0.0,4.7623,4.4321
3402,11.7,15.0,0.0,3.5581,4.2921
3403,12.5,15.0,0.0,3.8196,4.5137
3404,18.7,30.0,0.0,5.7677,4.5629
3405,15.1,25.0,0.0,4.6628,4.6205
3406,13.2,19.0,0.0,3.9774,4.3222
3407,14.9,29.0,0.0,4.6884,4.587
3408,12.3,16.0,0.0,3.8581,4.632
3409,13.9,18.0,0.0,4.1663,4.5936
3410,15.2,28.0,0.0,4.811,4.5578
3411,13.2,18.0,0.0,4.0458,4.6077
3412,11.2,23.0,0.0,3.6045,4.3159
3413,12.7,19.0,0.0,4.0623,4.4923
3414,12.7,24.0,0.0,4.0652,4.6832
3415,16.4,33.0,0.0,5.1728,4.5582
3416,15.2,23.0,0.0,4.5233,4.547
3417,14.6,23.0,0.0,4.5,4.5585
3418,11.3,19.0,0.0,3.5687,4.568
3419,8.4,11.0,0.0,2.6358,4.284
3420,13.0,17.0,0.0,3.9214,4.4897
3421,13.0,16.0,0.0,4.062,4.5799
3422,13.1,20.0,0.0,4.0463,4.4978
3423,13.1,30.0,0.0,4.4297,4.6018
3424,16.1,23.0,0.0,4.8847,4.5715
3425,13.8,21.0,0.0,4.2464,4.5994
3426,11.7,13.0,0.0,3.777,4.5835
3427,11.0,15.0,0.0,3.3633,4.387
3428,13.3,17.0,0.0,4.2367,4.3619
3429,12.1,16.0,0.0,3.618,4.4781
3430,11.8,17.0,0.0,3.6042,4.3492
3431,14.9,19.0,0.0,4.5615,4.4085
3432,13.8,25.0,0.0,4.4448,4.5057
3433,13.4,17.0,0.0,4.0703,4.517
3434,16.4,25.0,0.0,5.1673,4.4603
3435,14.7,19.0,0.0,4.4452,4.3025
3436,12.7,18.0,0.0,3.9796,4.3753
3437,14.3,22.0,0.0,4.3859,4.4703
3438,11.6,15.0,0.0,3.3313,4.3019
3439,17.0,31.0,0.0,5.2905,4.5704
3440,14.4,25.0,0.0,4.4833,4.4212
3441,14.6,19.0,0.0,4.4337,4.3567
3442,14.7,23.0,0.0,4.5751,4.3802
3443,10.5,20.0,0.0,3.2902,4.2282
3444,14.9,23.0,0.0,4.646,4.3821
3445,17.2,41.0,0.0,5.7746,4.3823
3446,14.0,24.0,0.0,4.3262,4.3103
3447,15.5,23.0,0.0,4.6228,4.5464
3448,13.3,23.0,0.0,4.1424,4.3924
3449,12.3,17.0,0.0,3.8432,4.4793
3450,15.3,21.0,0.0,4.6799,4.4744
3451,13.7,26.0,0.0,4.2273,4.3218
3452,16.2,21.0,0.0,4.8077,4.3624
3453,14.3,21.0,0.0,4.3369,4.4947
3454,12.8,17.0,0.0,3.9317,4.5502
3455,11.7,17.0,0.0,3.623,4.3921
3456,16.4,24.0,0.0,5.0239,4.5565
3457,12.3,18.0,0.0,3.874,4.2566
3458,13.7,22.0,0.0,4.1224,4.3451
3459,15.6,24.0,0.0,4.7667,4.4792
3460,12.6,17.0,0.0,3.9679,4.4374
3461,14.0,29.0,0.0,4.579,4.3813
3462,12.5,20.0,0.0,3.9615,4.4814
3463,14.1,17.0,0.0,4.1337,4.5512
3464,14.7,18.0,0.0,4.131,4.5613
3465,14.6,25.0,0.0,4.4768,4.409
3466,14.9,22.0,0.0,4.4367,4.67
3467,11.3,16.0,0.0,3.6267,4.4613
3468,12.0,16.0,0.0,3.681,4.524
3469,15.5,22.0,0.0,4.672,4.5607
3470,12.4,23.0,0.0,4.0646,4.486
3471,15.8,28.0,0.0,4.9331,4.5885
3472,12.8,17.0,0.0,3.9373,4.5768
3473,13.1,18.0,0.0,3.9174,4.376
3474,13.6,16.0,0.0,4.1914,4.229
3475,15.5,22.0,0.0,4.7446,4.3408
3476,11.3,17.0,0.0,3.5479,4.3551
3477,13.2,19.0,0.0,4.0647,4.3561
3478,16.0,24.0,0.0,5.0586,4.5305
3479,10.7,14.0,0.0,3.3771,4.1361
3480,9.3,13.0,0.0,2.9388,4.2486
3481,11.8,21.0,0.0,3.7374,4.1638
3482,11.7,19.0,0.0,3.7132,4.2442
3483,14.9,22.0,0.0,4.4438,4.5871
3484,14.7,28.0,0.0,4.7102,4.5286
3485,15.7,22.0,0.0,4.7756,4.6799
3486,14.1,29.0,0.0,4.3488,4.65
3487,18.2,36.0,0.0,5.853,4.7931
3488,13.8,21.0,0.0,4.2388,4.6211
3489,15.1,20.0,0.0,4.5069,4.7529
3490,14.6,25.0,0.0,4.4674,4.5642
3491,11.6,19.0,0.0,3.5933,4.2119
3492,15.5,27.0,0.0,5.0007,4.5973
3493,15.3,25.0,0.0,4.785,4.4276
3494,16.2,29.0,0.0,5.2679,4.6451
3495,13.9,20.0,0.0,4.2901,4.724
3496,14.6,30.0,0.0,4.8201,4.4021
3497,15.9,22.0,0.0,4.8376,4.4471
3498,14.7,27.0,0.0,4.5222,4.3747
3499,17.0,27.0,0.0,5.3049,4.5094
3500,15.4,24.0,0.0,4.6467,4.5091
3501,15.5,25.0,0.0,4.8481,4.4624
3502,11.6,21.0,0.0,3.7665,4.4238
3503,11.1,18.0,0.0,3.4569,4.4216
3504,12.1,15.0,0.0,3.6871,4.3082
3505,13.2,17.0,0.0,3.8662,4.353
3506,15.1,21.0,0.0,4.6465,4.4808
3507,15.5,34.0,0.0,4.9945,4.2307
3508,14.3,18.0,0.0,4.3495,4.4204
3509,13.2,23.0,0.0,4.0985,4.2844
3510,16.2,23.0,0.0,4.9834,4.4692
3511,13.7,22.0,0.0,4.2683,4.3444
3512,14.6,25.0,0.0,4.5811,4.3589
3513,15.4,22.0,0.0,4.6811,4.5205
3514,13.7,19.0,0.0,4.1773,4.5499
3515,16.8,25.0,0.0,5.2076,4.6547
3516,13.4,20.0,0.0,4.0038,4.5741
3517,12.1,15.0,0.0,3.7871,4.3341
3518,12.4,29.0,0.0,4.1304,4.2211
3519,15.4,22.0,0.0,4.7782,4.4746
3520,14.3,24.0,0.0,4.4975,4.5002
3521,13.5,19.0,0.0,4.1723,4.6486
3522,11.0,15.0,0.0,3.2944,4.6048
3523,12.8,17.0,0.0,3.997,4.4528
3524,15.4,28.0,0.0,4.717,4.5124
3525,13.2,17.0,0.0,3.9481,4.6068
3526,13.4,25.0,0.0,4.1737,4.5654
3527,13.5,24.0,0.0,4.2202,4.396
3528,15.3,22.0,0.0,4.5227,4.5669
3529,12.5,18.0,0.0,4.0817,4.3344
3530,14.4,21.0,0.0,4.2568,4.2857
3531,13.7,20.0,0.0,4.274,4.3325
3532,14.0,19.0,0.0,4.2687,4.3987
3533,12.3,24.0,0.0,3.8661,4.3052
3534,13.7,26.0,0.0,4.4668,4.3518
3535,11.8,19.0,0.0,3.6834,4.2333
3536,12.7,23.0,0.0,3.9615,4.4153
3537,17.1,25.0,0.0,5.1873,4.5769
3538,14.5,20.0,0.0,4.4309,4.4837
3539,13.5,18.0,0.0,3.9593,4.3162
3540,14.9,26.0,0.0,4.5753,4.5971
3541,14.4,24.0,0.0,4.5381,4.4262
3542,14.3,27.0,0.0,4.5494,4.7123
3543,16.4,27.0,0.0,4.9378,4.4839
3544,16.8,26.0,0.0,5.0936,4.8739
3545,13.8,19.0,0.0,4.2533,4.7156
3546,13.8,16.0,0.0,4.1952,4.4646
3547,15.2,22.0,0.0,4.644,4.8027
3548,15.7,33.0,0.0,4.962,4.6836
3549,12.6,18.0,0.0,3.8213,4.584
3550,11.8,16.0,0.0,3.64,4.5503
3551,11.3,16.0,0.0,3.4586,4.535
3552,14.3,19.0,0.0,4.2857,4.6196
3553,15.0,26.0,0.0,4.7447,4.3961
3554,13.7,27.0,0.0,4.2945,4.6372
3555,11.9,21.0,0.0,3.7567,4.4086
3556,12.9,29.0,0.0,4.3416,4.6321
3557,11.2,16.0,0.0,3.4914,4.276
3558,11.6,21.0,0.0,3.6359,4.2749
3559,13.8,20.0,0.0,4.0812,4.3649
3560,13.1,18.0,0.0,3.9464,4.4082
3561,12.8,21.0,0.0,3.9708,4.4053
3562,12.7,20.0,0.0,3.9737,4.4292
3563,13.9,19.0,0.0,4.2096,4.4051
3564,12.6,27.0,0.0,4.1605,4.403
3565,12.7,15.0,0.0,4.0271,4.461
3566,13.0,23.0,0.0,3.9071,4.5434
3567,10.6,13.0,0.0,3.2652,4.3418
3568,12.1,20.0,0.0,3.8165,4.3581
3569,16.1,21.0,0.0,4.9902,4.7223
3570,15.2,21.0,0.0,4.6141,4.6003
3571,13.0,18.0,0.0,3.8886,4.2783
3572,18.1,29.0,0.0,5.5744,4.6827
3573,17.5,26.0,0.0,5.3863,4.599
3574,13.9,20.0,0.0,4.3298,4.4933
3575,13.6,24.0,0.0,4.2233,4.4851
3576,12.1,20.0,0.0,3.8437,4.4529
3577,14.4,16.0,0.0,4.3705,4.5603
3578,14.5,29.0,0.0,4.5247,4.4266
3579,16.8,35.0,0.0,5.4083,4.5075
3580,16.7,30.0,0.0,5.1431,4.3729
3581,19.6,31.0,0.0,5.92,4.5577
3582,14.8,22.0,0.0,4.3892,4.2967
3583,14.3,28.0,0.0,4.3929,4.3367
3584,14.1,23.0,0.0,4.3324,4.3154
3585,10.9,16.0,0.0,3.3087,4.167
3586,16.4,21.0,0.0,5.0486,4.6657
3587,11.8,18.0,0.0,3.8184,4.4969
3588,14.0,25.0,0.0,4.2537,4.5331
3589,16.4,24.0,0.0,4.9761,4.5529
3590,14.6,26.0,0.0,4.6254,4.5796
3591,12.4,17.0,0.0,3.8049,4.3694
3592,18.9,32.0,0.0,5.7539,4.5811
3593,14.2,19.0,0.0,4.2686,4.4713
3594,11.7,16.0,0.0,3.6152,4.3809
3595,12.4,16.0,0.0,3.786,4.1894
3596,13.2,21.0,0.0,4.0557,4.3533
3597,13.5,17.0,0.0,4.2399,4.3824
3598,12.1,23.0,0.0,3.9952,4.3337
3599,16.5,32.0,0.0,5.3188,4.4573
3600,12.2,17.0,0.0,3.7232,4.3262
3601,15.2,34.0,0.0,4.9747,4.3411
3602,15.9,28.0,0.0,4.9531,4.2806
3603,13.0,16.0,0.0,3.956,4.2249
3604,15.8,22.0,0.0,4.8713,4.412
3605,14.4,18.0,0.0,4.2478,4.3308
3606,13.4,23.0,0.0,4.225,4.2539
3607,18.5,32.0,0.0,5.6943,4.3695
3608,15.9,32.0,0.0,4.9902,4.5124
3609,9.8,15.0,0.0,3.2172,4.4775
3610,14.5,24.0,0.0,4.4617,4.597
3611,12.3,20.0,0.0,3.8776,4.3667
3612,11.3,15.0,0.0,3.5732,4.4367
3613,14.5,21.0,0.0,4.3918,4.6193
3614,14.8,24.0,0.0,4.5609,4.4609
3615,15.9,28.0,0.0,5.0406,4.7032
3616,12.0,25.0,0.0,3.8323,4.4196
3617,16.3,26.0,0.0,4.941,4.5798
3618,13.7,30.0,0.0,4.4306,4.4703
3619,17.5,29.0,0.0,5.332,4.6409
3620,14.8,28.0,0.0,4.7883,4.5084
3621,12.2,15.0,0.0,3.6516,4.435
3622,14.7,22.0,0.0,4.5062,4.3997
3623,14.3,23.0,0.0,4.5451,4.392
3624,13.3,15.0,0.0,4.0832,4.3929
3625,13.5,31.0,0.0,4.3846,4.3014
3626,16.8,24.0,0.0,4.9322,4.4586
3627,11.1,19.0,0.0,3.3121,4.4631
3628,9.6,14.0,0.0,3.1019,4.4469
3629,12.3,26.0,0.0,3.9771,4.2754
3630,12.8,20.0,0.0,4.0236,4.2712
3631,15.1,24.0,0.0,4.6915,4.449
3632,12.0,17.0,0.0,3.6411,4.4714
3633,14.0,26.0,0.0,4.3612,4.4458
3634,11.6,17.0,0.0,3.448,4.3704
3635,13.2,20.0,0.0,4.0785,4.3025
3636,14.7,28.0,0.0,4.4362,4.4177
3637,12.4,16.0,0.0,3.8363,4.5497
3638,15.1,20.0,0.0,4.4683,4.3347
3639,16.3,21.0,0.0,4.9691,4.4531
3640,12.6,23.0,0.0,4.0642,4.2042
3641,15.9,27.0,0.0,4.9413,4.578
3642,14.7,28.0,0.0,4.7494,4.481
3643,10.8,15.0,0.0,3.3138,4.2939
3644,13.0,19.0,0.0,3.9217,4.3727
3645,11.9,16.0,0.0,3.7118,4.4671
3646,15.1,24.0,0.0,4.5926,4.5156
3647,14.7,20.0,0.0,4.5656,4.5564
3648,17.3,29.0,0.0,5.3274,4.5299
3649,13.6,19.0,0.0,4.183,4.5208
3650,15.4,23.0,0.0,4.6379,4.4344
3651,12.5,22.0,0.0,3.9453,4.4754
3652,11.2,16.0,0.0,3.2508,4.2769
3653,10.7,14.0,0.0,3.2841,4.4557
3654,13.6,24.0,0.0,4.1593,4.5496
3655,11.5,23.0,0.0,3.8096,4.1689
3656,10.7,18.0,0.0,3.3747,4.2381
3657,11.2,16.0,0.0,3.412,4.3472
3658,10.6,22.0,0.0,3.3999,4.3431
3659,17.5,41.0,0.0,5.7987,4.5405
3660,13.3,23.0,0.0,4.0677,4.357
3661,12.3,18.0,0.0,3.8463,4.4161
3662,12.9,18.0,0.0,3.8815,4.2997
3663,15.1,27.0,0.0,4.6976,4.4801
3664,11.5,21.0,0.0,3.6125,4.3412
3665,14.1,20.0,0.0,4.2775,4.4481
3666,13.4,25.0,0.0,4.141,4.4934
3667,17.9,26.0,0.0,5.1843,4.5694
3668,12.2,24.0,0.0,3.8363,4.4825
3669,13.7,19.0,0.0,4.0853,4.4308
3670,14.8,24.0,0.0,4.4986,4.6287
3671,12.5,22.0,0.0,3.8994,4.4635
3672,15.7,29.0,0.0,4.8979,4.5289
3673,12.4,19.0,0.0,3.7852,4.3835
3674,17.7,32.0,0.0,5.586,4.5091
3675,12.4,21.0,0.0,3.9648,4.3185
3676,12.4,16.0,0.0,3.8824,4.4356
3677,11.9,15.0,0.0,3.8789,4.405
3678,15.9,20.0,0.0,4.7338,4.5202
3679,15.7,28.0,0.0,4.9709,4.562
3680,14.9,23.0,0.0,4.5006,4.3988
3681,15.9,23.0,0.0,4.99,4.7366
3682,15.1,21.0,0.0,4.5855,4.5138
3683,15.4,23.0,0.0,4.6053,4.4336
3684,13.6,21.0,0.0,4.1582,4.3072
3685,19.7,35.0,0.0,6.2482,4.903
3686,10.4,13.0,0.0,3.2438,4.449
3687,12.3,19.0,0.0,3.7532,4.3486
3688,17.8,21.0,0.0,5.2124,4.6264
3689,12.5,22.0,0.0,3.9474,4.563
3690,15.9,22.0,0.0,4.7885,4.7036
3691,10.9,17.0,0.0,3.2782,4.3706
3692,14.3,24.0,0.0,4.2096,4.3939
3693,15.2,18.0,0.0,4.7923,4.5838
3694,14.1,23.0,0.0,4.4395,4.4234
3695,14.2,22.0,0.0,4.3512,4.5367
3696,15.9,21.0,0.0,4.8363,4.5068
3697,16.3,27.0,0.0,5.0109,4.6352
3698,15.5,27.0,0.0,4.8703,4.5415
3699,14.1,31.0,0.0,4.6144,4.4378
3700,13.3,23.0,0.0,4.2027,4.549
3701,14.0,23.0,0.0,4.257,4.61
3702,12.0,16.0,0.0,3.7712,4.4008
3703,13.9,25.0,0.0,4.3336,4.2293
3704,10.7,15.0,0.0,3.2927,4.2847
3705,14.1,24.0,0.0,4.3696,4.4926
3706,15.1,24.0,0.0,4.7331,4.4425
3707,13.6,27.0,0.0,4.2635,4.4363
3708,13.4,23.0,0.0,4.3156,4.6922
3709,10.5,12.0,0.0,3.0847,4.3184
3710,13.3,20.0,0.0,4.1396,4.3901
3711,14.9,19.0,0.0,4.4534,4.4776
3712,17.0,31.0,0.0,5.3505,4.4716
3713,16.4,28.0,0.0,5.0229,4.4216
3714,11.1,14.0,0.0,3.3468,4.2999
3715,13.1,17.0,0.0,4.041,4.3182
3716,18.7,31.0,0.0,5.7245,4.5061
3717,14.4,31.0,0.0,4.5556,4.4634
3718,15.0,19.0,0.0,4.5093,4.56
3719,18.7,26.0,0.0,5.5492,4.8067
3720,14.2,35.0,0.0,4.7406,4.6385
3721,14.4,17.0,0.0,4.5988,4.4254
3722,15.4,25.0,0.0,4.6119,4.3336
3723,14.4,19.0,0.0,4.2961,4.3172
3724,14.9,20.0,0.0,4.3902,4.5474
3725,15.8,21.0,0.0,4.7221,4.7508
3726,17.1,30.0,0.0,5.2746,4.6252
3727,16.7,23.0,0.0,5.0472,4.7147
3728,17.1,25.0,0.0,5.2848,4.786
3729,14.7,18.0,0.0,4.3793,4.5958
3730,16.4,24.0,0.0,5.1412,4.9489
3731,14.6,20.0,0.0,4.6006,4.5995
3732,12.3,20.0,0.0,3.7026,4.5897
3733,12.5,18.0,0.0,3.7035,4.3174
3734,12.8,17.0,0.0,3.8974,4.7781
3735,11.0,20.0,0.0,3.4353,4.4043
3736,10.3,14.0,0.0,3.1339,4.4629
3737,15.9,24.0,0.0,4.868,4.6011
3738,9.4,12.0,0.0,2.9996,4.5164
3739,13.8,23.0,0.0,4.4182,4.5762
3740,13.6,19.0,0.0,4.2278,4.4169
3741,13.4,22.0,0.0,4.0371,4.4596
3742,17.9,28.0,0.0,5.5678,4.5391
3743,9.8,13.0,0.0,3.1234,4.2994
3744,12.9,18.0,0.0,3.9684,4.6294
3745,13.7,24.0,0.0,4.1761,4.7114
3746,13.5,23.0,0.0,4.1677,4.5638
3747,14.2,18.0,0.0,4.3513,4.4634
3748,13.3,24.0,0.0,4.1058,4.2209
3749,15.5,26.0,0.0,4.6026,4.5689
3750,16.4,27.0,0.0,4.9773,4.6322
3751,15.7,22.0,0.0,4.9439,4.6426
3752,15.6,28.0,0.0,4.9949,4.6481
3753,15.9,29.0,0.0,5.0464,4.4761
3754,11.9,20.0,0.0,3.7026,4.3536
3755,14.3,26.0,0.0,4.4982,4.5687
3756,15.7,24.0,0.0,4.9151,4.5755
3757,12.0,17.0,0.0,3.6378,4.5847
3758,14.2,26.0,0.0,4.2742,4.6105
3759,13.4,18.0,0.0,4.1227,4.3783
3760,12.2,18.0,0.0,3.7063,4.2373
3761,12.7,16.0,0.0,3.8199,4.3122
3762,13.4,21.0,0.0,4.0679,4.2925
3763,13.4,19.0,0.0,4.1706,4.3173
3764,13.9,19.0,0.0,4.2096,4.3797
3765,11.7,17.0,0.0,3.5244,4.18
3766,15.7,22.0,0.0,4.7514,4.3756
3767,12.8,17.0,0.0,3.7852,4.3003
3768,18.0,35.0,0.0,5.6489,4.4673
3769,12.8,16.0,0.0,3.9448,4.3532
3770,15.3,25.0,0.0,4.6563,4.3747
3771,14.6,20.0,0.0,4.4004,4.2895
3772,11.5,15.0,0.0,3.5978,4.3097
3773,10.8,18.0,0.0,3.3144,4.2152
3774,16.2,26.0,0.0,5.0088,4.4089
3775,14.0,20.0,0.0,4.1857,4.3958
3776,17.7,25.0,0.0,5.4081,4.5398
3777,13.8,17.0,0.0,4.2112,4.448
3778,16.0,24.0,0.0,4.8898,4.4964
3779,15.8,24.0,0.0,4.7852,4.5767
3780,13.0,16.0,0.0,3.9248,4.4823
3781,15.5,21.0,0.0,4.5924,4.595
3782,13.8,19.0,0.0,4.2673,4.4615
3783,14.7,27.0,0.0,4.6478,4.5607
3784,13.6,19.0,0.0,4.0994,4.3723
3785,14.7,23.0,0.0,4.4198,4.5135
3786,12.7,22.0,0.0,3.9442,4.3953
3787,12.2,20.0,0.0,3.7181,4.4514
3788,16.1,24.0,0.0,4.906,4.8612
3789,16.8,24.0,0.0,5.2555,4.6851
3790,14.3,22.0,0.0,4.3319,4.6729
3791,13.0,16.0,0.0,3.8968,4.5908
3792,13.5,21.0,0.0,4.2916,4.5143
3793,17.7,29.0,0.0,5.4337,4.6428
3794,14.7,22.0,0.0,4.5556,4.5892
3795,13.6,27.0,0.0,4.2339,4.5777
3796,14.1,26.0,0.0,4.475,4.6167
3797,15.6,25.0,0.0,4.7966,4.6565
3798,15.2,26.0,0.0,4.7051,4.5609
3799,11.9,15.0,0.0,3.7161,4.5689
3800,13.7,24.0,0.0,4.3341,4.4708
3801,10.6,15.0,0.0,3.3073,4.4475
3802,11.6,17.0,0.0,3.6342,4.4052
3803,14.1,19.0,0.0,4.3722,4.5424
3804,14.6,21.0,0.0,4.4616,4.6216
3805,13.8,22.0,0.0,4.148,4.5801
3806,11.7,14.0,0.0,3.697,4.4784
3807,13.3,17.0,0.0,4.2036,4.4829
3808,12.2,15.0,0.0,3.7363,4.5808
3809,14.0,19.0,0.0,4.278,4.402
3810,15.7,21.0,0.0,4.7876,4.5062
3811,14.1,20.0,0.0,4.1874,4.5549
3812,16.9,34.0,0.0,5.5285,4.6167
3813,13.3,20.0,0.0,4.0622,4.376
3814,16.0,28.0,0.0,5.0187,4.5556
3815,13.4,27.0,0.0,4.1493,4.3355
3816,14.7,21.0,0.0,4.5358,4.2928
3817,13.8,17.0,0.0,4.1418,4.4357
3818,15.8,26.0,0.0,4.7747,4.6414
3819,15.5,27.0,0.0,4.7759,4.4501
3820,14.7,23.0,0.0,4.4211,4.2814
3821,12.2,21.0,0.0,3.8652,4.3562
3822,14.6,23.0,0.0,4.5599,4.5056
3823,18.9,34.0,0.0,5.7898,4.5429
3824,12.9,17.0,0.0,3.8819,4.562
3825,11.4,19.0,0.0,3.6428,4.2931
3826,15.4,25.0,0.0,4.7532,4.5211
3827,11.9,15.0,0.0,3.7027,4.4272
3828,15.1,23.0,0.0,4.5797,4.4683
3829,14.7,25.0,0.0,4.6138,4.4065
3830,13.7,19.0,0.0,4.0524,4.4388
3831,15.5,22.0,0.0,4.6927,4.3225
3832,12.4,18.0,0.0,3.9529,4.2838
3833,12.9,18.0,0.0,4.0809,4.3213
3834,13.1,19.0,0.0,4.0192,4.2883
3835,14.8,29.0,0.0,4.6282,4.3174
3836,10.5,14.0,0.0,3.264,4.2493
3837,10.3,13.0,0.0,3.025,4.3571
3838,13.5,22.0,0.0,4.1617,4.4236
3839,11.9,16.0,0.0,3.7196,4.4002
3840,8.7,11.0,0.0,2.5972,4.3019
3841,16.3,34.0,0.0,5.174,4.2834
3842,15.3,23.0,0.0,4.7419,4.3203
3843,13.9,19.0,0.0,4.2104,4.2032
3844,12.6,28.0,0.0,3.9708,4.5139
3845,12.1,23.0,0.0,3.7418,4.3292
3846,19.7,40.0,0.0,6.117,4.5471
3847,13.8,16.0,0.0,4.2476,4.3047
3848,11.3,16.0,0.0,3.3268,4.2056
3849,14.8,24.0,0.0,4.5105,4.4463
3850,16.2,24.0,0.0,4.9325,4.5517
3851,15.6,25.0,0.0,4.8718,4.5516
3852,13.9,22.0,0.0,4.3566,4.5561
3853,12.9,17.0,0.0,4.1485,4.4454
3854,11.7,17.0,0.0,3.4614,4.2148
3855,10.8,16.0,0.0,3.2909,4.1357
3856,13.7,24.0,0.0,4.2059,4.2741
3857,14.8,22.0,0.0,4.5607,4.3574
3858,15.5,25.0,0.0,4.614,4.3906
3859,14.8,22.0,0.0,4.4594,4.4135
3860,13.0,17.0,0.0,3.9984,4.4781
3861,13.4,28.0,0.0,4.2802,4.5333
3862,13.4,18.0,0.0,4.1525,4.503
3863,15.7,26.0,0.0,4.7863,4.6044
3864,15.3,21.0,0.0,4.5632,4.6093
3865,14.2,30.0,0.0,4.6443,4.5182
3866,11.9,15.0,0.0,3.4787,4.4943
3867,15.9,28.0,0.0,4.9693,4.4771
3868,13.1,16.0,0.0,3.9199,4.2457
3869,12.7,17.0,0.0,3.9959,4.2194
3870,12.3,15.0,0.0,3.7172,4.3233
3871,15.9,19.0,0.0,4.9481,4.5323
3872,18.5,31.0,0.0,5.8047,4.527
3873,13.9,21.0,0.0,4.1857,4.5282
3874,13.7,16.0,0.0,4.279,4.5339
3875,12.6,16.0,0.0,3.8127,4.4483
3876,14.9,21.0,0.0,4.4878,4.3929
3877,18.5,33.0,0.0,5.9524,4.4746
3878,12.5,24.0,0.0,3.9507,4.3384
3879,13.0,16.0,0.0,3.9194,4.3793
3880,14.4,23.0,0.0,4.5804,4.2399
3881,12.5,26.0,0.0,3.9462,4.2871
3882,12.6,18.0,0.0,3.868,4.2741
3883,13.7,21.0,0.0,4.1876,4.2384
3884,12.0,27.0,0.0,3.8301,4.285
3885,11.4,16.0,0.0,3.4398,4.2192
3886,13.6,19.0,0.0,4.1229,4.3561
3887,15.1,24.0,0.0,4.5973,4.3309
3888,10.4,16.0,0.0,3.3126,4.4322
3889,10.7,16.0,0.0,3.3787,4.4399
3890,12.6,20.0,0.0,3.9762,4.5038
3891,14.2,19.0,0.0,4.2776,4.5572
3892,15.4,31.0,0.0,4.8404,4.5981
3893,12.4,16.0,0.0,3.818,4.4871
3894,17.9,30.0,0.0,5.469,4.5982
3895,14.7,19.0,0.0,4.5136,4.5346
3896,11.2,16.0,0.0,3.4496,4.3305
3897,11.8,19.0,0.0,3.7371,4.3824
3898,15.0,23.0,0.0,4.5946,4.4296
3899,16.8,38.0,0.0,5.5163,4.4949
3900,13.7,22.0,0.0,4.2685,4.3182
3901,12.5,23.0,0.0,3.9256,4.2712
3902,11.7,19.0,0.0,3.5347,4.3868
3903,18.4,29.0,0.0,5.6173,4.4794
3904,12.8,19.0,0.0,4.0199,4.4373
3905,13.8,16.0,0.0,4.3532,4.3508
3906,13.2,21.0,0.0,3.9248,4.4177
3907,16.8,27.0,0.0,5.0996,4.469
3908,15.7,23.0,0.0,4.7105,4.6936
3909,16.7,25.0,0.0,5.2084,4.6826
3910,16.9,24.0,0.0,5.1121,4.5498
3911,13.0,21.0,0.0,4.0517,4.4948
3912,13.8,23.0,0.0,4.2334,4.4729
3913,16.0,20.0,0.0,4.9392,4.5982
3914,14.2,27.0,0.0,4.4306,4.4122
3915,13.4,19.0,0.0,3.9908,4.3443
3916,13.9,24.0,0.0,4.3877,4.4914
3917,15.1,23.0,0.0,4.7944,4.5745
3918,18.2,33.0,0.0,5.6817,4.5638
3919,14.3,24.0,0.0,4.4213,4.485
3920,15.3,24.0,0.0,4.7068,4.563
3921,15.0,23.0,0.0,4.5697,4.5062
3922,15.6,27.0,0.0,4.987,4.5307
3923,13.0,15.0,0.0,4.1078,4.5118
3924,13.1,20.0,0.0,4.2168,4.3534
3925,13.1,18.0,0.0,4.1785,4.3527
3926,10.5,22.0,0.0,3.3167,4.1479
3927,14.6,22.0,0.0,4.4317,4.7089
3928,15.3,20.0,0.0,4.7347,4.5993
3929,14.8,22.0,0.0,4.6253,4.5399
3930,20.0,31.0,0.0,6.172,4.4508
3931,14.7,19.0,0.0,4.4041,4.2612
3932,12.6,15.0,0.0,3.8722,4.3044
3933,13.7,22.0,0.0,4.2115,4.4272
3934,14.2,27.0,0.0,4.4631,4.2827
3935,13.0,28.0,0.0,4.3564,4.2767
3936,14.0,27.0,0.0,4.4638,4.2159
3937,13.5,17.0,0.0,4.0716,4.2883
3938,15.4,36.0,0.0,5.1317,4.1986
3939,12.4,17.0,0.0,3.9208,4.299
3940,15.7,25.0,0.0,4.8558,4.37
3941,12.7,22.0,0.0,3.9108,4.3155
3942,13.3,19.0,0.0,4.0973,4.3566
3943,12.5,23.0,0.0,4.1888,4.3583
3944,14.0,16.0,0.0,4.4982,4.6043
3945,17.5,23.0,0.0,5.2029,4.4088
3946,16.4,25.0,0.0,4.9666,4.4278
3947,12.1,18.0,0.0,3.7189,4.3278
3948,15.3,28.0,0.0,4.9057,4.5047
3949,14.6,23.0,0.0,4.4732,4.5511
3950,14.6,30.0,0.0,4.6421,4.4949
3951,9.6,13.0,0.0,3.0059,4.2994
3952,15.5,22.0,0.0,4.7442,4.5027
3953,10.6,15.0,0.0,3.2349,4.3533
3954,13.2,27.0,0.0,4.2911,4.4268
3955,14.7,22.0,0.0,4.5175,4.3503
3956,14.0,18.0,0.0,4.1161,4.4072
3957,13.2,26.0,0.0,4.1586,4.4602
3958,13.5,22.0,0.0,4.2404,4.4115
3959,17.9,25.0,0.0,5.5362,4.5756
3960,12.3,16.0,0.0,3.7208,4.2878
3961,13.6,28.0,0.0,4.4054,4.2694
3962,13.7,19.0,0.0,4.08,4.4303
3963,13.2,24.0,0.0,4.0355,4.3455
3964,11.8,19.0,0.0,3.8108,4.3475
3965,12.5,22.0,0.0,3.9243,4.2777
3966,16.9,33.0,0.0,5.3274,4.3979
3967,15.7,19.0,0.0,4.8643,4.5545
3968,14.1,27.0,0.0,4.4362,4.4139
3969,15.6,31.0,0.0,4.8197,4.4828
3970,13.0,16.0,0.0,4.0214,4.2351
3971,12.8,17.0,0.0,3.9228,4.3413
3972,19.7,31.0,0.0,6.0967,4.3868
3973,11.8,16.0,0.0,3.704,4.3973
3974,12.4,18.0,0.0,3.9209,4.3459
3975,11.6,18.0,0.0,3.593,4.1994
3976,11.5,17.0,0.0,3.5175,4.1938
3977,11.4,16.0,0.0,3.4596,4.1819
3978,10.7,15.0,0.0,3.3193,4.2477
3979,14.0,18.0,0.0,4.3467,4.4693
3980,14.1,23.0,0.0,4.3162,4.3928
3981,12.6,20.0,0.0,3.8499,4.4338
3982,12.1,20.0,0.0,3.7541,4.3719
3983,16.1,22.0,0.0,5.0724,4.5974
3984,12.3,16.0,0.0,3.9317,4.4411
3985,12.0,21.0,0.0,3.782,4.5195
3986,14.7,29.0,0.0,4.6711,4.3936
3987,13.4,22.0,0.0,4.0607,4.3643
3988,13.7,21.0,0.0,4.4351,4.4256
3989,11.7,23.0,0.0,3.6946,4.3444
3990,11.5,18.0,0.0,3.735,4.3416
3991,12.4,20.0,0.0,3.9876,4.409
3992,14.7,20.0,0.0,4.3134,4.5496
3993,13.9,29.0,0.0,4.3231,4.7075
3994,17.4,29.0,0.0,5.339,4.4152
3995,13.6,17.0,0.0,4.1267,4.453
3996,14.0,20.0,0.0,4.4179,4.4063
3997,11.5,20.0,0.0,3.6232,4.4242
3998,12.4,21.0,0.0,3.6991,4.338
3999,16.4,23.0,0.0,5.0399,4.4682
4000,13.5,27.0,0.0,4.2438,4.402
4001,16.0,26.0,0.0,4.8585,4.5358
4002,15.2,24.0,0.0,4.703,4.3974
4003,12.8,17.0,0.0,3.9306,4.4032
4004,13.1,23.0,0.0,4.0287,4.4485
4005,12.3,19.0,0.0,3.775,4.4389
4006,12.7,18.0,0.0,4.1175,4.4906
4007,12.4,20.0,0.0,3.7706,4.55
4008,12.9,17.0,0.0,4.0843,4.4748
4009,10.3,13.0,0.0,3.202,4.257
4010,12.9,20.0,0.0,3.8773,4.4181
4011,11.8,18.0,0.0,3.5363,4.2666
4012,18.7,25.0,0.0,5.7118,4.3671
4013,17.0,25.0,0.0,5.1726,4.287
4014,14.6,20.0,0.0,4.3854,4.3037
4015,14.2,19.0,0.0,4.1952,4.2829
4016,11.9,20.0,0.0,3.7284,4.4062
4017,14.2,24.0,0.0,4.4546,4.5407
4018,14.1,20.0,0.0,4.2846,4.3499
4019,15.4,26.0,0.0,4.7868,4.5778
4020,13.9,26.0,0.0,4.6587,4.5474
4021,13.5,24.0,0.0,4.3139,4.4878
4022,13.9,17.0,0.0,4.3322,4.4063
4023,12.5,19.0,0.0,4.0506,4.2379
4024,17.4,29.0,0.0,5.5395,4.2166
4025,16.4,22.0,0.0,4.9556,4.6014
4026,23.7,37.0,0.0,7.1315,4.8994
4027,23.0,33.0,0.0,6.7088,5.5149
4028,30.0,44.0,0.0,9.4041,6.1887
4029,20.8,26.0,0.0,6.2032,5.9074
4030,22.8,34.0,0.0,6.9962,6.0116
4031,22.7,41.0,0.0,6.9229,6.0137
4032,19.0,24.0,0.0,5.6946,5.6002
4033,21.3,35.0,0.0,6.3062,5.5423
4034,18.2,30.0,0.0,5.262,5.5031
4035,21.5,37.0,0.0,6.212,5.9237
4036,17.3,25.0,0.0,5.1815,5.6846
4037,20.7,31.0,0.0,6.0698,5.6097
4038,17.2,28.0,0.0,5.1016,5.508
4039,20.1,28.0,0.0,5.8845,6.1762
4040,14.6,27.0,0.0,4.5494,5.7759
4041,18.2,29.0,0.0,5.4943,5.845
4042,14.6,20.0,0.0,4.4228,5.4628
4043,17.1,28.0,0.0,4.9469,5.9761
4044,15.6,23.0,0.0,4.584,5.669
4045,11.5,20.0,0.0,3.2218,5.3329
4046,15.4,21.0,0.0,4.4192,5.6611
4047,14.1,32.0,0.0,4.3785,5.4299
4048,14.5,20.0,0.0,4.1944,5.1519
4049,11.7,18.0,0.0,3.5108,5.0516
4050,11.8,20.0,0.0,3.562,4.7902
4051,14.1,26.0,0.0,4.2494,4.9963
4052,14.2,18.0,0.0,4.3616,4.8581
4053,14.3,20.0,0.0,4.2623,4.7053
4054,12.5,18.0,0.0,3.6842,4.9069
4055,12.3,20.0,0.0,3.6937,4.7158
4056,15.3,20.0,0.0,4.5552,4.7368
4057,14.1,18.0,0.0,4.2568,4.8799
4058,10.6,14.0,0.0,3.5324,4.7287
4059,10.6,14.0,0.0,3.2919,4.3243
4060,19.8,45.0,0.0,6.5269,4.6625
4061,12.7,18.0,0.0,3.8002,4.6452
4062,11.8,18.0,0.0,3.5318,4.4672
4063,13.4,20.0,0.0,4.0863,4.4858
4064,14.8,27.0,0.0,4.6095,4.4753
4065,13.5,18.0,0.0,4.1825,4.5873
4066,17.7,25.0,0.0,5.3726,4.6954
4067,11.8,25.0,0.0,3.7979,4.4648
4068,7.1,12.0,0.0,2.2507,4.2171
4069,8.8,20.0,0.0,3.0512,4.3284
4070,6.4,10.0,0.0,2.0321,4.2352
4071,5.2,9.0,0.0,1.6457,4.153
4072,9.1,21.0,0.0,3.0083,4.1014
4073,7.9,14.0,0.0,2.4551,4.2684
4074,16.0,28.0,0.0,4.981,4.526
4075,15.5,24.0,0.0,4.793,4.4288
4076,13.1,24.0,0.0,4.2461,4.3869
4077,13.5,18.0,0.0,4.1461,4.3888
4078,13.0,19.0,0.0,4.0728,4.288
4079,12.2,22.0,0.0,3.9711,4.5619
4080,14.3,18.0,0.0,4.3274,4.3913
4081,13.0,17.0,0.0,4.0115,4.5029
4082,15.2,29.0,0.0,4.8793,4.6732
4083,16.1,24.0,0.0,5.0249,4.4392
4084,13.9,21.0,0.0,4.302,4.5162
4085,12.5,16.0,0.0,3.7461,4.7225
4086,14.4,26.0,0.0,4.5493,4.5126
4087,14.1,21.0,0.0,4.2009,4.5792
4088,11.4,21.0,0.0,3.6429,4.3772
4089,19.7,32.0,0.0,6.0351,4.4375
4090,13.1,16.0,0.0,4.1835,4.6317
4091,20.7,34.0,0.0,6.509,4.7313
4092,15.4,19.0,0.0,4.6218,4.6111
4093,12.6,16.0,0.0,3.8343,4.6857
4094,16.8,24.0,0.0,5.2674,4.5651
4095,13.8,24.0,0.0,4.4084,4.3993
4096,11.0,16.0,0.0,3.4673,4.3254
4097,11.1,26.0,0.0,3.7229,4.2583
4098,15.5,18.0,0.0,4.7164,4.4027
4099,16.5,31.0,0.0,5.1343,4.4485
4100,12.9,18.0,0.0,4.023,4.2885
4101,11.9,17.0,0.0,3.6245,4.3437
4102,16.5,32.0,0.0,5.1471,4.5424
4103,12.5,19.0,0.0,3.9101,4.3135
4104,15.6,24.0,0.0,4.8565,4.4096
4105,16.3,26.0,0.0,5.0203,4.3991
4106,15.3,26.0,0.0,4.773,4.3368
4107,17.5,30.0,0.0,5.4279,4.2348
4108,13.5,19.0,0.0,4.1372,4.1945
4109,14.1,24.0,0.0,4.36,4.2826
4110,16.9,30.0,0.0,5.2389,4.457
4111,15.8,24.0,0.0,4.935,4.4236
4112,13.7,21.0,0.0,4.3065,4.4125
4113,12.9,19.0,0.0,4.1392,4.3753
4114,15.3,31.0,0.0,5.0485,4.311
4115,13.7,17.0,0.0,4.0951,4.2859
4116,16.6,28.0,0.0,5.2065,4.3689
4117,14.0,24.0,0.0,4.2567,4.2414
4118,11.1,15.0,0.0,3.4959,4.4301
4119,12.2,17.0,0.0,3.7346,4.4982
4120,11.3,14.0,0.0,3.3927,4.2137
4121,12.1,15.0,0.0,3.565,4.1715
4122,16.7,26.0,0.0,5.1394,4.4068
4123,11.5,16.0,0.0,3.5101,4.1816
4124,14.7,21.0,0.0,4.5574,4.4237
4125,14.4,18.0,0.0,4.4825,4.3263
4126,14.4,19.0,0.0,4.3966,4.4152
4127,13.4,17.0,0.0,4.1424,4.4504
4128,13.2,20.0,0.0,4.0458,4.341
4129,14.4,20.0,0.0,4.3704,4.389
4130,13.8,17.0,0.0,4.2974,4.3774
4131,19.7,40.0,0.0,6.24,4.4009
4132,14.2,23.0,0.0,4.3067,4.3507
4133,14.1,21.0,0.0,4.1955,4.4487
4134,16.5,28.0,0.0,4.9747,4.5646
4135,13.6,20.0,0.0,4.1653,4.5468
4136,12.8,20.0,0.0,3.865,4.4836
4137,13.0,18.0,0.0,3.9189,4.626
4138,13.3,24.0,0.0,4.0142,4.4527
4139,12.6,23.0,0.0,4.0017,4.4151
4140,15.5,19.0,0.0,4.5331,4.3415
4141,13.2,26.0,0.0,4.2106,4.3068
4142,14.1,18.0,0.0,4.2682,4.4927
4143,11.5,14.0,0.0,3.5927,4.3705
4144,11.6,15.0,0.0,3.5913,4.2827
4145,12.4,20.0,0.0,3.8665,4.2545
4146,16.0,18.0,0.0,4.9159,4.4143
4147,11.1,17.0,0.0,3.3926,4.195
4148,12.2,17.0,0.0,3.5774,4.38
4149,13.7,19.0,0.0,4.1823,4.4609
4150,12.6,18.0,0.0,4.0754,4.3609
4151,10.4,20.0,0.0,3.3286,4.2046
4152,12.8,23.0,0.0,3.9998,4.4371
4153,12.2,18.0,0.0,3.7626,4.2533
4154,11.9,21.0,0.0,3.7562,4.4788
4155,15.1,26.0,0.0,4.7119,4.5175
4156,12.3,19.0,0.0,3.6558,4.3892
4157,13.4,19.0,0.0,3.9565,4.4099
4158,16.2,21.0,0.0,5.0239,4.526
4159,18.1,29.0,0.0,5.5453,4.5023
4160,15.7,28.0,0.0,5.0444,4.4876
4161,17.0,31.0,0.0,5.4627,4.5017
4162,15.1,28.0,0.0,4.8511,4.4576
4163,14.5,19.0,0.0,4.4074,4.4271
4164,13.5,21.0,0.0,4.2874,4.3772
4165,15.2,27.0,0.0,4.7414,4.3476
4166,14.5,22.0,0.0,4.4213,4.4231
4167,16.9,35.0,0.0,5.3879,4.401
4168,15.2,22.0,0.0,4.6897,4.4467
4169,14.3,18.0,0.0,4.4932,4.5021
4170,13.7,22.0,0.0,4.2631,4.5207
4171,14.9,23.0,0.0,4.5587,4.4092
4172,13.6,16.0,0.0,3.9826,4.3267
4173,11.3,18.0,0.0,3.5142,4.1883
4174,13.4,28.0,0.0,4.3356,4.2935
4175,11.8,20.0,0.0,3.5565,4.3109
4176,13.0,21.0,0.0,4.0583,4.3465
4177,13.4,19.0,0.0,3.9776,4.5728
4178,10.7,14.0,0.0,3.2323,4.3964
4179,19.3,28.0,0.0,6.1952,4.7031
4180,16.4,25.0,0.0,5.1077,4.5096
4181,12.8,18.0,0.0,3.8829,4.4529
4182,15.5,24.0,0.0,4.7358,4.3083
4183,15.3,29.0,0.0,5.0025,4.4239
4184,16.8,33.0,0.0,5.4441,4.4828
4185,15.0,20.0,0.0,4.5161,4.4918
4186,12.5,26.0,0.0,3.9733,4.2163
4187,13.5,26.0,0.0,4.2383,4.2846
4188,10.6,15.0,0.0,3.2604,4.2727
4189,14.9,26.0,0.0,4.5551,4.303
4190,13.8,18.0,0.0,4.1126,4.3316
4191,12.0,18.0,0.0,3.7419,4.3713
4192,13.6,16.0,0.0,4.1311,4.3923
4193,13.1,21.0,0.0,4.0693,4.4371
4194,13.5,22.0,0.0,4.166,4.5182
4195,12.6,22.0,0.0,4.0141,4.4251
4196,15.5,22.0,0.0,4.6184,4.3936
4197,17.5,27.0,0.0,5.2639,4.506
4198,13.0,18.0,0.0,4.0464,4.4843
4199,14.4,23.0,0.0,4.3564,4.4553
4200,16.6,27.0,0.0,5.1081,4.4052
4201,13.5,17.0,0.0,4.2682,4.4915
4202,15.5,31.0,0.0,4.8487,4.5953
4203,9.9,18.0,0.0,3.1813,4.3088
4204,10.8,17.0,0.0,3.3855,4.498
4205,17.4,43.0,0.0,5.971,4.542
4206,16.7,28.0,0.0,5.2614,4.719
4207,10.4,13.0,0.0,3.1006,4.4578
4208,12.5,22.0,0.0,3.8911,4.4478
4209,13.5,23.0,0.0,4.0679,4.5347
4210,13.6,23.0,0.0,4.1411,4.4228
4211,12.5,27.0,0.0,4.107,4.4119
4212,15.4,24.0,0.0,4.7398,4.3381
4213,17.3,24.0,0.0,5.3379,4.4047
4214,14.3,18.0,0.0,4.4271,4.6485
4215,15.4,22.0,0.0,4.8031,4.3873
4216,11.5,16.0,0.0,3.5889,4.2133
4217,11.9,24.0,0.0,3.7736,4.2815
4218,12.0,15.0,0.0,3.665,4.5857
4219,15.7,24.0,0.0,4.8584,4.5031
4220,11.9,16.0,0.0,3.6615,4.3211
4221,12.3,16.0,0.0,3.8861,4.3778
4222,15.1,26.0,0.0,4.757,4.3984
4223,11.6,18.0,0.0,3.48,4.3435
4224,15.5,24.0,0.0,4.6435,4.6218
4225,13.8,17.0,0.0,4.0926,4.4475
4226,15.8,23.0,0.0,4.8929,4.3597
4227,15.0,31.0,0.0,4.8428,4.3453
4228,10.6,13.0,0.0,3.2762,4.5263
4229,17.0,22.0,0.0,5.1436,4.5618
4230,14.8,21.0,0.0,4.4971,4.5603
4231,12.0,18.0,0.0,3.6218,4.3723
4232,16.2,22.0,0.0,5.0209,4.6029
4233,13.4,19.0,0.0,4.0654,4.4619
4234,12.6,19.0,0.0,3.6625,4.4058
4235,14.7,29.0,0.0,4.7517,4.4679
4236,15.4,29.0,0.0,4.8761,4.395
4237,13.9,19.0,0.0,4.3704,4.4506
4238,11.4,14.0,0.0,3.4092,4.4216
4239,14.5,22.0,0.0,4.3547,4.5281
4240,18.8,30.0,0.0,5.693,4.4634
4241,13.3,21.0,0.0,4.0978,4.2992
4242,14.4,18.0,0.0,4.3626,4.4605
4243,17.3,29.0,0.0,5.5044,4.3822
4244,13.7,24.0,0.0,4.1764,4.3565
4245,17.0,38.0,0.0,5.5878,4.5107
4246,15.2,22.0,0.0,4.7785,4.6839
4247,14.0,19.0,0.0,4.1982,4.456
4248,12.0,23.0,0.0,3.7494,4.3515
4249,12.7,17.0,0.0,4.0177,4.5567
4250,12.2,24.0,0.0,3.897,4.3465
4251,13.3,23.0,0.0,4.2606,4.2006
4252,16.4,21.0,0.0,4.9285,4.3389
4253,15.7,40.0,0.0,5.2043,4.3577
4254,12.7,18.0,0.0,3.8665,4.4876
4255,13.0,21.0,0.0,4.0209,4.3458
4256,15.9,22.0,0.0,4.7778,4.3496
4257,13.9,20.0,0.0,4.2154,4.4776
4258,13.4,22.0,0.0,4.1417,4.3951
4259,14.6,27.0,0.0,4.4744,4.4522
4260,18.1,29.0,0.0,5.599,4.5433
4261,15.0,21.0,0.0,4.6657,4.4441
4262,17.9,24.0,0.0,5.2915,4.5617
4263,12.8,15.0,0.0,3.8866,4.4372
4264,15.0,25.0,0.0,4.5662,4.5452
4265,14.6,19.0,0.0,4.3009,4.4542
4266,11.8,15.0,0.0,3.5426,4.4043
4267,9.2,13.0,0.0,2.8977,4.2537
4268,11.2,19.0,0.0,3.3462,4.3438
4269,9.3,14.0,0.0,2.9133,4.2987
4270,14.4,24.0,0.0,4.5119,4.3765
4271,12.1,19.0,0.0,3.7733,4.3949
4272,10.4,20.0,0.0,3.3022,4.2558
4273,13.7,31.0,0.0,4.4,4.4654
4274,15.6,23.0,0.0,4.7188,4.4532
4275,14.1,20.0,0.0,4.2008,4.4313
4276,15.3,24.0,0.0,4.7305,4.4548
4277,13.7,28.0,0.0,4.2924,4.5122
4278,12.0,22.0,0.0,3.852,4.384
4279,14.3,28.0,0.0,4.4706,4.3634
4280,13.6,19.0,0.0,4.2084,4.5447
4281,13.5,24.0,0.0,4.3273,4.6733
4282,17.0,34.0,0.0,5.282,4.5598
4283,12.5,17.0,0.0,3.9203,4.4913
4284,11.9,16.0,0.0,3.6562,4.2824
4285,13.3,20.0,0.0,4.0946,4.2572
4286,15.5,19.0,0.0,4.9002,4.3904
4287,14.4,22.0,0.0,4.3081,4.2434
4288,16.2,38.0,0.0,5.3346,4.2804
4289,11.7,17.0,0.0,3.7443,4.2069
4290,13.1,17.0,0.0,3.9834,4.2379
4291,13.2,16.0,0.0,4.1424,4.4258
4292,12.9,18.0,0.0,3.9327,4.3192
4293,14.6,17.0,0.0,4.5109,4.3637
4294,14.2,19.0,0.0,4.1586,4.5067
4295,14.8,25.0,0.0,4.613,4.522
4296,14.4,22.0,0.0,4.5576,4.38
4297,15.6,23.0,0.0,4.968,4.5104
4298,12.7,16.0,0.0,3.9227,4.3821
4299,10.9,13.0,0.0,3.4828,4.2823
4300,13.4,24.0,0.0,4.2544,4.3615
4301,16.7,26.0,0.0,5.1472,4.5302
4302,16.3,29.0,0.0,5.14,4.6184
4303,15.7,20.0,0.0,4.8384,4.4542
4304,13.1,18.0,0.0,3.9301,4.4339
4305,15.2,18.0,0.0,4.8296,4.518
4306,12.4,16.0,0.0,3.9133,4.4213
4307,11.2,13.0,0.0,3.4464,4.3966
4308,14.1,24.0,0.0,4.3334,4.2919
4309,14.6,20.0,0.0,4.4759,4.5006
4310,15.6,25.0,0.0,4.7231,4.3832
4311,14.6,19.0,0.0,4.4016,4.3011
4312,13.0,23.0,0.0,4.1333,4.2402
4313,13.3,19.0,0.0,4.0262,4.3502
4314,13.9,18.0,0.0,4.2173,4.4143
4315,14.7,33.0,0.0,4.7525,4.5444
4316,13.5,23.0,0.0,4.2564,4.3554
4317,12.4,16.0,0.0,3.8081,4.423
4318,12.6,24.0,0.0,3.9582,4.392
4319,12.1,17.0,0.0,3.6888,4.4414
4320,15.4,26.0,0.0,4.7381,4.3755
4321,13.1,23.0,0.0,3.9899,4.4512
4322,15.2,26.0,0.0,4.6842,4.5399
4323,13.0,19.0,0.0,3.9787,4.5334
4324,11.3,15.0,0.0,3.5108,4.2688
4325,11.9,16.0,0.0,3.6213,4.4991
4326,16.4,30.0,0.0,5.348,4.3626
4327,17.6,30.0,0.0,5.6569,4.5319
4328,13.2,24.0,0.0,4.0653,4.3714
4329,14.7,20.0,0.0,4.6128,4.594
4330,15.8,22.0,0.0,4.7722,4.5878
4331,12.6,20.0,0.0,3.827,4.2905
4332,11.8,24.0,0.0,3.7293,4.314
4333,14.7,25.0,0.0,4.5738,4.425
4334,14.0,20.0,0.0,4.2283,4.445
4335,15.5,22.0,0.0,4.6944,4.499
4336,14.9,20.0,0.0,4.5235,4.4807
4337,13.6,23.0,0.0,4.2079,4.4214
4338,15.1,21.0,0.0,4.5751,4.5451
4339,16.7,33.0,0.0,5.2718,4.4004
4340,14.6,19.0,0.0,4.4099,4.4813
4341,16.7,24.0,0.0,5.2585,4.6251
4342,12.9,16.0,0.0,4.0326,4.3628
4343,11.5,14.0,0.0,3.7377,4.4786
4344,12.0,22.0,0.0,3.7934,4.4366
4345,13.0,28.0,0.0,4.2817,4.3463
4346,17.3,26.0,0.0,5.2446,4.5325
4347,13.0,22.0,0.0,3.9618,4.4726
4348,14.9,35.0,0.0,4.9033,4.4687
4349,15.0,23.0,0.0,4.5782,4.5323
4350,13.1,27.0,0.0,4.2197,4.3687
4351,12.3,19.0,0.0,3.8098,4.3636
4352,15.5,24.0,0.0,4.6677,4.4226
4353,14.7,34.0,0.0,4.8339,4.3943
4354,13.8,23.0,0.0,4.2859,4.3417
4355,15.5,22.0,0.0,4.7941,4.539
4356,16.7,25.0,0.0,5.0725,4.5829
4357,16.0,18.0,0.0,4.8475,4.4683
4358,14.2,27.0,0.0,4.4544,4.5489
4359,12.9,20.0,0.0,3.9154,4.288
4360,10.0,15.0,0.0,3.0798,4.3779
4361,11.5,21.0,0.0,3.6733,4.293
4362,13.1,17.0,0.0,3.9742,4.2985
4363,12.3,23.0,0.0,3.8691,4.3313
4364,11.9,16.0,0.0,3.5834,4.3514
4365,14.7,26.0,0.0,4.5241,4.5815
4366,13.1,29.0,0.0,4.2425,4.574
4367,11.7,15.0,0.0,3.527,4.5719
4368,13.8,24.0,0.0,4.3886,4.4288
4369,13.3,18.0,0.0,3.9752,4.3803
4370,13.9,20.0,0.0,4.0927,4.283
4371,11.9,13.0,0.0,3.732,4.6441
4372,11.1,13.0,0.0,3.4482,4.4385
4373,13.2,21.0,0.0,4.0559,4.5126
4374,12.9,17.0,0.0,4.1652,4.7261
4375,12.5,20.0,0.0,3.8488,4.7349
4376,12.2,20.0,0.0,3.8011,4.2963
4377,9.7,12.0,0.0,3.0274,4.4861
4378,12.5,22.0,0.0,3.938,4.4827
4379,10.2,16.0,0.0,3.1729,4.4159
4380,12.0,32.0,0.0,4.1575,4.5714
4381,10.5,22.0,0.0,3.3427,4.5241
4382,9.0,12.0,0.0,2.8319,4.3214
4383,13.8,17.0,0.0,4.1551,4.6198
4384,15.3,21.0,0.0,4.7601,4.4165
4385,12.6,17.0,0.0,3.8114,4.4729
4386,16.8,33.0,0.0,5.2348,4.6362
4387,11.0,18.0,0.0,3.4196,4.4858
4388,14.8,19.0,0.0,4.4929,4.4913
4389,13.6,23.0,0.0,4.1802,4.617
4390,13.1,19.0,0.0,4.0694,4.4676
4391,12.4,23.0,0.0,3.9066,4.65
4392,15.9,22.0,0.0,4.5818,4.4882
4393,15.6,22.0,0.0,4.7211,4.5917
4394,14.3,20.0,0.0,4.3582,4.5738
4395,17.1,25.0,0.0,5.264,4.6266
4396,13.8,17.0,0.0,4.3141,4.5442
4397,13.5,23.0,0.0,4.3655,4.5482
4398,13.8,18.0,0.0,4.1997,4.6792
4399,15.9,34.0,0.0,5.0774,4.738
4400,12.6,18.0,0.0,3.7825,4.737
4401,16.6,22.0,0.0,4.8853,4.9721
4402,16.1,25.0,0.0,4.8928,4.4873
4403,14.3,24.0,0.0,4.4197,4.3617
4404,12.9,20.0,0.0,4.0111,4.4041
4405,14.6,25.0,0.0,4.6192,4.5619
4406,13.8,19.0,0.0,4.0887,4.4055
4407,16.6,22.0,0.0,5.0614,4.5302
4408,14.9,26.0,0.0,4.5358,4.4293
4409,18.7,30.0,0.0,5.6141,4.4855
4410,12.4,18.0,0.0,3.8369,4.2904
4411,12.2,18.0,0.0,3.7961,4.3606
4412,13.9,24.0,0.0,4.3212,4.446
4413,15.7,27.0,0.0,4.8112,4.6069
4414,12.1,18.0,0.0,3.5633,4.4864
4415,15.8,28.0,0.0,4.984,4.5316
4416,12.7,24.0,0.0,3.9583,4.4661
4417,16.7,28.0,0.0,5.1164,4.6195
4418,12.5,16.0,0.0,3.9767,4.4549
4419,15.3,27.0,0.0,4.7308,4.5331
4420,14.5,22.0,0.0,4.366,4.5202
4421,14.0,25.0,0.0,4.3874,4.6137
4422,15.5,22.0,0.0,4.857,4.4495
4423,12.5,17.0,0.0,3.708,4.4201
4424,14.6,19.0,0.0,4.4573,4.4874
4425,15.2,26.0,0.0,4.7864,4.4488
4426,15.7,22.0,0.0,4.8021,4.5407
4427,13.1,20.0,0.0,4.1648,4.6186
4428,15.2,20.0,0.0,4.6954,4.4854
4429,11.9,24.0,0.0,3.8489,4.2077
4430,14.4,19.0,0.0,4.5839,4.5485
4431,12.2,19.0,0.0,3.714,4.5689
4432,14.7,20.0,0.0,4.43,4.444
4433,12.5,19.0,0.0,3.8974,4.299
4434,12.3,29.0,0.0,4.1427,4.2874
4435,11.5,14.0,0.0,3.4868,4.2549
4436,12.8,25.0,0.0,4.1497,4.3616
4437,11.1,19.0,0.0,3.4376,4.3484
4438,11.1,14.0,0.0,3.393,4.3293
4439,11.9,19.0,0.0,3.6728,4.3569
4440,14.2,23.0,0.0,4.4427,4.3057
4441,13.5,20.0,0.0,4.1477,4.4006
4442,15.1,26.0,0.0,4.6854,4.4553
4443,13.5,20.0,0.0,4.1021,4.4556
4444,14.6,27.0,0.0,4.6125,4.6216
4445,13.0,22.0,0.0,4.0443,4.5333
4446,13.1,21.0,0.0,4.2173,4.7134
4447,10.5,16.0,0.0,3.1977,4.3022
4448,12.8,17.0,0.0,3.7974,4.3425
4449,13.8,27.0,0.0,4.3347,4.3892
4450,16.5,23.0,0.0,5.1242,4.4474
4451,11.8,15.0,0.0,3.6273,4.3418
4452,13.8,24.0,0.0,4.1753,4.3768
4453,18.8,25.0,0.0,5.6425,4.6066
4454,14.0,21.0,0.0,4.2278,4.3985
4455,16.2,28.0,0.0,5.0354,4.4547
4456,12.5,26.0,0.0,4.0353,4.4143
4457,12.4,17.0,0.0,3.7359,4.2538
4458,15.3,23.0,0.0,4.7499,4.4143
4459,13.4,27.0,0.0,4.2794,4.2595
4460,19.5,45.0,0.0,6.6393,4.5101
4461,18.3,25.0,0.0,5.5491,4.5522
4462,15.3,21.0,0.0,4.6005,4.5326
4463,13.6,21.0,0.0,4.2249,4.4179
4464,15.0,21.0,0.0,4.5869,4.5179
4465,12.9,20.0,0.0,3.9834,4.5296
4466,15.4,24.0,0.0,4.7837,4.6461
4467,14.5,22.0,0.0,4.4363,4.4864
4468,13.0,29.0,0.0,4.248,4.3441
4469,15.9,26.0,0.0,4.7139,4.2731
4470,10.7,14.0,0.0,3.3168,4.2162
4471,12.9,19.0,0.0,3.7854,4.1765
4472,10.9,20.0,0.0,3.4144,4.1879
4473,14.1,31.0,0.0,4.4643,4.2029
4474,15.2,22.0,0.0,4.6282,4.3281
4475,10.8,15.0,0.0,3.3108,4.2532
4476,14.8,22.0,0.0,4.419,4.6838
4477,16.3,49.0,0.0,5.9297,4.7747
4478,13.6,36.0,0.0,4.8321,4.6057
4479,14.1,28.0,0.0,4.4922,4.5631
4480,14.9,31.0,0.0,4.9588,4.3479
4481,13.7,27.0,0.0,4.3109,4.1526
4482,12.6,20.0,0.0,3.9009,4.1891
4483,12.0,17.0,0.0,3.6507,4.1403
4484,12.8,26.0,0.0,4.1581,4.1418
4485,12.8,21.0,0.0,4.0011,4.3686
4486,13.3,25.0,0.0,4.2287,4.3038
4487,13.5,28.0,0.0,4.3278,4.3326
4488,14.0,25.0,0.0,4.5931,4.3083
4489,12.8,16.0,0.0,3.7189,4.3882
4490,12.4,18.0,0.0,3.854,4.3162
4491,13.0,23.0,0.0,4.1626,4.3552
4492,14.9,22.0,0.0,4.5539,4.3254
4493,15.8,24.0,0.0,4.8556,4.5095
4494,16.3,23.0,0.0,4.9773,4.5
4495,13.7,23.0,0.0,4.2652,4.4093
4496,10.6,14.0,0.0,3.3288,4.4636
4497,13.0,17.0,0.0,3.9255,4.4391
4498,12.7,16.0,0.0,3.9278,4.6222
4499,15.0,19.0,0.0,4.5338,4.4941
4500,16.0,23.0,0.0,4.7968,4.7044
