generation,top_mean_fitness,max_fitness,min_fitness,std_fitness,elapsed_time_sec
1,3.0,4.0,0.0,0.9816,3.771
2,3.4,6.0,0.0,1.133,3.8634
3,3.9,8.0,0.0,1.3289,3.7835
4,4.0,7.0,0.0,1.2991,3.6965
5,3.6,5.0,0.0,1.2032,3.7297
6,3.3,6.0,0.0,1.1079,3.7337
7,3.3,6.0,0.0,1.1301,3.7788
8,4.1,5.0,0.0,1.3489,3.9243
9,4.1,7.0,0.0,1.3136,3.9968
10,3.3,7.0,0.0,1.1357,4.0115
11,3.6,6.0,0.0,1.2002,3.8848
12,4.3,7.0,0.0,1.3964,3.8798
13,3.7,5.0,0.0,1.1598,3.8159
14,3.8,6.0,0.0,1.2592,4.0105
15,4.3,12.0,0.0,1.5969,3.7531
16,3.6,5.0,0.0,1.1721,3.7353
17,3.7,7.0,0.0,1.2577,3.938
18,3.8,8.0,0.0,1.3513,3.8001
19,3.5,8.0,0.0,1.2417,3.893
20,4.0,7.0,0.0,1.3672,3.8755
21,3.5,5.0,0.0,1.1459,3.8245
22,4.0,6.0,0.0,1.3245,3.7823
23,3.7,6.0,0.0,1.2657,3.8373
24,3.1,4.0,0.0,1.0474,3.8904
25,4.4,10.0,0.0,1.5154,3.9714
26,6.1,11.0,0.0,2.1026,4.5449
27,4.8,6.0,0.0,1.5993,4.0095
28,3.8,5.0,0.0,1.2641,3.7439
29,3.8,5.0,0.0,1.2288,3.7363
30,3.2,5.0,0.0,1.0713,3.7489
31,3.4,6.0,0.0,1.1543,3.9905
32,3.7,6.0,0.0,1.2189,3.862
33,4.0,8.0,0.0,1.3212,3.8718
34,3.3,6.0,0.0,1.117,3.9283
35,3.4,5.0,0.0,1.1212,4.0479
36,4.1,6.0,0.0,1.3598,3.9746
37,3.4,5.0,0.0,1.1196,3.8989
38,4.4,7.0,0.0,1.3659,3.9916
39,3.4,6.0,0.0,1.1,3.9841
40,2.7,4.0,0.0,0.9577,3.9504
41,3.6,5.0,0.0,1.1991,3.9796
42,4.1,5.0,0.0,1.2488,3.9387
43,4.0,5.0,0.0,1.2498,3.8859
44,4.7,13.0,0.0,1.7087,3.9324
45,3.4,5.0,0.0,1.1522,3.7226
46,3.8,5.0,0.0,1.3177,3.7693
47,3.5,5.0,0.0,1.1176,3.9423
48,3.9,6.0,0.0,1.3253,3.9017
49,4.0,7.0,0.0,1.351,3.8424
50,5.7,10.0,0.0,1.8346,3.9534
51,5.3,11.0,0.0,1.7945,3.9105
52,5.9,11.0,0.0,1.9647,4.1786
53,7.2,10.0,0.0,2.1885,4.0256
54,8.4,14.0,0.0,2.7077,4.0041
55,9.9,16.0,0.0,3.2572,4.413
56,9.0,23.0,0.0,3.1125,4.0537
57,14.7,25.0,0.0,4.6619,4.2229
58,13.0,23.0,0.0,4.1497,4.2513
59,14.0,21.0,0.0,4.5568,4.7016
60,20.3,31.0,0.0,6.0248,5.1243
61,17.7,28.0,0.0,5.462,5.1084
62,13.9,20.0,0.0,4.1258,4.9235
63,15.8,31.0,0.0,5.0677,4.9034
64,7.7,11.0,0.0,2.4644,4.1286
65,5.9,8.0,0.0,1.8733,4.0504
66,12.7,16.0,0.0,3.9448,4.3729
67,12.1,15.0,0.0,3.8523,4.6566
68,14.4,21.0,0.0,4.5014,4.752
69,18.3,29.0,0.0,5.5424,4.9478
70,20.0,31.0,0.0,6.0594,4.8297
71,23.6,33.0,0.0,7.1706,5.3831
72,21.7,43.0,0.0,7.0676,5.375
73,19.5,29.0,0.0,5.8674,5.232
74,20.5,40.0,0.0,6.4883,5.082
75,17.0,32.0,0.0,5.5033,4.9218
76,12.1,21.0,0.0,3.9145,4.5795
77,13.4,18.0,0.0,3.9564,4.386
78,15.8,19.0,0.0,4.9207,4.6697
79,12.6,34.0,0.0,4.4197,4.2298
80,10.7,21.0,0.0,3.471,4.1943
81,4.0,6.0,0.0,1.3286,3.8354
82,3.5,5.0,0.0,1.2247,3.7321
83,3.8,6.0,0.0,1.2828,3.7304
84,3.1,5.0,0.0,1.0459,3.6582
85,2.8,6.0,0.0,0.9885,3.7948
86,4.1,6.0,0.0,1.3219,3.7906
87,4.4,5.0,0.0,1.4317,3.8574
88,3.4,6.0,0.0,1.182,3.8381
89,4.1,6.0,0.0,1.3444,3.8466
90,4.5,8.0,0.0,1.4696,3.8418
91,3.6,6.0,0.0,1.1489,3.8688
92,2.8,4.0,0.0,0.9493,3.9707
93,4.1,6.0,0.0,1.3153,3.9055
94,4.2,7.0,0.0,1.3601,4.0653
95,3.6,6.0,0.0,1.2206,3.8541
96,3.3,4.0,0.0,1.1119,3.8931
97,4.1,6.0,0.0,1.334,4.0832
98,3.4,4.0,0.0,1.1137,4.0161
99,5.0,12.0,0.0,1.6796,4.1147
100,5.0,8.0,0.0,1.6091,4.0421
101,3.4,5.0,0.0,1.1269,3.846
102,3.5,5.0,0.0,1.1803,3.9271
103,4.1,7.0,0.0,1.3539,3.8938
104,3.9,7.0,0.0,1.2482,3.6734
105,3.4,5.0,0.0,1.1007,3.9313
106,4.5,10.0,0.0,1.5367,4.3839
107,4.4,11.0,0.0,1.5953,4.0259
108,3.0,5.0,0.0,1.0324,3.7522
109,4.9,8.0,0.0,1.5828,4.0229
110,4.5,6.0,0.0,1.4553,4.0479
111,4.9,7.0,0.0,1.5368,4.0889
112,3.8,6.0,0.0,1.26,3.8343
113,3.8,6.0,0.0,1.2845,3.7136
114,4.7,7.0,0.0,1.5101,4.0429
115,4.0,5.0,0.0,1.2735,3.7865
116,3.6,5.0,0.0,1.2314,4.0712
117,3.4,4.0,0.0,1.0865,3.8562
118,4.1,6.0,0.0,1.2884,4.0187
119,3.6,7.0,0.0,1.2514,3.8258
120,3.3,8.0,0.0,1.2042,4.0573
121,4.1,6.0,0.0,1.3524,4.0873
122,4.6,12.0,0.0,1.6701,3.7908
123,4.6,7.0,0.0,1.4703,3.9119
124,4.9,10.0,0.0,1.6583,4.0084
125,6.1,10.0,0.0,1.9513,4.2833
126,6.0,8.0,0.0,1.981,4.1747
127,6.3,8.0,0.0,2.0424,4.2833
128,5.9,11.0,0.0,1.9494,4.0409
129,8.4,12.0,0.0,2.6377,4.2591
130,7.3,11.0,0.0,2.2524,4.2291
131,8.2,16.0,0.0,2.6735,4.0854
132,8.1,15.0,0.0,2.6325,4.205
133,11.0,24.0,0.0,3.7247,4.2412
134,11.0,18.0,0.0,3.4911,4.5002
135,10.9,15.0,0.0,3.3178,4.544
136,11.3,17.0,0.0,3.5415,4.365
137,8.7,17.0,0.0,2.8868,4.0681
138,6.0,12.0,0.0,2.0241,4.0244
139,4.6,6.0,0.0,1.4163,4.004
140,4.7,9.0,0.0,1.5702,3.9818
141,4.6,8.0,0.0,1.4491,3.8442
142,3.4,6.0,0.0,1.1248,3.7593
143,3.7,6.0,0.0,1.2446,3.8904
144,3.4,5.0,0.0,1.0897,3.9053
145,3.4,6.0,0.0,1.1212,3.9057
146,3.6,5.0,0.0,1.1837,3.8095
147,4.1,6.0,0.0,1.3688,3.8038
148,4.1,6.0,0.0,1.4239,4.0957
149,5.3,8.0,0.0,1.6439,4.1857
150,5.0,10.0,0.0,1.6657,3.9131
151,4.8,6.0,0.0,1.6411,4.0784
152,9.0,25.0,0.0,3.1631,4.7843
153,11.2,28.0,0.0,3.6359,5.2244
154,11.1,18.0,0.0,3.4333,4.9155
155,12.7,43.0,0.0,4.8549,4.8425
156,18.3,25.0,0.0,5.4733,5.7173
157,15.3,23.0,0.0,4.4973,5.3408
158,11.9,18.0,0.0,3.7242,4.7306
159,7.4,11.0,0.0,2.325,4.3371
160,6.1,8.0,0.0,1.924,4.3716
161,7.9,14.0,0.0,2.5159,4.2917
162,11.1,13.0,0.0,3.4015,4.6589
163,11.0,22.0,0.0,3.5829,5.0211
164,16.4,26.0,0.0,4.9608,5.407
165,16.2,25.0,0.0,5.0287,5.0822
166,17.7,31.0,0.0,5.6016,5.1478
167,10.8,13.0,0.0,3.2481,4.4128
168,13.6,23.0,0.0,4.146,4.4116
169,15.3,21.0,0.0,4.4994,4.8319
170,17.4,31.0,0.0,5.4786,5.1707
171,12.9,22.0,0.0,3.9227,4.9682
172,10.8,28.0,0.0,3.6525,4.2516
173,10.2,18.0,0.0,3.1859,4.4083
174,9.3,18.0,0.0,2.9882,4.1348
175,14.5,29.0,0.0,4.6239,4.3831
176,15.8,32.0,0.0,4.95,4.3729
177,13.6,22.0,0.0,4.0863,4.3565
178,14.8,21.0,0.0,4.5191,4.5259
179,16.7,34.0,0.0,5.4562,4.5657
180,13.0,18.0,0.0,3.9593,4.4956
181,16.5,28.0,0.0,5.0903,4.6054
182,12.1,16.0,0.0,3.9192,4.424
183,12.4,17.0,0.0,3.8721,4.5102
184,8.7,15.0,0.0,2.7591,4.3013
185,7.5,11.0,0.0,2.3449,4.2154
186,5.9,11.0,0.0,1.9446,3.8913
187,4.3,8.0,0.0,1.4283,3.7021
188,4.0,6.0,0.0,1.2798,3.8115
189,3.9,5.0,0.0,1.2808,3.7709
190,4.2,6.0,0.0,1.3856,3.7329
191,4.0,8.0,0.0,1.3491,3.8777
192,4.1,7.0,0.0,1.3266,3.7744
193,4.3,8.0,0.0,1.3964,3.8109
194,4.3,8.0,0.0,1.4526,3.815
195,5.9,9.0,0.0,1.8958,4.0709
196,10.3,18.0,0.0,3.2437,4.6755
197,17.6,26.0,0.0,5.3834,5.7513
198,14.4,24.0,0.0,4.4328,5.2234
199,13.1,18.0,0.0,4.0086,4.9336
200,17.6,47.0,0.0,5.9967,5.0472
201,18.4,31.0,0.0,5.3797,5.4444
202,18.5,34.0,0.0,5.9112,4.8291
203,12.6,20.0,0.0,4.0142,4.7193
204,11.4,17.0,0.0,3.4511,4.4537
205,12.4,20.0,0.0,3.8263,4.6686
206,8.4,14.0,0.0,2.7657,4.325
207,7.1,12.0,0.0,2.2782,4.069
208,9.8,15.0,0.0,3.1218,4.1601
209,6.4,10.0,0.0,2.1293,4.1928
210,6.8,10.0,0.0,2.1424,4.4037
211,7.7,10.0,0.0,2.4726,4.502
212,8.0,13.0,0.0,2.571,4.2166
213,6.6,10.0,0.0,2.0848,4.0618
214,6.0,7.0,0.0,1.8521,3.9396
215,4.7,13.0,0.0,1.7104,3.8224
216,4.0,7.0,0.0,1.3975,3.7881
217,3.8,5.0,0.0,1.2246,3.7791
218,8.5,13.0,0.0,2.6884,4.131
219,8.8,19.0,0.0,2.8844,4.0868
220,8.6,13.0,0.0,2.7654,4.1946
221,7.2,11.0,0.0,2.2685,4.0503
222,6.7,15.0,0.0,2.2317,3.9682
223,9.3,15.0,0.0,2.9461,4.0404
224,7.1,10.0,0.0,2.2254,4.0055
225,9.6,18.0,0.0,3.0616,3.9695
226,6.3,10.0,0.0,1.9909,4.0909
227,7.1,17.0,0.0,2.3468,4.2001
228,6.0,22.0,0.0,2.4653,3.9658
229,11.2,27.0,0.0,4.0728,3.8832
230,5.6,11.0,0.0,1.8786,4.0795
231,9.7,24.0,0.0,3.2774,4.3729
232,7.3,10.0,0.0,2.3168,4.2676
233,7.8,21.0,0.0,2.808,4.1929
234,9.6,14.0,0.0,2.9648,4.2925
235,8.4,15.0,0.0,2.708,4.417
236,8.3,13.0,0.0,2.5795,4.2052
237,11.4,22.0,0.0,3.6097,4.3705
238,12.7,30.0,0.0,4.213,4.5252
239,16.7,27.0,0.0,5.2263,4.6312
240,13.3,18.0,0.0,4.2417,4.5584
241,17.1,22.0,0.0,5.4277,5.0516
242,16.4,22.0,0.0,5.0411,5.0782
243,16.4,22.0,0.0,4.9004,5.409
244,16.3,21.0,0.0,4.9897,4.9948
245,13.7,19.0,0.0,4.1072,4.5767
246,15.6,20.0,0.0,4.6076,4.7782
247,9.8,12.0,0.0,3.0209,4.2805
248,14.3,22.0,0.0,4.3017,4.4766
249,10.5,15.0,0.0,3.2811,4.3358
250,17.6,31.0,0.0,5.608,4.317
251,12.7,19.0,0.0,3.8835,4.275
252,11.0,24.0,0.0,3.5441,4.1668
253,15.0,27.0,0.0,5.0053,4.5066
254,19.5,33.0,0.0,6.1172,4.9372
255,23.5,36.0,0.0,7.2877,5.134
256,13.4,20.0,0.0,4.1009,4.5553
257,12.8,18.0,0.0,3.9274,4.4291
258,13.9,21.0,0.0,4.3583,4.0716
259,9.5,20.0,0.0,3.168,3.9915
260,7.5,17.0,0.0,2.6721,3.9595
261,5.6,12.0,0.0,1.8754,3.9012
262,6.9,12.0,0.0,2.2693,3.8682
263,8.8,14.0,0.0,2.7256,4.0414
264,21.6,42.0,0.0,7.0306,5.1632
265,20.7,30.0,0.0,6.3653,4.9076
266,30.2,49.0,0.0,9.6147,6.3019
267,30.7,43.0,0.0,9.3239,6.0144
268,26.7,49.0,0.0,8.4657,6.1583
269,22.5,31.0,0.0,6.9887,5.717
270,21.5,28.0,0.0,6.6149,6.1015
271,18.5,30.0,0.0,5.6757,5.4586
272,21.2,33.0,0.0,6.2841,5.425
273,20.2,27.0,0.0,5.8891,5.9452
274,19.2,38.0,0.0,5.5653,5.4119
275,21.5,43.0,0.0,6.7089,5.3641
276,13.6,16.0,0.0,4.3343,4.3485
277,12.5,26.0,0.0,3.9842,4.192
278,9.6,16.0,0.0,3.1028,4.29
279,10.1,21.0,0.0,3.2718,4.2827
280,8.9,16.0,0.0,2.8861,4.2929
281,12.5,20.0,0.0,3.8609,4.6131
282,13.9,18.0,0.0,4.2567,4.5259
283,8.8,12.0,0.0,2.806,3.9785
284,11.2,17.0,0.0,3.3932,4.1609
285,16.7,19.0,0.0,5.2703,4.8497
286,14.9,28.0,0.0,4.7419,4.6347
287,9.8,16.0,0.0,3.1096,4.428
288,12.8,21.0,0.0,3.9934,4.6457
289,5.9,13.0,0.0,1.9939,3.9904
290,4.2,7.0,0.0,1.4091,3.8238
291,3.1,5.0,0.0,1.0296,3.8803
292,6.3,11.0,0.0,2.0175,3.9942
293,8.6,19.0,0.0,2.873,4.0285
294,14.4,21.0,0.0,4.4039,4.3613
295,12.4,21.0,0.0,3.9127,4.2875
296,4.3,5.0,0.0,1.4596,3.8795
297,4.6,9.0,0.0,1.5586,3.8478
298,4.4,13.0,0.0,1.6305,3.9378
299,4.5,9.0,0.0,1.4472,4.1655
300,5.2,6.0,0.0,1.6186,4.075
301,3.4,5.0,0.0,1.1386,4.0401
302,8.2,17.0,0.0,2.7729,4.1514
303,19.7,34.0,0.0,6.078,5.0697
304,18.9,34.0,0.0,5.9372,5.7262
305,16.0,30.0,0.0,4.8457,5.4869
306,11.0,19.0,0.0,3.1434,5.0092
307,13.1,21.0,0.0,3.9595,5.4124
308,13.7,23.0,0.0,4.3919,5.0261
309,7.4,17.0,0.0,2.4457,4.0452
310,5.3,8.0,0.0,1.7414,3.8434
311,4.1,5.0,0.0,1.26,3.8389
312,4.3,7.0,0.0,1.4517,3.8339
313,4.4,7.0,0.0,1.4177,3.8169
314,3.3,4.0,0.0,1.0682,3.8041
315,2.9,6.0,0.0,1.0332,3.7704
316,5.0,11.0,0.0,1.6851,3.8694
317,4.9,7.0,0.0,1.5953,3.867
318,10.6,18.0,0.0,3.3724,4.1273
319,11.0,23.0,0.0,3.6901,4.4355
320,20.5,31.0,0.0,6.3486,5.8044
321,17.4,22.0,0.0,5.0762,6.3019
322,16.7,24.0,0.0,4.8816,5.9721
323,10.9,16.0,0.0,3.4435,5.0357
324,10.6,13.0,0.0,3.4717,5.2062
325,7.8,14.0,0.0,2.5299,4.4129
326,4.5,6.0,0.0,1.4622,4.0402
327,3.7,6.0,0.0,1.1948,3.7637
328,3.3,5.0,0.0,1.0363,3.8679
329,3.9,6.0,0.0,1.2878,3.8449
330,4.5,7.0,0.0,1.5033,3.8942
331,5.7,7.0,0.0,1.8027,4.0126
332,6.4,9.0,0.0,2.0214,3.9017
333,6.0,14.0,0.0,1.9799,4.0901
334,11.3,19.0,0.0,3.5156,4.4087
335,17.8,28.0,0.0,5.5125,5.1121
336,20.4,34.0,0.0,6.352,5.0841
337,15.5,27.0,0.0,5.0448,4.2339
338,17.9,28.0,0.0,5.9099,5.0972
339,11.9,17.0,0.0,3.7645,4.4431
340,5.3,7.0,0.0,1.6904,3.9376
341,3.5,4.0,0.0,1.1487,3.9117
342,3.8,6.0,0.0,1.2563,3.9442
343,4.8,13.0,0.0,1.7597,4.005
344,7.7,17.0,0.0,2.5846,4.3278
345,17.5,29.0,0.0,5.5541,5.6616
346,15.5,21.0,0.0,4.5814,5.4892
347,12.1,20.0,0.0,3.842,4.6639
348,8.3,13.0,0.0,2.5538,4.3469
349,9.7,24.0,0.0,3.4234,4.2408
350,8.3,19.0,0.0,2.7423,4.0746
351,10.8,19.0,0.0,3.5085,4.327
352,14.2,22.0,0.0,4.2334,4.6162
353,10.9,19.0,0.0,3.4792,4.5916
354,4.7,9.0,0.0,1.5362,3.9399
355,4.4,6.0,0.0,1.4202,3.8827
356,4.7,10.0,0.0,1.6427,3.8835
357,5.0,8.0,0.0,1.6185,3.9604
358,2.8,5.0,0.0,0.9929,4.0135
359,3.6,5.0,0.0,1.2432,3.9195
360,3.9,6.0,0.0,1.2314,3.9157
361,5.1,7.0,0.0,1.6371,3.9914
362,5.4,9.0,0.0,1.7776,4.2204
363,5.0,7.0,0.0,1.6532,4.233
364,4.7,10.0,0.0,1.5855,4.1662
365,6.1,8.0,0.0,1.9313,4.1036
366,10.0,21.0,0.0,3.2653,4.4164
367,8.1,11.0,0.0,2.6348,4.5983
368,7.9,11.0,0.0,2.3685,4.3268
369,8.3,17.0,0.0,2.6921,3.999
370,9.6,14.0,0.0,2.9943,4.1538
371,10.4,19.0,0.0,3.3493,4.2379
372,14.4,22.0,0.0,4.4477,4.5207
373,11.6,21.0,0.0,3.7521,4.3242
374,8.4,10.0,0.0,2.6992,4.3499
375,11.3,16.0,0.0,3.601,4.37
376,13.4,26.0,0.0,4.4372,4.4286
377,11.6,17.0,0.0,3.5694,4.3788
378,10.8,15.0,0.0,3.3541,4.4587
379,18.4,28.0,0.0,5.7736,5.2139
380,17.8,34.0,0.0,5.5789,4.8743
381,15.1,25.0,0.0,4.7455,4.5632
382,15.1,26.0,0.0,4.6217,5.0036
383,14.2,20.0,0.0,4.3055,4.454
384,7.7,14.0,0.0,2.4927,4.1716
385,10.1,24.0,0.0,3.3997,4.2442
386,15.9,23.0,0.0,4.8027,4.8214
387,8.5,20.0,0.0,2.8243,4.28
388,6.9,11.0,0.0,2.2248,4.2133
389,6.4,10.0,0.0,2.0565,4.1786
390,5.3,8.0,0.0,1.7475,4.075
391,3.8,6.0,0.0,1.2164,4.0817
392,4.5,12.0,0.0,1.6125,4.0652
393,5.2,8.0,0.0,1.6554,4.0942
394,7.9,16.0,0.0,2.5933,4.4916
395,7.8,14.0,0.0,2.5263,4.3308
396,6.6,10.0,0.0,2.0835,4.2614
397,10.8,24.0,0.0,3.5676,4.4286
398,10.3,23.0,0.0,3.424,4.44
399,17.0,30.0,0.0,5.3085,4.888
400,16.0,22.0,0.0,5.0167,4.6091
401,15.1,21.0,0.0,4.5248,4.7534
402,15.5,21.0,0.0,4.8326,4.7201
403,17.6,27.0,0.0,5.588,4.6663
404,14.7,23.0,0.0,4.5044,4.4597
405,13.0,20.0,0.0,4.1353,4.6085
406,14.9,18.0,0.0,4.736,4.7713
407,13.6,20.0,0.0,4.245,4.4598
408,17.1,22.0,0.0,5.3368,5.0593
409,12.6,25.0,0.0,4.2216,4.186
410,4.1,6.0,0.0,1.3519,4.0334
411,2.9,4.0,0.0,1.0105,4.021
412,4.1,6.0,0.0,1.3467,3.9198
413,4.2,5.0,0.0,1.3955,3.8043
414,7.2,12.0,0.0,2.2627,4.015
415,8.3,12.0,0.0,2.5988,4.2592
416,5.1,9.0,0.0,1.6699,4.0909
417,5.0,10.0,0.0,1.6619,3.982
418,3.8,8.0,0.0,1.3107,3.9077
419,4.4,7.0,0.0,1.4744,4.0283
420,4.8,8.0,0.0,1.6068,4.0723
421,9.4,13.0,0.0,2.8579,4.4212
422,16.7,29.0,0.0,5.4505,5.2735
423,11.8,25.0,0.0,3.9009,4.5149
424,11.2,18.0,0.0,3.4666,4.2672
425,10.7,14.0,0.0,3.4288,4.436
426,13.9,21.0,0.0,4.2435,4.6294
427,10.8,17.0,0.0,3.3775,4.5309
428,8.5,10.0,0.0,2.6874,4.563
429,10.7,20.0,0.0,3.3745,4.2682
430,12.0,30.0,0.0,4.1195,4.5426
431,12.5,16.0,0.0,3.9099,4.6086
432,12.0,29.0,0.0,4.1231,4.4012
433,15.1,27.0,0.0,4.7371,4.6384
434,13.7,35.0,0.0,4.6597,4.6239
435,8.9,15.0,0.0,2.783,4.2082
436,8.9,14.0,0.0,2.7256,4.183
437,5.4,10.0,0.0,1.7748,4.1027
438,5.9,11.0,0.0,1.9339,3.9697
439,6.3,11.0,0.0,2.0998,3.8919
440,7.9,12.0,0.0,2.4702,4.143
441,13.3,18.0,0.0,4.0459,4.452
442,9.6,14.0,0.0,3.0834,4.3312
443,11.3,16.0,0.0,3.4825,4.3403
444,16.9,23.0,0.0,5.049,4.9842
445,18.5,38.0,0.0,6.1581,5.4984
446,14.4,30.0,0.0,4.7802,4.7504
447,13.0,15.0,0.0,3.8276,4.5811
448,9.2,15.0,0.0,3.018,4.3516
449,7.2,17.0,0.0,2.4036,4.2074
450,7.8,15.0,0.0,2.5239,4.2483
451,17.2,32.0,0.0,5.3529,4.9752
452,10.9,19.0,0.0,3.4176,4.4717
453,13.8,22.0,0.0,4.4665,4.8269
454,13.0,22.0,0.0,4.0398,4.5276
455,13.0,23.0,0.0,4.3189,4.4943
456,7.4,10.0,0.0,2.3909,4.4321
457,13.2,20.0,0.0,4.134,4.2776
458,16.7,22.0,0.0,5.1977,5.0939
459,14.0,16.0,0.0,4.3782,4.9488
460,14.2,19.0,0.0,4.4249,4.6315
461,17.4,21.0,0.0,5.3074,4.8887
462,18.2,30.0,0.0,5.748,4.9512
463,18.4,28.0,0.0,5.4276,4.9401
464,14.9,18.0,0.0,4.4483,4.9772
465,12.1,18.0,0.0,3.854,4.4723
466,15.3,21.0,0.0,4.5908,4.7667
467,13.2,19.0,0.0,3.9436,4.5942
468,11.1,21.0,0.0,3.6518,4.4886
469,10.8,18.0,0.0,3.2506,4.5005
470,13.7,21.0,0.0,4.124,4.4572
471,10.4,23.0,0.0,3.4013,4.15
472,12.8,19.0,0.0,3.8389,4.3882
473,13.0,27.0,0.0,4.1933,4.6122
474,13.2,17.0,0.0,3.9884,4.2972
475,13.1,18.0,0.0,3.9464,4.4291
476,15.1,25.0,0.0,4.6812,4.5761
477,11.6,14.0,0.0,3.4137,4.5366
478,16.1,34.0,0.0,5.1643,4.5652
479,8.1,12.0,0.0,2.5134,4.1907
480,6.0,10.0,0.0,1.9496,4.0166
481,11.6,14.0,0.0,3.6097,4.4925
482,13.8,24.0,0.0,4.3837,4.6684
483,17.8,31.0,0.0,5.4774,4.9732
484,16.2,31.0,0.0,5.1697,4.8449
485,23.4,38.0,0.0,7.1703,5.5422
486,17.9,30.0,0.0,5.6023,4.6682
487,6.1,15.0,0.0,2.0951,3.9558
488,5.6,11.0,0.0,1.8575,4.0082
489,10.3,15.0,0.0,3.2295,4.3006
490,14.0,26.0,0.0,4.3894,4.8296
491,14.5,25.0,0.0,4.3673,5.1123
492,17.7,28.0,0.0,5.1338,5.3542
493,15.5,24.0,0.0,4.6227,5.3465
494,12.5,19.0,0.0,3.8789,4.6796
495,7.9,11.0,0.0,2.3609,4.312
496,9.4,15.0,0.0,2.8351,4.3865
497,7.0,13.0,0.0,2.2384,4.2164
498,7.8,11.0,0.0,2.3962,4.0584
499,9.2,15.0,0.0,2.9158,4.0975
500,10.3,18.0,0.0,3.349,4.1481
501,7.3,10.0,0.0,2.3087,4.1839
502,6.9,11.0,0.0,2.1932,4.001
503,5.8,8.0,0.0,1.8238,3.9077
504,7.3,14.0,0.0,2.3425,4.0562
505,9.5,15.0,0.0,2.9552,4.4698
506,10.2,13.0,0.0,3.1396,4.5276
507,6.4,11.0,0.0,2.0215,4.1422
508,4.7,9.0,0.0,1.5225,3.9987
509,3.7,5.0,0.0,1.2121,3.9769
510,3.3,6.0,0.0,1.1143,3.876
511,3.4,4.0,0.0,1.1395,3.9248
512,5.6,11.0,0.0,1.8496,4.1007
513,9.5,18.0,0.0,3.0656,4.2831
514,12.6,18.0,0.0,4.0002,5.2404
515,12.1,20.0,0.0,3.6815,5.2328
516,10.6,15.0,0.0,3.1076,4.9882
517,14.0,27.0,0.0,4.4412,4.7441
518,11.9,17.0,0.0,3.6429,4.8285
519,8.9,14.0,0.0,2.7983,4.5036
520,7.2,21.0,0.0,2.5988,4.0751
521,3.6,5.0,0.0,1.2167,3.9764
522,3.5,5.0,0.0,1.1584,3.8114
523,5.8,8.0,0.0,1.8027,4.1035
524,4.5,7.0,0.0,1.4648,3.9964
525,3.9,7.0,0.0,1.309,3.9615
526,4.1,7.0,0.0,1.351,3.972
527,4.7,9.0,0.0,1.5387,4.0487
528,8.1,10.0,0.0,2.4051,4.2185
529,4.2,7.0,0.0,1.3672,3.9626
530,5.2,8.0,0.0,1.6883,3.9362
531,4.1,7.0,0.0,1.407,3.925
532,4.8,14.0,0.0,1.7992,3.9836
533,4.4,6.0,0.0,1.4064,3.816
534,5.1,10.0,0.0,1.7385,3.8724
535,5.0,8.0,0.0,1.6386,3.9762
536,5.3,8.0,0.0,1.6522,4.0806
537,5.2,15.0,0.0,1.924,3.9724
538,3.9,7.0,0.0,1.3349,3.8984
539,4.3,7.0,0.0,1.4318,3.8422
540,3.5,7.0,0.0,1.1649,3.849
541,3.7,6.0,0.0,1.2246,3.9117
542,4.6,9.0,0.0,1.5261,4.0925
543,5.7,10.0,0.0,1.8171,4.008
544,4.5,9.0,0.0,1.5248,4.0516
545,3.6,5.0,0.0,1.1223,4.1139
546,3.9,7.0,0.0,1.3242,3.9506
547,3.0,4.0,0.0,0.9969,3.817
548,5.3,9.0,0.0,1.6715,3.8871
549,4.2,9.0,0.0,1.4047,3.8041
550,3.5,5.0,0.0,1.1258,3.9327
551,4.8,7.0,0.0,1.4785,3.8397
552,6.7,11.0,0.0,2.1886,4.1808
553,25.2,30.0,0.0,7.5219,5.0465
554,17.2,31.0,0.0,5.4878,5.4171
555,20.2,24.0,0.0,6.1167,6.4997
556,23.5,34.0,0.0,6.9657,6.0949
557,16.3,27.0,0.0,5.1506,5.3086
558,20.2,28.0,0.0,6.0786,5.3888
559,11.6,16.0,0.0,3.5085,4.6185
560,14.8,20.0,0.0,4.435,4.5725
561,12.0,17.0,0.0,3.7274,4.6966
562,14.6,23.0,0.0,4.4643,4.7296
563,16.9,37.0,0.0,5.578,5.0206
564,12.8,21.0,0.0,4.1088,4.7057
565,20.4,27.0,0.0,6.2717,5.199
566,19.6,29.0,0.0,5.9017,5.0314
567,18.2,24.0,0.0,5.4967,4.8354
568,13.4,20.0,0.0,4.1649,4.5792
569,9.8,18.0,0.0,3.2015,4.3582
570,13.2,29.0,0.0,4.4525,4.4091
571,25.7,38.0,0.0,8.1301,5.4814
572,14.6,27.0,0.0,4.5913,4.6112
573,11.7,14.0,0.0,3.5508,4.6102
574,12.5,23.0,0.0,4.103,4.4011
575,13.6,22.0,0.0,4.3674,4.4496
576,17.1,22.0,0.0,5.2837,4.7506
577,17.4,27.0,0.0,5.1925,4.3086
578,14.9,22.0,0.0,4.7011,4.2997
579,10.4,16.0,0.0,3.2634,4.0924
580,8.5,16.0,0.0,2.6735,4.0126
581,12.3,24.0,0.0,3.9351,4.4597
582,10.6,23.0,0.0,3.555,4.454
583,10.4,23.0,0.0,3.4988,4.2778
584,11.3,17.0,0.0,3.5863,4.4296
585,10.2,17.0,0.0,3.2034,4.3235
586,10.6,13.0,0.0,3.3652,4.6562
587,10.6,24.0,0.0,3.6332,4.3833
588,14.3,30.0,0.0,4.8165,4.5639
589,12.8,28.0,0.0,4.0489,4.4547
590,14.6,27.0,0.0,4.5658,4.6164
591,11.1,21.0,0.0,3.5823,4.4602
592,9.3,16.0,0.0,2.8333,4.3095
593,8.2,14.0,0.0,2.6148,4.3015
594,6.2,12.0,0.0,2.0053,4.3886
595,6.8,13.0,0.0,2.3094,4.2523
596,7.1,9.0,0.0,2.2526,4.1015
597,6.5,11.0,0.0,2.1094,4.0187
598,11.1,17.0,0.0,3.4925,4.0291
599,16.2,29.0,0.0,5.0376,4.6416
600,14.3,19.0,0.0,4.3604,4.8174
601,21.9,44.0,0.0,6.9547,5.1455
602,14.2,17.0,0.0,4.4634,4.5255
603,8.5,14.0,0.0,2.6759,4.0912
604,5.4,7.0,0.0,1.6704,3.9688
605,4.1,6.0,0.0,1.3843,3.9744
606,3.6,5.0,0.0,1.1755,3.9504
607,3.2,4.0,0.0,1.1169,3.893
608,4.1,6.0,0.0,1.3999,3.99
609,4.3,6.0,0.0,1.3783,4.002
610,3.5,7.0,0.0,1.1834,3.9317
611,3.8,6.0,0.0,1.2314,4.0288
612,7.2,13.0,0.0,2.3344,4.1755
613,7.0,12.0,0.0,2.3744,4.1073
614,17.5,34.0,0.0,5.7826,4.4051
615,12.0,24.0,0.0,4.0493,4.3297
616,13.8,28.0,0.0,4.3647,4.4918
617,12.0,16.0,0.0,3.7266,4.4043
618,6.0,9.0,0.0,1.833,4.1642
619,6.0,9.0,0.0,1.868,3.9024
620,3.7,6.0,0.0,1.2233,3.7691
621,4.2,5.0,0.0,1.456,3.8672
622,3.8,5.0,0.0,1.2735,3.8198
623,3.9,7.0,0.0,1.26,3.9181
624,6.8,15.0,0.0,2.313,4.0022
625,11.2,18.0,0.0,3.5532,4.2479
626,8.5,14.0,0.0,2.6977,4.061
627,11.7,16.0,0.0,3.5598,4.243
628,9.2,12.0,0.0,3.0413,4.3013
629,7.8,10.0,0.0,2.5403,4.2699
630,9.2,16.0,0.0,2.9251,4.0636
631,7.8,17.0,0.0,2.5349,4.2059
632,9.7,17.0,0.0,3.1589,4.1279
633,5.2,7.0,0.0,1.6626,3.9806
634,5.9,10.0,0.0,1.9668,3.9543
635,7.2,12.0,0.0,2.3222,4.4007
636,9.6,14.0,0.0,3.0012,4.237
637,7.9,25.0,0.0,3.0133,4.1142
638,4.9,14.0,0.0,1.8277,3.9748
639,6.2,8.0,0.0,1.9053,4.2512
640,8.2,14.0,0.0,2.5801,4.1
641,13.6,23.0,0.0,4.354,4.7049
642,19.3,37.0,0.0,6.338,4.8134
643,14.6,20.0,0.0,4.6658,5.341
644,13.3,27.0,0.0,4.2297,4.5922
645,11.0,18.0,0.0,3.408,4.4079
646,11.2,20.0,0.0,3.4758,4.2539
647,14.4,19.0,0.0,4.3308,4.5751
648,14.3,27.0,0.0,4.5022,4.5876
649,13.3,17.0,0.0,3.9557,4.4833
650,16.5,31.0,0.0,5.2021,4.4647
651,15.6,27.0,0.0,4.8487,4.8048
652,12.7,20.0,0.0,3.9448,4.4152
653,13.1,23.0,0.0,4.0932,4.9677
654,13.2,15.0,0.0,4.0514,4.9603
655,11.6,26.0,0.0,3.961,4.7072
656,11.1,15.0,0.0,3.2905,4.4681
657,9.8,20.0,0.0,3.1423,4.3594
658,14.6,27.0,0.0,4.5599,4.3172
659,8.3,15.0,0.0,2.6698,3.9772
660,6.8,13.0,0.0,2.2547,3.8317
661,8.1,13.0,0.0,2.5934,4.0241
662,4.6,8.0,0.0,1.5956,3.9398
663,3.6,6.0,0.0,1.2878,3.8422
664,4.7,8.0,0.0,1.5573,3.7652
665,3.8,9.0,0.0,1.3061,3.7194
666,4.6,9.0,0.0,1.533,3.7878
667,8.6,23.0,0.0,3.036,3.9469
668,17.7,33.0,0.0,5.7932,4.5605
669,17.3,27.0,0.0,5.2674,5.3665
670,19.5,30.0,0.0,5.9906,5.7616
671,14.6,19.0,0.0,4.3498,4.8969
672,7.2,14.0,0.0,2.2972,4.0213
673,4.2,6.0,0.0,1.3331,3.8572
674,3.9,8.0,0.0,1.3253,3.7109
675,3.9,5.0,0.0,1.2643,3.7103
676,3.0,7.0,0.0,1.1091,3.777
677,3.5,6.0,0.0,1.18,3.7161
678,3.0,6.0,0.0,1.0459,3.8611
679,4.1,5.0,0.0,1.3067,3.8762
680,3.7,6.0,0.0,1.2288,3.7227
681,3.8,6.0,0.0,1.236,3.8207
682,7.3,17.0,0.0,2.5313,4.1285
683,18.0,27.0,0.0,5.6378,4.8428
684,22.5,30.0,0.0,6.7652,6.0283
685,15.3,38.0,0.0,5.0701,4.6745
686,11.4,18.0,0.0,3.5925,4.4907
687,11.9,19.0,0.0,3.8008,4.6895
688,12.2,20.0,0.0,3.8515,4.6415
689,6.6,16.0,0.0,2.2951,4.1721
690,8.6,14.0,0.0,2.6858,4.3111
691,6.5,12.0,0.0,2.1601,4.1979
692,4.8,9.0,0.0,1.6041,3.8927
693,5.0,8.0,0.0,1.581,3.8127
694,3.4,6.0,0.0,1.18,3.8663
695,4.3,7.0,0.0,1.3994,3.8513
696,3.4,7.0,0.0,1.2154,3.871
697,4.5,9.0,0.0,1.5154,3.9844
698,4.2,8.0,0.0,1.4493,3.9811
699,3.9,6.0,0.0,1.2574,3.7476
700,4.9,8.0,0.0,1.6062,3.9552
701,5.3,8.0,0.0,1.7034,3.8502
702,4.5,7.0,0.0,1.4347,3.9133
703,5.6,16.0,0.0,2.0248,3.8862
704,4.6,9.0,0.0,1.525,3.9791
705,4.5,7.0,0.0,1.4525,3.912
706,9.6,30.0,0.0,3.8058,4.2988
707,13.6,25.0,0.0,4.5372,4.4999
708,11.8,28.0,0.0,4.0009,4.5471
709,12.2,23.0,0.0,3.7992,4.353
710,5.9,10.0,0.0,1.9,4.1589
711,4.2,9.0,0.0,1.4343,3.9775
712,4.6,6.0,0.0,1.4879,3.8088
713,5.2,7.0,0.0,1.6371,4.0875
714,5.3,10.0,0.0,1.7519,4.0058
715,4.5,6.0,0.0,1.3992,3.9918
716,4.1,5.0,0.0,1.4066,3.9419
717,3.3,5.0,0.0,1.0947,3.9035
718,4.0,6.0,0.0,1.3295,3.9219
719,4.8,8.0,0.0,1.5026,3.8819
720,8.4,35.0,0.0,3.8525,4.0844
721,7.0,17.0,0.0,2.4051,4.0427
722,14.7,19.0,0.0,4.5204,4.8168
723,15.5,28.0,0.0,4.8785,4.8109
724,14.5,23.0,0.0,4.4099,4.4801
725,16.7,33.0,0.0,5.4111,4.5442
726,12.1,21.0,0.0,3.8844,4.3697
727,9.8,27.0,0.0,3.4728,4.2074
728,6.4,11.0,0.0,2.0998,4.0578
729,3.8,6.0,0.0,1.2246,3.9282
730,3.9,6.0,0.0,1.2462,3.979
731,3.4,6.0,0.0,1.2157,3.9157
732,3.5,9.0,0.0,1.2359,3.8393
733,3.8,7.0,0.0,1.2462,3.8783
734,4.2,6.0,0.0,1.3379,3.8312
735,4.4,10.0,0.0,1.5132,3.8394
736,3.5,6.0,0.0,1.1552,3.864
737,4.2,8.0,0.0,1.4,3.8964
738,5.2,9.0,0.0,1.7335,4.1615
739,3.9,10.0,0.0,1.3928,4.0312
740,4.9,6.0,0.0,1.5355,3.7638
741,3.7,6.0,0.0,1.2189,3.7799
742,4.7,7.0,0.0,1.5225,3.7921
743,4.9,9.0,0.0,1.6696,3.8467
744,4.1,6.0,0.0,1.3189,3.8351
745,4.4,7.0,0.0,1.402,3.8216
746,2.9,3.0,0.0,0.9518,3.8497
747,6.0,10.0,0.0,1.8915,3.8984
748,3.3,5.0,0.0,1.0989,3.9036
749,4.2,7.0,0.0,1.3586,4.0288
750,3.4,5.0,0.0,1.0837,4.0675
751,3.9,7.0,0.0,1.28,3.9832
752,4.1,7.0,0.0,1.3336,3.9388
753,5.4,8.0,0.0,1.6619,3.9986
754,6.5,11.0,0.0,2.0269,4.0289
755,12.9,20.0,0.0,3.9316,4.2864
756,6.5,11.0,0.0,2.1284,4.0436
757,3.8,6.0,0.0,1.2042,3.9419
758,4.3,8.0,0.0,1.4281,3.9101
759,4.9,10.0,0.0,1.6279,3.9073
760,5.3,9.0,0.0,1.6836,3.9181
761,4.0,5.0,0.0,1.3067,3.8563
762,4.4,8.0,0.0,1.4594,3.8969
763,4.0,7.0,0.0,1.299,3.8519
764,2.9,5.0,0.0,1.0184,3.8921
765,5.1,9.0,0.0,1.711,3.9946
766,7.2,12.0,0.0,2.2377,4.1326
767,13.3,21.0,0.0,4.2329,4.6019
768,19.1,33.0,0.0,6.1033,5.2928
769,22.4,30.0,0.0,6.6729,5.7076
770,16.5,25.0,0.0,5.0469,4.5987
771,8.6,16.0,0.0,2.727,4.2182
772,4.4,8.0,0.0,1.4578,3.9693
773,3.8,6.0,0.0,1.2878,3.8836
774,3.6,5.0,0.0,1.1842,3.8619
775,3.5,6.0,0.0,1.1638,3.8565
776,3.8,5.0,0.0,1.2322,3.8448
777,3.9,7.0,0.0,1.2781,3.8497
778,5.3,8.0,0.0,1.6993,3.9617
779,5.7,11.0,0.0,1.9224,4.1732
780,7.5,12.0,0.0,2.3979,4.2136
781,8.1,14.0,0.0,2.4976,4.205
782,22.4,36.0,0.0,6.9034,4.9922
783,10.7,15.0,0.0,3.4214,4.3907
784,17.3,24.0,0.0,5.3242,4.7167
785,13.6,19.0,0.0,4.0978,4.3771
786,13.4,19.0,0.0,4.2424,4.3528
787,11.6,16.0,0.0,3.6479,4.352
788,10.7,18.0,0.0,3.2623,4.2027
789,12.6,20.0,0.0,4.13,4.8954
790,11.4,16.0,0.0,3.4278,4.8434
791,12.4,21.0,0.0,3.9299,5.0685
792,14.3,20.0,0.0,4.44,4.9942
793,18.5,34.0,0.0,5.7991,5.0616
794,15.6,21.0,0.0,4.6755,4.8413
795,16.1,24.0,0.0,4.8975,4.7184
796,16.5,21.0,0.0,5.0385,4.6993
797,19.3,28.0,0.0,5.9594,4.8361
798,11.1,20.0,0.0,3.4654,4.3599
799,15.8,25.0,0.0,4.8704,4.814
800,6.0,9.0,0.0,1.8062,4.0396
801,4.4,7.0,0.0,1.5394,4.1014
802,5.4,8.0,0.0,1.694,3.9231
803,4.9,7.0,0.0,1.5892,3.9068
804,6.0,8.0,0.0,1.9282,3.9872
805,6.0,9.0,0.0,1.9249,4.052
806,5.0,6.0,0.0,1.5942,3.9279
807,4.7,11.0,0.0,1.6018,3.984
808,4.8,6.0,0.0,1.5558,3.9907
809,4.5,5.0,0.0,1.4952,3.968
810,4.8,6.0,0.0,1.4765,4.0028
811,5.4,10.0,0.0,1.7325,3.9261
812,11.4,18.0,0.0,3.5522,4.2948
813,17.4,26.0,0.0,5.2956,4.918
814,14.7,22.0,0.0,4.4156,4.5361
815,11.9,16.0,0.0,3.5555,4.3934
816,9.1,22.0,0.0,3.1783,4.235
817,10.0,16.0,0.0,3.1512,4.2045
818,8.3,25.0,0.0,3.0559,4.1703
819,4.4,8.0,0.0,1.5013,3.9468
820,4.2,7.0,0.0,1.4169,4.0105
821,4.3,7.0,0.0,1.4523,4.0426
822,3.5,5.0,0.0,1.1712,3.9745
823,6.0,9.0,0.0,1.9187,4.2018
824,9.1,12.0,0.0,2.9124,4.4697
825,17.1,28.0,0.0,5.5577,5.3024
826,16.1,22.0,0.0,4.8917,5.5361
827,20.6,37.0,0.0,6.1248,5.4311
828,25.3,50.0,0.0,7.8611,5.166
829,21.1,26.0,0.0,6.2095,5.3176
830,18.5,34.0,0.0,5.8854,4.9685
831,15.9,33.0,0.0,5.1053,4.4667
832,4.4,8.0,0.0,1.4605,3.9677
833,4.4,8.0,0.0,1.4174,3.9937
834,3.2,7.0,0.0,1.1289,3.9093
835,3.7,5.0,0.0,1.1971,3.9365
836,4.3,9.0,0.0,1.4456,3.8765
837,3.1,7.0,0.0,1.1581,3.9201
838,3.3,7.0,0.0,1.1322,3.9297
839,7.4,11.0,0.0,2.3008,4.167
840,11.0,17.0,0.0,3.3601,4.7464
841,15.7,26.0,0.0,5.0297,5.1932
842,17.0,24.0,0.0,5.3507,5.2158
843,11.0,17.0,0.0,3.3263,4.4893
844,13.0,28.0,0.0,4.3275,4.3598
845,13.6,24.0,0.0,4.415,4.6544
846,14.7,17.0,0.0,4.6534,5.0016
847,11.8,22.0,0.0,3.6624,4.4639
848,3.7,5.0,0.0,1.1632,3.8242
849,3.2,4.0,0.0,1.1354,3.8627
850,4.6,10.0,0.0,1.6023,3.8494
851,4.5,8.0,0.0,1.504,3.8673
852,4.4,7.0,0.0,1.4071,3.9351
853,5.7,11.0,0.0,1.9094,3.9844
854,7.9,12.0,0.0,2.4136,4.2142
855,13.4,25.0,0.0,4.3204,4.4946
856,10.9,16.0,0.0,3.3871,4.5417
857,7.8,10.0,0.0,2.4095,4.113
858,4.6,6.0,0.0,1.4063,3.9147
859,4.6,7.0,0.0,1.4809,3.9011
860,5.2,11.0,0.0,1.7322,3.8596
861,4.2,6.0,0.0,1.3465,3.8751
862,4.6,7.0,0.0,1.4637,3.9419
863,6.0,10.0,0.0,1.8943,3.9784
864,6.9,15.0,0.0,2.2982,4.1817
865,6.6,13.0,0.0,2.096,4.2658
866,10.7,26.0,0.0,3.603,4.3554
867,17.1,25.0,0.0,5.3183,4.9798
868,14.8,21.0,0.0,4.6636,4.4164
869,7.1,18.0,0.0,2.5261,4.0776
870,4.4,7.0,0.0,1.4004,4.0035
871,4.4,9.0,0.0,1.44,3.9517
872,3.8,5.0,0.0,1.257,4.1274
873,4.6,8.0,0.0,1.489,4.0185
874,4.2,6.0,0.0,1.3572,3.9335
875,4.0,7.0,0.0,1.2488,4.0682
876,3.6,5.0,0.0,1.1511,4.1485
877,4.7,7.0,0.0,1.5256,3.9895
878,6.9,14.0,0.0,2.2511,4.0628
879,10.3,21.0,0.0,3.3485,4.3418
880,14.9,25.0,0.0,4.7078,4.983
881,9.0,16.0,0.0,2.9185,4.5567
882,10.4,14.0,0.0,3.2536,4.7865
883,4.5,7.0,0.0,1.4607,3.9523
884,3.5,5.0,0.0,1.1304,3.966
885,4.3,11.0,0.0,1.5264,3.9658
886,6.6,12.0,0.0,2.1606,4.3016
887,10.9,19.0,0.0,3.399,4.6489
888,12.9,20.0,0.0,4.1106,4.8355
889,11.9,22.0,0.0,3.8494,4.5067
890,11.5,26.0,0.0,3.7293,4.3712
891,12.7,16.0,0.0,3.7764,4.4119
892,11.4,19.0,0.0,3.5935,4.5435
893,9.6,16.0,0.0,3.0276,4.5162
894,14.6,23.0,0.0,4.3517,5.174
895,6.8,13.0,0.0,2.1465,4.3436
896,6.8,10.0,0.0,2.1255,4.3736
897,6.1,9.0,0.0,1.8668,4.5785
898,6.6,12.0,0.0,2.044,4.4544
899,10.5,16.0,0.0,3.1974,4.492
900,9.1,15.0,0.0,2.9848,4.4773
901,7.0,16.0,0.0,2.3294,4.3336
902,6.0,13.0,0.0,1.9916,4.1232
903,4.2,6.0,0.0,1.3271,3.9117
904,5.7,13.0,0.0,1.9395,3.9771
905,7.4,11.0,0.0,2.3259,4.1523
906,12.6,18.0,0.0,3.9048,4.4512
907,14.5,23.0,0.0,4.4677,4.7253
908,12.9,19.0,0.0,4.0196,4.5354
909,10.7,27.0,0.0,3.6323,4.2914
910,12.7,17.0,0.0,3.8743,4.5133
911,11.6,18.0,0.0,3.4983,4.4312
912,10.5,24.0,0.0,3.5889,4.2212
913,6.6,8.0,0.0,2.0538,4.2293
914,6.5,14.0,0.0,2.2203,4.0317
915,10.2,18.0,0.0,3.3178,4.3023
916,3.8,6.0,0.0,1.2114,3.8952
917,4.6,6.0,0.0,1.4331,3.8894
918,9.4,16.0,0.0,3.0565,4.219
919,11.3,17.0,0.0,3.6493,4.5632
920,13.5,26.0,0.0,4.3259,4.8425
921,13.3,18.0,0.0,4.2128,4.5301
922,8.8,19.0,0.0,2.816,4.0508
923,8.6,15.0,0.0,2.7657,4.1942
924,13.5,22.0,0.0,4.1696,4.0862
925,13.4,22.0,0.0,4.2139,4.2312
926,15.7,29.0,0.0,5.1795,4.6536
927,19.1,26.0,0.0,5.8453,4.3997
928,16.4,30.0,0.0,5.328,4.2837
929,6.5,23.0,0.0,2.6427,4.0492
930,8.1,14.0,0.0,2.6585,4.1676
931,7.3,10.0,0.0,2.2405,4.1143
932,4.0,7.0,0.0,1.3642,3.9366
933,3.7,5.0,0.0,1.2008,3.934
934,5.0,8.0,0.0,1.6739,3.909
935,5.1,9.0,0.0,1.6696,3.9879
936,3.6,5.0,0.0,1.1265,3.9698
937,5.0,9.0,0.0,1.6292,3.9951
938,5.1,7.0,0.0,1.6376,4.0285
939,5.0,9.0,0.0,1.6772,4.1594
940,4.7,7.0,0.0,1.5875,4.1257
941,5.8,11.0,0.0,1.8519,3.9646
942,6.6,13.0,0.0,2.1835,4.0817
943,14.1,24.0,0.0,4.3489,4.3894
944,20.5,28.0,0.0,6.2229,4.919
945,15.5,20.0,0.0,4.5137,4.8475
946,9.7,13.0,0.0,2.968,4.3375
947,11.9,27.0,0.0,4.0386,4.3574
948,3.7,5.0,0.0,1.244,3.8735
949,4.0,7.0,0.0,1.347,3.7931
950,5.2,7.0,0.0,1.5961,3.8152
951,4.5,7.0,0.0,1.4635,3.7137
952,3.2,6.0,0.0,1.1032,3.7593
953,3.7,6.0,0.0,1.2042,3.841
954,4.0,6.0,0.0,1.3266,3.8441
955,3.6,6.0,0.0,1.201,3.9341
956,5.3,10.0,0.0,1.7578,3.9204
957,4.7,8.0,0.0,1.4723,3.9413
958,4.5,6.0,0.0,1.4893,4.1271
959,5.0,9.0,0.0,1.6148,3.748
960,5.1,10.0,0.0,1.6776,3.8412
961,5.1,7.0,0.0,1.6583,3.9965
962,10.1,15.0,0.0,3.1404,4.3408
963,14.9,24.0,0.0,4.6542,4.7171
964,14.3,25.0,0.0,4.4211,5.068
965,19.0,28.0,0.0,5.8983,5.6226
966,13.5,20.0,0.0,4.2603,5.2174
967,8.9,14.0,0.0,3.0154,4.9886
968,5.5,12.0,0.0,1.8664,4.4328
969,4.3,6.0,0.0,1.3713,3.942
970,3.7,6.0,0.0,1.2726,3.8335
971,5.7,13.0,0.0,1.9494,3.8891
972,4.2,7.0,0.0,1.4051,3.8676
973,4.7,10.0,0.0,1.5999,3.8207
974,3.3,7.0,0.0,1.1965,3.8692
975,6.8,12.0,0.0,2.1939,4.0036
976,10.8,14.0,0.0,3.3258,4.1783
977,8.9,12.0,0.0,2.8408,4.166
978,10.7,22.0,0.0,3.5486,4.1205
979,13.9,28.0,0.0,4.4697,4.1273
980,9.7,20.0,0.0,3.0512,4.0238
981,6.7,18.0,0.0,2.4003,3.9355
982,4.5,6.0,0.0,1.4866,3.9258
983,4.1,5.0,0.0,1.3301,3.916
984,3.5,6.0,0.0,1.1701,3.8825
985,4.8,8.0,0.0,1.5058,3.8629
986,10.0,12.0,0.0,3.1897,4.2206
987,18.4,23.0,0.0,5.7717,5.0647
988,15.4,22.0,0.0,4.7344,5.0744
989,16.6,23.0,0.0,4.9318,5.2222
990,16.8,24.0,0.0,4.9873,5.1374
991,11.5,19.0,0.0,3.7366,4.5511
992,9.7,13.0,0.0,3.085,4.4312
993,10.2,16.0,0.0,3.2201,4.2885
994,9.3,26.0,0.0,3.3426,4.0915
995,12.1,22.0,0.0,3.9125,4.3548
996,10.5,16.0,0.0,3.2833,4.2605
997,6.4,12.0,0.0,2.0757,4.0922
998,5.1,7.0,0.0,1.6347,3.9574
999,4.4,7.0,0.0,1.4027,3.902
1000,3.1,5.0,0.0,1.0247,3.9476
1001,2.9,5.0,0.0,1.0332,4.0141
1002,3.2,4.0,0.0,1.0266,3.9013
1003,3.2,5.0,0.0,1.0663,4.048
1004,4.3,9.0,0.0,1.4472,4.0035
1005,5.1,9.0,0.0,1.6657,4.0649
1006,17.4,25.0,0.0,5.3278,4.6064
1007,17.5,23.0,0.0,5.2876,5.1694
1008,17.1,27.0,0.0,5.1029,5.252
1009,15.4,21.0,0.0,4.8685,4.6595
1010,16.0,22.0,0.0,5.2619,5.4829
1011,7.9,14.0,0.0,2.5848,4.1215
1012,10.7,15.0,0.0,3.2634,4.4347
1013,9.3,12.0,0.0,2.9027,4.3309
1014,4.6,8.0,0.0,1.5964,4.1238
1015,4.9,10.0,0.0,1.6254,3.895
1016,5.4,9.0,0.0,1.7723,3.9256
1017,4.3,10.0,0.0,1.4866,3.9006
1018,4.6,6.0,0.0,1.4568,3.9723
1019,5.7,10.0,0.0,1.9031,4.1813
1020,5.8,9.0,0.0,1.9082,4.3092
1021,12.4,18.0,0.0,3.8559,4.9704
1022,23.5,46.0,0.0,7.4074,6.0145
1023,24.2,33.0,0.0,7.2208,6.8368
1024,14.0,24.0,0.0,4.4717,4.9024
1025,17.1,27.0,0.0,5.3344,4.9559
1026,22.6,31.0,0.0,7.0942,5.4168
1027,11.9,17.0,0.0,3.682,4.6092
1028,3.9,6.0,0.0,1.3,3.9174
1029,5.7,9.0,0.0,1.8471,3.9077
1030,8.9,21.0,0.0,3.0314,4.0433
1031,10.0,12.0,0.0,2.9967,4.168
1032,9.8,11.0,0.0,3.1424,4.1737
1033,12.3,23.0,0.0,3.8942,4.2789
1034,13.2,17.0,0.0,4.0988,4.4695
1035,16.8,23.0,0.0,5.0826,4.6008
1036,13.0,18.0,0.0,3.8498,4.407
1037,15.0,24.0,0.0,4.5957,4.3451
1038,12.7,21.0,0.0,3.8233,4.2509
1039,12.1,16.0,0.0,3.7205,4.4436
1040,11.4,22.0,0.0,3.5659,4.3301
1041,11.6,23.0,0.0,3.6356,4.3772
1042,12.2,19.0,0.0,3.6797,4.3496
1043,13.7,20.0,0.0,4.0232,4.4537
1044,12.8,21.0,0.0,3.9281,4.3096
1045,11.5,14.0,0.0,3.6602,4.4524
1046,14.6,19.0,0.0,4.3529,4.6059
1047,12.7,23.0,0.0,4.0299,4.3577
1048,7.9,18.0,0.0,2.6707,4.2565
1049,9.5,24.0,0.0,3.2538,4.259
1050,10.0,18.0,0.0,3.1125,4.0463
1051,10.3,19.0,0.0,3.4025,4.1275
1052,14.3,27.0,0.0,4.4995,4.4626
1053,11.8,17.0,0.0,3.6633,4.4499
1054,8.9,18.0,0.0,2.8408,4.0714
1055,4.8,7.0,0.0,1.5264,3.9135
1056,8.0,15.0,0.0,2.6149,3.7999
1057,7.8,13.0,0.0,2.4982,4.0431
1058,5.6,9.0,0.0,1.7847,4.0385
1059,7.0,12.0,0.0,2.2276,4.0602
1060,10.4,14.0,0.0,3.1486,4.1924
1061,11.3,18.0,0.0,3.6194,4.7212
1062,18.0,32.0,0.0,5.6911,4.9841
1063,18.1,34.0,0.0,5.845,4.8092
1064,19.8,26.0,0.0,6.0062,5.0897
1065,30.5,40.0,0.0,9.2943,6.5294
1066,35.4,45.0,0.0,10.5678,7.3951
1067,27.8,41.0,0.0,8.2279,6.1895
1068,29.1,43.0,0.0,8.8561,6.7478
1069,19.7,24.0,0.0,5.9768,5.7972
1070,24.3,32.0,0.0,7.4671,6.0742
1071,15.0,19.0,0.0,4.5923,5.1031
1072,11.3,21.0,0.0,3.6531,4.3192
1073,11.7,17.0,0.0,3.6284,4.3994
1074,12.5,23.0,0.0,3.9505,4.7553
1075,19.1,60.0,0.0,7.3494,4.8751
1076,29.6,61.0,0.0,9.6035,5.5517
1077,27.1,37.0,0.0,8.3523,6.452
1078,22.8,41.0,0.0,7.0993,5.6611
1079,22.8,44.0,0.0,7.2447,5.8356
1080,16.1,20.0,0.0,4.8477,5.5068
1081,16.4,23.0,0.0,4.7859,5.3929
1082,19.9,36.0,0.0,6.2008,5.3333
1083,14.3,30.0,0.0,4.5027,4.9635
1084,12.6,19.0,0.0,3.9201,4.5752
1085,14.8,23.0,0.0,4.5899,5.117
1086,17.2,28.0,0.0,5.3889,5.116
1087,16.1,21.0,0.0,4.7896,4.6545
1088,17.6,28.0,0.0,5.5503,4.5298
1089,10.2,19.0,0.0,3.1811,4.3845
1090,9.8,13.0,0.0,3.0248,4.4084
1091,10.1,18.0,0.0,3.2233,4.2663
1092,8.3,19.0,0.0,2.7716,4.2627
1093,7.4,11.0,0.0,2.2371,4.2333
1094,8.8,12.0,0.0,2.6313,4.2132
1095,6.6,8.0,0.0,2.0351,4.1555
1096,9.4,16.0,0.0,3.0141,4.4605
1097,7.9,12.0,0.0,2.4204,4.1798
1098,12.1,25.0,0.0,3.9686,4.38
1099,18.5,34.0,0.0,5.8577,4.9731
1100,22.0,32.0,0.0,6.658,5.175
1101,22.9,34.0,0.0,7.1836,5.2455
1102,15.0,31.0,0.0,4.6652,5.0347
1103,17.5,28.0,0.0,5.3301,5.4453
1104,17.9,38.0,0.0,5.711,5.1864
1105,16.9,25.0,0.0,5.2789,5.0118
1106,12.9,21.0,0.0,3.9115,4.715
1107,12.2,21.0,0.0,3.8429,4.4651
1108,10.6,19.0,0.0,3.5182,4.2887
1109,10.1,20.0,0.0,3.2247,4.4416
1110,10.6,14.0,0.0,3.3702,4.6431
1111,9.7,17.0,0.0,3.1413,4.2125
1112,10.5,20.0,0.0,3.3338,4.4071
1113,10.6,25.0,0.0,3.5116,4.3099
1114,10.1,20.0,0.0,3.22,4.2528
1115,14.0,32.0,0.0,4.5878,4.3467
1116,12.8,15.0,0.0,4.003,4.4098
1117,12.6,19.0,0.0,3.9469,4.4399
1118,25.1,49.0,0.0,7.8057,5.1901
1119,21.8,40.0,0.0,6.7737,5.2755
1120,22.6,41.0,0.0,7.0352,5.6973
1121,25.6,50.0,0.0,7.9264,5.8526
1122,21.3,29.0,0.0,6.662,5.6663
1123,19.9,29.0,0.0,6.1623,5.1101
1124,13.9,24.0,0.0,4.2619,4.5606
1125,11.9,17.0,0.0,3.653,4.3532
1126,15.0,24.0,0.0,4.7944,4.3652
1127,14.7,31.0,0.0,4.5605,4.4415
1128,14.8,23.0,0.0,4.3793,4.5062
1129,11.6,22.0,0.0,3.697,4.3224
1130,11.6,15.0,0.0,3.5886,4.4845
1131,25.3,48.0,0.0,8.1059,5.7748
1132,30.8,37.0,0.0,9.4952,7.4163
1133,31.2,49.0,0.0,9.465,7.4493
1134,26.7,31.0,0.0,7.7769,6.5498
1135,16.6,27.0,0.0,5.0179,5.4961
1136,10.4,15.0,0.0,3.1415,4.3559
1137,11.4,20.0,0.0,3.5101,4.2834
1138,10.7,17.0,0.0,3.3053,4.4364
1139,13.0,18.0,0.0,3.8886,4.221
1140,13.8,21.0,0.0,4.3539,4.3739
1141,11.1,19.0,0.0,3.6232,4.3502
1142,14.2,18.0,0.0,4.231,4.4941
1143,13.4,25.0,0.0,4.2404,4.5358
1144,11.5,21.0,0.0,3.6428,4.4401
1145,9.0,13.0,0.0,2.8368,4.3079
1146,11.3,17.0,0.0,3.404,4.1897
1147,8.8,14.0,0.0,2.739,4.01
1148,14.2,26.0,0.0,4.5656,4.1826
1149,14.6,24.0,0.0,4.5878,4.3896
1150,12.0,19.0,0.0,3.8675,4.2949
1151,13.8,31.0,0.0,4.5532,4.5042
1152,15.0,32.0,0.0,4.8502,4.577
1153,16.9,45.0,0.0,5.6967,5.0247
1154,19.5,28.0,0.0,6.049,4.6465
1155,21.6,37.0,0.0,6.6791,5.2073
1156,20.8,46.0,0.0,6.7656,5.009
1157,18.9,29.0,0.0,5.9599,5.2725
1158,31.5,47.0,0.0,9.6805,6.1299
1159,16.9,25.0,0.0,5.1862,5.1018
1160,17.1,24.0,0.0,5.1763,4.7982
1161,12.6,25.0,0.0,4.0489,4.5514
1162,19.4,29.0,0.0,6.0123,4.7348
1163,14.7,25.0,0.0,4.6357,4.5579
1164,18.5,30.0,0.0,5.8526,4.6682
1165,13.4,19.0,0.0,4.175,4.4917
1166,14.7,21.0,0.0,4.6755,4.4832
1167,13.3,21.0,0.0,4.1885,4.322
1168,12.4,18.0,0.0,3.7329,4.6221
1169,11.9,26.0,0.0,3.8582,4.3716
1170,8.9,16.0,0.0,2.9123,4.3553
1171,10.5,21.0,0.0,3.4327,4.6449
1172,15.6,32.0,0.0,5.0002,4.6073
1173,11.4,22.0,0.0,3.6832,4.4098
1174,11.5,22.0,0.0,3.5366,4.4125
1175,9.9,18.0,0.0,3.2003,4.5026
1176,11.6,18.0,0.0,3.7268,4.5547
1177,11.5,23.0,0.0,3.7181,4.5221
1178,13.9,21.0,0.0,4.3136,4.7618
1179,14.7,23.0,0.0,4.4983,4.558
1180,12.4,18.0,0.0,3.768,4.6175
1181,11.0,18.0,0.0,3.3089,4.3682
1182,11.3,18.0,0.0,3.2661,4.2067
1183,12.0,18.0,0.0,3.6534,4.3996
1184,10.0,17.0,0.0,3.2008,4.4096
1185,8.2,14.0,0.0,2.6081,4.1331
1186,8.3,15.0,0.0,2.6378,4.0135
1187,4.2,7.0,0.0,1.3863,4.1173
1188,3.9,5.0,0.0,1.232,4.0294
1189,3.5,4.0,0.0,1.1402,4.0512
1190,5.8,11.0,0.0,1.8862,4.105
1191,15.3,40.0,0.0,5.332,5.2849
1192,27.2,44.0,0.0,8.6119,7.1498
1193,25.6,39.0,0.0,7.7689,6.9487
1194,16.9,28.0,0.0,5.32,6.3341
1195,15.0,20.0,0.0,4.4261,5.2255
1196,11.7,21.0,0.0,3.7087,4.5556
1197,11.1,16.0,0.0,3.3945,4.2152
1198,11.3,29.0,0.0,3.8406,4.3285
1199,10.7,14.0,0.0,3.4706,4.3454
1200,14.9,22.0,0.0,4.7199,4.4598
1201,17.3,25.0,0.0,5.3429,4.6344
1202,16.7,25.0,0.0,5.1293,4.5325
1203,19.7,33.0,0.0,6.2696,5.1631
1204,31.5,48.0,0.0,9.7288,6.347
1205,28.7,48.0,0.0,8.8325,6.2438
1206,25.7,39.0,0.0,7.6042,6.5041
1207,22.8,34.0,0.0,6.6276,6.6475
1208,15.9,27.0,0.0,4.7114,5.4514
1209,16.9,21.0,0.0,5.1601,4.9293
1210,15.0,22.0,0.0,4.6205,4.6652
1211,14.4,26.0,0.0,4.4789,4.8111
1212,11.6,22.0,0.0,3.7949,4.6829
1213,13.6,24.0,0.0,4.2886,4.7403
1214,9.8,13.0,0.0,3.0326,4.4942
1215,11.0,15.0,0.0,3.4009,4.7934
1216,14.2,22.0,0.0,4.3067,4.9681
1217,13.5,23.0,0.0,4.392,4.7501
1218,19.6,36.0,0.0,6.1077,5.6067
1219,21.3,36.0,0.0,6.4394,5.4111
1220,21.2,35.0,0.0,6.4885,5.4035
1221,26.5,43.0,0.0,8.184,6.1463
1222,24.4,43.0,0.0,7.7101,6.2292
1223,25.6,44.0,0.0,7.8328,5.561
1224,19.2,29.0,0.0,6.0911,5.2329
1225,16.5,36.0,0.0,5.3168,4.7605
1226,13.5,17.0,0.0,4.2703,4.765
1227,15.0,25.0,0.0,4.7771,4.6578
1228,12.4,22.0,0.0,3.8447,4.4454
1229,12.5,28.0,0.0,4.107,4.5785
1230,12.5,24.0,0.0,3.8911,4.6783
1231,18.3,27.0,0.0,5.5694,5.1828
1232,21.2,38.0,0.0,6.8377,5.5493
1233,23.0,45.0,0.0,7.3837,5.6971
1234,28.9,48.0,0.0,9.1849,5.7315
1235,20.6,30.0,0.0,6.3955,5.7374
1236,21.9,27.0,0.0,6.5921,5.3773
1237,15.2,23.0,0.0,4.6032,5.0604
1238,16.9,25.0,0.0,5.2132,4.7857
1239,18.6,27.0,0.0,5.7477,4.6426
1240,14.1,24.0,0.0,4.4039,4.6941
1241,14.4,25.0,0.0,4.5719,4.5832
1242,14.7,26.0,0.0,4.592,4.7799
1243,20.6,41.0,0.0,6.665,5.4094
1244,27.1,44.0,0.0,8.6008,6.0181
1245,25.7,36.0,0.0,7.8117,7.1176
1246,22.6,44.0,0.0,6.8116,6.2783
1247,26.4,46.0,0.0,8.0556,6.0366
1248,23.6,47.0,0.0,7.6501,5.0214
1249,30.9,67.0,0.0,10.3501,6.0755
1250,29.7,43.0,0.0,9.351,6.3167
1251,21.5,36.0,0.0,6.4809,5.6481
1252,15.8,29.0,0.0,4.9136,4.791
1253,15.1,19.0,0.0,4.567,4.7904
1254,13.3,24.0,0.0,4.1122,4.5594
1255,11.8,18.0,0.0,3.6788,4.1307
1256,12.6,22.0,0.0,3.9517,4.5822
1257,18.2,29.0,0.0,5.6297,4.6823
1258,12.3,22.0,0.0,3.7774,4.7356
1259,17.5,27.0,0.0,5.3205,5.3269
1260,28.3,44.0,0.0,8.7149,6.4195
1261,28.7,40.0,0.0,8.9655,7.232
1262,20.7,32.0,0.0,6.4426,5.7495
1263,24.9,34.0,0.0,7.5198,5.93
1264,12.5,29.0,0.0,4.213,4.4712
1265,5.4,12.0,0.0,1.7882,3.8812
1266,4.1,7.0,0.0,1.3524,3.9695
1267,5.4,15.0,0.0,1.9589,3.9087
1268,5.8,11.0,0.0,1.951,3.9586
1269,5.0,8.0,0.0,1.5635,4.049
1270,7.1,12.0,0.0,2.3391,4.1198
1271,7.0,12.0,0.0,2.1299,4.0499
1272,6.8,12.0,0.0,2.1114,4.1172
1273,8.0,13.0,0.0,2.4719,4.087
1274,7.1,14.0,0.0,2.2764,4.1072
1275,8.6,14.0,0.0,2.6505,4.1499
1276,14.7,34.0,0.0,4.863,4.9711
1277,27.7,47.0,0.0,8.3787,7.4293
1278,12.7,24.0,0.0,3.9559,5.2791
1279,10.3,15.0,0.0,3.1129,4.8877
1280,9.8,20.0,0.0,3.2446,4.5174
1281,11.9,18.0,0.0,3.7256,4.8458
1282,7.3,17.0,0.0,2.414,4.3185
1283,7.4,11.0,0.0,2.2763,4.1128
1284,9.9,14.0,0.0,2.9206,4.4018
1285,13.0,22.0,0.0,4.0216,4.7259
1286,9.0,16.0,0.0,2.7398,4.3786
1287,14.9,28.0,0.0,4.6194,4.5433
1288,17.0,38.0,0.0,5.6135,4.8353
1289,21.2,27.0,0.0,6.3858,5.5177
1290,17.1,22.0,0.0,5.2096,5.3192
1291,22.7,43.0,0.0,6.9314,5.1353
1292,15.9,27.0,0.0,5.1777,4.7866
1293,14.4,19.0,0.0,4.5563,4.5493
1294,18.0,23.0,0.0,5.3056,4.5796
1295,15.4,23.0,0.0,4.9321,4.5158
1296,20.4,39.0,0.0,6.4131,4.7061
1297,26.0,37.0,0.0,7.8116,5.66
1298,26.2,40.0,0.0,8.4105,7.1866
1299,27.5,38.0,0.0,7.9778,6.3558
1300,24.7,38.0,0.0,7.357,6.8025
1301,19.6,31.0,0.0,6.1809,5.789
1302,17.7,33.0,0.0,5.6646,4.9514
1303,15.0,24.0,0.0,4.7204,4.7761
1304,13.0,21.0,0.0,4.0266,4.4461
1305,15.3,25.0,0.0,4.7902,4.9051
1306,13.6,19.0,0.0,4.1412,4.6026
1307,11.9,20.0,0.0,3.8169,4.3118
1308,11.4,17.0,0.0,3.6919,4.3556
1309,12.8,21.0,0.0,4.0772,4.3397
1310,13.3,24.0,0.0,4.2461,4.2546
1311,15.0,33.0,0.0,4.9264,4.5271
1312,12.0,24.0,0.0,3.8907,4.4121
1313,13.4,18.0,0.0,4.1479,4.6613
1314,11.6,20.0,0.0,3.5191,4.4282
1315,15.1,33.0,0.0,5.1611,4.6901
1316,12.2,35.0,0.0,4.386,4.4903
1317,13.2,22.0,0.0,4.1143,4.671
1318,20.6,29.0,0.0,6.2496,5.1335
1319,23.8,48.0,0.0,7.6682,5.7386
1320,19.3,25.0,0.0,5.9026,5.2053
1321,16.4,24.0,0.0,4.9134,5.0089
1322,12.8,23.0,0.0,4.1033,4.6787
1323,11.1,14.0,0.0,3.5141,4.5533
1324,9.1,16.0,0.0,2.904,4.2583
1325,9.8,14.0,0.0,3.0602,4.0619
1326,11.4,18.0,0.0,3.5398,4.2774
1327,11.4,18.0,0.0,3.6686,4.451
1328,13.4,19.0,0.0,3.9746,4.5761
1329,10.5,21.0,0.0,3.2341,4.3968
1330,12.9,18.0,0.0,4.082,4.5749
1331,8.1,18.0,0.0,2.6769,4.2583
1332,10.6,20.0,0.0,3.4571,4.3085
1333,14.5,21.0,0.0,4.5763,4.4694
1334,15.9,24.0,0.0,4.9424,4.4017
1335,15.2,22.0,0.0,4.6829,4.428
1336,16.1,31.0,0.0,5.1332,4.5401
1337,16.8,25.0,0.0,5.0616,4.4377
1338,17.8,33.0,0.0,5.6211,4.6442
1339,23.2,43.0,0.0,7.2351,5.2751
1340,24.6,35.0,0.0,7.6079,6.1522
1341,28.8,46.0,0.0,8.4214,7.1482
1342,21.5,44.0,0.0,6.7701,6.2693
1343,23.5,42.0,0.0,7.074,5.8559
1344,24.1,33.0,0.0,7.2491,6.0824
1345,16.2,26.0,0.0,5.0345,4.9552
1346,20.4,30.0,0.0,6.3054,5.0858
1347,15.7,29.0,0.0,4.9317,4.7483
1348,13.6,21.0,0.0,4.1415,4.3136
1349,13.8,30.0,0.0,4.652,4.3134
1350,11.4,19.0,0.0,3.6919,4.4
1351,13.0,15.0,0.0,4.0857,4.4575
1352,14.2,19.0,0.0,4.3781,4.3733
1353,15.0,25.0,0.0,4.6519,4.6647
1354,13.4,22.0,0.0,4.0897,4.7657
1355,15.7,25.0,0.0,5.0289,4.7965
1356,14.8,27.0,0.0,4.7377,4.7484
1357,15.3,26.0,0.0,4.6821,4.7689
1358,16.1,25.0,0.0,4.8881,4.6689
1359,15.0,21.0,0.0,4.6166,4.7951
1360,13.7,24.0,0.0,4.2311,4.668
1361,9.7,22.0,0.0,3.1765,4.234
1362,13.4,29.0,0.0,4.3069,4.5497
1363,14.0,22.0,0.0,4.2435,4.6308
1364,11.6,20.0,0.0,3.5946,4.549
1365,8.7,15.0,0.0,2.7802,4.2824
1366,10.8,17.0,0.0,3.4569,4.283
1367,11.6,18.0,0.0,3.7199,4.3065
1368,12.3,17.0,0.0,3.7391,4.583
1369,8.7,14.0,0.0,2.6865,4.2852
1370,7.4,12.0,0.0,2.3014,4.1938
1371,7.8,11.0,0.0,2.3871,4.1349
1372,5.9,10.0,0.0,1.8621,3.9847
1373,9.9,18.0,0.0,3.0854,4.0802
1374,12.8,21.0,0.0,3.9565,4.1074
1375,13.4,23.0,0.0,4.2616,4.4122
1376,17.7,31.0,0.0,5.5119,4.6525
1377,15.0,30.0,0.0,4.8535,4.6407
1378,18.0,26.0,0.0,5.4076,4.8097
1379,21.4,57.0,0.0,7.3844,4.8263
1380,20.3,37.0,0.0,6.4807,5.1975
1381,22.5,40.0,0.0,7.0613,5.3649
1382,24.6,40.0,0.0,7.6661,5.2506
1383,20.4,32.0,0.0,6.2675,5.3782
1384,23.0,33.0,0.0,6.7061,5.9189
1385,15.4,20.0,0.0,4.8535,4.8967
1386,15.9,22.0,0.0,4.6837,4.6284
1387,13.7,24.0,0.0,4.3081,4.4158
1388,13.4,18.0,0.0,4.2375,4.5873
1389,12.8,25.0,0.0,4.166,4.5855
1390,14.4,30.0,0.0,4.6338,4.5168
1391,24.9,49.0,0.0,7.769,5.4253
1392,23.8,35.0,0.0,7.2379,5.8746
1393,18.1,27.0,0.0,5.6898,5.515
1394,25.7,50.0,0.0,8.2424,6.0563
1395,24.4,38.0,0.0,7.2572,6.1819
1396,18.4,31.0,0.0,5.6147,5.8699
1397,12.7,15.0,0.0,3.835,4.9305
1398,15.3,29.0,0.0,4.9384,4.6242
1399,15.3,20.0,0.0,4.7004,4.6131
1400,14.3,24.0,0.0,4.4177,4.62
1401,16.9,29.0,0.0,5.4651,4.738
1402,13.5,21.0,0.0,4.1835,4.463
1403,14.1,23.0,0.0,4.3106,4.6406
1404,11.5,29.0,0.0,3.7852,4.5853
1405,9.0,13.0,0.0,2.8262,4.5223
1406,24.9,46.0,0.0,8.0352,5.2888
1407,29.9,38.0,0.0,9.0087,7.0344
1408,25.2,41.0,0.0,7.6327,7.1056
1409,25.0,31.0,0.0,7.1109,7.3778
1410,25.8,43.0,0.0,7.4007,7.1275
1411,23.4,30.0,0.0,6.857,6.6441
1412,24.2,43.0,0.0,7.4444,6.5352
1413,17.3,33.0,0.0,5.5391,5.0484
1414,16.5,24.0,0.0,5.1661,5.068
1415,12.4,21.0,0.0,3.794,4.4085
1416,10.2,14.0,0.0,3.1422,4.4459
1417,9.9,15.0,0.0,3.1148,4.2391
1418,15.7,27.0,0.0,4.9578,4.5905
1419,14.2,30.0,0.0,4.5768,4.3801
1420,12.7,23.0,0.0,4.0308,4.6704
1421,9.6,14.0,0.0,2.9967,4.274
1422,21.6,46.0,0.0,7.1639,4.9953
1423,27.7,34.0,0.0,9.2369,6.9369
1424,22.6,37.0,0.0,7.1053,5.967
1425,20.7,32.0,0.0,6.2643,5.3364
1426,23.1,41.0,0.0,7.4099,5.2327
1427,20.4,27.0,0.0,6.38,5.1234
1428,13.1,23.0,0.0,4.1858,4.3059
1429,14.2,20.0,0.0,4.272,4.3225
1430,12.1,22.0,0.0,3.8429,4.4678
1431,15.1,20.0,0.0,4.624,4.5874
1432,14.2,21.0,0.0,4.4169,4.3869
1433,15.3,24.0,0.0,4.7561,4.4041
1434,12.4,16.0,0.0,3.8984,4.3305
1435,20.4,39.0,0.0,6.7127,4.6959
1436,27.8,40.0,0.0,8.7011,5.3686
1437,42.6,82.0,0.0,13.8582,7.9929
1438,40.2,58.0,0.0,11.8184,7.7929
1439,26.1,36.0,0.0,8.0406,7.1646
1440,21.6,36.0,0.0,6.6909,5.8818
1441,19.0,28.0,0.0,5.7401,5.4268
1442,11.8,18.0,0.0,3.6793,4.335
1443,13.7,21.0,0.0,4.0746,4.5945
1444,14.2,27.0,0.0,4.6396,4.3964
1445,14.4,28.0,0.0,4.5373,4.3858
1446,12.1,18.0,0.0,3.603,4.1163
1447,14.4,18.0,0.0,4.4303,4.4587
1448,12.6,21.0,0.0,3.9202,4.2987
1449,15.3,18.0,0.0,4.5144,4.5266
1450,13.4,17.0,0.0,4.1662,4.6879
1451,15.2,25.0,0.0,4.8118,4.5994
1452,13.0,17.0,0.0,3.8463,4.2313
1453,15.4,43.0,0.0,5.4212,4.6649
1454,17.7,26.0,0.0,5.3983,4.9173
1455,16.5,31.0,0.0,5.4009,5.0022
1456,18.6,35.0,0.0,5.7618,4.9789
1457,13.7,25.0,0.0,4.4634,4.6018
1458,11.4,29.0,0.0,3.958,4.3991
1459,15.0,19.0,0.0,4.6441,4.4621
1460,16.3,29.0,0.0,5.2915,4.5149
1461,12.2,24.0,0.0,3.9898,4.2923
1462,17.8,32.0,0.0,5.7715,4.7052
1463,10.6,17.0,0.0,3.3873,4.3025
1464,20.7,36.0,0.0,6.3313,4.5858
1465,20.1,23.0,0.0,6.2402,5.2595
1466,18.8,26.0,0.0,5.9501,6.0818
1467,15.3,24.0,0.0,4.7764,4.7591
1468,23.5,50.0,0.0,7.7348,5.1855
1469,23.5,33.0,0.0,7.2133,6.1927
1470,15.8,25.0,0.0,4.6559,5.1648
1471,12.3,20.0,0.0,3.6146,4.7928
1472,20.4,43.0,0.0,6.7799,5.2196
1473,11.5,36.0,0.0,4.2657,4.3598
1474,14.5,20.0,0.0,4.4082,4.3918
1475,14.8,20.0,0.0,4.5802,4.5172
1476,13.1,20.0,0.0,3.935,4.6662
1477,12.1,18.0,0.0,3.7172,4.5074
1478,12.4,22.0,0.0,4.0003,4.5177
1479,13.7,25.0,0.0,4.3,4.3863
1480,13.9,26.0,0.0,4.4956,4.3135
1481,16.6,27.0,0.0,5.089,4.7829
1482,26.9,56.0,0.0,8.6347,5.735
1483,36.1,67.0,0.0,11.0941,6.8784
1484,21.3,39.0,0.0,6.6429,5.3802
1485,12.3,16.0,0.0,3.829,4.439
1486,12.7,18.0,0.0,4.0024,4.363
1487,11.5,26.0,0.0,3.8258,4.246
1488,17.0,23.0,0.0,5.4138,4.6089
1489,13.3,18.0,0.0,3.943,4.5015
1490,13.3,17.0,0.0,4.0416,4.4053
1491,13.1,22.0,0.0,4.0943,4.419
1492,15.9,34.0,0.0,5.4027,4.4527
1493,13.1,16.0,0.0,4.1854,4.5622
1494,20.1,50.0,0.0,6.9692,5.0886
1495,16.6,32.0,0.0,5.1682,4.8423
1496,15.5,38.0,0.0,5.173,4.6871
1497,11.0,18.0,0.0,3.539,4.3102
1498,10.2,17.0,0.0,3.2002,4.2865
1499,15.9,28.0,0.0,5.107,4.5666
1500,14.8,26.0,0.0,4.7102,4.4384
1501,13.7,22.0,0.0,4.1836,4.3517
1502,18.6,43.0,0.0,6.1524,4.5645
1503,12.4,28.0,0.0,4.0428,4.6592
1504,11.6,27.0,0.0,3.6871,4.6726
1505,12.4,22.0,0.0,3.8834,4.4436
1506,11.8,16.0,0.0,3.7216,4.621
1507,13.3,21.0,0.0,4.0646,4.7391
1508,14.6,22.0,0.0,4.4879,4.5088
1509,20.0,26.0,0.0,6.2505,4.8605
1510,13.9,20.0,0.0,4.4125,4.5602
1511,15.3,25.0,0.0,4.7499,4.7741
1512,15.9,29.0,0.0,5.0249,4.7801
1513,14.6,21.0,0.0,4.316,4.7599
1514,12.1,17.0,0.0,3.6098,4.4947
1515,13.8,27.0,0.0,4.394,4.4481
1516,10.8,19.0,0.0,3.4199,4.2646
1517,11.9,18.0,0.0,3.6301,4.5943
1518,7.2,14.0,0.0,2.2711,4.178
1519,7.6,11.0,0.0,2.3319,4.262
1520,16.7,34.0,0.0,5.3378,4.5447
1521,25.4,45.0,0.0,8.3108,5.409
1522,46.4,65.0,0.0,14.3885,7.5074
1523,34.1,62.0,0.0,10.7562,7.2276
1524,32.5,45.0,0.0,9.6741,7.4011
1525,36.2,60.0,0.0,11.0175,7.002
1526,30.5,43.0,0.0,9.3025,6.5378
1527,27.0,42.0,0.0,8.3703,6.1108
1528,26.9,33.0,0.0,7.8232,6.2059
1529,24.0,34.0,0.0,7.5112,6.3648
1530,23.1,32.0,0.0,7.0952,5.7457
1531,12.2,32.0,0.0,4.107,4.8085
1532,10.1,21.0,0.0,3.2156,4.2118
1533,13.9,19.0,0.0,4.0866,4.2875
1534,15.5,26.0,0.0,4.8683,4.5232
1535,13.2,19.0,0.0,4.1295,4.4296
1536,13.2,25.0,0.0,4.1939,4.5782
1537,6.3,9.0,0.0,1.9446,4.1771
1538,5.9,9.0,0.0,1.8246,4.0652
1539,7.3,12.0,0.0,2.2639,4.1681
1540,6.0,8.0,0.0,1.9019,3.973
1541,6.8,13.0,0.0,2.2243,4.2151
1542,8.8,14.0,0.0,2.721,4.373
1543,6.3,12.0,0.0,2.1061,4.1315
1544,8.2,14.0,0.0,2.5278,4.019
1545,7.9,14.0,0.0,2.4952,4.2439
1546,7.6,14.0,0.0,2.4465,4.2545
1547,8.7,14.0,0.0,2.7873,4.0647
1548,12.9,24.0,0.0,4.182,4.2246
1549,14.3,23.0,0.0,4.4443,4.2016
1550,10.8,14.0,0.0,3.3952,4.2577
1551,11.1,16.0,0.0,3.44,4.2424
1552,11.8,19.0,0.0,3.6597,4.4252
1553,8.6,11.0,0.0,2.6627,4.2909
1554,11.7,17.0,0.0,3.756,4.5574
1555,15.0,23.0,0.0,4.8439,5.4562
1556,22.2,33.0,0.0,6.6239,6.6156
1557,23.1,41.0,0.0,7.0131,6.3273
1558,21.9,35.0,0.0,6.7718,6.5168
1559,22.6,27.0,0.0,6.8094,6.456
1560,16.1,20.0,0.0,4.8062,5.367
1561,11.1,21.0,0.0,3.3925,4.5675
1562,10.8,17.0,0.0,3.3923,4.6362
1563,11.7,18.0,0.0,3.4609,4.6378
1564,7.3,13.0,0.0,2.358,4.328
1565,9.1,14.0,0.0,2.7981,4.2441
1566,9.4,29.0,0.0,3.5327,4.0889
1567,9.8,19.0,0.0,3.2184,4.0982
1568,16.0,21.0,0.0,4.9361,4.5292
1569,14.3,23.0,0.0,4.4741,4.417
1570,17.7,34.0,0.0,5.8521,4.6327
1571,14.4,28.0,0.0,4.5197,4.6332
1572,11.2,17.0,0.0,3.6189,4.5406
1573,17.8,43.0,0.0,6.431,4.6619
1574,17.7,50.0,0.0,6.1965,4.9504
1575,19.9,32.0,0.0,6.1911,5.9484
1576,12.3,19.0,0.0,3.8608,4.9227
1577,6.0,8.0,0.0,1.8391,4.1564
1578,4.0,6.0,0.0,1.3073,3.8519
1579,6.0,13.0,0.0,2.0543,3.8748
1580,7.8,24.0,0.0,2.9202,3.9308
1581,10.4,20.0,0.0,3.2794,4.0782
1582,10.4,15.0,0.0,3.2307,4.1247
1583,18.2,39.0,0.0,5.776,4.4878
1584,12.1,21.0,0.0,3.6287,4.4127
1585,10.0,17.0,0.0,3.1116,4.1494
1586,11.2,25.0,0.0,3.743,4.2527
1587,16.4,27.0,0.0,4.9513,4.6005
1588,13.9,25.0,0.0,4.4013,4.3272
1589,9.9,15.0,0.0,3.1698,4.3616
1590,15.0,25.0,0.0,4.56,4.5008
1591,31.1,59.0,0.0,9.7932,5.5014
1592,33.8,60.0,0.0,10.789,6.6638
1593,18.2,27.0,0.0,5.5724,5.2377
1594,19.1,41.0,0.0,6.0021,5.9895
1595,19.1,28.0,0.0,5.8312,5.2825
1596,15.1,23.0,0.0,4.7722,4.4639
1597,11.2,22.0,0.0,3.5008,4.3684
1598,13.3,26.0,0.0,4.2452,4.4356
1599,16.6,26.0,0.0,5.086,4.4433
1600,13.0,20.0,0.0,4.0236,4.3674
1601,16.5,26.0,0.0,5.061,4.3528
1602,27.3,52.0,0.0,8.9638,4.961
1603,17.3,25.0,0.0,5.1828,4.2794
1604,23.6,30.0,0.0,7.2895,5.5948
1605,23.9,31.0,0.0,7.2793,5.8632
1606,17.6,28.0,0.0,5.4084,5.0327
1607,14.3,23.0,0.0,4.4159,4.5952
1608,13.7,19.0,0.0,4.2666,4.5766
1609,13.8,20.0,0.0,4.3669,4.7066
1610,14.2,20.0,0.0,4.4889,4.9991
1611,12.5,18.0,0.0,3.9615,4.7153
1612,14.3,24.0,0.0,4.3897,4.7928
1613,12.5,20.0,0.0,3.8737,4.7138
1614,10.7,23.0,0.0,3.5563,4.313
1615,7.8,14.0,0.0,2.5316,4.2703
1616,9.1,18.0,0.0,3.0321,4.3742
1617,9.5,12.0,0.0,2.8837,4.3841
1618,11.6,14.0,0.0,3.4982,4.8968
1619,28.3,45.0,0.0,8.5751,6.9706
1620,29.1,45.0,0.0,8.8897,6.7011
1621,20.0,34.0,0.0,6.0083,5.446
1622,12.6,19.0,0.0,3.8302,4.6566
1623,15.3,21.0,0.0,4.4616,4.8311
1624,13.1,23.0,0.0,4.1503,4.7442
1625,13.3,17.0,0.0,4.0768,4.755
1626,10.0,19.0,0.0,3.0838,4.3251
1627,9.8,14.0,0.0,3.0245,4.4579
1628,11.0,16.0,0.0,3.3242,4.4733
1629,27.7,38.0,0.0,8.504,5.7345
1630,26.0,41.0,0.0,8.1492,6.134
1631,17.7,24.0,0.0,5.4358,5.8381
1632,13.8,19.0,0.0,4.1857,4.5709
1633,16.6,24.0,0.0,4.9417,4.5454
1634,16.8,32.0,0.0,5.2334,4.4532
1635,16.1,35.0,0.0,5.2699,4.4422
1636,11.3,13.0,0.0,3.4032,4.4356
1637,16.7,28.0,0.0,5.1449,4.5414
1638,13.0,21.0,0.0,3.8939,4.5203
1639,10.3,15.0,0.0,3.1107,4.5227
1640,7.5,11.0,0.0,2.3026,4.1946
1641,9.2,15.0,0.0,2.8823,4.3306
1642,9.5,21.0,0.0,3.109,4.3627
1643,12.0,20.0,0.0,3.7808,4.3158
1644,10.3,16.0,0.0,3.1491,4.3551
1645,9.8,22.0,0.0,3.1317,4.3002
1646,14.5,23.0,0.0,4.6607,4.379
1647,14.7,30.0,0.0,4.6357,4.4943
1648,15.4,27.0,0.0,4.8205,4.4383
1649,18.3,33.0,0.0,5.7714,4.8799
1650,23.5,43.0,0.0,7.5127,5.9322
1651,16.8,21.0,0.0,5.162,5.4503
1652,26.0,40.0,0.0,7.9512,6.2817
1653,16.8,22.0,0.0,5.2432,5.9435
1654,12.3,17.0,0.0,3.7196,4.4574
1655,16.5,29.0,0.0,4.9773,4.8559
1656,15.1,20.0,0.0,4.417,4.8142
1657,17.7,31.0,0.0,5.4419,5.3331
1658,17.4,27.0,0.0,5.1262,5.3234
1659,17.0,25.0,0.0,5.4358,6.0138
1660,18.9,27.0,0.0,5.9369,5.4145
1661,18.2,30.0,0.0,5.5031,5.3253
1662,17.0,23.0,0.0,5.1375,5.4986
1663,17.6,37.0,0.0,5.5668,4.9953
1664,15.1,35.0,0.0,4.9224,5.0081
1665,15.9,21.0,0.0,4.8767,4.9407
1666,19.6,27.0,0.0,5.8868,5.1202
1667,13.7,26.0,0.0,4.4006,4.5388
1668,16.1,26.0,0.0,4.8651,4.3304
1669,17.7,31.0,0.0,5.6857,4.6501
1670,17.8,35.0,0.0,5.6469,4.4135
1671,14.1,30.0,0.0,4.4682,4.1909
1672,16.8,20.0,0.0,5.0677,4.4663
1673,16.6,20.0,0.0,5.2875,4.6329
1674,11.2,17.0,0.0,3.501,4.4057
1675,9.5,15.0,0.0,2.9983,4.4187
1676,8.6,16.0,0.0,2.717,4.1356
1677,14.1,28.0,0.0,4.5592,4.1815
1678,12.1,20.0,0.0,3.7392,4.1811
1679,12.9,21.0,0.0,4.1136,4.3065
1680,17.8,35.0,0.0,5.4295,4.7636
1681,16.2,28.0,0.0,5.2739,4.7701
1682,12.8,16.0,0.0,3.8481,4.5766
1683,14.9,29.0,0.0,4.7659,4.5022
1684,17.3,41.0,0.0,5.9634,4.5067
1685,16.3,26.0,0.0,5.222,5.1593
1686,22.3,30.0,0.0,7.0244,6.0428
1687,14.8,21.0,0.0,4.4861,4.5287
1688,11.8,36.0,0.0,4.3801,4.2897
1689,15.4,24.0,0.0,4.8395,4.446
1690,13.7,20.0,0.0,4.2616,4.3586
1691,13.7,20.0,0.0,4.1297,4.3577
1692,12.9,25.0,0.0,4.0945,4.3822
1693,12.0,17.0,0.0,3.73,4.4929
1694,7.6,12.0,0.0,2.4287,4.2784
1695,13.6,27.0,0.0,4.4696,4.2548
1696,11.3,23.0,0.0,3.694,4.3396
1697,9.7,14.0,0.0,3.0531,4.3157
1698,9.0,17.0,0.0,3.0076,4.1579
1699,9.7,19.0,0.0,3.154,4.1947
1700,9.1,24.0,0.0,3.1102,4.263
1701,8.4,17.0,0.0,2.8045,4.2265
1702,7.1,14.0,0.0,2.2907,4.3089
1703,10.1,18.0,0.0,3.1698,4.3542
1704,14.1,30.0,0.0,4.6498,4.736
1705,16.1,37.0,0.0,5.3188,5.0998
1706,32.0,48.0,0.0,9.8133,6.7219
1707,28.4,41.0,0.0,8.7027,7.2486
1708,28.6,50.0,0.0,8.6202,7.1434
1709,25.6,35.0,0.0,7.5983,6.706
1710,22.2,39.0,0.0,6.8089,6.0772
1711,22.5,31.0,0.0,6.8,5.9796
1712,19.6,38.0,0.0,6.3338,5.3156
1713,18.3,23.0,0.0,5.6588,5.0115
1714,13.6,29.0,0.0,4.407,4.4671
1715,19.3,31.0,0.0,6.1023,4.7853
1716,23.4,39.0,0.0,7.287,5.0084
1717,24.0,33.0,0.0,7.0829,5.3026
1718,34.2,46.0,0.0,10.1044,6.1253
1719,32.2,44.0,0.0,9.6799,6.6418
1720,32.6,55.0,0.0,9.9579,7.2325
1721,28.3,44.0,0.0,8.5635,6.3726
1722,29.3,43.0,0.0,8.9146,6.2206
1723,18.8,24.0,0.0,5.7773,5.2474
1724,21.4,35.0,0.0,6.6456,5.3881
1725,25.7,33.0,0.0,7.8363,5.9202
1726,36.6,57.0,0.0,11.51,7.1863
1727,30.8,42.0,0.0,8.9922,7.7376
1728,26.5,31.0,0.0,8.08,7.0006
1729,21.6,47.0,0.0,7.076,5.5219
1730,31.1,46.0,0.0,9.7624,6.016
1731,17.2,24.0,0.0,5.2289,5.2716
1732,20.9,55.0,0.0,7.1204,5.801
1733,29.2,46.0,0.0,8.8786,6.1173
1734,25.7,37.0,0.0,7.8392,5.9236
1735,24.4,39.0,0.0,7.4512,5.729
1736,26.1,44.0,0.0,8.1196,5.686
1737,27.7,41.0,0.0,8.6942,5.9016
1738,12.2,21.0,0.0,4.0424,4.818
1739,9.0,13.0,0.0,2.8142,4.1957
1740,11.0,16.0,0.0,3.4071,4.2367
1741,14.8,22.0,0.0,4.5403,4.5605
1742,13.6,23.0,0.0,4.2985,4.534
1743,13.6,21.0,0.0,4.2459,4.536
1744,16.2,21.0,0.0,4.9633,4.7742
1745,15.0,25.0,0.0,4.6056,5.0561
1746,20.1,41.0,0.0,6.703,4.8629
1747,23.4,50.0,0.0,7.6046,5.7862
1748,28.1,39.0,0.0,8.8761,6.3585
1749,26.9,40.0,0.0,7.9441,6.0438
1750,20.3,29.0,0.0,6.2483,5.9842
1751,15.8,24.0,0.0,4.8729,4.7192
1752,15.8,25.0,0.0,4.9867,4.7755
1753,14.1,27.0,0.0,4.3531,4.7027
1754,14.9,24.0,0.0,4.5411,4.7265
1755,13.3,24.0,0.0,4.2639,4.3025
1756,12.4,18.0,0.0,3.9534,4.4504
1757,13.5,21.0,0.0,4.2053,4.3412
1758,11.7,19.0,0.0,3.678,4.5167
1759,13.9,21.0,0.0,4.2817,4.7071
1760,10.0,14.0,0.0,3.0538,4.2923
1761,8.7,22.0,0.0,3.0166,4.3079
1762,12.0,24.0,0.0,3.8502,4.4506
1763,10.5,22.0,0.0,3.3952,4.5701
1764,13.5,20.0,0.0,4.1891,4.8549
1765,15.6,27.0,0.0,4.9181,4.705
1766,18.1,58.0,0.0,6.8001,4.8273
1767,25.1,38.0,0.0,7.8703,5.5111
1768,21.3,42.0,0.0,6.7763,5.0685
1769,20.7,38.0,0.0,6.6444,5.6255
1770,23.8,43.0,0.0,7.6485,5.6118
1771,21.4,45.0,0.0,7.2229,5.4111
1772,20.1,26.0,0.0,5.9885,5.0828
1773,20.6,42.0,0.0,6.6737,5.273
1774,22.6,36.0,0.0,7.0177,5.7453
1775,17.2,25.0,0.0,5.3833,5.1115
1776,13.3,19.0,0.0,4.0612,4.466
1777,13.8,18.0,0.0,4.3209,4.4447
1778,14.6,30.0,0.0,4.566,4.3372
1779,11.1,17.0,0.0,3.5368,4.3755
1780,13.5,17.0,0.0,4.1024,4.4028
1781,14.0,18.0,0.0,4.3481,4.4048
1782,7.6,10.0,0.0,2.3256,4.2476
1783,13.8,24.0,0.0,4.2647,4.5079
1784,16.9,41.0,0.0,5.7621,4.6523
1785,17.9,28.0,0.0,5.4601,5.0883
1786,27.4,50.0,0.0,8.5977,6.3078
1787,17.2,27.0,0.0,5.451,4.8972
1788,21.5,46.0,0.0,6.9762,5.3637
1789,23.4,38.0,0.0,6.961,5.4891
1790,19.8,33.0,0.0,6.2404,5.0955
1791,18.9,31.0,0.0,5.7332,5.3051
1792,13.4,24.0,0.0,4.1823,4.7292
1793,12.3,24.0,0.0,3.8962,4.4384
1794,11.1,20.0,0.0,3.4577,4.1806
1795,12.0,21.0,0.0,3.7719,4.1384
1796,14.8,25.0,0.0,4.574,4.2912
1797,17.0,32.0,0.0,5.4034,4.3557
1798,12.8,26.0,0.0,4.2461,4.4621
1799,17.4,29.0,0.0,5.3691,4.4363
1800,17.8,30.0,0.0,5.27,4.5784
1801,17.0,20.0,0.0,5.0638,4.6067
1802,13.0,19.0,0.0,3.8993,4.4548
1803,11.1,16.0,0.0,3.4459,4.852
1804,24.6,45.0,0.0,7.7577,5.3889
1805,19.7,36.0,0.0,6.2176,5.2041
1806,28.3,44.0,0.0,8.7651,6.4344
1807,21.1,30.0,0.0,6.4705,5.5565
1808,17.8,37.0,0.0,5.669,5.3574
1809,13.9,36.0,0.0,4.6292,4.7614
1810,8.4,10.0,0.0,2.6218,4.5505
1811,9.6,19.0,0.0,3.0856,4.2706
1812,11.6,19.0,0.0,3.521,4.3894
1813,13.5,17.0,0.0,4.0429,4.5278
1814,11.3,18.0,0.0,3.6356,4.5843
1815,10.6,13.0,0.0,3.3612,4.3354
1816,11.1,21.0,0.0,3.517,4.3973
1817,12.1,25.0,0.0,3.8968,4.3218
1818,16.4,30.0,0.0,5.3974,4.8385
1819,25.5,40.0,0.0,7.8744,5.5304
1820,28.3,66.0,0.0,9.183,6.2354
1821,28.4,38.0,0.0,8.5996,6.6218
1822,20.3,33.0,0.0,6.1925,5.6758
1823,28.3,41.0,0.0,8.5026,5.4574
1824,16.0,31.0,0.0,5.1143,4.511
1825,17.2,28.0,0.0,5.3167,4.6152
1826,13.5,21.0,0.0,4.17,4.3758
1827,12.7,25.0,0.0,4.1461,4.3787
1828,13.3,22.0,0.0,4.2429,4.2606
1829,10.9,14.0,0.0,3.2814,4.3891
1830,15.6,19.0,0.0,4.993,4.7986
1831,14.5,20.0,0.0,4.5362,4.9822
1832,18.1,38.0,0.0,5.8738,5.3288
1833,21.3,35.0,0.0,6.5363,5.7017
1834,24.0,32.0,0.0,7.2403,6.3625
1835,25.9,35.0,0.0,7.4649,7.6023
1836,17.5,23.0,0.0,5.2647,5.8232
1837,13.9,22.0,0.0,4.2436,5.4962
1838,20.0,36.0,0.0,6.2585,6.3347
1839,22.2,33.0,0.0,6.8104,5.7926
1840,18.5,35.0,0.0,5.6766,5.0467
1841,12.3,23.0,0.0,3.9112,4.537
1842,9.0,11.0,0.0,2.7279,4.2871
1843,11.7,30.0,0.0,4.0044,4.4677
1844,12.6,29.0,0.0,4.1888,4.5786
1845,14.3,24.0,0.0,4.2956,4.4448
1846,11.4,14.0,0.0,3.6146,4.7499
1847,12.4,16.0,0.0,3.7384,4.4974
1848,15.5,34.0,0.0,4.9281,4.9512
1849,14.9,27.0,0.0,4.7785,4.6044
1850,25.0,29.0,0.0,7.6711,6.5307
1851,21.2,31.0,0.0,6.6187,5.2109
1852,30.4,45.0,0.0,9.25,6.5719
1853,29.5,47.0,0.0,8.85,6.124
1854,14.8,23.0,0.0,4.5878,5.0512
1855,17.3,33.0,0.0,5.3931,4.5287
1856,16.2,20.0,0.0,4.9877,4.5389
1857,14.8,26.0,0.0,4.6167,4.4402
1858,14.0,22.0,0.0,4.4727,4.4013
1859,14.2,24.0,0.0,4.3704,4.4407
1860,13.8,22.0,0.0,4.2785,4.5052
1861,16.9,34.0,0.0,5.4547,4.5853
1862,16.8,25.0,0.0,5.1141,4.7968
1863,19.0,25.0,0.0,5.7973,4.7915
1864,14.3,24.0,0.0,4.4348,4.6375
1865,15.5,25.0,0.0,4.7198,4.4268
1866,14.0,28.0,0.0,4.5971,4.4593
1867,15.2,24.0,0.0,4.7767,4.5189
1868,13.6,20.0,0.0,4.1484,4.3439
1869,16.0,23.0,0.0,4.9966,4.5125
1870,12.2,17.0,0.0,3.7981,4.4073
1871,18.1,26.0,0.0,5.5546,4.5602
1872,19.2,54.0,0.0,6.9361,4.9553
1873,22.8,40.0,0.0,7.1085,5.3769
1874,12.9,26.0,0.0,4.074,4.8
1875,16.3,34.0,0.0,5.292,5.0031
1876,12.6,23.0,0.0,3.9594,4.6199
1877,12.6,22.0,0.0,3.8239,4.7681
1878,16.4,23.0,0.0,4.9847,4.8835
1879,19.0,28.0,0.0,5.7382,4.7062
1880,15.4,21.0,0.0,4.7407,4.8673
1881,19.6,25.0,0.0,6.0372,5.2643
1882,20.5,32.0,0.0,6.3506,5.4169
1883,18.1,34.0,0.0,5.6926,5.3586
1884,23.5,33.0,0.0,7.0408,5.6306
1885,14.1,25.0,0.0,4.2756,4.716
1886,15.0,22.0,0.0,4.5858,4.7445
1887,10.7,14.0,0.0,3.2481,4.4819
1888,10.0,22.0,0.0,3.2493,4.3216
1889,9.4,13.0,0.0,2.9138,4.324
1890,8.4,15.0,0.0,2.5973,4.2645
1891,7.9,17.0,0.0,2.6103,4.2331
1892,9.6,13.0,0.0,2.9995,4.3539
1893,12.6,17.0,0.0,3.8928,4.6427
1894,13.2,20.0,0.0,4.1494,4.5028
1895,12.1,30.0,0.0,4.1809,4.4088
1896,12.5,18.0,0.0,3.9472,4.4829
1897,11.9,24.0,0.0,3.7064,4.6672
1898,10.9,16.0,0.0,3.5375,4.6991
1899,12.7,35.0,0.0,4.3902,4.9067
1900,11.0,18.0,0.0,3.348,4.4542
1901,14.6,27.0,0.0,4.6111,4.8736
1902,12.8,24.0,0.0,3.8683,4.4779
1903,10.4,24.0,0.0,3.4013,4.369
1904,11.5,21.0,0.0,3.6442,4.3882
1905,10.4,18.0,0.0,3.2944,4.2291
1906,8.3,13.0,0.0,2.5616,4.0684
1907,9.6,30.0,0.0,3.5426,4.0466
1908,6.0,10.0,0.0,1.889,3.9705
1909,8.0,25.0,0.0,3.0419,4.0968
1910,13.7,19.0,0.0,4.0878,4.3209
1911,17.8,35.0,0.0,5.6747,4.727
1912,28.1,40.0,0.0,8.8251,6.251
1913,25.9,46.0,0.0,7.8412,6.4505
1914,25.8,36.0,0.0,7.5969,5.985
1915,25.3,31.0,0.0,7.1435,6.8988
1916,18.1,28.0,0.0,5.2327,5.8402
1917,18.7,37.0,0.0,5.8194,5.5903
1918,14.3,18.0,0.0,4.3067,5.3622
1919,19.9,34.0,0.0,5.9813,5.3882
1920,14.7,20.0,0.0,4.5098,5.0461
1921,15.7,24.0,0.0,4.8861,4.7351
1922,17.7,28.0,0.0,5.5803,4.5953
1923,16.3,22.0,0.0,4.9842,4.5363
1924,13.6,17.0,0.0,4.1817,4.3841
1925,12.0,15.0,0.0,3.711,4.3296
1926,15.2,21.0,0.0,4.9132,4.4021
1927,13.4,26.0,0.0,4.3509,4.3516
1928,12.8,26.0,0.0,4.2347,4.3565
1929,17.7,27.0,0.0,5.4431,4.5779
1930,13.5,24.0,0.0,4.1413,4.4752
1931,13.6,25.0,0.0,4.35,4.4067
1932,24.0,41.0,0.0,7.7253,5.493
1933,25.5,46.0,0.0,8.0839,6.4532
1934,22.3,30.0,0.0,6.7177,6.7171
1935,24.9,34.0,0.0,7.2078,7.0466
1936,18.1,34.0,0.0,5.5809,5.2167
1937,15.3,23.0,0.0,4.7529,4.8476
1938,17.1,22.0,0.0,5.2448,5.1932
1939,15.4,20.0,0.0,4.661,4.8373
1940,20.6,30.0,0.0,6.169,4.8783
1941,11.3,19.0,0.0,3.3455,4.4258
1942,16.2,27.0,0.0,5.1812,4.9225
1943,15.9,20.0,0.0,4.8443,4.5703
1944,12.8,29.0,0.0,4.2188,4.5985
1945,15.1,21.0,0.0,4.4864,4.7499
1946,11.6,15.0,0.0,3.6847,4.5288
1947,10.7,18.0,0.0,3.3925,4.2531
1948,12.3,23.0,0.0,3.957,4.2673
1949,6.7,11.0,0.0,2.1071,4.2726
1950,10.6,17.0,0.0,3.3579,4.333
1951,9.4,19.0,0.0,3.0465,4.1576
1952,9.4,22.0,0.0,3.253,4.3948
1953,19.3,45.0,0.0,6.5021,5.0667
1954,26.1,47.0,0.0,8.2122,5.7174
1955,37.1,54.0,0.0,11.2949,6.9276
1956,27.0,42.0,0.0,8.0924,6.6372
1957,23.5,44.0,0.0,7.2047,5.9119
1958,22.1,32.0,0.0,6.6307,6.1958
1959,20.9,30.0,0.0,6.3776,5.8767
1960,15.6,24.0,0.0,4.7292,4.7846
1961,13.7,24.0,0.0,4.2336,4.565
1962,11.9,19.0,0.0,3.764,4.3762
1963,13.1,16.0,0.0,3.9258,4.4091
1964,11.9,22.0,0.0,3.6921,4.409
1965,11.4,23.0,0.0,3.6438,4.3815
1966,10.4,26.0,0.0,3.4747,4.4775
1967,12.2,31.0,0.0,4.0442,4.5671
1968,11.2,17.0,0.0,3.4689,4.3627
1969,12.0,17.0,0.0,3.6795,4.3641
1970,12.4,18.0,0.0,3.8608,4.377
1971,13.8,41.0,0.0,5.6247,4.5293
1972,14.7,33.0,0.0,4.9281,4.6421
1973,19.1,49.0,0.0,6.4537,4.8149
1974,32.5,58.0,0.0,10.4913,5.7283
1975,21.3,26.0,0.0,6.3945,5.9071
1976,17.3,32.0,0.0,5.3338,5.1455
1977,9.6,18.0,0.0,2.9668,4.6574
1978,8.9,14.0,0.0,2.7807,4.4189
1979,12.1,18.0,0.0,3.7749,4.6811
1980,18.6,31.0,0.0,5.8392,4.9459
1981,25.1,43.0,0.0,7.6302,5.4724
1982,14.7,23.0,0.0,4.5296,5.0388
1983,11.8,17.0,0.0,3.5623,4.658
1984,16.5,26.0,0.0,5.0882,4.9202
1985,15.9,22.0,0.0,4.8936,5.0575
1986,18.1,24.0,0.0,5.6133,5.2568
1987,19.0,26.0,0.0,5.792,5.3371
1988,21.6,32.0,0.0,6.6988,5.3758
1989,21.9,32.0,0.0,6.7894,5.5095
1990,21.0,36.0,0.0,6.5082,5.2233
1991,15.1,23.0,0.0,4.7827,5.0407
1992,13.9,25.0,0.0,4.4383,4.8308
1993,12.3,18.0,0.0,3.711,4.7604
1994,12.4,20.0,0.0,3.8143,4.283
1995,16.3,27.0,0.0,5.1914,4.3387
1996,11.0,19.0,0.0,3.375,4.1701
1997,11.9,19.0,0.0,3.6946,4.3728
1998,15.6,21.0,0.0,4.8765,4.4646
1999,13.3,26.0,0.0,4.5263,4.3569
2000,17.8,30.0,0.0,5.5741,4.6706
2001,15.7,26.0,0.0,4.9036,4.6916
2002,12.1,23.0,0.0,3.9621,4.4797
2003,15.4,24.0,0.0,4.665,4.5329
2004,8.8,12.0,0.0,2.682,4.2753
2005,11.5,24.0,0.0,3.7014,4.2958
2006,13.4,25.0,0.0,4.2043,4.5285
2007,15.4,21.0,0.0,4.8168,5.0513
2008,5.1,7.0,0.0,1.6454,4.0247
2009,4.7,7.0,0.0,1.4879,3.9121
2010,6.3,9.0,0.0,1.8862,3.89
2011,7.1,15.0,0.0,2.2864,3.935
2012,6.4,10.0,0.0,2.0561,3.9486
2013,6.0,8.0,0.0,1.8088,3.9075
2014,6.3,8.0,0.0,1.9301,3.9423
2015,6.1,9.0,0.0,1.8291,3.9352
2016,6.0,10.0,0.0,1.922,3.9357
2017,7.1,10.0,0.0,2.2182,3.9934
2018,6.3,12.0,0.0,2.0392,3.991
2019,7.7,11.0,0.0,2.4149,3.9461
2020,5.9,9.0,0.0,1.8279,3.9057
2021,4.7,8.0,0.0,1.5132,3.9053
2022,6.1,10.0,0.0,1.9641,3.8969
2023,5.0,9.0,0.0,1.5811,3.9059
2024,5.4,11.0,0.0,1.7493,3.8659
2025,4.3,6.0,0.0,1.3286,3.8105
2026,4.2,8.0,0.0,1.3637,3.9392
2027,5.4,9.0,0.0,1.751,3.9026
2028,6.9,11.0,0.0,2.188,4.147
2029,9.8,15.0,0.0,3.1569,4.6078
2030,15.3,22.0,0.0,4.5855,5.896
2031,16.2,21.0,0.0,5.1164,5.7027
2032,17.7,22.0,0.0,5.3711,5.3434
2033,14.4,29.0,0.0,4.4873,4.44
2034,12.7,18.0,0.0,3.8218,4.2394
2035,18.5,24.0,0.0,5.5841,4.4567
2036,11.0,14.0,0.0,3.3079,4.3832
2037,14.4,21.0,0.0,4.5199,4.4105
2038,14.5,21.0,0.0,4.4092,4.5641
2039,19.7,29.0,0.0,5.9486,4.8674
2040,22.9,34.0,0.0,7.1671,5.2867
2041,33.8,56.0,0.0,10.7194,6.9381
2042,25.6,35.0,0.0,8.0873,6.9599
2043,27.4,40.0,0.0,8.329,6.7351
2044,23.9,33.0,0.0,7.0366,5.6029
2045,24.2,37.0,0.0,7.2778,6.1283
2046,16.4,19.0,0.0,5.0329,5.2397
2047,17.0,26.0,0.0,4.9669,5.061
2048,12.1,18.0,0.0,3.7772,4.4489
2049,12.4,42.0,0.0,4.816,4.2051
2050,14.4,22.0,0.0,4.5541,4.3941
2051,15.3,21.0,0.0,4.574,4.4131
2052,14.1,23.0,0.0,4.3882,4.6449
2053,16.4,24.0,0.0,5.0795,4.5647
2054,16.1,24.0,0.0,5.0252,4.5166
2055,14.2,22.0,0.0,4.3181,4.1913
2056,17.0,25.0,0.0,5.3648,4.6278
2057,17.5,36.0,0.0,5.8238,4.7379
2058,23.9,43.0,0.0,7.6507,5.3445
2059,26.9,43.0,0.0,8.314,6.6898
2060,20.7,35.0,0.0,6.337,5.351
2061,19.4,35.0,0.0,6.049,5.3286
2062,9.8,18.0,0.0,3.0341,4.263
2063,8.2,23.0,0.0,3.0039,4.1359
2064,13.4,26.0,0.0,4.3886,4.3447
2065,18.4,27.0,0.0,5.479,4.9952
2066,21.3,33.0,0.0,6.4653,5.2201
2067,33.8,48.0,0.0,10.3309,6.7421
2068,20.9,33.0,0.0,6.655,6.1751
2069,29.8,39.0,0.0,9.0084,6.4195
2070,23.4,47.0,0.0,7.3423,5.592
2071,17.2,24.0,0.0,5.3673,5.326
2072,24.8,40.0,0.0,7.6354,5.5973
2073,16.1,22.0,0.0,5.045,5.3762
2074,17.8,27.0,0.0,5.5176,5.0045
2075,20.1,31.0,0.0,6.2809,5.2116
2076,22.9,34.0,0.0,7.1284,5.5984
2077,19.2,40.0,0.0,5.9941,5.5292
2078,23.8,36.0,0.0,7.1828,5.6179
2079,18.3,24.0,0.0,5.4961,5.1493
2080,20.6,27.0,0.0,6.2222,5.4527
2081,17.2,29.0,0.0,5.4081,4.9171
2082,13.5,19.0,0.0,4.0942,4.9194
2083,14.8,21.0,0.0,4.3895,4.8354
2084,13.5,22.0,0.0,4.1638,4.9204
2085,11.6,23.0,0.0,3.854,4.4384
2086,12.0,16.0,0.0,3.6641,4.3679
2087,8.5,17.0,0.0,2.7259,4.2618
2088,13.0,30.0,0.0,4.3365,4.3656
2089,13.4,26.0,0.0,4.419,4.4044
2090,10.1,12.0,0.0,3.1915,4.2989
2091,12.2,39.0,0.0,4.5191,4.3818
2092,8.3,11.0,0.0,2.5593,4.3787
2093,13.2,37.0,0.0,4.7364,4.6016
2094,25.7,52.0,0.0,8.5562,5.3293
2095,31.0,48.0,0.0,9.526,7.3188
2096,32.7,46.0,0.0,9.9327,7.7786
2097,31.2,44.0,0.0,9.4511,8.2611
2098,28.1,41.0,0.0,8.1705,7.4447
2099,26.8,33.0,0.0,8.0811,7.4562
2100,25.5,41.0,0.0,7.5727,6.2113
2101,12.4,17.0,0.0,3.8028,4.6399
2102,8.5,22.0,0.0,2.8576,4.124
2103,13.3,33.0,0.0,4.4567,4.291
2104,13.5,18.0,0.0,4.2069,4.2935
2105,16.6,38.0,0.0,5.3576,4.4196
2106,12.3,17.0,0.0,3.8298,4.4265
2107,14.7,24.0,0.0,4.5097,4.3955
2108,18.6,27.0,0.0,5.742,4.6517
2109,14.4,24.0,0.0,4.544,4.5344
2110,13.7,20.0,0.0,4.1925,4.3068
2111,11.6,26.0,0.0,3.7499,4.1593
2112,10.3,21.0,0.0,3.281,4.1909
2113,11.8,16.0,0.0,3.6736,4.3985
2114,17.8,43.0,0.0,6.0018,4.6401
2115,23.4,30.0,0.0,7.2973,5.8968
2116,24.5,36.0,0.0,7.267,6.6957
2117,20.3,30.0,0.0,6.2506,5.679
2118,21.0,29.0,0.0,6.4051,4.9207
2119,15.1,41.0,0.0,5.2396,4.574
2120,15.1,20.0,0.0,4.4869,4.4915
2121,14.7,20.0,0.0,4.5865,4.704
2122,15.5,25.0,0.0,4.6674,4.5353
2123,11.6,26.0,0.0,3.7654,4.4013
2124,16.7,32.0,0.0,5.3404,4.7082
2125,16.4,26.0,0.0,5.2094,4.6127
2126,13.7,17.0,0.0,4.3027,4.5885
2127,11.5,14.0,0.0,3.5373,4.2838
2128,11.3,16.0,0.0,3.3999,4.3073
2129,7.7,13.0,0.0,2.3241,4.0943
2130,7.5,12.0,0.0,2.2869,4.0728
2131,8.8,17.0,0.0,2.8548,4.4379
2132,8.1,17.0,0.0,2.6984,4.4287
2133,11.7,21.0,0.0,3.7189,4.2826
2134,11.0,17.0,0.0,3.3823,4.2482
2135,8.1,12.0,0.0,2.5115,4.2158
2136,11.3,22.0,0.0,3.7185,4.2904
2137,19.5,59.0,0.0,7.229,5.3055
2138,28.0,44.0,0.0,9.0174,5.9943
2139,33.6,71.0,0.0,10.871,6.2547
2140,25.3,53.0,0.0,8.2787,5.7019
2141,19.3,25.0,0.0,5.9189,5.7989
2142,23.3,37.0,0.0,6.9534,5.8803
2143,16.2,28.0,0.0,5.1164,5.2402
2144,13.6,21.0,0.0,4.1497,4.6083
2145,9.5,16.0,0.0,2.9657,4.378
2146,12.3,19.0,0.0,3.8238,4.6484
2147,14.1,21.0,0.0,4.1955,4.49
2148,12.5,18.0,0.0,3.735,4.6877
2149,10.4,19.0,0.0,3.1423,4.6275
2150,14.2,29.0,0.0,4.6365,4.9954
2151,11.8,20.0,0.0,3.6647,4.4729
2152,16.0,29.0,0.0,5.0814,4.6139
2153,15.3,30.0,0.0,5.0005,4.814
2154,17.5,26.0,0.0,5.4148,5.0989
2155,11.8,25.0,0.0,3.871,4.5776
2156,18.2,31.0,0.0,5.7061,5.233
2157,11.7,14.0,0.0,3.4677,4.7325
2158,15.6,26.0,0.0,4.9619,4.6224
2159,12.1,16.0,0.0,3.8059,4.64
2160,12.5,18.0,0.0,3.9719,4.6852
2161,12.4,18.0,0.0,3.8049,4.511
2162,9.9,16.0,0.0,3.1603,4.4092
2163,10.1,13.0,0.0,3.0722,4.3971
2164,17.2,32.0,0.0,5.6054,4.9861
2165,27.6,49.0,0.0,9.0093,5.7887
2166,20.6,42.0,0.0,6.637,4.9341
2167,21.6,35.0,0.0,6.4053,5.0142
2168,20.5,28.0,0.0,6.5389,5.5438
2169,17.6,38.0,0.0,5.6142,5.0864
2170,24.9,42.0,0.0,7.8801,5.268
2171,25.4,49.0,0.0,7.9705,5.2447
2172,19.3,28.0,0.0,6.1626,5.5199
2173,24.0,41.0,0.0,7.1235,5.4593
2174,18.0,36.0,0.0,5.8877,5.3142
2175,16.0,24.0,0.0,4.9459,5.5257
2176,17.6,33.0,0.0,5.3726,5.3911
2177,12.9,22.0,0.0,3.9999,5.1009
2178,13.9,36.0,0.0,4.8758,4.5591
2179,12.9,19.0,0.0,4.0853,4.5442
2180,11.2,17.0,0.0,3.5096,4.5757
2181,15.3,25.0,0.0,4.777,4.5637
2182,13.8,24.0,0.0,4.2554,4.4154
2183,11.4,15.0,0.0,3.529,4.4829
2184,19.4,29.0,0.0,5.8452,5.0944
2185,18.0,39.0,0.0,5.8306,5.14
2186,17.1,28.0,0.0,5.2407,5.0336
2187,15.5,20.0,0.0,4.6071,5.1211
2188,14.6,21.0,0.0,4.4531,4.9015
2189,18.9,33.0,0.0,5.9163,5.0405
2190,13.2,18.0,0.0,4.0129,4.8204
2191,12.0,16.0,0.0,3.7587,4.7308
2192,12.9,17.0,0.0,4.0612,4.6318
2193,14.0,21.0,0.0,4.2291,4.6724
2194,13.6,18.0,0.0,3.9664,4.6187
2195,15.6,27.0,0.0,4.9406,4.5624
2196,14.6,20.0,0.0,4.459,4.6652
2197,16.0,27.0,0.0,5.019,4.8937
2198,12.0,25.0,0.0,3.9525,4.4463
2199,13.8,25.0,0.0,4.4643,4.4957
2200,14.7,20.0,0.0,4.4365,4.5826
2201,18.1,29.0,0.0,5.5365,4.6789
2202,13.1,17.0,0.0,3.8805,4.5047
2203,16.7,28.0,0.0,5.1834,4.5938
2204,23.9,36.0,0.0,7.2588,5.1844
2205,27.6,39.0,0.0,8.3047,5.4247
2206,18.3,27.0,0.0,5.5196,5.1966
2207,13.8,20.0,0.0,4.3389,5.1573
2208,12.8,24.0,0.0,4.0731,4.7487
2209,8.4,13.0,0.0,2.6381,4.1759
2210,5.0,11.0,0.0,1.6678,3.8262
2211,6.1,12.0,0.0,2.0011,3.7775
2212,8.7,22.0,0.0,3.0721,3.9023
2213,17.7,37.0,0.0,5.9908,4.5742
2214,31.4,58.0,0.0,9.7442,5.9412
2215,26.1,31.0,0.0,8.3241,6.2594
2216,29.5,50.0,0.0,9.079,7.3062
2217,22.7,37.0,0.0,6.8988,6.3523
2218,18.1,27.0,0.0,5.5637,5.5116
2219,19.3,28.0,0.0,5.9441,5.3565
2220,21.4,42.0,0.0,6.7787,5.6084
2221,18.4,28.0,0.0,5.6278,5.1664
2222,13.0,22.0,0.0,3.9857,4.5257
2223,16.3,34.0,0.0,5.1863,4.4097
2224,12.4,22.0,0.0,3.8405,4.4198
2225,13.9,21.0,0.0,4.2415,4.3757
2226,11.8,16.0,0.0,3.5707,4.2707
2227,12.9,21.0,0.0,4.0718,4.4296
2228,12.8,21.0,0.0,3.9444,4.4648
2229,12.7,21.0,0.0,3.9576,4.3698
2230,12.8,18.0,0.0,4.0534,4.4503
2231,16.7,38.0,0.0,5.8283,4.6328
2232,24.2,39.0,0.0,7.4825,5.1596
2233,19.8,32.0,0.0,6.1925,5.2743
2234,14.3,21.0,0.0,4.3749,4.7736
2235,22.4,42.0,0.0,7.1472,5.4512
2236,24.6,31.0,0.0,7.3923,6.3524
2237,15.6,22.0,0.0,4.812,5.4205
2238,10.7,23.0,0.0,3.4059,4.44
2239,6.9,10.0,0.0,2.1042,4.0341
2240,8.4,13.0,0.0,2.5705,4.0677
2241,9.6,20.0,0.0,3.0279,4.1069
2242,8.6,11.0,0.0,2.7614,4.0914
2243,15.8,24.0,0.0,4.8926,4.3413
2244,12.0,23.0,0.0,3.8374,4.264
2245,13.3,21.0,0.0,4.2009,4.465
2246,11.8,17.0,0.0,3.6981,4.2867
2247,12.9,15.0,0.0,3.9309,4.5236
2248,12.4,28.0,0.0,4.1242,4.2699
2249,10.5,15.0,0.0,3.2824,4.4109
2250,14.2,28.0,0.0,4.5813,4.4148
2251,15.3,36.0,0.0,5.0936,4.5514
2252,14.9,25.0,0.0,4.7019,4.5294
2253,15.4,23.0,0.0,4.9114,5.0195
2254,17.0,25.0,0.0,5.2591,5.5978
2255,18.7,41.0,0.0,6.0911,4.6598
2256,13.0,17.0,0.0,3.9545,4.4792
2257,10.9,15.0,0.0,3.5116,4.3582
2258,15.8,26.0,0.0,4.9588,4.4067
2259,16.2,25.0,0.0,4.994,4.5464
2260,10.6,13.0,0.0,3.363,4.4027
2261,15.5,25.0,0.0,4.7025,4.512
2262,11.9,23.0,0.0,3.8028,4.2615
2263,11.1,22.0,0.0,3.4868,4.3147
2264,12.3,21.0,0.0,3.9209,4.2723
2265,9.4,20.0,0.0,3.0471,3.9065
2266,21.1,31.0,0.0,6.8081,5.0973
2267,35.1,47.0,0.0,10.937,6.6225
2268,14.4,23.0,0.0,4.4746,4.7625
2269,15.7,27.0,0.0,4.9259,4.6244
2270,11.9,20.0,0.0,3.7032,4.3593
2271,14.5,20.0,0.0,4.4432,4.3332
2272,13.0,23.0,0.0,4.2348,4.285
2273,14.5,21.0,0.0,4.4552,4.4695
2274,11.2,20.0,0.0,3.5012,4.3685
2275,8.7,12.0,0.0,2.6777,4.1128
2276,11.4,22.0,0.0,3.5944,4.2071
2277,8.9,12.0,0.0,2.6856,4.1907
2278,11.8,25.0,0.0,3.8614,4.3365
2279,9.0,25.0,0.0,3.1796,4.1691
2280,10.3,22.0,0.0,3.297,4.2767
2281,22.9,48.0,0.0,7.4026,5.6452
2282,34.8,49.0,0.0,10.8047,6.9556
2283,36.6,70.0,0.0,11.7978,6.8273
2284,29.2,35.0,0.0,8.9781,6.7974
2285,19.4,33.0,0.0,5.9702,5.1603
2286,17.9,33.0,0.0,5.6294,5.2179
2287,17.8,22.0,0.0,5.2286,5.0292
2288,13.6,27.0,0.0,4.2296,4.4655
2289,15.7,26.0,0.0,5.0216,4.3404
2290,13.2,27.0,0.0,4.449,4.4056
2291,14.0,26.0,0.0,4.5304,4.3851
2292,9.4,25.0,0.0,3.306,4.4919
2293,10.1,18.0,0.0,3.1444,4.4528
2294,8.0,14.0,0.0,2.5832,4.1531
2295,12.3,29.0,0.0,4.0744,4.4871
2296,13.6,27.0,0.0,4.3243,4.5224
2297,14.3,25.0,0.0,4.5789,4.5205
2298,13.6,21.0,0.0,4.2061,4.4236
2299,11.7,22.0,0.0,3.7879,4.1683
2300,9.2,16.0,0.0,2.909,4.1266
2301,6.7,11.0,0.0,2.1712,3.9032
2302,7.2,13.0,0.0,2.4264,3.9373
2303,12.5,24.0,0.0,4.0236,4.076
2304,12.7,19.0,0.0,3.854,4.2068
2305,12.1,22.0,0.0,3.9654,4.2592
2306,16.2,22.0,0.0,4.9467,4.3497
2307,14.7,29.0,0.0,4.8349,4.5406
2308,17.3,44.0,0.0,5.9263,4.6833
2309,20.2,32.0,0.0,6.3188,4.9897
2310,20.5,29.0,0.0,6.1288,5.2678
2311,9.8,11.0,0.0,2.9425,4.4642
2312,10.1,20.0,0.0,3.2302,4.4155
2313,11.5,21.0,0.0,3.6447,4.8581
2314,9.3,13.0,0.0,2.9104,4.7017
2315,10.1,18.0,0.0,3.0721,4.5709
2316,8.5,16.0,0.0,2.6655,4.4136
2317,9.9,31.0,0.0,3.7204,4.2395
2318,10.6,17.0,0.0,3.153,4.35
2319,10.7,25.0,0.0,3.464,4.2984
2320,15.8,33.0,0.0,5.1651,4.2808
2321,13.6,31.0,0.0,4.436,4.2632
2322,17.9,29.0,0.0,5.5743,4.8742
2323,18.6,29.0,0.0,5.5976,4.8932
2324,15.4,25.0,0.0,4.8153,5.1547
2325,11.1,14.0,0.0,3.5802,4.9889
2326,5.7,8.0,0.0,1.8178,4.3017
2327,6.0,11.0,0.0,2.0149,4.3395
2328,9.7,15.0,0.0,3.0491,4.4001
2329,16.8,24.0,0.0,5.0643,4.4277
2330,16.8,34.0,0.0,5.3805,4.581
2331,9.0,13.0,0.0,2.7143,4.3735
2332,10.8,21.0,0.0,3.4382,4.3889
2333,9.7,19.0,0.0,2.9979,4.3404
2334,14.7,38.0,0.0,5.4145,4.6367
2335,30.8,48.0,0.0,9.9635,6.3862
2336,27.2,36.0,0.0,8.4076,6.8015
2337,27.9,48.0,0.0,8.342,7.3346
2338,19.4,43.0,0.0,6.3063,5.5449
2339,11.1,19.0,0.0,3.3775,5.0299
2340,8.2,12.0,0.0,2.5309,4.3391
2341,5.1,9.0,0.0,1.6268,4.0658
2342,8.2,16.0,0.0,2.6413,4.1118
2343,5.2,7.0,0.0,1.6925,4.0256
2344,5.9,7.0,0.0,1.8111,3.9362
2345,5.8,17.0,0.0,2.1344,4.0402
2346,5.7,10.0,0.0,1.8871,4.2039
2347,7.3,12.0,0.0,2.4104,4.2393
2348,15.1,43.0,0.0,5.3424,4.544
2349,16.2,23.0,0.0,5.0899,4.7545
2350,29.7,55.0,0.0,9.6099,6.1029
2351,22.4,26.0,0.0,6.9303,6.0843
2352,19.3,25.0,0.0,5.8664,5.8327
2353,18.1,26.0,0.0,5.4486,5.4815
2354,14.8,19.0,0.0,4.4088,5.2699
2355,15.5,25.0,0.0,4.8387,6.0773
2356,13.8,22.0,0.0,4.1538,5.2419
2357,10.8,15.0,0.0,3.3168,4.6786
2358,12.1,21.0,0.0,3.8462,4.3551
2359,10.9,24.0,0.0,3.7069,4.5175
2360,13.2,22.0,0.0,4.1255,4.3814
2361,15.4,31.0,0.0,4.9483,4.5437
2362,11.9,19.0,0.0,3.7774,4.3246
2363,17.2,30.0,0.0,5.4695,4.7163
2364,17.3,37.0,0.0,5.6478,4.5231
2365,16.1,43.0,0.0,5.4146,4.6992
2366,17.2,31.0,0.0,5.398,4.9882
2367,14.7,32.0,0.0,4.7174,4.6121
2368,21.8,42.0,0.0,6.8925,5.0958
2369,17.4,24.0,0.0,5.2568,5.2747
2370,15.6,18.0,0.0,4.9385,5.1352
2371,20.2,29.0,0.0,5.9302,5.1383
2372,18.0,27.0,0.0,5.4774,5.2813
2373,19.6,26.0,0.0,6.0651,5.4294
2374,22.2,33.0,0.0,6.7237,5.4056
2375,21.1,46.0,0.0,6.679,5.0684
2376,16.0,22.0,0.0,4.9886,4.9964
2377,13.5,18.0,0.0,4.2635,4.6343
2378,16.9,30.0,0.0,5.2891,4.6802
2379,11.9,15.0,0.0,3.4968,4.6667
2380,19.1,30.0,0.0,5.5533,4.8564
2381,13.0,16.0,0.0,4.1647,4.9241
2382,12.6,17.0,0.0,3.9367,4.6387
2383,12.2,19.0,0.0,3.8132,4.4128
2384,14.2,23.0,0.0,4.4561,4.5936
2385,15.0,29.0,0.0,4.8313,4.9212
2386,10.7,16.0,0.0,3.2966,4.4074
2387,9.0,12.0,0.0,2.8252,4.2831
2388,5.0,7.0,0.0,1.5893,3.8771
2389,5.7,11.0,0.0,1.8743,3.9692
2390,6.0,9.0,0.0,1.9418,3.9292
2391,3.9,5.0,0.0,1.2805,3.8567
2392,4.1,6.0,0.0,1.315,3.8593
2393,4.8,13.0,0.0,1.7667,3.844
2394,4.3,9.0,0.0,1.4798,3.8823
2395,4.0,5.0,0.0,1.2828,3.866
2396,4.2,7.0,0.0,1.3889,3.9182
2397,9.1,24.0,0.0,3.1508,4.2018
2398,13.6,20.0,0.0,4.3243,4.5618
2399,15.8,23.0,0.0,4.9583,5.2434
2400,16.4,30.0,0.0,5.24,4.6949
2401,11.9,17.0,0.0,3.7089,4.7767
2402,7.7,12.0,0.0,2.3592,4.4845
2403,5.2,9.0,0.0,1.6984,3.9712
2404,4.2,6.0,0.0,1.3892,3.9753
2405,4.4,8.0,0.0,1.4531,4.0686
2406,3.9,6.0,0.0,1.259,4.097
2407,3.5,5.0,0.0,1.1576,3.9519
2408,3.9,8.0,0.0,1.3349,3.9708
2409,5.2,8.0,0.0,1.6708,4.2473
2410,5.7,9.0,0.0,1.8182,4.054
2411,5.1,7.0,0.0,1.607,4.0656
2412,4.9,9.0,0.0,1.6266,4.2462
2413,6.2,14.0,0.0,2.131,4.2927
2414,10.2,17.0,0.0,3.2917,4.3359
2415,17.8,34.0,0.0,5.6167,4.9608
2416,25.7,41.0,0.0,7.7637,5.3296
2417,20.3,37.0,0.0,6.4049,5.4702
2418,10.8,25.0,0.0,3.6169,4.3949
2419,11.0,18.0,0.0,3.3389,4.4099
2420,11.2,17.0,0.0,3.4266,4.2509
2421,4.9,11.0,0.0,1.666,3.9031
2422,3.5,7.0,0.0,1.1805,3.8939
2423,4.6,9.0,0.0,1.5381,3.7929
2424,3.8,6.0,0.0,1.3067,3.9797
2425,3.8,5.0,0.0,1.243,4.0529
2426,5.5,12.0,0.0,1.8704,3.8827
2427,5.1,10.0,0.0,1.6893,3.9105
2428,5.4,9.0,0.0,1.7682,3.9607
2429,7.1,37.0,0.0,3.7838,3.9859
2430,13.8,23.0,0.0,4.4495,4.3926
2431,11.0,19.0,0.0,3.496,4.3167
2432,16.8,25.0,0.0,5.4431,4.956
2433,17.3,26.0,0.0,5.5723,4.698
2434,14.5,29.0,0.0,4.7059,4.5771
2435,9.7,19.0,0.0,3.1476,4.1925
2436,7.5,12.0,0.0,2.3722,4.0143
2437,8.9,11.0,0.0,2.8191,4.5373
2438,7.9,13.0,0.0,2.4535,4.2115
2439,5.0,7.0,0.0,1.5945,4.0495
2440,3.5,5.0,0.0,1.1371,4.1162
2441,4.0,9.0,0.0,1.3739,4.1135
2442,3.5,5.0,0.0,1.1546,4.0024
2443,4.4,9.0,0.0,1.4878,3.9223
2444,4.7,8.0,0.0,1.5079,3.8694
2445,3.9,7.0,0.0,1.2963,3.8771
2446,4.4,11.0,0.0,1.5524,3.9111
2447,5.5,8.0,0.0,1.7635,3.9938
2448,6.3,10.0,0.0,1.9953,4.038
2449,5.1,6.0,0.0,1.5916,3.9334
2450,4.2,7.0,0.0,1.3994,3.9376
2451,5.9,8.0,0.0,1.8775,4.0374
2452,8.7,11.0,0.0,2.6302,4.3285
2453,20.5,41.0,0.0,6.48,4.7696
2454,20.1,27.0,0.0,6.118,4.9415
2455,10.2,21.0,0.0,3.275,4.2354
2456,9.3,16.0,0.0,2.9257,4.1503
2457,5.0,7.0,0.0,1.603,3.9226
2458,4.3,7.0,0.0,1.4347,3.9097
2459,3.6,5.0,0.0,1.1619,3.9116
2460,4.3,10.0,0.0,1.493,3.981
2461,6.4,16.0,0.0,2.1832,4.0697
2462,12.5,20.0,0.0,3.9013,4.5869
2463,12.0,20.0,0.0,3.7058,4.5315
2464,12.1,28.0,0.0,3.9884,4.3931
2465,9.9,25.0,0.0,3.2932,4.3273
2466,5.9,11.0,0.0,1.901,4.0373
2467,5.4,8.0,0.0,1.6639,3.934
2468,6.5,9.0,0.0,2.0118,4.0791
2469,9.9,19.0,0.0,3.1675,4.051
2470,12.3,19.0,0.0,3.8288,4.4641
2471,10.5,22.0,0.0,3.3878,4.4843
2472,11.2,16.0,0.0,3.5042,4.7246
2473,10.0,23.0,0.0,3.352,4.5356
2474,14.2,23.0,0.0,4.6008,4.994
2475,14.2,24.0,0.0,4.346,4.9698
2476,12.7,25.0,0.0,4.077,4.8764
2477,11.7,20.0,0.0,3.6094,4.5932
2478,12.9,24.0,0.0,4.0931,4.6967
2479,13.0,23.0,0.0,3.8809,4.8065
2480,7.4,11.0,0.0,2.3402,4.3765
2481,9.2,24.0,0.0,3.2661,4.3995
2482,8.0,11.0,0.0,2.4982,4.377
2483,6.0,20.0,0.0,2.3711,4.0165
2484,7.5,15.0,0.0,2.4104,4.2094
2485,10.0,15.0,0.0,3.1155,4.5579
2486,14.1,29.0,0.0,4.6443,4.6429
2487,13.6,28.0,0.0,4.4997,4.885
2488,27.1,36.0,0.0,8.352,5.6402
2489,15.5,24.0,0.0,4.8052,4.5741
2490,13.4,25.0,0.0,4.2339,4.3646
2491,16.3,30.0,0.0,5.2543,4.8369
2492,11.0,17.0,0.0,3.4509,4.3551
2493,11.6,28.0,0.0,4.0023,4.5594
2494,11.6,18.0,0.0,3.5103,4.5452
2495,5.8,9.0,0.0,1.8511,3.931
2496,5.1,8.0,0.0,1.6675,3.9748
2497,6.7,10.0,0.0,2.1422,4.067
2498,5.9,9.0,0.0,1.8567,3.8968
2499,5.3,8.0,0.0,1.6259,4.2231
2500,5.1,9.0,0.0,1.6558,4.1759
2501,4.2,6.0,0.0,1.3817,4.1291
2502,5.1,10.0,0.0,1.6925,3.9353
2503,4.9,10.0,0.0,1.6165,4.1351
2504,5.2,10.0,0.0,1.7494,3.9438
2505,6.6,8.0,0.0,2.0368,4.1334
2506,6.3,9.0,0.0,2.0121,4.0782
2507,4.8,9.0,0.0,1.5387,3.9763
2508,5.6,9.0,0.0,1.7577,4.0834
2509,4.1,6.0,0.0,1.3739,4.0051
2510,6.4,10.0,0.0,1.9721,4.0863
2511,6.0,9.0,0.0,1.884,4.0206
2512,5.4,11.0,0.0,1.8092,4.0564
2513,4.6,10.0,0.0,1.5911,4.0525
2514,5.1,6.0,0.0,1.6043,4.0675
2515,6.3,11.0,0.0,2.0165,4.2212
2516,6.0,12.0,0.0,1.9048,4.3806
2517,4.0,6.0,0.0,1.2555,3.9648
2518,3.6,5.0,0.0,1.3037,3.8687
2519,4.4,7.0,0.0,1.4256,3.7606
2520,5.1,9.0,0.0,1.7056,3.781
2521,3.6,6.0,0.0,1.1918,3.7791
2522,4.9,8.0,0.0,1.6128,4.0069
2523,4.9,8.0,0.0,1.5853,4.0588
2524,5.3,8.0,0.0,1.6962,4.2373
2525,8.6,14.0,0.0,2.8046,4.5176
2526,12.5,20.0,0.0,3.8582,5.0272
2527,14.8,28.0,0.0,4.7212,4.8941
2528,12.8,20.0,0.0,3.9299,4.8988
2529,11.6,21.0,0.0,3.6992,4.3818
2530,8.2,12.0,0.0,2.4759,4.2558
2531,5.2,6.0,0.0,1.66,4.0778
2532,4.6,7.0,0.0,1.479,3.9531
2533,6.5,13.0,0.0,2.1387,4.0133
2534,7.0,15.0,0.0,2.3041,3.9192
2535,5.1,12.0,0.0,1.7075,4.1089
2536,9.3,16.0,0.0,2.9677,4.2096
2537,8.0,13.0,0.0,2.5302,4.2683
2538,14.1,24.0,0.0,4.3183,4.6973
2539,16.9,28.0,0.0,5.1699,5.1027
2540,12.9,19.0,0.0,3.8734,4.7963
2541,13.8,20.0,0.0,4.2314,4.6297
2542,13.7,24.0,0.0,4.2697,4.811
2543,9.4,36.0,0.0,3.9822,4.2652
2544,10.4,14.0,0.0,3.2215,4.4007
2545,9.6,13.0,0.0,2.9586,4.2771
2546,13.6,21.0,0.0,4.1914,4.5657
2547,10.3,15.0,0.0,3.2462,4.3002
2548,13.0,24.0,0.0,4.0953,4.4862
2549,13.1,19.0,0.0,4.1385,4.8391
2550,15.9,28.0,0.0,5.2135,4.7632
2551,15.8,32.0,0.0,5.2026,4.8095
2552,15.3,25.0,0.0,4.8093,4.6555
2553,14.3,20.0,0.0,4.5858,4.6502
2554,24.1,39.0,0.0,7.2128,5.1097
2555,13.4,18.0,0.0,4.0645,4.5554
2556,6.3,10.0,0.0,1.9919,4.0546
2557,6.9,12.0,0.0,2.2586,4.0759
2558,8.5,22.0,0.0,2.9597,4.4006
2559,11.9,24.0,0.0,4.0196,4.7434
2560,15.2,34.0,0.0,5.2545,4.3996
2561,15.9,31.0,0.0,5.2371,4.6215
2562,10.2,18.0,0.0,3.2395,4.3925
2563,13.1,21.0,0.0,4.0232,4.4848
2564,13.1,22.0,0.0,4.2064,4.6116
2565,12.7,18.0,0.0,4.0267,4.3554
2566,14.9,20.0,0.0,4.6619,4.6211
2567,17.9,25.0,0.0,5.5698,4.8809
2568,6.2,16.0,0.0,2.1535,3.9595
2569,6.3,9.0,0.0,2.0024,4.0897
2570,5.9,9.0,0.0,1.8055,4.0395
2571,4.9,7.0,0.0,1.5767,3.8276
2572,8.7,20.0,0.0,2.9014,3.9676
2573,9.1,16.0,0.0,2.9908,4.3268
2574,15.0,26.0,0.0,4.7728,4.8905
2575,11.9,19.0,0.0,3.7595,4.8103
2576,8.7,13.0,0.0,2.7001,4.3215
2577,18.1,39.0,0.0,6.0677,5.01
2578,16.3,22.0,0.0,4.9329,5.0325
2579,16.5,24.0,0.0,5.132,5.0372
2580,16.1,33.0,0.0,5.148,4.7202
2581,21.4,34.0,0.0,6.3293,5.0409
2582,14.3,23.0,0.0,4.3845,4.4924
2583,11.6,20.0,0.0,3.6158,4.4307
2584,12.2,21.0,0.0,3.7991,4.445
2585,7.4,11.0,0.0,2.453,4.2583
2586,7.9,17.0,0.0,2.6589,4.0981
2587,6.8,9.0,0.0,2.2283,4.1541
2588,6.2,9.0,0.0,1.9088,4.0806
2589,8.0,14.0,0.0,2.5151,3.9703
2590,5.0,7.0,0.0,1.6018,3.8568
2591,4.1,8.0,0.0,1.3811,4.087
2592,5.2,17.0,0.0,2.0684,3.9245
2593,4.8,10.0,0.0,1.6175,3.8772
2594,4.5,6.0,0.0,1.4431,3.9259
2595,5.1,9.0,0.0,1.6775,3.9527
2596,3.6,5.0,0.0,1.1465,3.876
2597,4.5,7.0,0.0,1.4291,3.9887
2598,6.0,8.0,0.0,1.8946,3.9974
2599,6.2,10.0,0.0,1.9628,4.0407
2600,11.7,18.0,0.0,3.769,4.2629
2601,13.4,23.0,0.0,4.1862,4.5102
2602,14.4,22.0,0.0,4.7388,5.0071
2603,11.6,21.0,0.0,3.7081,4.7592
2604,16.3,25.0,0.0,5.1847,4.8342
2605,6.2,12.0,0.0,2.0341,4.2774
2606,4.8,6.0,0.0,1.556,3.9128
2607,3.9,5.0,0.0,1.3073,3.8604
2608,4.1,7.0,0.0,1.3511,3.9008
2609,4.7,7.0,0.0,1.501,4.0172
2610,7.8,15.0,0.0,2.6014,4.0588
2611,11.8,23.0,0.0,3.9076,4.7688
2612,20.8,28.0,0.0,6.0653,5.6822
2613,20.0,35.0,0.0,5.9552,5.6734
2614,17.0,21.0,0.0,5.2294,5.6524
2615,16.1,29.0,0.0,5.2352,5.4702
2616,11.2,23.0,0.0,3.63,4.342
2617,7.7,11.0,0.0,2.4192,4.0165
2618,4.0,8.0,0.0,1.3744,3.8654
2619,4.2,6.0,0.0,1.3601,3.8618
2620,3.4,4.0,0.0,1.1289,3.8916
2621,3.9,6.0,0.0,1.3017,3.8218
2622,4.2,7.0,0.0,1.3349,3.8359
2623,6.0,12.0,0.0,1.9994,3.7853
2624,5.8,7.0,0.0,1.9,3.9992
2625,14.6,29.0,0.0,4.5425,4.7214
2626,16.1,24.0,0.0,4.8214,5.1474
2627,17.2,22.0,0.0,5.0768,5.1882
2628,18.8,31.0,0.0,5.9273,5.1876
2629,15.5,33.0,0.0,5.0846,4.7627
2630,8.7,23.0,0.0,3.0715,4.0074
2631,4.3,8.0,0.0,1.373,3.881
2632,4.0,5.0,0.0,1.3334,3.877
2633,3.5,7.0,0.0,1.1347,3.8561
2634,4.4,11.0,0.0,1.5351,3.9577
2635,4.8,10.0,0.0,1.5917,4.0336
2636,12.2,29.0,0.0,4.1308,4.6495
2637,22.6,32.0,0.0,6.9369,5.2956
2638,18.2,35.0,0.0,5.6734,5.6177
2639,17.0,27.0,0.0,5.2419,4.9357
2640,19.7,25.0,0.0,5.8463,4.9267
2641,21.6,41.0,0.0,6.256,5.5997
2642,13.3,21.0,0.0,3.9696,4.9032
2643,14.5,25.0,0.0,4.6481,5.1718
2644,17.5,32.0,0.0,5.3868,5.1523
2645,17.1,29.0,0.0,5.3809,4.6696
2646,19.4,34.0,0.0,5.9193,5.2329
2647,12.5,18.0,0.0,3.8861,4.87
2648,12.9,24.0,0.0,4.0875,4.6718
2649,14.2,25.0,0.0,4.5459,4.7087
2650,13.4,18.0,0.0,4.1216,4.4869
2651,6.6,11.0,0.0,2.1734,4.3856
2652,10.3,14.0,0.0,3.1761,4.6079
2653,10.3,20.0,0.0,3.3618,4.54
2654,17.9,29.0,0.0,5.6018,4.8566
2655,18.5,28.0,0.0,5.7292,5.1842
2656,12.9,21.0,0.0,4.1349,4.5926
2657,10.8,19.0,0.0,3.4741,4.3308
2658,9.3,14.0,0.0,2.8845,4.1967
2659,5.8,17.0,0.0,2.0987,3.9941
2660,5.8,11.0,0.0,1.9348,4.0567
2661,5.6,10.0,0.0,1.8187,4.2037
2662,7.5,14.0,0.0,2.4474,4.2713
2663,6.2,11.0,0.0,2.0111,4.2489
2664,9.0,13.0,0.0,2.8262,4.2439
2665,6.9,13.0,0.0,2.334,4.1042
2666,7.3,15.0,0.0,2.5063,4.1641
2667,6.9,10.0,0.0,2.1562,4.3838
2668,7.9,12.0,0.0,2.4995,4.4882
2669,6.2,19.0,0.0,2.3387,4.1059
2670,5.2,8.0,0.0,1.6964,4.3977
2671,5.3,16.0,0.0,2.0083,4.2322
2672,9.0,22.0,0.0,3.224,4.4874
2673,5.4,10.0,0.0,1.7636,4.1468
2674,5.1,7.0,0.0,1.6808,3.9868
2675,6.6,9.0,0.0,2.0168,4.2668
2676,6.6,11.0,0.0,2.0928,4.0237
2677,4.3,6.0,0.0,1.3975,3.8194
2678,3.6,5.0,0.0,1.1825,3.8236
2679,3.5,6.0,0.0,1.1694,3.8514
2680,4.3,8.0,0.0,1.4415,4.2423
2681,3.7,6.0,0.0,1.2703,4.1222
2682,5.3,8.0,0.0,1.6839,4.4429
2683,6.1,8.0,0.0,1.9304,4.2904
2684,7.3,13.0,0.0,2.3041,4.5927
2685,11.2,16.0,0.0,3.5196,4.7835
2686,8.0,17.0,0.0,2.7265,4.5619
2687,12.8,24.0,0.0,4.0927,4.6843
2688,11.8,19.0,0.0,3.7216,4.8851
2689,12.3,17.0,0.0,3.9209,4.4867
2690,11.2,27.0,0.0,3.8028,4.6225
2691,7.6,17.0,0.0,2.51,4.5064
2692,9.3,17.0,0.0,3.1396,4.7528
2693,6.7,18.0,0.0,2.3388,3.928
2694,8.3,12.0,0.0,2.5794,4.0191
2695,10.7,23.0,0.0,3.4959,4.2333
2696,14.1,20.0,0.0,4.3544,4.488
2697,17.6,27.0,0.0,5.4026,5.4775
2698,19.5,30.0,0.0,5.7827,5.5761
2699,23.4,31.0,0.0,7.2283,5.5104
2700,20.7,29.0,0.0,6.3796,5.1938
2701,12.2,18.0,0.0,3.7574,4.6869
2702,16.5,31.0,0.0,5.4231,4.616
2703,18.2,25.0,0.0,5.6375,5.192
2704,16.1,25.0,0.0,4.9121,4.5476
2705,8.5,15.0,0.0,2.7564,4.2186
2706,12.1,26.0,0.0,3.961,4.2507
2707,13.7,25.0,0.0,4.347,4.561
2708,11.3,21.0,0.0,3.6485,4.4367
2709,6.2,10.0,0.0,2.0273,4.3675
2710,6.0,8.0,0.0,1.8999,4.344
2711,4.2,7.0,0.0,1.3551,4.0531
2712,5.3,13.0,0.0,1.855,3.8708
2713,4.4,6.0,0.0,1.4142,3.9364
2714,8.1,13.0,0.0,2.6048,4.3603
2715,15.3,31.0,0.0,4.96,5.0514
2716,12.9,21.0,0.0,3.8824,5.1599
2717,14.3,25.0,0.0,4.5049,5.2398
2718,9.8,19.0,0.0,3.0916,4.2558
2719,11.1,18.0,0.0,3.4085,4.524
2720,4.3,5.0,0.0,1.4094,3.9931
2721,4.6,7.0,0.0,1.4531,3.8469
2722,4.0,7.0,0.0,1.3134,3.8617
2723,4.0,6.0,0.0,1.3445,3.8064
2724,4.4,8.0,0.0,1.4354,3.847
2725,4.0,5.0,0.0,1.2651,3.8139
2726,4.1,6.0,0.0,1.321,4.0461
2727,4.8,11.0,0.0,1.6354,3.9747
2728,5.7,16.0,0.0,2.108,4.0411
2729,7.5,13.0,0.0,2.3531,4.2665
2730,13.1,36.0,0.0,4.6634,4.474
2731,21.2,33.0,0.0,6.6873,5.2745
2732,15.4,32.0,0.0,4.9988,5.0604
2733,13.8,21.0,0.0,4.4262,4.8192
2734,13.2,19.0,0.0,4.0917,4.8626
2735,10.4,17.0,0.0,3.2538,4.3599
2736,8.3,12.0,0.0,2.5546,4.2858
2737,8.6,12.0,0.0,2.6865,4.2502
2738,6.2,10.0,0.0,1.9651,4.0356
2739,4.7,8.0,0.0,1.4755,4.0567
2740,4.4,7.0,0.0,1.4491,4.064
2741,5.6,13.0,0.0,1.8946,4.0936
2742,3.7,4.0,0.0,1.227,3.9702
2743,4.6,7.0,0.0,1.4925,3.9253
2744,4.2,6.0,0.0,1.4112,3.933
2745,4.3,6.0,0.0,1.4004,3.933
2746,7.7,19.0,0.0,2.6618,4.1314
2747,8.4,14.0,0.0,2.6129,4.4058
2748,14.1,20.0,0.0,4.3345,4.8031
2749,16.0,23.0,0.0,4.7977,4.9886
2750,14.2,29.0,0.0,4.6205,4.7304
2751,19.5,29.0,0.0,6.199,5.3448
2752,7.9,12.0,0.0,2.5849,4.4027
2753,4.3,6.0,0.0,1.4655,3.9477
2754,5.1,7.0,0.0,1.6437,3.9769
2755,6.2,13.0,0.0,2.1048,4.0116
2756,4.8,7.0,0.0,1.5598,4.1206
2757,3.7,6.0,0.0,1.244,4.0438
2758,5.9,10.0,0.0,1.8843,4.1389
2759,4.3,5.0,0.0,1.4448,4.1047
2760,6.3,9.0,0.0,1.9615,4.0872
2761,4.3,6.0,0.0,1.3955,4.0986
2762,4.6,10.0,0.0,1.5516,4.0982
2763,4.7,12.0,0.0,1.682,3.9864
2764,7.8,23.0,0.0,2.8767,4.0674
2765,5.2,9.0,0.0,1.6746,4.125
2766,4.3,8.0,0.0,1.4106,3.9456
2767,4.8,9.0,0.0,1.5764,3.8784
2768,4.6,9.0,0.0,1.5285,3.8362
2769,4.3,7.0,0.0,1.4071,3.9548
2770,6.2,20.0,0.0,2.4262,4.0039
2771,7.5,22.0,0.0,2.7654,4.0577
2772,4.4,7.0,0.0,1.4146,3.8314
2773,3.7,5.0,0.0,1.2081,3.7885
2774,4.5,10.0,0.0,1.5427,3.9362
2775,4.0,7.0,0.0,1.3527,3.8024
2776,4.0,5.0,0.0,1.3364,3.8481
2777,4.7,8.0,0.0,1.5536,3.932
2778,5.1,10.0,0.0,1.6827,3.876
2779,3.9,7.0,0.0,1.287,3.8578
2780,5.9,8.0,0.0,1.9096,4.1227
2781,5.3,9.0,0.0,1.7056,4.0612
2782,4.7,8.0,0.0,1.566,3.8807
2783,7.4,11.0,0.0,2.3095,4.0782
2784,5.8,9.0,0.0,1.9276,4.3771
2785,5.8,9.0,0.0,1.8966,4.3425
2786,9.0,13.0,0.0,2.7932,4.4542
2787,9.7,16.0,0.0,2.9995,4.3822
2788,9.5,26.0,0.0,3.4216,4.3133
2789,9.2,15.0,0.0,2.8952,4.3315
2790,7.5,12.0,0.0,2.3904,4.3223
2791,13.7,21.0,0.0,4.2779,4.6113
2792,17.7,23.0,0.0,5.7984,5.3051
2793,21.6,31.0,0.0,6.4883,5.0005
2794,19.2,29.0,0.0,5.8795,4.9144
2795,17.2,20.0,0.0,5.3854,4.7082
2796,17.9,33.0,0.0,5.7214,4.9704
2797,15.1,24.0,0.0,4.564,4.8164
2798,14.1,24.0,0.0,4.4528,4.6824
2799,9.6,12.0,0.0,3.0449,4.5856
2800,10.0,22.0,0.0,3.32,4.5288
2801,4.1,6.0,0.0,1.3304,3.9402
2802,7.0,14.0,0.0,2.2956,4.0633
2803,8.5,20.0,0.0,2.9475,4.111
2804,8.8,10.0,0.0,2.6748,4.3167
2805,4.1,5.0,0.0,1.3598,4.1837
2806,5.0,9.0,0.0,1.6927,3.9993
2807,4.3,9.0,0.0,1.4691,4.116
2808,3.7,5.0,0.0,1.1749,3.8988
2809,3.9,6.0,0.0,1.2624,3.9779
2810,4.9,8.0,0.0,1.5737,3.921
2811,3.7,5.0,0.0,1.2288,3.8752
2812,3.7,6.0,0.0,1.2241,3.9408
2813,4.3,8.0,0.0,1.4498,3.8726
2814,6.2,10.0,0.0,2.0281,4.0064
2815,7.0,14.0,0.0,2.2729,4.3263
2816,6.3,10.0,0.0,1.9915,4.2543
2817,8.9,15.0,0.0,2.7086,4.3683
2818,10.3,15.0,0.0,3.2354,4.9732
2819,8.0,12.0,0.0,2.4077,4.539
2820,3.7,5.0,0.0,1.2649,4.0374
2821,2.7,5.0,0.0,0.9857,3.9846
2822,4.9,8.0,0.0,1.5805,3.9566
2823,3.2,6.0,0.0,1.0731,3.9603
2824,3.8,8.0,0.0,1.3092,4.0316
2825,3.9,6.0,0.0,1.2981,4.098
2826,3.8,7.0,0.0,1.2579,3.9621
2827,2.6,4.0,0.0,0.9499,4.0697
2828,5.1,8.0,0.0,1.6266,4.1592
2829,7.2,20.0,0.0,2.5933,4.0921
2830,4.4,6.0,0.0,1.3817,4.2744
2831,6.1,10.0,0.0,1.941,3.9178
2832,5.9,12.0,0.0,2.0094,4.0552
2833,3.7,6.0,0.0,1.2767,3.9352
2834,3.7,6.0,0.0,1.2353,3.9051
2835,3.2,5.0,0.0,1.0806,3.8486
2836,4.2,6.0,0.0,1.3928,3.8953
2837,2.9,4.0,0.0,0.9472,4.0341
2838,4.8,8.0,0.0,1.6126,4.1485
2839,6.5,9.0,0.0,2.045,4.045
2840,5.8,7.0,0.0,1.7883,4.3884
2841,5.9,10.0,0.0,1.8892,4.3921
2842,4.4,7.0,0.0,1.4603,3.8926
2843,5.2,7.0,0.0,1.6155,4.0123
2844,5.1,9.0,0.0,1.7001,4.0071
2845,5.5,7.0,0.0,1.7746,4.0246
2846,3.8,6.0,0.0,1.1881,3.9804
2847,6.7,8.0,0.0,2.0544,4.2284
2848,4.5,7.0,0.0,1.4755,3.9492
2849,4.3,7.0,0.0,1.4261,3.9501
2850,4.6,7.0,0.0,1.4871,3.9405
2851,4.6,9.0,0.0,1.5524,3.9176
2852,5.5,7.0,0.0,1.6845,3.9751
2853,5.5,9.0,0.0,1.7439,3.8549
2854,6.2,15.0,0.0,2.0749,3.8199
2855,4.3,8.0,0.0,1.4517,3.8556
2856,7.0,12.0,0.0,2.2864,4.0047
2857,3.7,6.0,0.0,1.2568,3.7641
2858,5.3,8.0,0.0,1.7138,4.0934
2859,4.5,6.0,0.0,1.4248,3.9318
2860,5.4,10.0,0.0,1.7804,3.8498
2861,5.1,9.0,0.0,1.6733,3.9386
2862,4.6,10.0,0.0,1.5878,4.0802
2863,3.9,7.0,0.0,1.317,3.8972
2864,4.7,8.0,0.0,1.5213,3.8776
2865,4.7,7.0,0.0,1.5093,3.8807
2866,4.3,7.0,0.0,1.4144,3.9082
2867,5.3,8.0,0.0,1.7099,3.9117
2868,8.6,15.0,0.0,2.7221,4.0925
2869,8.5,26.0,0.0,3.214,4.0829
2870,7.7,11.0,0.0,2.5115,4.1098
2871,7.9,13.0,0.0,2.5053,4.2094
2872,8.1,17.0,0.0,2.697,4.0782
2873,10.0,16.0,0.0,3.1474,4.1109
2874,12.1,27.0,0.0,4.0276,4.2982
2875,16.6,22.0,0.0,4.847,5.009
2876,23.3,35.0,0.0,7.0977,5.2957
2877,18.4,32.0,0.0,5.5521,5.4363
2878,14.0,20.0,0.0,4.2977,5.509
2879,15.1,20.0,0.0,4.581,5.6177
2880,18.4,31.0,0.0,5.4303,5.8838
2881,13.4,27.0,0.0,4.1792,5.0671
2882,17.2,26.0,0.0,5.0959,5.1428
2883,13.8,25.0,0.0,4.1402,5.0991
2884,15.7,20.0,0.0,4.3814,5.3954
2885,16.8,27.0,0.0,5.2657,5.2291
2886,16.6,19.0,0.0,5.0253,5.3975
2887,11.6,19.0,0.0,3.6351,4.4417
2888,11.1,17.0,0.0,3.5364,4.1883
2889,6.0,16.0,0.0,2.1074,3.9147
2890,10.4,27.0,0.0,3.8429,4.3588
2891,16.8,21.0,0.0,5.1059,5.2373
2892,19.5,39.0,0.0,6.2759,5.5194
2893,12.2,16.0,0.0,3.7248,4.5421
2894,9.4,15.0,0.0,2.9644,4.266
2895,5.3,9.0,0.0,1.7056,3.9007
2896,3.2,4.0,0.0,1.1304,3.7802
2897,4.3,6.0,0.0,1.3785,3.7702
2898,5.4,9.0,0.0,1.7601,3.8751
2899,4.0,8.0,0.0,1.3585,3.8572
2900,4.7,8.0,0.0,1.5184,3.9139
2901,5.7,12.0,0.0,1.9115,3.9474
2902,4.9,7.0,0.0,1.5711,3.9947
2903,7.4,11.0,0.0,2.3619,4.0877
2904,4.9,7.0,0.0,1.5059,3.895
2905,5.0,9.0,0.0,1.5797,3.9486
2906,5.2,9.0,0.0,1.7146,3.9849
2907,5.6,9.0,0.0,1.7838,4.0531
2908,6.6,20.0,0.0,2.5196,4.262
2909,13.1,19.0,0.0,4.0529,4.8844
2910,18.8,30.0,0.0,5.794,5.5486
2911,19.1,24.0,0.0,5.7273,5.534
2912,20.2,31.0,0.0,6.1717,5.2953
2913,14.2,23.0,0.0,4.2926,4.4285
2914,8.2,18.0,0.0,2.6875,4.0655
2915,4.1,6.0,0.0,1.3465,3.8966
2916,3.3,4.0,0.0,1.0959,3.8652
2917,4.3,6.0,0.0,1.3559,4.0345
2918,3.9,5.0,0.0,1.2722,3.9328
2919,3.1,4.0,0.0,1.0735,3.8239
2920,3.7,6.0,0.0,1.2166,3.9514
2921,4.4,10.0,0.0,1.49,3.9183
2922,3.4,5.0,0.0,1.1435,3.9389
2923,4.6,8.0,0.0,1.5288,4.1658
2924,3.2,5.0,0.0,1.1029,4.1607
2925,5.3,9.0,0.0,1.6699,4.2003
2926,3.7,5.0,0.0,1.2828,4.049
2927,4.7,7.0,0.0,1.5406,4.0967
2928,5.8,17.0,0.0,2.2138,3.9942
2929,8.1,16.0,0.0,2.6729,4.2128
2930,14.1,22.0,0.0,4.4428,4.519
2931,13.9,28.0,0.0,4.5358,4.5351
2932,17.4,32.0,0.0,5.6184,4.5173
2933,15.5,23.0,0.0,4.6037,4.5307
2934,7.7,12.0,0.0,2.3675,4.2642
2935,3.6,5.0,0.0,1.1615,4.0137
2936,3.9,5.0,0.0,1.2828,4.0363
2937,3.5,6.0,0.0,1.1638,3.9225
2938,3.8,7.0,0.0,1.2857,3.8125
2939,5.3,11.0,0.0,1.7685,3.8609
2940,4.1,7.0,0.0,1.3489,3.7834
2941,5.3,17.0,0.0,2.075,3.9258
2942,6.6,11.0,0.0,2.0803,4.1292
2943,18.7,34.0,0.0,5.7987,4.9082
2944,19.0,24.0,0.0,5.8534,5.189
2945,18.4,23.0,0.0,5.525,5.7177
2946,11.7,19.0,0.0,3.701,4.4298
2947,7.4,30.0,0.0,3.197,3.8493
2948,4.0,8.0,0.0,1.3212,3.8886
2949,9.7,23.0,0.0,3.3117,4.2237
2950,15.4,31.0,0.0,5.1192,5.1307
2951,19.9,28.0,0.0,6.113,5.2831
2952,20.4,27.0,0.0,5.9178,5.0135
2953,19.8,29.0,0.0,5.9417,4.9706
2954,12.8,19.0,0.0,3.9051,4.5526
2955,6.3,12.0,0.0,1.9741,3.9679
2956,4.4,6.0,0.0,1.4261,3.8929
2957,4.3,7.0,0.0,1.3811,3.8652
2958,4.7,8.0,0.0,1.5474,3.7274
2959,3.9,5.0,0.0,1.3077,3.7814
2960,4.5,9.0,0.0,1.493,3.7876
2961,4.7,7.0,0.0,1.5364,3.8677
2962,4.9,7.0,0.0,1.5619,3.8403
2963,5.3,9.0,0.0,1.7116,3.8641
2964,6.8,18.0,0.0,2.5342,3.9079
2965,5.8,10.0,0.0,1.9554,3.8607
2966,7.0,17.0,0.0,2.387,4.0524
2967,10.0,13.0,0.0,3.103,4.2489
2968,7.4,20.0,0.0,2.637,3.9871
2969,6.1,12.0,0.0,2.0253,3.8976
2970,4.1,8.0,0.0,1.3739,3.8401
2971,3.3,5.0,0.0,1.1,3.7266
2972,4.3,9.0,0.0,1.4315,3.8144
2973,4.7,7.0,0.0,1.5516,3.8759
2974,15.0,26.0,0.0,4.721,4.3758
2975,22.0,28.0,0.0,6.5597,5.3755
2976,18.5,25.0,0.0,5.5397,5.7306
2977,18.3,37.0,0.0,5.7103,5.4942
2978,18.4,25.0,0.0,5.5735,5.6214
2979,20.0,37.0,0.0,5.937,5.4865
2980,9.2,18.0,0.0,3.034,4.2048
2981,3.7,5.0,0.0,1.2462,3.8568
2982,4.1,10.0,0.0,1.4517,3.8317
2983,3.8,8.0,0.0,1.3274,3.8258
2984,4.2,9.0,0.0,1.4058,3.8305
2985,5.0,8.0,0.0,1.6264,3.8263
2986,3.9,6.0,0.0,1.2828,3.8021
2987,3.9,6.0,0.0,1.2878,3.9189
2988,5.0,9.0,0.0,1.5547,3.8411
2989,6.7,22.0,0.0,2.5825,4.0858
2990,11.6,19.0,0.0,3.6041,4.5571
2991,21.1,33.0,0.0,6.5499,5.3437
2992,12.4,15.0,0.0,3.8197,4.3708
2993,7.0,18.0,0.0,2.4942,3.9679
2994,6.8,10.0,0.0,2.159,3.9992
2995,4.8,10.0,0.0,1.5875,3.9292
2996,3.6,6.0,0.0,1.2255,3.858
2997,3.6,5.0,0.0,1.1755,4.0188
2998,3.7,5.0,0.0,1.1958,4.0122
2999,3.4,5.0,0.0,1.1522,4.0275
3000,3.8,5.0,0.0,1.2,3.9974
3001,5.1,6.0,0.0,1.6129,4.108
3002,6.3,9.0,0.0,2.0045,4.1473
3003,6.8,14.0,0.0,2.2383,4.3165
3004,9.7,20.0,0.0,3.1016,4.2457
3005,13.7,22.0,0.0,4.3834,4.6996
3006,16.3,30.0,0.0,5.1809,4.5601
3007,7.7,14.0,0.0,2.5361,4.1023
3008,4.9,7.0,0.0,1.5969,3.968
3009,5.2,8.0,0.0,1.6815,3.9703
3010,3.7,7.0,0.0,1.2669,3.9698
3011,3.6,7.0,0.0,1.1941,3.8837
3012,3.3,5.0,0.0,1.1036,3.938
3013,3.2,5.0,0.0,1.092,3.8854
3014,4.9,8.0,0.0,1.5545,3.9777
3015,4.0,5.0,0.0,1.2757,4.0517
3016,4.3,6.0,0.0,1.4193,4.0958
3017,5.0,10.0,0.0,1.5905,3.9713
3018,8.5,40.0,0.0,4.1506,4.218
3019,7.3,18.0,0.0,2.4739,4.0847
3020,16.4,27.0,0.0,5.2006,5.0405
3021,12.8,17.0,0.0,4.0058,4.9904
3022,17.5,23.0,0.0,5.5184,4.8484
3023,14.7,19.0,0.0,4.4136,4.8592
3024,13.5,21.0,0.0,4.1746,4.5062
3025,15.7,32.0,0.0,4.9877,4.7774
3026,14.6,23.0,0.0,4.5538,4.6425
3027,24.5,46.0,0.0,7.4931,5.4752
3028,17.5,31.0,0.0,5.5004,4.8357
3029,18.5,30.0,0.0,5.8098,5.3378
3030,17.2,24.0,0.0,5.1141,5.1878
3031,14.2,24.0,0.0,4.4745,4.5846
3032,8.8,11.0,0.0,2.6384,4.1227
3033,4.7,6.0,0.0,1.5093,3.9623
3034,3.9,5.0,0.0,1.2981,3.8242
3035,4.1,8.0,0.0,1.347,3.6922
3036,4.5,7.0,0.0,1.4318,3.69
3037,4.5,7.0,0.0,1.4586,3.697
3038,3.4,4.0,0.0,1.1789,3.8629
3039,4.4,6.0,0.0,1.382,3.9601
3040,5.3,8.0,0.0,1.6673,3.9491
3041,3.6,7.0,0.0,1.1805,3.9638
3042,3.7,4.0,0.0,1.2714,3.8963
3043,4.3,6.0,0.0,1.3921,3.9063
3044,4.2,6.0,0.0,1.4323,3.9448
3045,4.6,8.0,0.0,1.5015,3.989
3046,3.9,7.0,0.0,1.3565,3.9761
3047,4.7,6.0,0.0,1.4858,4.0339
3048,5.0,8.0,0.0,1.6288,4.0204
3049,3.6,5.0,0.0,1.1825,3.9479
3050,4.7,8.0,0.0,1.5575,3.9729
3051,5.1,7.0,0.0,1.6454,4.0386
3052,3.8,5.0,0.0,1.1971,3.961
3053,4.9,8.0,0.0,1.5806,3.9611
3054,3.5,5.0,0.0,1.1529,3.9517
3055,4.2,7.0,0.0,1.4047,3.9794
3056,5.3,11.0,0.0,1.7725,4.1117
3057,5.5,10.0,0.0,1.8231,4.0765
3058,6.3,15.0,0.0,2.1321,4.0223
3059,11.0,18.0,0.0,3.3923,4.2823
3060,16.0,27.0,0.0,5.0269,4.8129
3061,14.8,21.0,0.0,4.4279,5.377
3062,15.7,22.0,0.0,4.704,4.8251
3063,9.8,27.0,0.0,3.5363,4.1753
3064,10.6,17.0,0.0,3.4429,4.1765
3065,5.2,10.0,0.0,1.7,4.0152
3066,3.6,5.0,0.0,1.1701,3.9347
3067,3.6,6.0,0.0,1.1977,3.9643
3068,3.8,6.0,0.0,1.2464,3.9498
3069,3.1,6.0,0.0,1.0572,3.9301
3070,4.1,8.0,0.0,1.3747,3.9335
3071,4.3,8.0,0.0,1.4541,3.7433
3072,4.1,9.0,0.0,1.4387,3.7075
3073,5.2,8.0,0.0,1.6484,3.9989
3074,15.6,23.0,0.0,4.7654,4.3329
3075,14.1,26.0,0.0,4.6113,4.7071
3076,15.3,26.0,0.0,4.7826,5.3942
3077,14.4,21.0,0.0,4.4162,4.7154
3078,10.7,21.0,0.0,3.4844,4.2502
3079,10.8,20.0,0.0,3.4469,4.418
3080,15.9,30.0,0.0,5.1017,4.9525
3081,14.2,21.0,0.0,4.4151,4.7903
3082,16.0,26.0,0.0,5.1116,4.8654
3083,13.2,23.0,0.0,4.096,4.5025
3084,10.0,19.0,0.0,3.1189,4.2014
3085,10.7,24.0,0.0,3.6194,4.1776
3086,7.8,13.0,0.0,2.4346,4.051
3087,4.5,6.0,0.0,1.447,3.9614
3088,6.1,8.0,0.0,1.8628,4.123
3089,4.7,7.0,0.0,1.5759,3.93
3090,8.0,15.0,0.0,2.5625,4.1104
3091,9.7,13.0,0.0,2.9416,4.1722
3092,6.2,10.0,0.0,1.9454,4.0334
3093,5.4,9.0,0.0,1.7339,3.8693
3094,3.6,6.0,0.0,1.299,3.9093
3095,3.8,6.0,0.0,1.272,3.8596
3096,5.3,8.0,0.0,1.7326,3.95
3097,10.6,22.0,0.0,3.6031,4.39
3098,19.8,39.0,0.0,6.1431,5.0832
3099,11.9,17.0,0.0,3.7027,4.5033
3100,10.9,19.0,0.0,3.4665,4.5582
3101,13.7,19.0,0.0,4.1623,4.7993
3102,14.7,20.0,0.0,4.4362,4.8733
3103,14.8,25.0,0.0,4.544,4.7651
3104,16.1,25.0,0.0,4.8029,4.8673
3105,16.6,28.0,0.0,5.1257,5.0638
3106,16.0,28.0,0.0,4.983,4.9961
3107,11.1,16.0,0.0,3.2435,4.6208
3108,6.5,10.0,0.0,2.1055,4.0852
3109,4.8,9.0,0.0,1.6439,3.9696
3110,2.9,4.0,0.0,1.0002,3.9325
3111,3.4,5.0,0.0,1.1283,3.8921
3112,4.2,5.0,0.0,1.326,3.9435
3113,4.4,7.0,0.0,1.4898,3.9102
3114,3.3,4.0,0.0,1.0609,3.947
3115,4.1,6.0,0.0,1.3598,3.9971
3116,9.1,15.0,0.0,2.8474,4.2896
3117,12.2,22.0,0.0,3.8803,4.532
3118,16.4,23.0,0.0,4.9685,5.0489
3119,11.2,17.0,0.0,3.4856,4.722
3120,12.1,19.0,0.0,3.7556,4.2751
3121,5.2,8.0,0.0,1.6332,4.0327
3122,4.5,8.0,0.0,1.4629,3.9171
3123,4.2,7.0,0.0,1.3483,3.9017
3124,4.2,6.0,0.0,1.3955,3.9009
3125,3.4,4.0,0.0,1.0833,3.9169
3126,3.4,5.0,0.0,1.1108,3.9598
3127,3.1,5.0,0.0,1.0794,3.9418
3128,3.7,5.0,0.0,1.2167,3.8925
3129,6.4,28.0,0.0,3.009,4.0557
3130,11.8,33.0,0.0,4.3067,4.3854
3131,22.3,30.0,0.0,7.0141,5.5863
3132,16.3,28.0,0.0,5.0026,5.5062
3133,16.6,29.0,0.0,5.2688,5.3183
3134,9.5,23.0,0.0,3.278,4.359
3135,4.4,7.0,0.0,1.4654,3.9977
3136,3.3,4.0,0.0,1.1598,3.9507
3137,4.6,7.0,0.0,1.5322,3.9439
3138,3.5,5.0,0.0,1.1653,3.9249
3139,2.9,4.0,0.0,0.9937,3.8278
3140,3.9,5.0,0.0,1.2814,3.827
3141,4.2,8.0,0.0,1.4317,3.8365
3142,11.5,24.0,0.0,3.8725,4.1375
3143,10.5,20.0,0.0,3.3882,4.2073
3144,15.5,24.0,0.0,4.8446,4.7834
3145,5.9,11.0,0.0,1.9663,3.983
3146,6.0,12.0,0.0,1.941,3.8471
3147,4.2,6.0,0.0,1.3688,4.1426
3148,3.9,6.0,0.0,1.3349,4.0158
3149,3.6,8.0,0.0,1.2167,3.87
3150,3.5,5.0,0.0,1.1071,4.0404
3151,5.0,6.0,0.0,1.588,4.157
3152,3.9,5.0,0.0,1.252,3.9134
3153,4.7,7.0,0.0,1.4879,4.0405
3154,3.8,7.0,0.0,1.2981,3.8795
3155,4.9,7.0,0.0,1.525,3.8821
3156,5.1,8.0,0.0,1.6881,4.0671
3157,7.6,14.0,0.0,2.5103,4.1155
3158,13.3,25.0,0.0,4.3997,4.4791
3159,17.3,24.0,0.0,5.4212,5.3327
3160,10.9,15.0,0.0,3.1887,4.431
3161,5.7,10.0,0.0,1.7723,4.0438
3162,3.7,5.0,0.0,1.2609,3.9567
3163,3.7,6.0,0.0,1.2414,3.9435
3164,4.3,7.0,0.0,1.3964,3.9937
3165,3.3,4.0,0.0,1.1755,3.9402
3166,4.6,7.0,0.0,1.4992,4.0511
3167,5.8,9.0,0.0,1.8233,4.0358
3168,8.1,17.0,0.0,2.5987,4.2204
3169,10.4,16.0,0.0,3.1414,4.7635
3170,11.8,18.0,0.0,3.6471,5.1341
3171,11.3,24.0,0.0,3.4849,5.0764
3172,6.7,14.0,0.0,2.1198,4.4178
3173,5.7,13.0,0.0,1.9607,4.2261
3174,4.6,8.0,0.0,1.489,4.1622
3175,3.9,5.0,0.0,1.2835,4.0244
3176,3.0,4.0,0.0,0.9826,4.0485
3177,4.0,8.0,0.0,1.3107,4.0271
3178,4.6,9.0,0.0,1.5474,3.9574
3179,4.3,6.0,0.0,1.4048,4.1905
3180,4.4,10.0,0.0,1.4975,3.951
3181,4.5,10.0,0.0,1.5238,3.978
3182,4.8,9.0,0.0,1.6045,3.9566
3183,4.0,6.0,0.0,1.275,4.0474
3184,4.1,8.0,0.0,1.3783,3.9758
3185,4.9,7.0,0.0,1.5692,4.0243
3186,4.2,6.0,0.0,1.3321,3.8903
3187,3.3,5.0,0.0,1.105,3.8527
3188,3.4,4.0,0.0,1.125,3.8469
3189,5.1,8.0,0.0,1.6471,3.8684
3190,4.7,6.0,0.0,1.489,3.8528
3191,6.6,13.0,0.0,2.2028,4.0347
3192,6.1,9.0,0.0,1.9304,3.9267
3193,4.4,7.0,0.0,1.4497,4.0856
3194,4.3,8.0,0.0,1.3964,4.1659
3195,6.0,9.0,0.0,1.8915,3.9777
3196,6.6,11.0,0.0,2.114,4.1985
3197,8.2,10.0,0.0,2.5716,4.6093
3198,13.1,20.0,0.0,4.165,4.668
3199,11.2,23.0,0.0,3.6776,4.3108
3200,15.2,20.0,0.0,4.7055,5.0596
3201,4.6,8.0,0.0,1.4491,3.9203
3202,5.6,9.0,0.0,1.7947,3.9456
3203,3.7,6.0,0.0,1.2622,3.9872
3204,4.8,7.0,0.0,1.5961,4.0879
3205,9.8,13.0,0.0,3.0324,4.7705
3206,14.8,23.0,0.0,4.5444,5.4996
3207,19.4,27.0,0.0,5.7385,5.9961
3208,21.5,33.0,0.0,6.5213,6.7705
3209,19.0,33.0,0.0,6.005,5.5139
3210,16.2,27.0,0.0,4.9826,4.9014
3211,16.9,26.0,0.0,5.2525,5.0142
3212,12.1,15.0,0.0,3.7412,4.3909
3213,6.0,8.0,0.0,1.8487,4.0669
3214,3.8,6.0,0.0,1.2272,3.9586
3215,4.5,6.0,0.0,1.4233,3.9585
3216,3.9,6.0,0.0,1.2764,3.9112
3217,5.4,9.0,0.0,1.7176,3.9489
3218,5.9,12.0,0.0,2.0155,3.9136
3219,5.2,10.0,0.0,1.6595,4.1012
3220,4.9,8.0,0.0,1.6645,4.2381
3221,7.0,11.0,0.0,2.1493,4.1907
3222,4.2,7.0,0.0,1.3756,4.0196
3223,4.6,10.0,0.0,1.558,3.9243
3224,6.7,14.0,0.0,2.2513,4.0804
3225,19.3,27.0,0.0,5.9528,4.8099
3226,18.9,35.0,0.0,6.0423,5.328
3227,14.8,23.0,0.0,4.4816,5.2013
3228,11.3,21.0,0.0,3.6611,4.6182
3229,7.1,10.0,0.0,2.2263,4.3097
3230,3.3,5.0,0.0,1.1007,3.7515
3231,3.9,6.0,0.0,1.2703,3.6638
3232,5.3,9.0,0.0,1.7316,3.8146
3233,4.2,7.0,0.0,1.4219,3.785
3234,2.8,5.0,0.0,0.9849,3.8679
3235,5.2,9.0,0.0,1.75,3.9657
3236,6.5,13.0,0.0,2.2737,4.0871
3237,5.9,12.0,0.0,1.9375,4.0461
3238,10.1,13.0,0.0,3.1524,4.4137
3239,16.1,24.0,0.0,4.9397,4.9696
3240,17.4,47.0,0.0,6.1616,4.8206
3241,11.6,20.0,0.0,3.7212,4.5091
3242,6.9,12.0,0.0,2.2451,4.2386
3243,5.6,12.0,0.0,1.8204,4.0294
3244,4.6,7.0,0.0,1.5012,3.9834
3245,4.7,12.0,0.0,1.6583,4.0042
3246,4.0,7.0,0.0,1.2948,3.9541
3247,4.0,5.0,0.0,1.2488,3.9085
3248,4.4,8.0,0.0,1.4317,3.819
3249,3.7,8.0,0.0,1.289,3.8589
3250,3.5,5.0,0.0,1.1522,3.862
3251,5.3,12.0,0.0,1.8547,4.0542
3252,5.0,6.0,0.0,1.6001,3.8916
3253,3.4,4.0,0.0,1.1435,3.9153
3254,4.5,7.0,0.0,1.4627,4.0155
3255,3.9,6.0,0.0,1.3134,4.0117
3256,4.6,7.0,0.0,1.4716,3.9859
3257,8.4,15.0,0.0,2.687,4.3626
3258,9.4,19.0,0.0,3.0642,4.4281
3259,7.4,11.0,0.0,2.3366,4.2927
3260,6.3,13.0,0.0,2.0644,4.1727
3261,9.2,17.0,0.0,2.9527,4.4808
3262,12.3,21.0,0.0,3.9943,4.6923
3263,12.1,15.0,0.0,3.8405,4.848
3264,14.2,27.0,0.0,4.5612,4.7978
3265,10.9,17.0,0.0,3.4478,4.4635
3266,13.0,17.0,0.0,4.0506,4.6732
3267,8.0,11.0,0.0,2.4806,4.3043
3268,13.4,30.0,0.0,4.4598,4.4257
3269,9.5,17.0,0.0,3.1383,4.1351
3270,13.5,23.0,0.0,4.1992,4.457
3271,14.1,18.0,0.0,4.1775,4.7801
3272,10.2,13.0,0.0,3.283,4.614
3273,13.0,20.0,0.0,4.0809,4.7951
3274,14.4,21.0,0.0,4.4859,4.8379
3275,17.1,31.0,0.0,5.2657,4.9382
3276,15.6,24.0,0.0,4.5954,4.881
3277,10.3,24.0,0.0,3.5288,4.4081
3278,9.2,27.0,0.0,3.3027,4.3044
3279,7.1,14.0,0.0,2.2869,4.1507
3280,4.8,8.0,0.0,1.5366,4.0291
3281,4.4,8.0,0.0,1.4858,3.9715
3282,4.4,7.0,0.0,1.4784,3.72
3283,3.9,6.0,0.0,1.2757,3.5927
3284,4.1,7.0,0.0,1.3465,3.6276
3285,4.5,7.0,0.0,1.4673,3.6396
3286,7.5,13.0,0.0,2.4705,3.9166
3287,7.6,11.0,0.0,2.2433,3.8394
3288,10.3,16.0,0.0,3.1983,4.2
3289,13.2,30.0,0.0,4.1718,4.3059
3290,9.6,13.0,0.0,2.8938,4.0986
3291,5.9,8.0,0.0,1.8725,3.7719
3292,4.9,8.0,0.0,1.588,3.8185
3293,4.9,10.0,0.0,1.5893,3.7477
3294,5.5,10.0,0.0,1.7916,3.7369
3295,5.4,13.0,0.0,1.9466,3.6836
3296,3.5,7.0,0.0,1.1649,3.6874
3297,4.1,6.0,0.0,1.3812,3.7504
3298,5.4,9.0,0.0,1.7416,3.7814
3299,5.3,9.0,0.0,1.7105,3.7428
3300,6.9,11.0,0.0,2.1489,3.9241
3301,7.7,14.0,0.0,2.4513,3.9404
3302,5.8,7.0,0.0,1.8081,3.7456
3303,6.7,11.0,0.0,2.1082,3.7492
3304,7.1,12.0,0.0,2.3049,3.8613
3305,8.6,14.0,0.0,2.741,4.0921
3306,8.8,13.0,0.0,2.7206,4.0113
3307,8.3,13.0,0.0,2.7673,3.9818
3308,7.8,15.0,0.0,2.6287,3.9433
3309,5.4,8.0,0.0,1.7226,3.8485
3310,9.6,16.0,0.0,3.1327,4.0331
3311,14.6,22.0,0.0,4.5372,4.3033
3312,14.9,22.0,0.0,4.5025,4.4334
3313,14.5,21.0,0.0,4.3526,4.3469
3314,8.7,11.0,0.0,2.6442,3.9603
3315,12.7,23.0,0.0,4.0346,4.3993
3316,10.8,16.0,0.0,3.3048,4.1824
3317,8.4,13.0,0.0,2.6657,4.0655
3318,6.6,10.0,0.0,2.1604,3.9391
3319,5.2,9.0,0.0,1.6844,3.7935
3320,5.7,12.0,0.0,1.9339,3.9005
3321,4.9,7.0,0.0,1.5976,3.8093
3322,4.2,6.0,0.0,1.3843,3.7217
3323,4.4,7.0,0.0,1.4202,3.7633
3324,5.8,9.0,0.0,1.852,3.8024
3325,7.1,11.0,0.0,2.2499,3.8963
3326,4.4,6.0,0.0,1.5026,3.8475
3327,6.1,13.0,0.0,2.0806,3.9213
3328,6.4,11.0,0.0,2.0338,4.0416
3329,9.1,13.0,0.0,2.7985,4.3066
3330,5.1,10.0,0.0,1.6823,3.8064
3331,4.4,10.0,0.0,1.5026,3.711
3332,3.9,7.0,0.0,1.251,3.7173
3333,3.6,7.0,0.0,1.1779,3.703
3334,3.9,5.0,0.0,1.2937,3.7125
3335,4.7,7.0,0.0,1.5601,3.698
3336,4.5,5.0,0.0,1.4231,3.6943
3337,5.4,7.0,0.0,1.7117,3.7745
3338,7.2,11.0,0.0,2.2467,3.8997
3339,6.3,7.0,0.0,2.0124,3.8935
3340,10.5,23.0,0.0,3.5424,4.0599
3341,12.7,22.0,0.0,4.0246,3.9524
3342,12.9,23.0,0.0,4.1677,4.4294
3343,15.5,28.0,0.0,5.0128,4.6241
3344,13.7,24.0,0.0,4.5211,4.4628
3345,17.0,21.0,0.0,5.1998,4.4968
3346,16.1,24.0,0.0,4.7918,4.3844
3347,17.0,29.0,0.0,5.3742,4.2957
3348,10.6,16.0,0.0,3.3559,3.9743
3349,5.7,10.0,0.0,1.8955,3.7865
3350,3.8,5.0,0.0,1.2233,3.7229
3351,3.1,5.0,0.0,1.0648,3.7029
3352,3.8,6.0,0.0,1.2023,3.6711
3353,4.0,7.0,0.0,1.3601,3.6813
3354,3.7,8.0,0.0,1.2219,3.6695
3355,4.5,9.0,0.0,1.5716,3.8204
3356,6.6,11.0,0.0,2.1203,3.8924
3357,8.3,11.0,0.0,2.586,4.0671
3358,11.6,29.0,0.0,4.2884,4.0154
3359,6.7,11.0,0.0,2.0529,3.8977
3360,8.0,14.0,0.0,2.3852,4.1579
3361,5.0,7.0,0.0,1.5068,3.7134
3362,3.7,5.0,0.0,1.2207,3.708
3363,3.9,6.0,0.0,1.2792,3.7438
3364,3.1,5.0,0.0,1.0249,3.7111
3365,4.5,7.0,0.0,1.4479,3.75
3366,5.2,9.0,0.0,1.7124,3.9132
3367,9.8,14.0,0.0,3.1103,4.1569
3368,16.3,27.0,0.0,4.9797,4.9369
3369,18.0,25.0,0.0,5.5003,5.0795
3370,9.7,15.0,0.0,3.0044,4.3587
3371,5.1,10.0,0.0,1.6559,3.9902
3372,4.2,6.0,0.0,1.3416,3.7969
3373,4.1,7.0,0.0,1.3342,3.7788
3374,4.2,5.0,0.0,1.3843,3.6945
3375,5.1,12.0,0.0,1.7602,3.6487
3376,5.7,11.0,0.0,1.9585,3.7646
3377,10.3,18.0,0.0,3.376,4.1493
3378,17.4,33.0,0.0,5.3722,4.8293
3379,13.3,20.0,0.0,4.0409,4.6639
3380,9.4,20.0,0.0,2.9785,4.0727
3381,5.9,8.0,0.0,1.872,3.8953
3382,17.5,25.0,0.0,5.4148,4.6246
3383,13.6,30.0,0.0,4.5222,4.2242
3384,7.0,19.0,0.0,2.5113,3.8329
3385,4.2,7.0,0.0,1.4373,3.8104
3386,5.7,9.0,0.0,1.8581,3.7996
3387,7.0,12.0,0.0,2.2843,3.8549
3388,8.3,18.0,0.0,2.7092,4.1714
3389,5.9,7.0,0.0,1.8818,3.8462
3390,3.7,5.0,0.0,1.2268,3.7088
3391,5.0,9.0,0.0,1.6509,3.8086
3392,5.0,11.0,0.0,1.7152,3.7515
3393,5.6,10.0,0.0,1.7882,3.7155
3394,6.8,13.0,0.0,2.2869,3.9645
3395,8.8,14.0,0.0,2.755,4.1117
3396,10.0,15.0,0.0,3.0965,4.0237
3397,18.2,34.0,0.0,5.788,4.5147
3398,15.2,36.0,0.0,5.13,4.0858
3399,9.6,17.0,0.0,3.034,3.9984
3400,10.6,15.0,0.0,3.3779,3.9408
3401,7.0,10.0,0.0,2.1858,3.8901
3402,5.8,9.0,0.0,1.8514,3.7197
3403,4.7,6.0,0.0,1.4619,3.7811
3404,6.4,15.0,0.0,2.1581,3.8188
3405,8.9,22.0,0.0,3.1566,3.9693
3406,8.4,20.0,0.0,2.9289,4.0582
3407,8.4,12.0,0.0,2.5353,3.8988
3408,6.3,13.0,0.0,1.9892,3.837
3409,5.2,9.0,0.0,1.6846,3.7724
3410,5.0,7.0,0.0,1.6394,3.7005
3411,4.8,7.0,0.0,1.5256,3.7216
3412,4.5,6.0,0.0,1.4027,3.7211
3413,3.6,5.0,0.0,1.166,3.721
3414,5.7,11.0,0.0,1.8514,3.9042
3415,11.0,18.0,0.0,3.5441,4.0184
3416,12.4,27.0,0.0,4.2381,4.2721
3417,11.3,21.0,0.0,3.5555,4.4101
3418,14.3,27.0,0.0,4.6956,4.4398
3419,14.3,26.0,0.0,4.4571,4.3249
3420,11.6,23.0,0.0,3.7009,3.9847
3421,8.9,13.0,0.0,2.7872,3.8736
3422,6.9,11.0,0.0,2.1494,3.752
3423,5.0,7.0,0.0,1.6118,3.9082
3424,4.7,9.0,0.0,1.5459,3.6439
3425,3.1,4.0,0.0,1.0474,3.692
3426,4.6,7.0,0.0,1.4881,3.8749
3427,4.3,7.0,0.0,1.4106,3.6854
3428,3.7,7.0,0.0,1.2653,3.6718
3429,3.7,8.0,0.0,1.2322,3.7706
3430,4.0,5.0,0.0,1.3289,3.8249
3431,4.8,6.0,0.0,1.4825,3.7782
3432,4.0,6.0,0.0,1.3067,3.6957
3433,3.4,5.0,0.0,1.1424,3.6292
3434,2.9,4.0,0.0,0.982,3.6019
3435,4.8,9.0,0.0,1.5012,3.6542
3436,3.6,6.0,0.0,1.1864,3.6333
3437,4.3,7.0,0.0,1.4608,3.8394
3438,3.5,5.0,0.0,1.1704,3.7047
3439,4.3,7.0,0.0,1.4129,3.8722
3440,2.5,4.0,0.0,0.8797,3.7878
3441,3.7,5.0,0.0,1.2359,3.8043
3442,3.4,7.0,0.0,1.1834,3.7268
3443,4.1,6.0,0.0,1.287,3.7607
3444,3.7,5.0,0.0,1.178,3.8245
3445,4.7,7.0,0.0,1.5327,3.6638
3446,4.3,7.0,0.0,1.4498,3.6268
3447,3.2,6.0,0.0,1.087,3.6967
3448,4.3,6.0,0.0,1.3947,3.6266
3449,3.2,6.0,0.0,1.1225,3.6643
3450,4.0,7.0,0.0,1.3025,3.8469
3451,3.3,5.0,0.0,1.0833,3.9447
3452,4.2,5.0,0.0,1.3563,3.8487
3453,4.5,7.0,0.0,1.4744,3.7538
3454,5.1,8.0,0.0,1.6883,3.9919
3455,4.8,8.0,0.0,1.5703,3.7981
3456,4.5,8.0,0.0,1.501,3.7121
3457,4.4,10.0,0.0,1.4917,3.6515
3458,5.4,9.0,0.0,1.7614,3.7105
3459,4.2,7.0,0.0,1.3379,3.8389
3460,4.6,6.0,0.0,1.4531,3.9071
3461,5.5,14.0,0.0,1.9385,3.7695
3462,4.2,6.0,0.0,1.3483,3.7179
3463,4.2,8.0,0.0,1.4239,3.8108
3464,5.2,13.0,0.0,1.8368,3.7559
3465,3.4,6.0,0.0,1.1664,3.859
3466,4.2,6.0,0.0,1.3343,3.976
3467,4.7,11.0,0.0,1.6266,3.9323
3468,4.1,6.0,0.0,1.3527,3.7301
3469,7.4,12.0,0.0,2.3396,3.9994
3470,4.5,11.0,0.0,1.5777,3.6621
3471,3.1,5.0,0.0,1.0496,3.6006
3472,4.7,9.0,0.0,1.631,3.6529
3473,5.2,15.0,0.0,1.8998,4.0258
3474,7.6,12.0,0.0,2.4359,4.1734
3475,8.3,17.0,0.0,2.7096,4.2864
3476,6.9,12.0,0.0,2.1993,4.1487
3477,5.3,7.0,0.0,1.6624,3.83
3478,4.7,6.0,0.0,1.4773,4.0095
3479,6.1,9.0,0.0,1.9269,4.0167
3480,4.8,7.0,0.0,1.5327,3.7952
3481,3.5,5.0,0.0,1.167,3.7225
3482,5.5,11.0,0.0,1.8213,3.8158
3483,6.1,8.0,0.0,1.9529,3.9011
3484,9.3,20.0,0.0,3.1896,3.9682
3485,10.6,20.0,0.0,3.408,4.2654
3486,11.1,15.0,0.0,3.5068,4.1785
3487,8.2,10.0,0.0,2.5431,3.998
3488,8.1,12.0,0.0,2.5482,3.8816
3489,10.2,19.0,0.0,3.251,4.0425
3490,11.4,27.0,0.0,3.9634,4.1257
3491,10.4,16.0,0.0,3.2695,4.1705
3492,14.3,22.0,0.0,4.4643,4.4698
3493,11.6,15.0,0.0,3.5813,4.502
3494,12.6,20.0,0.0,3.9125,4.7935
3495,12.0,19.0,0.0,3.6773,4.6585
3496,13.0,17.0,0.0,3.9404,4.5674
3497,11.5,28.0,0.0,3.8167,4.2136
3498,20.5,34.0,0.0,6.371,5.0843
3499,18.9,25.0,0.0,5.7144,5.4682
3500,15.9,21.0,0.0,4.8997,5.5626
3501,15.0,28.0,0.0,4.729,4.7536
3502,15.3,20.0,0.0,4.5462,4.847
3503,16.8,23.0,0.0,5.2002,4.8983
3504,20.2,37.0,0.0,6.2219,4.6586
3505,15.4,24.0,0.0,4.859,4.2143
3506,12.2,18.0,0.0,3.7577,4.0533
3507,19.5,36.0,0.0,6.4001,4.474
3508,13.5,22.0,0.0,4.3277,4.1625
3509,11.1,17.0,0.0,3.5553,4.1083
3510,9.0,20.0,0.0,3.1622,3.9329
3511,8.8,15.0,0.0,2.7961,3.9572
3512,5.9,10.0,0.0,1.94,3.8334
3513,9.3,21.0,0.0,3.2894,3.9347
3514,8.4,21.0,0.0,2.9251,4.1656
3515,14.9,21.0,0.0,4.6948,4.945
3516,19.1,29.0,0.0,5.6342,5.5574
3517,17.1,22.0,0.0,5.2478,5.1898
3518,10.7,15.0,0.0,3.2109,4.2742
3519,10.7,16.0,0.0,3.3647,4.151
3520,4.8,8.0,0.0,1.5261,3.6696
3521,3.8,6.0,0.0,1.2395,3.627
3522,3.1,4.0,0.0,1.0301,3.6105
3523,3.1,4.0,0.0,1.0474,3.6134
3524,3.6,4.0,0.0,1.1958,3.6944
3525,5.9,15.0,0.0,2.0407,3.8305
3526,7.2,13.0,0.0,2.279,4.0541
3527,12.0,21.0,0.0,3.8184,4.594
3528,12.2,17.0,0.0,3.8371,4.6506
3529,13.2,20.0,0.0,4.0137,4.4932
3530,10.1,14.0,0.0,3.2375,4.2569
3531,4.9,8.0,0.0,1.5445,3.8475
3532,7.9,24.0,0.0,3.0077,3.895
3533,17.1,31.0,0.0,5.371,4.5854
3534,11.7,19.0,0.0,3.6863,4.4902
3535,6.1,11.0,0.0,1.9114,4.1512
3536,6.5,12.0,0.0,2.1096,4.0602
3537,6.9,11.0,0.0,2.2017,3.8475
3538,5.4,8.0,0.0,1.7058,3.7323
3539,4.4,8.0,0.0,1.4454,3.6457
3540,4.0,7.0,0.0,1.3058,3.6874
3541,4.9,7.0,0.0,1.5564,3.7342
3542,3.7,7.0,0.0,1.244,3.6855
3543,4.1,7.0,0.0,1.4066,3.6872
3544,3.6,5.0,0.0,1.172,3.7109
3545,4.1,7.0,0.0,1.3783,3.6939
3546,3.6,6.0,0.0,1.2561,3.7081
3547,4.9,7.0,0.0,1.694,3.8386
3548,4.1,7.0,0.0,1.3711,3.6899
3549,4.6,6.0,0.0,1.4491,3.6959
3550,4.2,9.0,0.0,1.4001,3.6985
3551,3.2,8.0,0.0,1.1772,3.6703
3552,4.1,5.0,0.0,1.296,3.6983
3553,4.9,7.0,0.0,1.6308,3.7016
3554,4.6,9.0,0.0,1.5074,3.6896
3555,3.8,6.0,0.0,1.2164,3.7171
3556,4.0,6.0,0.0,1.3229,3.7444
3557,4.0,5.0,0.0,1.331,3.7104
3558,4.1,7.0,0.0,1.351,3.6933
3559,4.8,8.0,0.0,1.5772,3.8131
3560,6.1,9.0,0.0,1.9238,3.8917
3561,7.6,15.0,0.0,2.4618,3.9533
3562,8.2,15.0,0.0,2.592,3.9208
3563,6.3,10.0,0.0,1.8862,4.0218
3564,4.6,6.0,0.0,1.4654,3.7427
3565,3.4,6.0,0.0,1.1769,3.7318
3566,4.0,5.0,0.0,1.3286,3.7104
3567,4.6,9.0,0.0,1.5688,3.7178
3568,4.0,5.0,0.0,1.3379,3.7425
3569,4.6,7.0,0.0,1.5053,3.7072
3570,4.4,7.0,0.0,1.4379,3.7173
3571,4.7,6.0,0.0,1.5171,3.7671
3572,7.4,17.0,0.0,2.466,4.0019
3573,4.7,8.0,0.0,1.5222,3.7547
3574,5.5,7.0,0.0,1.6962,3.7756
3575,6.4,11.0,0.0,2.0761,3.792
3576,6.0,9.0,0.0,1.9339,3.936
3577,5.0,7.0,0.0,1.5941,3.8371
3578,5.0,7.0,0.0,1.6496,3.7278
3579,3.8,7.0,0.0,1.2816,3.6192
3580,4.2,5.0,0.0,1.334,3.6601
3581,5.1,8.0,0.0,1.6608,3.6711
3582,4.7,6.0,0.0,1.479,3.7775
3583,5.4,7.0,0.0,1.7521,3.8036
3584,6.2,14.0,0.0,2.0365,3.7429
3585,6.5,12.0,0.0,2.1619,3.7648
3586,4.9,9.0,0.0,1.5678,3.8333
3587,4.9,7.0,0.0,1.6098,3.8092
3588,5.4,8.0,0.0,1.6953,3.6924
3589,5.2,8.0,0.0,1.721,3.6885
3590,5.6,10.0,0.0,1.8136,3.7085
3591,5.6,7.0,0.0,1.7523,3.7232
3592,4.9,12.0,0.0,1.6832,3.6419
3593,3.7,8.0,0.0,1.2488,3.7042
3594,4.7,9.0,0.0,1.607,3.6758
3595,4.6,6.0,0.0,1.5815,3.7217
3596,7.1,14.0,0.0,2.2488,3.7934
3597,5.9,9.0,0.0,1.929,3.8943
3598,4.9,7.0,0.0,1.5379,3.7946
3599,4.7,9.0,0.0,1.5427,3.6624
3600,5.2,7.0,0.0,1.7023,3.7697
3601,3.6,5.0,0.0,1.1497,3.6737
3602,7.2,17.0,0.0,2.5978,3.789
3603,11.2,16.0,0.0,3.4334,4.0524
3604,17.2,26.0,0.0,5.0833,4.3661
3605,16.6,27.0,0.0,5.1563,4.698
3606,13.8,20.0,0.0,4.2787,4.4754
3607,17.2,27.0,0.0,5.1981,4.8243
3608,24.4,32.0,0.0,7.2895,5.3011
3609,16.9,21.0,0.0,5.0902,4.7317
3610,17.9,23.0,0.0,5.3794,4.6022
3611,19.6,29.0,0.0,5.7297,4.7255
3612,13.2,21.0,0.0,4.2862,4.6181
3613,14.7,29.0,0.0,4.6138,4.9305
3614,9.4,12.0,0.0,2.8265,4.2392
3615,12.3,35.0,0.0,4.5064,4.4585
3616,10.0,18.0,0.0,3.1603,4.0692
3617,11.4,15.0,0.0,3.4409,4.2401
3618,13.3,26.0,0.0,4.2616,4.524
3619,11.2,19.0,0.0,3.5249,4.1683
3620,5.9,14.0,0.0,2.0006,3.9018
3621,7.3,14.0,0.0,2.305,3.7638
3622,7.6,15.0,0.0,2.419,3.7724
3623,6.2,8.0,0.0,2.0061,3.8389
3624,7.0,11.0,0.0,2.2131,3.8741
3625,13.7,41.0,0.0,5.1011,3.9526
3626,11.3,15.0,0.0,3.3814,4.1526
3627,17.1,24.0,0.0,5.4109,4.4657
3628,14.3,22.0,0.0,4.563,4.3679
3629,17.4,34.0,0.0,5.7328,4.1876
3630,13.1,20.0,0.0,4.1243,4.1116
3631,13.1,29.0,0.0,4.3222,4.1703
3632,13.8,19.0,0.0,4.1164,4.1049
3633,5.1,6.0,0.0,1.5324,3.804
3634,4.3,9.0,0.0,1.4448,3.6534
3635,3.7,6.0,0.0,1.2337,3.6234
3636,4.2,9.0,0.0,1.4798,3.6129
3637,3.4,6.0,0.0,1.1752,3.6507
3638,3.7,9.0,0.0,1.3168,3.6383
3639,6.6,9.0,0.0,2.1142,3.8976
3640,12.3,25.0,0.0,4.1728,4.2318
3641,22.7,37.0,0.0,7.0086,4.8932
3642,16.8,27.0,0.0,5.1744,4.8139
3643,19.0,36.0,0.0,5.8,5.1473
3644,10.1,22.0,0.0,3.338,4.0589
3645,11.1,18.0,0.0,3.4359,4.1575
3646,5.9,8.0,0.0,1.8702,3.9884
3647,4.5,6.0,0.0,1.4259,3.6325
3648,4.4,7.0,0.0,1.4586,3.6213
3649,3.9,6.0,0.0,1.261,3.615
3650,4.9,9.0,0.0,1.5521,3.5943
3651,4.1,12.0,0.0,1.5338,3.6258
3652,9.1,27.0,0.0,3.4729,3.9002
3653,27.7,40.0,0.0,8.5401,4.7148
3654,12.7,26.0,0.0,4.1297,4.2161
3655,11.4,15.0,0.0,3.5377,4.3702
3656,10.3,21.0,0.0,3.3377,4.7801
3657,15.9,20.0,0.0,4.6756,5.5086
3658,20.0,37.0,0.0,6.1021,5.8546
3659,16.2,23.0,0.0,5.0429,4.7353
3660,11.5,16.0,0.0,3.4889,4.287
3661,18.4,33.0,0.0,5.8592,4.4528
3662,9.8,15.0,0.0,3.1503,3.9908
3663,14.0,18.0,0.0,4.4228,4.2755
3664,12.7,21.0,0.0,4.1866,4.8146
3665,3.9,6.0,0.0,1.326,3.6476
3666,4.2,10.0,0.0,1.4567,3.6477
3667,2.5,4.0,0.0,0.8933,3.6145
3668,4.3,8.0,0.0,1.4379,3.6128
3669,3.4,4.0,0.0,1.0703,3.5887
3670,3.3,4.0,0.0,1.1047,3.5978
3671,2.9,4.0,0.0,0.9828,3.6044
3672,3.5,6.0,0.0,1.1738,3.6258
3673,3.9,6.0,0.0,1.2904,3.6296
3674,4.0,6.0,0.0,1.2935,3.6944
3675,6.0,9.0,0.0,1.8675,3.6266
3676,4.2,6.0,0.0,1.3762,3.6598
3677,3.8,5.0,0.0,1.2408,3.6499
3678,4.0,6.0,0.0,1.2922,3.6414
3679,3.4,5.0,0.0,1.1336,3.6443
3680,4.8,7.0,0.0,1.5327,3.634
3681,5.9,9.0,0.0,1.8946,3.7711
3682,5.5,10.0,0.0,1.8324,3.738
3683,6.4,10.0,0.0,2.0463,3.8452
3684,8.0,12.0,0.0,2.5573,3.9078
3685,8.5,11.0,0.0,2.6472,4.0814
3686,9.4,17.0,0.0,3.0011,4.1409
3687,4.0,6.0,0.0,1.3271,3.7585
3688,3.7,5.0,0.0,1.1619,3.6655
3689,3.8,5.0,0.0,1.2555,3.6423
3690,4.6,10.0,0.0,1.555,3.6724
3691,4.4,8.0,0.0,1.4685,3.7084
3692,3.9,6.0,0.0,1.2592,3.7722
3693,5.6,11.0,0.0,1.8226,3.903
3694,5.9,9.0,0.0,1.8809,3.9454
3695,4.6,6.0,0.0,1.4373,3.6451
3696,3.9,7.0,0.0,1.3295,3.6223
3697,3.7,5.0,0.0,1.2555,3.5932
3698,4.6,9.0,0.0,1.5285,3.5906
3699,4.0,6.0,0.0,1.3032,3.6066
3700,4.1,8.0,0.0,1.3304,3.6073
3701,6.4,9.0,0.0,2.0193,3.7348
3702,10.8,17.0,0.0,3.3926,4.2097
3703,18.5,26.0,0.0,5.7031,4.9283
3704,12.2,24.0,0.0,3.828,4.5535
3705,14.5,24.0,0.0,4.6262,4.9318
3706,12.4,18.0,0.0,3.8321,4.9341
3707,12.8,20.0,0.0,3.9074,4.6048
3708,10.6,20.0,0.0,3.2869,4.0438
3709,14.2,25.0,0.0,4.2867,4.4541
3710,10.3,13.0,0.0,3.0346,4.1326
3711,7.2,18.0,0.0,2.3608,3.7944
3712,4.4,6.0,0.0,1.3474,3.8572
3713,8.3,11.0,0.0,2.4725,3.8449
3714,8.3,12.0,0.0,2.616,3.9296
3715,8.8,11.0,0.0,2.6688,4.1035
3716,12.2,21.0,0.0,3.7053,4.2443
3717,13.2,18.0,0.0,3.9916,4.3454
3718,13.5,19.0,0.0,4.2965,4.2625
3719,15.6,23.0,0.0,4.7005,4.6238
3720,14.7,28.0,0.0,4.6829,4.1064
3721,15.1,31.0,0.0,4.899,4.0714
3722,12.9,18.0,0.0,3.9837,4.0056
3723,12.6,18.0,0.0,3.9458,4.0083
3724,9.2,15.0,0.0,2.93,3.7333
3725,15.6,23.0,0.0,5.0913,4.4157
3726,20.0,30.0,0.0,6.2492,4.4008
3727,18.0,28.0,0.0,5.6745,4.2263
3728,15.2,32.0,0.0,4.8456,4.243
3729,13.2,20.0,0.0,4.1151,4.2308
3730,14.7,25.0,0.0,4.5727,4.25
3731,12.3,16.0,0.0,3.807,4.1798
3732,15.7,20.0,0.0,4.7948,4.2843
3733,16.7,27.0,0.0,5.0851,4.3013
3734,17.3,27.0,0.0,5.2586,4.2403
3735,14.9,23.0,0.0,4.5997,4.2459
3736,20.1,25.0,0.0,6.1535,4.4646
3737,15.9,26.0,0.0,4.9348,4.2247
3738,20.2,27.0,0.0,6.3571,4.601
3739,18.7,29.0,0.0,5.8794,4.2898
3740,19.2,28.0,0.0,5.7912,4.3095
3741,16.6,25.0,0.0,5.2006,4.1193
3742,16.9,21.0,0.0,5.1037,4.3488
3743,15.1,25.0,0.0,4.7969,4.2164
3744,20.4,28.0,0.0,6.1951,4.5866
3745,19.8,34.0,0.0,6.2005,4.4341
3746,19.6,32.0,0.0,5.9564,4.4346
3747,19.5,32.0,0.0,6.002,4.4413
3748,20.4,23.0,0.0,6.2663,4.6404
3749,17.2,25.0,0.0,5.2086,4.6678
3750,20.1,34.0,0.0,6.0726,4.706
3751,21.6,44.0,0.0,6.8861,4.5815
3752,16.4,25.0,0.0,4.9092,4.3773
3753,14.7,32.0,0.0,4.7759,4.2716
3754,16.8,23.0,0.0,5.2129,4.4296
3755,19.5,35.0,0.0,6.3093,4.3859
3756,12.9,17.0,0.0,3.9846,4.1808
3757,15.1,22.0,0.0,4.8249,4.1277
3758,18.9,29.0,0.0,5.8983,4.234
3759,15.3,25.0,0.0,4.8505,4.2812
3760,15.7,26.0,0.0,4.8652,4.1331
3761,14.7,28.0,0.0,4.7299,4.2223
3762,13.8,32.0,0.0,4.6555,4.2559
3763,15.4,24.0,0.0,4.7475,4.3047
3764,16.1,34.0,0.0,5.1878,4.3532
3765,14.7,22.0,0.0,4.5769,4.4026
3766,14.7,28.0,0.0,4.5828,4.2378
3767,12.5,19.0,0.0,3.8913,4.171
3768,15.2,28.0,0.0,4.5602,4.1217
3769,14.3,22.0,0.0,4.4833,4.2203
3770,14.8,26.0,0.0,4.6052,4.3054
3771,15.7,21.0,0.0,4.7168,4.2022
3772,15.9,40.0,0.0,5.491,4.3132
3773,15.6,31.0,0.0,4.7348,4.147
3774,14.9,26.0,0.0,4.6344,4.3589
3775,18.8,31.0,0.0,5.736,4.3753
3776,15.8,18.0,0.0,4.7436,4.2999
3777,18.2,28.0,0.0,5.5826,4.3596
3778,18.8,31.0,0.0,5.6802,4.3962
3779,17.5,27.0,0.0,5.4108,4.3008
3780,15.6,25.0,0.0,4.9101,4.366
3781,13.0,20.0,0.0,3.9799,4.2125
3782,15.2,19.0,0.0,4.7175,4.2346
3783,18.3,27.0,0.0,5.3772,4.2592
3784,17.2,27.0,0.0,5.3779,4.2709
3785,13.6,18.0,0.0,4.1737,4.2091
3786,15.8,26.0,0.0,4.8881,4.2402
3787,19.4,28.0,0.0,5.9875,4.4632
3788,14.8,20.0,0.0,4.6478,4.3067
3789,14.2,19.0,0.0,4.215,4.2359
3790,15.8,19.0,0.0,5.0109,4.4383
3791,16.8,30.0,0.0,5.1135,4.3169
3792,14.1,19.0,0.0,4.4257,4.2958
3793,16.1,21.0,0.0,5.1006,4.3532
3794,15.8,30.0,0.0,4.8754,4.3176
3795,17.4,36.0,0.0,5.6104,4.2426
3796,18.3,26.0,0.0,5.5943,4.1868
3797,15.3,22.0,0.0,4.6357,4.1812
3798,18.0,31.0,0.0,5.684,4.3033
3799,13.9,18.0,0.0,4.2603,4.1943
3800,12.6,17.0,0.0,3.984,4.1036
3801,18.1,26.0,0.0,5.5254,4.318
3802,18.8,25.0,0.0,5.8537,4.5538
3803,24.8,33.0,0.0,7.3203,5.0592
3804,16.7,25.0,0.0,5.1261,4.7531
3805,21.1,36.0,0.0,6.5167,4.6439
3806,23.0,28.0,0.0,7.0374,5.4419
3807,25.6,32.0,0.0,7.351,5.6832
3808,25.5,39.0,0.0,7.3267,5.3116
3809,29.0,42.0,0.0,8.7454,5.5228
3810,26.6,40.0,0.0,8.2837,5.3298
3811,23.0,34.0,0.0,6.8438,5.0043
3812,19.1,28.0,0.0,5.8136,4.4196
3813,13.5,19.0,0.0,4.0543,4.1346
3814,12.6,23.0,0.0,3.9884,4.1218
3815,12.6,15.0,0.0,3.8943,4.0979
3816,15.0,18.0,0.0,4.5443,4.2004
3817,16.9,22.0,0.0,5.275,4.2923
3818,13.9,18.0,0.0,4.5031,4.2446
3819,17.3,31.0,0.0,5.5113,4.3008
3820,12.1,20.0,0.0,3.6897,3.9969
3821,15.0,24.0,0.0,4.6523,4.2494
3822,15.5,27.0,0.0,4.9894,4.1541
3823,19.0,30.0,0.0,5.9118,4.3026
3824,10.3,14.0,0.0,3.0333,3.9567
3825,8.1,19.0,0.0,2.6596,3.8651
3826,8.4,13.0,0.0,2.668,3.7778
3827,5.2,8.0,0.0,1.6118,3.6783
3828,5.2,9.0,0.0,1.681,3.6337
3829,4.5,7.0,0.0,1.4925,3.6544
3830,4.9,7.0,0.0,1.6014,3.6536
3831,7.8,11.0,0.0,2.4112,3.751
3832,12.6,21.0,0.0,3.9486,4.3966
3833,16.7,27.0,0.0,5.072,4.5662
3834,18.4,24.0,0.0,5.4289,4.97
3835,12.8,18.0,0.0,3.9141,4.5109
3836,20.0,42.0,0.0,6.264,4.7467
3837,12.7,21.0,0.0,3.8571,4.3558
3838,10.6,19.0,0.0,3.3583,4.2124
3839,15.9,24.0,0.0,5.0675,4.32
3840,19.6,30.0,0.0,5.901,4.7152
3841,18.8,27.0,0.0,5.773,4.5501
3842,15.8,24.0,0.0,4.7024,4.3867
3843,19.7,30.0,0.0,5.8636,4.5253
3844,18.2,28.0,0.0,5.5862,4.3428
3845,16.0,27.0,0.0,4.9604,4.4185
3846,15.5,22.0,0.0,4.8526,4.3692
3847,19.1,42.0,0.0,6.5351,5.1184
3848,19.5,28.0,0.0,6.0825,4.923
3849,24.8,41.0,0.0,7.4624,5.4361
3850,21.4,29.0,0.0,6.6709,5.3901
3851,10.2,20.0,0.0,3.2996,4.208
3852,9.2,11.0,0.0,3.0102,4.4429
3853,13.6,25.0,0.0,4.2281,4.4428
3854,12.1,20.0,0.0,3.8552,4.4309
3855,12.0,16.0,0.0,3.662,4.5385
3856,14.7,20.0,0.0,4.4044,4.4648
3857,13.1,19.0,0.0,4.052,4.518
3858,8.6,12.0,0.0,2.5886,4.0724
3859,15.3,30.0,0.0,4.7726,4.589
3860,5.3,11.0,0.0,1.8636,3.8082
3861,5.6,13.0,0.0,1.8881,3.7159
3862,4.0,6.0,0.0,1.2728,3.5778
3863,5.2,8.0,0.0,1.6796,3.5668
3864,3.1,5.0,0.0,1.0805,3.5767
3865,4.0,5.0,0.0,1.2577,3.5787
3866,4.0,6.0,0.0,1.2953,3.5683
3867,4.3,8.0,0.0,1.4106,3.5846
3868,5.5,12.0,0.0,1.9093,3.6591
3869,9.5,14.0,0.0,2.9641,4.0269
3870,16.2,19.0,0.0,5.1975,4.7434
3871,19.1,24.0,0.0,5.8445,5.0935
3872,20.3,28.0,0.0,6.2775,5.0622
3873,14.5,23.0,0.0,4.5091,4.196
3874,12.5,19.0,0.0,4.0481,4.3098
3875,20.0,24.0,0.0,6.1551,4.8819
3876,13.0,26.0,0.0,4.1494,3.9957
3877,5.6,8.0,0.0,1.7655,3.6393
3878,3.6,7.0,0.0,1.2005,3.5857
3879,4.2,6.0,0.0,1.3849,3.5741
3880,3.8,6.0,0.0,1.2574,3.5691
3881,3.6,5.0,0.0,1.2203,3.5645
3882,3.2,5.0,0.0,1.092,3.5511
3883,3.2,4.0,0.0,1.0588,3.5586
3884,4.8,9.0,0.0,1.5688,3.5794
3885,3.2,4.0,0.0,1.0781,3.5193
3886,3.9,6.0,0.0,1.249,3.6067
3887,5.6,13.0,0.0,1.9026,3.6595
3888,4.6,8.0,0.0,1.5652,3.732
3889,5.9,10.0,0.0,1.9042,3.7162
3890,6.0,13.0,0.0,2.0153,3.7548
3891,9.0,16.0,0.0,2.8681,4.0016
3892,3.5,5.0,0.0,1.1445,3.6477
3893,4.2,7.0,0.0,1.4129,3.6337
3894,4.5,6.0,0.0,1.4284,3.6102
3895,4.0,7.0,0.0,1.3259,3.5893
3896,3.6,9.0,0.0,1.3067,3.5811
3897,3.8,7.0,0.0,1.2914,3.6203
3898,5.9,14.0,0.0,2.0518,3.7069
3899,12.5,27.0,0.0,4.1623,4.0044
3900,12.3,21.0,0.0,3.9276,4.2705
3901,15.8,25.0,0.0,4.8083,4.6055
3902,17.5,22.0,0.0,5.3928,4.7638
3903,14.1,22.0,0.0,4.3393,4.1671
3904,3.4,5.0,0.0,1.1646,3.6198
3905,4.0,6.0,0.0,1.3067,3.5955
3906,3.3,6.0,0.0,1.1071,3.5677
3907,4.1,7.0,0.0,1.3674,3.5864
3908,5.2,10.0,0.0,1.7542,3.666
3909,5.9,10.0,0.0,1.9079,3.7335
3910,9.6,23.0,0.0,3.2194,3.9795
3911,19.4,31.0,0.0,5.9836,4.6387
3912,21.0,35.0,0.0,6.3517,4.5765
3913,14.6,24.0,0.0,4.5329,4.2413
3914,14.3,32.0,0.0,4.6441,4.2313
3915,18.2,34.0,0.0,5.698,4.5159
3916,16.2,24.0,0.0,5.0683,4.6241
3917,11.3,14.0,0.0,3.5017,4.2818
3918,8.8,13.0,0.0,2.6314,3.976
3919,4.2,7.0,0.0,1.3803,3.5854
3920,3.9,5.0,0.0,1.2648,3.5841
3921,3.2,4.0,0.0,1.0332,3.5402
3922,3.4,4.0,0.0,1.1338,3.5531
3923,4.2,8.0,0.0,1.4456,3.6031
3924,3.6,6.0,0.0,1.1578,3.5707
3925,4.0,7.0,0.0,1.3415,3.5904
3926,3.5,5.0,0.0,1.1404,3.6441
3927,7.5,15.0,0.0,2.4448,3.8617
3928,21.7,33.0,0.0,6.863,4.6308
3929,18.3,34.0,0.0,5.6865,4.6386
3930,19.6,31.0,0.0,6.0655,4.9761
3931,24.0,45.0,0.0,7.5077,5.2546
3932,20.6,30.0,0.0,6.0374,4.9216
3933,16.1,24.0,0.0,5.012,4.4819
3934,12.4,15.0,0.0,3.9967,4.1553
3935,7.1,11.0,0.0,2.2488,3.7739
3936,3.3,4.0,0.0,1.1694,3.5468
3937,3.5,4.0,0.0,1.2189,3.5669
3938,4.4,8.0,0.0,1.4961,3.5967
3939,5.6,17.0,0.0,2.2717,3.651
3940,13.9,25.0,0.0,4.4946,4.0994
3941,17.3,28.0,0.0,5.6276,5.0451
3942,20.5,33.0,0.0,6.0911,5.3324
3943,11.8,19.0,0.0,3.6362,4.2981
3944,9.5,14.0,0.0,3.0348,3.9529
3945,6.4,8.0,0.0,1.9884,3.6757
3946,4.1,8.0,0.0,1.3977,3.6458
3947,4.3,6.0,0.0,1.3288,3.7558
3948,4.0,6.0,0.0,1.3136,3.6424
3949,3.6,7.0,0.0,1.2159,3.6565
3950,4.1,5.0,0.0,1.3519,3.69
3951,6.1,11.0,0.0,2.0122,3.8506
3952,7.6,14.0,0.0,2.4024,3.8115
3953,14.0,19.0,0.0,4.4411,4.4782
3954,23.8,32.0,0.0,7.1267,5.5017
3955,17.6,22.0,0.0,5.1036,5.4672
3956,25.2,47.0,0.0,7.683,5.6137
3957,13.6,21.0,0.0,4.1554,4.4381
3958,21.2,42.0,0.0,6.926,4.7085
3959,8.9,15.0,0.0,2.8079,3.9564
3960,6.1,9.0,0.0,1.9564,3.6225
3961,2.8,4.0,0.0,0.9644,3.536
3962,3.8,5.0,0.0,1.2317,3.5511
3963,4.0,7.0,0.0,1.3304,3.5478
3964,5.1,7.0,0.0,1.6247,3.5317
3965,4.5,7.0,0.0,1.4866,3.5459
3966,3.9,6.0,0.0,1.251,3.589
3967,3.1,6.0,0.0,1.1072,3.556
3968,2.4,4.0,0.0,0.8258,3.5498
3969,3.1,7.0,0.0,1.0757,3.6714
3970,3.4,5.0,0.0,1.1389,3.7016
3971,5.0,12.0,0.0,1.7411,3.5868
3972,3.3,6.0,0.0,1.0989,3.5603
3973,4.3,8.0,0.0,1.4233,3.659
3974,4.1,6.0,0.0,1.3817,3.7327
3975,5.5,9.0,0.0,1.7768,3.7484
3976,5.5,9.0,0.0,1.7257,3.6874
3977,5.9,9.0,0.0,1.8941,3.7176
3978,5.5,8.0,0.0,1.7152,3.7423
3979,7.6,12.0,0.0,2.3553,3.8751
3980,7.2,16.0,0.0,2.3786,3.8338
3981,8.2,15.0,0.0,2.6316,3.8229
3982,8.3,15.0,0.0,2.6688,3.8162
3983,7.8,10.0,0.0,2.3828,3.8532
3984,9.9,26.0,0.0,3.4511,4.0348
3985,9.3,14.0,0.0,2.9914,4.2054
3986,15.0,24.0,0.0,4.5726,4.3813
3987,11.0,19.0,0.0,3.4673,4.182
3988,13.5,26.0,0.0,4.2,4.3355
3989,18.4,26.0,0.0,5.6316,4.6657
3990,21.3,34.0,0.0,6.5062,4.5228
3991,16.9,21.0,0.0,5.1541,4.7177
3992,16.4,29.0,0.0,4.9077,4.5947
3993,21.3,31.0,0.0,6.1932,4.675
3994,17.3,24.0,0.0,5.1379,4.6814
3995,15.2,19.0,0.0,4.5309,4.5375
3996,17.9,38.0,0.0,5.7415,4.1717
3997,17.1,31.0,0.0,5.4198,4.4446
3998,17.2,23.0,0.0,5.2189,4.4197
3999,11.8,20.0,0.0,3.7397,3.8523
4000,12.6,21.0,0.0,3.9941,3.9289
4001,7.3,12.0,0.0,2.3033,3.8204
4002,11.9,19.0,0.0,3.6791,3.8005
4003,10.4,16.0,0.0,3.2505,3.8651
4004,8.7,16.0,0.0,2.8191,3.7916
4005,14.9,36.0,0.0,5.0072,4.0006
4006,14.3,27.0,0.0,4.5755,3.9296
4007,18.5,26.0,0.0,5.8841,4.0849
4008,10.5,18.0,0.0,3.4093,3.8405
4009,8.6,12.0,0.0,2.6337,3.6681
4010,6.1,12.0,0.0,2.0287,3.5842
4011,4.1,6.0,0.0,1.3328,3.5517
4012,5.5,12.0,0.0,1.8638,3.5544
4013,3.8,8.0,0.0,1.3006,3.535
4014,4.9,6.0,0.0,1.5387,3.5809
4015,4.5,7.0,0.0,1.4398,3.5945
4016,10.4,15.0,0.0,3.2429,3.8433
4017,15.5,24.0,0.0,4.968,4.607
4018,17.7,22.0,0.0,5.265,4.54
4019,16.4,35.0,0.0,5.352,4.1331
4020,17.3,26.0,0.0,5.3766,4.4647
4021,13.5,19.0,0.0,4.0261,4.0723
4022,10.6,15.0,0.0,3.2595,3.9419
4023,5.6,9.0,0.0,1.8027,3.6703
4024,5.2,8.0,0.0,1.6423,3.6223
4025,4.7,6.0,0.0,1.4705,3.6065
4026,5.3,8.0,0.0,1.7342,3.5941
4027,4.6,13.0,0.0,1.676,3.5624
4028,5.2,9.0,0.0,1.7226,3.6003
4029,5.9,10.0,0.0,1.8736,3.7564
4030,6.2,8.0,0.0,1.9805,3.7768
4031,9.0,25.0,0.0,3.27,3.973
4032,17.5,33.0,0.0,5.5758,4.9522
4033,18.9,37.0,0.0,5.9861,5.3968
4034,21.6,35.0,0.0,6.6032,4.7963
4035,20.6,25.0,0.0,5.8692,5.0617
4036,15.7,22.0,0.0,4.6333,4.7506
4037,9.7,13.0,0.0,3.0265,4.0463
4038,6.2,11.0,0.0,1.9612,3.6803
4039,4.0,6.0,0.0,1.337,3.5376
4040,4.2,6.0,0.0,1.3143,3.5493
4041,3.0,8.0,0.0,1.134,3.5286
4042,3.7,7.0,0.0,1.2314,3.5246
4043,4.9,12.0,0.0,1.7163,3.6291
4044,11.0,18.0,0.0,3.4424,3.9595
4045,17.6,24.0,0.0,5.424,4.5751
4046,19.6,37.0,0.0,6.172,5.0569
4047,17.3,25.0,0.0,5.4281,5.0664
4048,12.5,29.0,0.0,4.1902,4.2419
4049,14.0,17.0,0.0,4.376,4.5063
4050,5.5,7.0,0.0,1.7205,3.6156
4051,5.1,7.0,0.0,1.6276,3.571
4052,3.9,8.0,0.0,1.3242,3.5567
4053,4.0,7.0,0.0,1.3559,3.6268
4054,4.7,7.0,0.0,1.5472,3.615
4055,4.2,6.0,0.0,1.3116,3.6039
4056,5.2,11.0,0.0,1.7623,3.6573
4057,5.0,9.0,0.0,1.574,3.546
4058,4.9,10.0,0.0,1.6125,3.5845
4059,4.9,6.0,0.0,1.5992,3.6652
4060,6.8,20.0,0.0,2.6918,3.646
4061,10.4,16.0,0.0,3.2483,3.8655
4062,13.6,17.0,0.0,4.2907,4.4338
4063,4.8,9.0,0.0,1.7016,3.6726
4064,4.6,11.0,0.0,1.5995,3.5412
4065,4.6,11.0,0.0,1.6222,3.5191
4066,3.3,6.0,0.0,1.108,3.6046
4067,3.5,5.0,0.0,1.2104,3.628
4068,4.2,6.0,0.0,1.3632,3.6216
4069,3.9,6.0,0.0,1.2401,3.5964
4070,5.4,14.0,0.0,1.956,3.6602
4071,5.0,8.0,0.0,1.6469,3.6384
4072,7.5,14.0,0.0,2.3717,3.7443
4073,8.6,15.0,0.0,2.687,3.7992
4074,14.9,24.0,0.0,4.6549,4.2463
4075,8.8,15.0,0.0,2.7925,3.9395
4076,7.6,12.0,0.0,2.3195,3.6716
4077,3.8,7.0,0.0,1.2685,3.5687
4078,3.9,6.0,0.0,1.3304,3.6025
4079,3.5,5.0,0.0,1.1508,3.6155
4080,2.7,4.0,0.0,0.9695,3.5827
4081,5.1,9.0,0.0,1.6879,3.6584
4082,7.6,11.0,0.0,2.4211,3.8233
4083,10.6,20.0,0.0,3.3779,3.952
4084,11.9,21.0,0.0,3.7812,4.3524
4085,15.9,29.0,0.0,5.2822,4.5642
4086,21.7,32.0,0.0,6.5013,4.6151
4087,10.0,15.0,0.0,3.0265,4.0252
4088,10.7,15.0,0.0,3.3445,3.9081
4089,14.1,21.0,0.0,4.298,4.4641
4090,9.5,13.0,0.0,2.9475,4.2158
4091,3.9,5.0,0.0,1.2561,3.6475
4092,3.5,4.0,0.0,1.1338,3.6176
4093,4.0,6.0,0.0,1.3,3.6378
4094,4.1,6.0,0.0,1.3143,3.6081
4095,4.4,7.0,0.0,1.3955,3.5643
4096,3.7,5.0,0.0,1.183,3.5907
4097,3.7,6.0,0.0,1.2679,3.621
4098,3.0,4.0,0.0,0.9728,3.6134
4099,2.8,4.0,0.0,0.9421,3.6575
4100,4.3,7.0,0.0,1.4276,3.6139
4101,4.3,7.0,0.0,1.3776,3.6794
4102,6.5,9.0,0.0,2.0808,3.79
4103,9.9,15.0,0.0,3.3169,4.4172
4104,11.6,22.0,0.0,3.5581,4.8173
4105,13.2,17.0,0.0,3.9377,5.1282
4106,10.6,21.0,0.0,3.3597,4.5686
4107,12.3,22.0,0.0,4.0491,4.5134
4108,7.0,11.0,0.0,2.2191,3.8026
4109,4.5,7.0,0.0,1.4858,3.6005
4110,3.5,4.0,0.0,1.1248,3.5926
4111,3.9,6.0,0.0,1.2512,3.5745
4112,4.4,6.0,0.0,1.4098,3.6042
4113,3.9,5.0,0.0,1.2884,3.5958
4114,6.1,8.0,0.0,1.885,3.6869
4115,12.5,22.0,0.0,3.9433,3.9396
4116,9.8,13.0,0.0,3.1109,4.0791
4117,12.6,21.0,0.0,4.0772,4.3668
4118,7.5,10.0,0.0,2.3487,3.8
4119,3.9,7.0,0.0,1.2714,3.5964
4120,3.8,6.0,0.0,1.2845,3.5843
4121,4.7,8.0,0.0,1.5491,3.5866
4122,4.0,8.0,0.0,1.3592,3.5781
4123,2.9,4.0,0.0,1.0085,3.5353
4124,4.1,11.0,0.0,1.4851,3.5923
4125,5.6,11.0,0.0,1.8187,3.7001
4126,8.0,12.0,0.0,2.5318,4.1386
4127,17.9,27.0,0.0,5.4767,5.1762
4128,14.8,30.0,0.0,4.7286,5.0035
4129,20.1,37.0,0.0,6.3331,4.5637
4130,12.0,16.0,0.0,3.6532,4.3415
4131,6.7,16.0,0.0,2.2363,3.7015
4132,3.8,6.0,0.0,1.227,3.5762
4133,3.1,6.0,0.0,1.0474,3.4864
4134,4.4,6.0,0.0,1.3705,3.5568
4135,5.1,8.0,0.0,1.6091,3.5453
4136,4.2,11.0,0.0,1.5081,3.5543
4137,6.9,14.0,0.0,2.303,3.93
4138,6.6,11.0,0.0,2.1206,3.8883
4139,11.5,17.0,0.0,3.6157,4.307
4140,8.5,12.0,0.0,2.6011,3.896
4141,5.4,7.0,0.0,1.6363,3.6763
4142,4.1,6.0,0.0,1.4092,3.5655
4143,4.6,7.0,0.0,1.4785,3.5633
4144,4.2,7.0,0.0,1.4027,3.5868
4145,4.3,7.0,0.0,1.4646,3.5726
4146,3.3,6.0,0.0,1.1321,3.5468
4147,3.9,5.0,0.0,1.2948,3.5896
4148,4.2,11.0,0.0,1.4831,3.5765
4149,6.0,9.0,0.0,1.9924,3.7071
4150,4.3,6.0,0.0,1.3747,3.5554
4151,5.2,9.0,0.0,1.6763,3.5498
4152,5.6,9.0,0.0,1.7858,3.6646
4153,5.2,9.0,0.0,1.687,3.5843
4154,4.8,10.0,0.0,1.621,3.5666
4155,6.4,19.0,0.0,2.3736,3.7027
4156,5.7,8.0,0.0,1.8735,3.6804
4157,4.3,7.0,0.0,1.4144,3.5795
4158,4.7,12.0,0.0,1.72,3.6132
4159,4.5,9.0,0.0,1.5211,3.5778
4160,3.7,5.0,0.0,1.241,3.5713
4161,3.2,5.0,0.0,1.0667,3.5566
4162,4.6,6.0,0.0,1.4541,3.5606
4163,4.8,6.0,0.0,1.5207,3.6197
4164,4.1,8.0,0.0,1.3544,3.5507
4165,4.0,9.0,0.0,1.3994,3.5424
4166,5.4,12.0,0.0,1.8658,3.5413
4167,6.4,9.0,0.0,2.0026,3.673
4168,5.7,11.0,0.0,1.8909,3.5721
4169,4.0,6.0,0.0,1.315,3.5214
4170,3.5,7.0,0.0,1.1924,3.5535
4171,4.8,6.0,0.0,1.5718,3.6101
4172,4.7,7.0,0.0,1.5483,3.5786
4173,3.3,5.0,0.0,1.0805,3.5563
4174,3.9,6.0,0.0,1.2904,3.5487
4175,5.2,8.0,0.0,1.6576,3.5668
4176,5.4,15.0,0.0,1.9993,3.6439
4177,7.5,21.0,0.0,2.7719,3.6156
4178,6.4,11.0,0.0,2.0683,3.6016
4179,6.0,14.0,0.0,2.0469,3.576
4180,5.7,11.0,0.0,1.8613,3.6007
4181,5.1,7.0,0.0,1.6528,3.62
4182,6.0,12.0,0.0,2.0379,3.61
4183,4.1,8.0,0.0,1.3784,3.5994
4184,4.8,7.0,0.0,1.5283,3.6671
4185,4.8,10.0,0.0,1.5941,3.6261
4186,3.0,5.0,0.0,1.0742,3.5811
4187,4.4,7.0,0.0,1.4177,3.5328
4188,4.3,6.0,0.0,1.4027,3.6228
4189,4.0,5.0,0.0,1.3134,3.6075
4190,4.7,7.0,0.0,1.5246,3.6275
4191,5.9,9.0,0.0,1.8595,3.5937
4192,4.7,6.0,0.0,1.4548,3.545
4193,4.6,8.0,0.0,1.461,3.6186
4194,5.5,12.0,0.0,1.8362,3.6694
4195,6.0,11.0,0.0,1.9944,3.7008
4196,4.8,7.0,0.0,1.5787,3.5995
4197,4.7,9.0,0.0,1.5627,3.591
4198,4.0,5.0,0.0,1.337,3.5604
4199,4.3,9.0,0.0,1.4387,3.5232
4200,4.5,6.0,0.0,1.5248,3.5298
4201,4.6,7.0,0.0,1.4586,3.5465
4202,5.1,9.0,0.0,1.6986,3.5554
4203,4.6,7.0,0.0,1.4894,3.5618
4204,4.5,9.0,0.0,1.5154,3.643
4205,4.3,6.0,0.0,1.4393,3.6232
4206,5.7,8.0,0.0,1.8514,3.6294
4207,7.9,12.0,0.0,2.4408,3.8157
4208,9.1,12.0,0.0,2.8534,4.0227
4209,7.5,16.0,0.0,2.5522,3.8604
4210,5.8,7.0,0.0,1.8032,3.7022
4211,5.4,10.0,0.0,1.6643,3.6983
4212,5.7,8.0,0.0,1.827,3.6616
4213,4.7,8.0,0.0,1.5606,3.6716
4214,4.9,7.0,0.0,1.5524,3.6638
4215,4.1,5.0,0.0,1.2969,3.5528
4216,4.3,7.0,0.0,1.4283,3.5386
4217,5.1,9.0,0.0,1.6186,3.6233
4218,5.9,10.0,0.0,1.9314,3.681
4219,7.9,15.0,0.0,2.5741,3.8526
4220,12.7,27.0,0.0,4.268,4.0813
4221,13.1,19.0,0.0,4.1113,4.2165
4222,17.0,23.0,0.0,5.2288,4.7121
4223,17.4,25.0,0.0,5.4483,4.7049
4224,6.7,11.0,0.0,2.1159,3.7162
4225,6.7,10.0,0.0,2.0761,3.7435
4226,4.1,5.0,0.0,1.334,3.5636
4227,4.5,6.0,0.0,1.402,3.5285
4228,3.0,6.0,0.0,1.0266,3.4963
4229,4.9,8.0,0.0,1.5368,3.5285
4230,4.1,8.0,0.0,1.3416,3.5494
4231,4.0,6.0,0.0,1.4073,3.5599
4232,4.8,8.0,0.0,1.6066,3.6102
4233,8.5,13.0,0.0,2.6668,3.7505
4234,13.2,23.0,0.0,4.2619,3.9374
4235,16.0,26.0,0.0,5.0547,4.4766
4236,17.6,24.0,0.0,5.4082,4.296
4237,11.8,21.0,0.0,3.6542,4.1078
4238,11.0,16.0,0.0,3.3819,3.9021
4239,4.3,6.0,0.0,1.4115,3.6066
4240,4.0,6.0,0.0,1.3625,3.5412
4241,4.2,7.0,0.0,1.3987,3.5619
4242,4.1,6.0,0.0,1.3379,3.5355
4243,4.2,7.0,0.0,1.3784,3.5394
4244,3.4,5.0,0.0,1.1552,3.5254
4245,3.3,5.0,0.0,1.1497,3.5242
4246,4.2,7.0,0.0,1.3551,3.5697
4247,6.1,18.0,0.0,2.2212,3.8115
4248,11.6,22.0,0.0,3.8567,3.8631
4249,19.3,29.0,0.0,6.212,4.3827
4250,11.7,25.0,0.0,3.8628,4.0155
4251,10.4,17.0,0.0,3.2554,3.7914
4252,4.1,8.0,0.0,1.371,3.5803
4253,2.7,5.0,0.0,0.9581,3.5408
4254,4.1,6.0,0.0,1.3058,3.529
4255,4.6,8.0,0.0,1.5093,3.5377
4256,3.1,4.0,0.0,1.0381,3.5057
4257,3.9,8.0,0.0,1.3067,3.5053
4258,5.1,14.0,0.0,1.8811,3.5236
4259,4.2,8.0,0.0,1.4078,3.529
4260,4.1,5.0,0.0,1.3477,3.5618
4261,11.8,22.0,0.0,4.1893,3.9637
4262,11.8,18.0,0.0,3.6411,4.0452
4263,15.7,22.0,0.0,4.8161,4.3427
4264,11.8,16.0,0.0,3.4362,4.1112
4265,14.7,24.0,0.0,4.4944,4.1275
4266,12.3,19.0,0.0,3.8506,4.3656
4267,8.1,15.0,0.0,2.5846,3.7822
4268,5.3,8.0,0.0,1.6887,3.7707
4269,3.9,6.0,0.0,1.315,3.528
4270,7.8,23.0,0.0,3.0561,3.7452
4271,14.5,25.0,0.0,4.6006,4.1913
4272,17.5,31.0,0.0,5.4209,5.0441
4273,22.6,33.0,0.0,6.9978,5.0793
4274,14.6,22.0,0.0,4.4585,4.4641
4275,11.6,25.0,0.0,3.7239,3.8972
4276,7.3,12.0,0.0,2.377,3.7982
4277,9.9,15.0,0.0,2.9653,4.0264
4278,9.0,15.0,0.0,2.8178,3.9691
4279,6.6,9.0,0.0,2.0356,3.6093
4280,3.6,6.0,0.0,1.2121,3.5184
4281,4.6,7.0,0.0,1.5125,3.5419
4282,3.6,4.0,0.0,1.1494,3.5546
4283,5.4,11.0,0.0,1.7909,3.5357
4284,3.9,7.0,0.0,1.252,3.5303
4285,5.6,7.0,0.0,1.7628,3.7029
4286,8.9,13.0,0.0,2.8614,3.969
4287,17.6,29.0,0.0,5.4019,4.5675
4288,25.4,47.0,0.0,8.0825,5.3997
4289,14.0,27.0,0.0,4.2647,4.2739
4290,10.7,17.0,0.0,3.3307,4.3243
4291,14.1,25.0,0.0,4.3829,4.3166
4292,14.9,26.0,0.0,4.6594,4.2847
4293,4.5,7.0,0.0,1.4407,3.7383
4294,4.7,7.0,0.0,1.4786,3.6733
4295,3.7,6.0,0.0,1.2685,3.6662
4296,4.2,7.0,0.0,1.3788,3.6714
4297,4.3,9.0,0.0,1.4379,3.7007
4298,6.0,8.0,0.0,1.8735,3.8561
4299,5.6,7.0,0.0,1.748,3.8732
4300,13.1,21.0,0.0,4.1356,4.6942
4301,16.4,26.0,0.0,5.3113,5.0175
4302,13.4,16.0,0.0,4.2761,4.7143
4303,11.0,15.0,0.0,3.2477,4.3248
4304,19.3,33.0,0.0,5.8578,5.0292
4305,13.8,21.0,0.0,4.3069,5.0858
4306,12.8,20.0,0.0,3.9038,4.4216
4307,8.3,16.0,0.0,2.6702,3.7711
4308,4.5,7.0,0.0,1.44,3.5533
4309,4.8,10.0,0.0,1.6728,3.5942
4310,5.5,10.0,0.0,1.7712,3.5491
4311,4.8,9.0,0.0,1.5817,3.5177
4312,4.4,12.0,0.0,1.6006,3.4943
4313,3.8,5.0,0.0,1.2714,3.512
4314,4.9,7.0,0.0,1.6111,3.5798
4315,3.5,5.0,0.0,1.1598,3.5715
4316,4.1,8.0,0.0,1.4448,3.5773
4317,3.6,5.0,0.0,1.2041,3.5532
4318,3.5,5.0,0.0,1.1712,3.5894
4319,5.4,10.0,0.0,1.8166,3.5912
4320,3.7,8.0,0.0,1.3219,3.6098
4321,5.5,10.0,0.0,1.809,3.6251
4322,4.5,8.0,0.0,1.4836,3.578
4323,3.8,5.0,0.0,1.2337,3.5559
4324,5.9,10.0,0.0,1.9266,3.6313
4325,6.4,9.0,0.0,1.968,3.71
4326,5.2,7.0,0.0,1.7226,3.6971
4327,6.0,12.0,0.0,2.0118,3.6282
4328,4.5,7.0,0.0,1.4586,3.5826
4329,5.9,14.0,0.0,2.0076,3.7359
4330,6.1,10.0,0.0,1.9131,3.7918
4331,6.5,11.0,0.0,2.091,3.7727
4332,6.6,10.0,0.0,2.1877,3.6669
4333,4.4,6.0,0.0,1.4004,3.6877
4334,4.7,8.0,0.0,1.5261,3.6573
4335,4.5,8.0,0.0,1.4663,3.6134
4336,5.0,7.0,0.0,1.5696,3.7826
4337,5.6,8.0,0.0,1.7407,3.7592
4338,5.2,7.0,0.0,1.6214,3.7441
4339,5.5,10.0,0.0,1.8158,3.6551
4340,5.6,10.0,0.0,1.7859,3.6504
4341,5.3,7.0,0.0,1.6648,3.6557
4342,6.6,12.0,0.0,2.1604,3.7606
4343,4.1,5.0,0.0,1.337,3.6764
4344,6.3,11.0,0.0,1.9707,3.7111
4345,8.7,18.0,0.0,3.0003,3.7307
4346,10.2,17.0,0.0,3.209,4.0181
4347,17.7,32.0,0.0,5.6139,4.3395
4348,12.3,16.0,0.0,3.8813,4.3202
4349,17.6,24.0,0.0,5.1427,4.9168
4350,25.1,37.0,0.0,7.6718,5.5088
4351,19.1,24.0,0.0,5.7817,4.7897
4352,22.4,29.0,0.0,6.6373,5.0443
4353,22.7,28.0,0.0,7.1298,5.1121
4354,24.6,37.0,0.0,7.5597,5.5977
4355,20.8,31.0,0.0,6.3289,4.8804
4356,13.8,19.0,0.0,4.3483,4.2276
4357,11.6,22.0,0.0,3.8134,3.9284
4358,8.7,16.0,0.0,2.7509,3.7757
4359,4.2,5.0,0.0,1.444,3.6143
4360,5.6,9.0,0.0,1.7797,3.6294
4361,3.3,5.0,0.0,1.1283,3.5246
4362,4.2,11.0,0.0,1.5101,3.5125
4363,4.1,9.0,0.0,1.4064,3.5481
4364,7.0,20.0,0.0,2.5483,3.6234
4365,5.6,14.0,0.0,1.9529,3.6306
4366,9.0,19.0,0.0,2.9646,3.8388
4367,7.2,14.0,0.0,2.3225,3.7061
4368,4.4,14.0,0.0,1.7028,3.5997
4369,5.8,14.0,0.0,1.9871,3.76
4370,8.0,15.0,0.0,2.6385,3.8751
4371,15.6,23.0,0.0,5.0026,4.5289
4372,16.3,32.0,0.0,5.3256,4.4967
4373,21.0,36.0,0.0,6.5318,4.7857
4374,16.6,34.0,0.0,5.146,4.5523
4375,16.4,27.0,0.0,5.1677,4.4423
4376,5.9,9.0,0.0,1.8835,3.5848
4377,6.0,9.0,0.0,1.9459,3.5765
4378,3.9,6.0,0.0,1.253,3.5466
4379,4.6,6.0,0.0,1.4973,3.5311
4380,2.7,4.0,0.0,0.9365,3.5027
4381,3.3,4.0,0.0,1.1552,3.488
4382,3.5,6.0,0.0,1.1723,3.5579
4383,4.1,6.0,0.0,1.2806,3.6024
4384,3.4,5.0,0.0,1.1054,3.5617
4385,4.5,6.0,0.0,1.4146,3.64
4386,5.0,9.0,0.0,1.6845,3.6493
4387,15.2,19.0,0.0,4.7114,4.3459
4388,12.6,17.0,0.0,3.8688,4.169
4389,16.9,27.0,0.0,5.0746,4.5234
4390,16.9,28.0,0.0,5.2058,4.5444
4391,10.8,17.0,0.0,3.324,4.0193
4392,4.0,6.0,0.0,1.3642,3.5709
4393,4.5,9.0,0.0,1.4881,3.5875
4394,3.4,6.0,0.0,1.1601,3.5644
4395,3.7,5.0,0.0,1.194,3.5677
4396,2.9,7.0,0.0,1.0332,3.5514
4397,3.4,8.0,0.0,1.219,3.5207
4398,3.7,6.0,0.0,1.2476,3.5298
4399,3.5,5.0,0.0,1.1482,3.5446
4400,4.3,8.0,0.0,1.461,3.5801
4401,3.7,7.0,0.0,1.257,3.57
4402,5.2,8.0,0.0,1.6558,3.644
4403,5.4,8.0,0.0,1.6986,3.5916
4404,4.5,6.0,0.0,1.4259,3.5817
4405,5.0,8.0,0.0,1.5708,3.5405
4406,4.2,5.0,0.0,1.3349,3.5838
4407,4.1,9.0,0.0,1.3875,3.5998
4408,4.3,7.0,0.0,1.3927,3.5939
4409,6.0,8.0,0.0,1.8593,3.5955
4410,6.1,10.0,0.0,1.9717,3.769
4411,6.5,13.0,0.0,2.0969,3.8863
4412,18.1,38.0,0.0,6.0421,4.3503
4413,19.0,36.0,0.0,5.9647,5.0493
4414,19.3,34.0,0.0,5.7105,5.4313
4415,14.1,24.0,0.0,4.4709,4.4587
4416,9.3,19.0,0.0,2.9673,3.8169
4417,6.4,11.0,0.0,1.9818,3.9419
4418,4.3,6.0,0.0,1.3454,3.7705
4419,6.2,10.0,0.0,1.9069,3.9781
4420,7.1,11.0,0.0,2.1465,3.9473
4421,6.9,15.0,0.0,2.2312,3.822
4422,8.1,14.0,0.0,2.4624,4.0045
4423,12.1,21.0,0.0,3.5486,4.7675
4424,9.5,16.0,0.0,3.0009,4.3106
4425,8.0,12.0,0.0,2.422,3.9674
4426,6.5,13.0,0.0,2.1573,3.9294
4427,5.8,16.0,0.0,1.9904,3.77
4428,15.9,22.0,0.0,4.832,4.2135
4429,8.9,16.0,0.0,2.7178,3.8012
4430,4.8,9.0,0.0,1.5266,3.5286
4431,5.2,8.0,0.0,1.7176,3.4984
4432,3.5,7.0,0.0,1.2008,3.578
4433,3.0,5.0,0.0,1.0428,3.5181
4434,3.2,5.0,0.0,1.0898,3.7021
4435,4.5,9.0,0.0,1.4961,3.6932
4436,3.7,5.0,0.0,1.2609,3.6737
4437,5.8,9.0,0.0,1.8782,3.6279
4438,5.1,8.0,0.0,1.6454,3.7257
4439,3.8,5.0,0.0,1.1958,3.6564
4440,4.3,8.0,0.0,1.4276,3.4909
4441,6.8,11.0,0.0,2.2012,3.7989
4442,12.0,33.0,0.0,4.2704,4.1084
4443,19.1,42.0,0.0,6.1908,5.0177
4444,19.0,31.0,0.0,5.9368,5.2244
4445,19.2,26.0,0.0,6.0531,4.5391
4446,11.2,21.0,0.0,3.5367,3.9574
4447,4.0,6.0,0.0,1.2937,3.4811
4448,4.0,6.0,0.0,1.2679,3.4674
4449,3.9,6.0,0.0,1.253,3.5761
4450,3.8,6.0,0.0,1.253,3.6691
4451,4.7,10.0,0.0,1.6401,3.6675
4452,3.3,5.0,0.0,1.0677,3.694
4453,4.9,8.0,0.0,1.5445,3.5854
4454,5.0,7.0,0.0,1.6376,3.5047
4455,5.1,9.0,0.0,1.6523,3.5591
4456,6.9,12.0,0.0,2.1849,3.6199
4457,6.9,11.0,0.0,2.182,3.6327
4458,5.0,9.0,0.0,1.6242,3.6017
4459,5.0,7.0,0.0,1.5767,3.5472
4460,5.3,11.0,0.0,1.8281,3.486
4461,3.2,5.0,0.0,1.0677,3.4781
4462,3.4,5.0,0.0,1.123,3.4417
4463,4.0,6.0,0.0,1.3489,3.491
4464,5.0,7.0,0.0,1.5911,3.5018
4465,6.6,13.0,0.0,2.2481,3.6678
4466,5.3,8.0,0.0,1.7594,3.5798
4467,4.8,6.0,0.0,1.4912,3.581
4468,4.7,7.0,0.0,1.5108,3.5762
4469,3.9,6.0,0.0,1.241,3.5701
4470,5.0,9.0,0.0,1.6191,3.5158
4471,3.8,5.0,0.0,1.2032,3.521
4472,6.1,10.0,0.0,1.9053,3.664
4473,6.7,13.0,0.0,2.1794,3.6694
4474,11.0,16.0,0.0,3.4085,3.7756
4475,11.9,33.0,0.0,4.2054,3.7149
4476,5.0,9.0,0.0,1.5647,3.7173
4477,5.0,9.0,0.0,1.6486,3.5314
4478,4.9,7.0,0.0,1.579,3.5899
4479,4.3,6.0,0.0,1.3601,3.5154
4480,4.3,8.0,0.0,1.4654,3.567
4481,3.7,6.0,0.0,1.3153,3.5757
4482,7.6,20.0,0.0,2.6506,3.7207
4483,7.7,17.0,0.0,2.5489,3.6437
4484,10.5,16.0,0.0,3.2529,3.9014
4485,20.3,29.0,0.0,6.2554,4.5015
4486,20.9,34.0,0.0,6.3269,4.6351
4487,18.3,30.0,0.0,5.5075,4.409
4488,9.2,20.0,0.0,3.0328,3.9306
4489,3.8,5.0,0.0,1.1893,3.6769
4490,4.2,7.0,0.0,1.4146,3.4735
4491,4.1,6.0,0.0,1.3583,3.5162
4492,3.8,6.0,0.0,1.2041,3.5009
4493,3.8,6.0,0.0,1.251,3.5323
4494,5.0,9.0,0.0,1.6576,3.6289
4495,4.4,6.0,0.0,1.426,3.5687
4496,4.7,6.0,0.0,1.4914,3.6126
4497,4.0,9.0,0.0,1.3927,3.5222
4498,7.0,18.0,0.0,2.6575,3.5606
4499,11.6,15.0,0.0,3.6821,3.9265
4500,17.3,23.0,0.0,5.2507,4.3911
