generation,top_mean_fitness,max_fitness,min_fitness,std_fitness,elapsed_time_sec
1,3.1,4.0,0.0,1.0619,3.2286
2,3.3,5.0,0.0,1.1105,3.1935
3,2.6,4.0,0.0,0.8818,3.1313
4,3.1,5.0,0.0,1.0497,3.227
5,3.3,4.0,0.0,1.1482,3.2806
6,4.0,6.0,0.0,1.2937,3.2708
7,3.8,7.0,0.0,1.3271,3.2328
8,4.1,7.0,0.0,1.3875,3.3604
9,4.5,10.0,0.0,1.5274,3.2208
10,4.7,13.0,0.0,1.7088,3.3703
11,2.8,5.0,0.0,0.9646,3.1982
12,3.9,5.0,0.0,1.2382,3.2466
13,4.0,6.0,0.0,1.2748,3.2711
14,3.5,4.0,0.0,1.1269,3.3207
15,4.7,7.0,0.0,1.555,3.3076
16,4.6,6.0,0.0,1.4607,3.4158
17,6.1,13.0,0.0,2.0479,3.8191
18,4.7,6.0,0.0,1.4614,3.5763
19,4.1,7.0,0.0,1.4,3.4
20,3.5,7.0,0.0,1.1921,3.3721
21,4.9,13.0,0.0,1.8171,3.4118
22,3.4,6.0,0.0,1.1667,3.3348
23,3.6,8.0,0.0,1.2622,3.2998
24,3.0,4.0,0.0,0.9826,3.1762
25,3.9,8.0,0.0,1.3304,3.1929
26,3.3,5.0,0.0,1.0824,3.3476
27,4.3,10.0,0.0,1.4898,3.2238
28,4.0,6.0,0.0,1.2883,3.2444
29,3.4,4.0,0.0,1.108,3.2861
30,3.7,7.0,0.0,1.2593,3.3716
31,4.2,6.0,0.0,1.3467,3.3974
32,4.3,9.0,0.0,1.429,3.2525
33,3.3,6.0,0.0,1.0962,3.2098
34,4.8,8.0,0.0,1.5387,3.1912
35,5.3,13.0,0.0,1.8543,3.2943
36,4.1,6.0,0.0,1.3165,3.3637
37,3.4,6.0,0.0,1.1428,3.2949
38,3.9,7.0,0.0,1.3086,3.4048
39,3.1,5.0,0.0,1.0516,3.3285
40,3.8,6.0,0.0,1.2758,3.2468
41,3.9,5.0,0.0,1.2401,3.2577
42,3.6,6.0,0.0,1.1752,3.3077
43,2.9,5.0,0.0,1.0324,3.2802
44,3.7,6.0,0.0,1.2085,3.3689
45,4.7,8.0,0.0,1.5492,3.397
46,4.9,10.0,0.0,1.6243,3.4802
47,4.6,9.0,0.0,1.5213,3.3607
48,5.1,12.0,0.0,1.7507,3.2551
49,3.9,6.0,0.0,1.3067,3.1298
50,4.4,6.0,0.0,1.449,3.1927
51,5.6,9.0,0.0,1.7485,3.1912
52,4.9,7.0,0.0,1.6086,3.1999
53,4.8,9.0,0.0,1.5652,3.2269
54,4.2,6.0,0.0,1.3572,3.3322
55,3.7,7.0,0.0,1.2189,3.3079
56,4.7,12.0,0.0,1.6636,3.3695
57,4.6,7.0,0.0,1.4309,3.4422
58,4.2,7.0,0.0,1.3915,3.2703
59,4.2,7.0,0.0,1.4092,3.2135
60,4.9,7.0,0.0,1.5993,3.1687
61,3.7,6.0,0.0,1.2411,3.1936
62,4.1,7.0,0.0,1.3453,3.2593
63,3.9,7.0,0.0,1.304,3.2813
64,4.7,7.0,0.0,1.5427,3.3454
65,5.3,10.0,0.0,1.7583,3.324
66,4.6,6.0,0.0,1.4649,3.5121
67,4.4,7.0,0.0,1.4512,3.553
68,4.3,9.0,0.0,1.4925,3.3298
69,3.5,6.0,0.0,1.1985,3.4753
70,3.4,6.0,0.0,1.1365,3.3608
71,3.4,5.0,0.0,1.1358,3.2743
72,4.1,5.0,0.0,1.3289,3.3622
73,5.0,9.0,0.0,1.6354,3.3823
74,3.4,5.0,0.0,1.1314,3.3804
75,3.9,7.0,0.0,1.3094,3.418
76,3.6,5.0,0.0,1.184,3.2563
77,5.1,11.0,0.0,1.7199,3.2512
78,4.1,6.0,0.0,1.2748,3.3183
79,3.5,5.0,0.0,1.1563,3.5044
80,4.8,7.0,0.0,1.51,3.4658
81,4.6,8.0,0.0,1.4771,3.4108
82,5.8,8.0,0.0,1.8498,3.3226
83,5.3,8.0,0.0,1.7406,3.1774
84,3.9,6.0,0.0,1.2703,3.1123
85,4.7,7.0,0.0,1.5092,3.3137
86,5.5,11.0,0.0,1.88,3.2333
87,5.8,10.0,0.0,1.8692,3.2491
88,6.5,10.0,0.0,2.0928,3.1724
89,7.3,21.0,0.0,2.6242,3.2404
90,6.0,9.0,0.0,1.9249,3.2512
91,5.6,10.0,0.0,1.7894,3.2825
92,4.5,6.0,0.0,1.5266,3.3326
93,5.0,9.0,0.0,1.6301,3.3184
94,5.5,9.0,0.0,1.7787,3.1686
95,4.5,8.0,0.0,1.5064,3.1608
96,4.6,6.0,0.0,1.4825,3.1301
97,4.3,7.0,0.0,1.3992,3.166
98,5.7,8.0,0.0,1.7972,3.152
99,4.7,7.0,0.0,1.4973,3.2074
100,5.1,7.0,0.0,1.6462,3.312
101,4.9,7.0,0.0,1.5664,3.3037
102,4.7,7.0,0.0,1.6018,3.3112
103,4.6,13.0,0.0,1.6858,3.1489
104,3.3,5.0,0.0,1.0677,3.236
105,4.2,5.0,0.0,1.3513,3.2966
106,3.5,6.0,0.0,1.1718,3.3224
107,5.2,8.0,0.0,1.6953,3.3218
108,5.7,8.0,0.0,1.7901,3.3003
109,3.5,4.0,0.0,1.1973,3.3099
110,3.7,6.0,0.0,1.2462,3.3354
111,3.7,5.0,0.0,1.2206,3.3077
112,4.5,7.0,0.0,1.4773,3.2868
113,4.6,9.0,0.0,1.5298,3.1374
114,5.5,8.0,0.0,1.7591,3.0664
115,3.0,5.0,0.0,1.0262,3.07
116,4.6,9.0,0.0,1.562,3.1178
117,4.2,6.0,0.0,1.3491,3.1295
118,3.8,5.0,0.0,1.233,3.2115
119,3.0,4.0,0.0,1.0303,3.134
120,3.7,6.0,0.0,1.2074,3.1686
121,3.0,5.0,0.0,1.021,3.185
122,3.4,5.0,0.0,1.1016,3.243
123,3.7,5.0,0.0,1.1993,3.2506
124,4.8,11.0,0.0,1.6243,3.1675
125,3.8,6.0,0.0,1.2446,3.1987
126,4.6,7.0,0.0,1.4908,3.1698
127,4.2,6.0,0.0,1.3177,3.2002
128,4.2,6.0,0.0,1.351,3.2316
129,3.7,5.0,0.0,1.1921,3.1983
130,4.4,6.0,0.0,1.4146,3.3437
131,3.9,8.0,0.0,1.3592,3.2115
132,3.6,7.0,0.0,1.2054,3.1437
133,5.4,7.0,0.0,1.621,3.1316
134,4.4,8.0,0.0,1.4523,3.1236
135,3.5,7.0,0.0,1.2088,3.1523
136,2.9,5.0,0.0,1.0037,3.1385
137,3.1,5.0,0.0,1.0477,3.1166
138,3.2,5.0,0.0,1.0849,3.102
139,3.5,6.0,0.0,1.1578,3.1088
140,3.7,5.0,0.0,1.2074,3.2481
141,4.8,9.0,0.0,1.6042,3.2098
142,3.5,5.0,0.0,1.1511,3.1577
143,3.2,6.0,0.0,1.1011,3.1478
144,3.7,7.0,0.0,1.2385,3.1859
145,3.5,5.0,0.0,1.1459,3.2007
146,4.0,6.0,0.0,1.287,3.2898
147,4.0,6.0,0.0,1.3225,3.2094
148,3.4,4.0,0.0,1.1137,3.2139
149,3.9,5.0,0.0,1.2403,3.1611
150,3.3,7.0,0.0,1.1412,3.1565
151,4.4,7.0,0.0,1.4169,3.1654
152,4.2,7.0,0.0,1.4141,3.1781
153,3.5,6.0,0.0,1.2038,3.1555
154,3.6,6.0,0.0,1.1874,3.1207
155,4.1,6.0,0.0,1.326,3.1312
156,3.9,8.0,0.0,1.3195,3.0913
157,4.1,6.0,0.0,1.3489,3.1087
158,3.6,5.0,0.0,1.1803,3.156
159,4.6,8.0,0.0,1.5196,3.1562
160,3.8,6.0,0.0,1.2278,3.246
161,4.0,7.0,0.0,1.2983,3.2772
162,4.7,7.0,0.0,1.5366,3.1712
163,2.7,4.0,0.0,0.9577,3.1476
164,3.9,7.0,0.0,1.2484,3.1311
165,4.3,6.0,0.0,1.341,3.1785
166,5.1,14.0,0.0,1.8205,3.217
167,3.9,5.0,0.0,1.2981,3.2485
168,2.8,4.0,0.0,0.9472,3.2594
169,3.7,8.0,0.0,1.2592,3.2045
170,4.1,5.0,0.0,1.2922,3.201
171,3.8,6.0,0.0,1.2154,3.304
172,5.6,10.0,0.0,1.8094,3.1838
173,4.2,5.0,0.0,1.3674,3.1191
174,5.4,7.0,0.0,1.6836,3.1467
175,3.7,6.0,0.0,1.2395,3.2051
176,3.0,3.0,0.0,1.0332,3.3089
177,4.8,8.0,0.0,1.5588,3.2846
178,3.4,7.0,0.0,1.1747,3.2733
179,4.1,7.0,0.0,1.3266,3.2802
180,3.5,6.0,0.0,1.1797,3.2351
181,4.1,7.0,0.0,1.3713,3.1455
182,2.9,6.0,0.0,0.9937,3.1157
183,4.4,6.0,0.0,1.4141,3.1146
184,4.0,9.0,0.0,1.3759,3.1309
185,3.7,5.0,0.0,1.1834,3.1282
186,4.6,8.0,0.0,1.5213,3.1887
187,3.8,6.0,0.0,1.2961,3.1402
188,4.4,8.0,0.0,1.4559,3.2111
189,3.1,6.0,0.0,1.0731,3.2246
190,4.3,8.0,0.0,1.4347,3.3033
191,5.1,10.0,0.0,1.7093,3.2539
192,3.1,4.0,0.0,1.0898,3.1293
193,3.4,5.0,0.0,1.1958,3.2043
194,3.9,7.0,0.0,1.337,3.1913
195,4.1,6.0,0.0,1.3776,3.1425
196,3.7,6.0,0.0,1.2414,3.1447
197,4.2,8.0,0.0,1.3477,3.1045
198,4.0,5.0,0.0,1.3225,3.109
199,3.6,8.0,0.0,1.2514,3.1239
200,4.2,7.0,0.0,1.3444,3.1317
201,4.3,7.0,0.0,1.3904,3.1276
202,4.0,6.0,0.0,1.3492,3.1948
203,4.1,8.0,0.0,1.3342,3.2131
204,4.0,5.0,0.0,1.2512,3.2282
205,3.6,7.0,0.0,1.1584,3.2301
206,3.9,6.0,0.0,1.2577,3.2492
207,4.5,7.0,0.0,1.4798,3.2134
208,4.3,7.0,0.0,1.3994,3.1381
209,3.5,5.0,0.0,1.1428,3.1647
210,4.3,8.0,0.0,1.4119,3.1561
211,4.2,6.0,0.0,1.4177,3.1136
212,3.9,8.0,0.0,1.3295,3.1893
213,3.8,5.0,0.0,1.244,3.2604
214,3.6,5.0,0.0,1.2643,3.2079
215,4.1,5.0,0.0,1.3435,3.1462
216,2.6,4.0,0.0,0.8861,3.1122
217,4.2,10.0,0.0,1.426,3.186
218,4.1,7.0,0.0,1.3994,3.1989
219,3.8,6.0,0.0,1.245,3.1306
220,4.2,8.0,0.0,1.4379,3.1302
221,3.9,5.0,0.0,1.2278,3.1855
222,3.4,5.0,0.0,1.1461,3.2903
223,4.5,10.0,0.0,1.5261,3.2084
224,4.2,6.0,0.0,1.3856,3.21
225,3.7,5.0,0.0,1.1494,3.2524
226,3.3,6.0,0.0,1.1539,3.1797
227,4.7,9.0,0.0,1.5459,3.2075
228,3.7,6.0,0.0,1.2327,3.1578
229,3.8,5.0,0.0,1.2526,3.138
230,2.9,5.0,0.0,1.0307,3.2237
231,4.1,10.0,0.0,1.4247,3.3473
232,3.4,5.0,0.0,1.0675,3.323
233,3.8,6.0,0.0,1.2482,3.252
234,3.9,6.0,0.0,1.2764,3.2679
235,4.3,5.0,0.0,1.3601,3.2805
236,3.9,6.0,0.0,1.2484,3.302
237,3.5,7.0,0.0,1.2314,3.2788
238,4.0,9.0,0.0,1.3987,3.3337
239,3.9,8.0,0.0,1.3301,3.3693
240,4.2,7.0,0.0,1.4001,3.3125
241,4.5,8.0,0.0,1.4809,3.278
242,4.0,8.0,0.0,1.3444,3.2768
243,4.6,8.0,0.0,1.4486,3.2762
244,3.8,5.0,0.0,1.2327,3.332
245,3.5,4.0,0.0,1.2041,3.2795
246,4.6,7.0,0.0,1.5098,3.273
247,3.1,5.0,0.0,1.0524,3.2194
248,3.0,6.0,0.0,1.0798,3.2038
249,3.7,7.0,0.0,1.2703,3.1667
250,3.8,6.0,0.0,1.2859,3.3029
251,4.5,9.0,0.0,1.5261,3.323
252,4.2,12.0,0.0,1.5314,3.2922
253,2.9,4.0,0.0,0.9621,3.3236
254,4.2,6.0,0.0,1.3645,3.272
255,3.7,7.0,0.0,1.2272,3.2534
256,3.6,6.0,0.0,1.2221,3.2239
257,3.0,5.0,0.0,0.9865,3.4158
258,5.3,7.0,0.0,1.7208,3.4858
259,3.5,5.0,0.0,1.1258,3.2869
260,3.0,4.0,0.0,1.0137,3.2849
261,3.6,6.0,0.0,1.1975,3.3382
262,3.7,5.0,0.0,1.2114,3.3793
263,3.4,4.0,0.0,1.1358,3.4419
264,3.4,5.0,0.0,1.0989,3.3202
265,3.9,5.0,0.0,1.2689,3.3573
266,3.6,7.0,0.0,1.2278,3.3476
267,3.8,5.0,0.0,1.2173,3.3752
268,4.0,5.0,0.0,1.2913,3.2906
269,3.9,7.0,0.0,1.3032,3.377
270,3.9,6.0,0.0,1.315,3.3411
271,3.4,6.0,0.0,1.1938,3.3598
272,4.0,6.0,0.0,1.2907,3.367
273,3.6,6.0,0.0,1.1548,3.311
274,4.2,7.0,0.0,1.3601,3.2594
275,4.7,7.0,0.0,1.52,3.1368
276,3.6,6.0,0.0,1.1991,3.2922
277,3.5,6.0,0.0,1.2322,3.2763
278,4.7,10.0,0.0,1.613,3.3543
279,3.8,6.0,0.0,1.2121,3.4352
280,3.4,5.0,0.0,1.1365,3.3438
281,3.5,5.0,0.0,1.1786,3.3442
282,4.0,6.0,0.0,1.2748,3.3224
283,3.7,6.0,0.0,1.2301,3.3028
284,4.3,6.0,0.0,1.3804,3.2984
285,3.9,7.0,0.0,1.3143,3.2935
286,3.5,5.0,0.0,1.1619,3.358
287,2.8,4.0,0.0,0.9695,3.3837
288,3.6,6.0,0.0,1.2337,3.288
289,4.0,5.0,0.0,1.315,3.2992
290,3.7,9.0,0.0,1.3318,3.3409
291,4.0,5.0,0.0,1.303,3.3722
292,3.1,7.0,0.0,1.1187,3.3453
293,4.1,7.0,0.0,1.3759,3.3718
294,3.5,5.0,0.0,1.1357,3.376
295,5.1,10.0,0.0,1.7212,3.5157
296,4.5,7.0,0.0,1.4315,3.3916
297,3.7,5.0,0.0,1.244,3.2498
298,4.6,7.0,0.0,1.5303,3.3654
299,4.3,7.0,0.0,1.4136,3.1984
300,4.6,8.0,0.0,1.4945,3.2789
301,3.4,6.0,0.0,1.1546,3.3062
302,4.9,7.0,0.0,1.5779,3.2833
303,4.9,7.0,0.0,1.5688,3.3198
304,3.4,5.0,0.0,1.1533,3.2477
305,3.7,5.0,0.0,1.2285,3.2836
306,4.2,6.0,0.0,1.3453,3.3394
307,3.8,5.0,0.0,1.2236,3.309
308,3.4,5.0,0.0,1.1461,3.3355
309,3.5,6.0,0.0,1.1347,3.2983
310,4.4,6.0,0.0,1.429,3.3844
311,3.5,5.0,0.0,1.1552,3.447
312,3.7,6.0,0.0,1.2085,3.3866
313,4.2,6.0,0.0,1.3761,3.44
314,3.1,6.0,0.0,1.102,3.2401
315,3.4,5.0,0.0,1.1086,3.3033
316,2.6,4.0,0.0,0.9472,3.3999
317,4.0,6.0,0.0,1.351,3.3574
318,3.5,6.0,0.0,1.178,3.2979
319,4.3,9.0,0.0,1.529,3.3567
320,3.7,7.0,0.0,1.2624,3.4098
321,4.2,6.0,0.0,1.3489,3.4263
322,4.5,6.0,0.0,1.4586,3.4915
323,5.2,9.0,0.0,1.687,3.4778
324,4.1,6.0,0.0,1.3361,3.3573
325,4.1,6.0,0.0,1.3266,3.3786
326,4.7,11.0,0.0,1.631,3.2136
327,3.7,5.0,0.0,1.2124,3.3067
328,3.1,5.0,0.0,1.044,3.3077
329,4.2,9.0,0.0,1.4421,3.3464
330,5.3,9.0,0.0,1.6728,3.3392
331,3.8,5.0,0.0,1.2544,3.3152
332,3.8,7.0,0.0,1.2252,3.296
333,3.4,5.0,0.0,1.1368,3.357
334,3.3,5.0,0.0,1.1463,3.3591
335,4.7,8.0,0.0,1.5361,3.2919
336,4.5,6.0,0.0,1.4594,3.4151
337,3.8,7.0,0.0,1.2571,3.3542
338,4.9,10.0,0.0,1.6313,3.2128
339,3.6,6.0,0.0,1.2,3.1414
340,5.1,9.0,0.0,1.7059,3.2649
341,4.1,6.0,0.0,1.3191,3.4179
342,4.3,8.0,0.0,1.4089,3.1992
343,3.9,7.0,0.0,1.3485,3.2642
344,3.6,6.0,0.0,1.2981,3.1781
345,4.3,9.0,0.0,1.4491,3.1486
346,4.2,5.0,0.0,1.3994,3.2595
347,3.8,8.0,0.0,1.2728,3.12
348,4.9,9.0,0.0,1.6986,3.2288
349,3.5,5.0,0.0,1.1823,3.2167
350,4.6,7.0,0.0,1.479,3.1403
351,3.3,5.0,0.0,1.1176,3.1538
352,3.3,6.0,0.0,1.1465,3.1647
353,4.3,6.0,0.0,1.441,3.2787
354,3.5,7.0,0.0,1.2137,3.2359
355,3.5,8.0,0.0,1.2544,3.187
356,4.0,6.0,0.0,1.3541,3.1645
357,2.8,5.0,0.0,0.9646,3.1617
358,4.1,6.0,0.0,1.2969,3.2125
359,3.3,4.0,0.0,1.1574,3.2579
360,4.5,10.0,0.0,1.5609,3.2654
361,4.1,7.0,0.0,1.3921,3.2763
362,4.0,7.0,0.0,1.2757,3.2481
363,5.0,8.0,0.0,1.5906,3.254
364,3.1,4.0,0.0,1.0149,3.2425
365,3.6,5.0,0.0,1.1908,3.2512
366,3.4,5.0,0.0,1.1704,3.322
367,3.7,6.0,0.0,1.2359,3.2389
368,3.8,6.0,0.0,1.2671,3.1973
369,3.9,8.0,0.0,1.3334,3.2179
370,4.2,7.0,0.0,1.3851,3.2194
371,3.7,6.0,0.0,1.2624,3.1963
372,3.4,6.0,0.0,1.1632,3.2011
373,4.1,6.0,0.0,1.2997,3.2246
374,3.9,9.0,0.0,1.3444,3.2275
375,4.3,7.0,0.0,1.4174,3.2568
376,4.4,6.0,0.0,1.4073,3.2092
377,4.0,7.0,0.0,1.3519,3.1963
378,4.4,6.0,0.0,1.3739,3.2407
379,2.8,4.0,0.0,0.9912,3.3146
380,4.8,7.0,0.0,1.5547,3.2535
381,4.5,7.0,0.0,1.4456,3.1596
382,3.5,5.0,0.0,1.1491,3.2689
383,4.3,8.0,0.0,1.4799,3.3379
384,4.3,7.0,0.0,1.3747,3.3312
385,4.6,6.0,0.0,1.5233,3.338
386,3.8,7.0,0.0,1.3109,3.3353
387,3.2,4.0,0.0,1.0365,3.3175
388,3.4,5.0,0.0,1.1079,3.2732
389,4.6,8.0,0.0,1.5154,3.2452
390,4.5,11.0,0.0,1.584,3.3853
391,4.3,7.0,0.0,1.4177,3.4483
392,5.0,8.0,0.0,1.6433,3.3812
393,5.0,7.0,0.0,1.5367,3.2225
394,4.2,6.0,0.0,1.4047,3.2233
395,4.5,6.0,0.0,1.4663,3.2331
396,4.8,8.0,0.0,1.5702,3.3029
397,4.6,6.0,0.0,1.4177,3.3285
398,4.6,7.0,0.0,1.4992,3.2786
399,5.5,10.0,0.0,1.7806,3.2469
400,3.8,5.0,0.0,1.2476,3.2495
401,4.5,9.0,0.0,1.5716,3.1975
402,5.1,7.0,0.0,1.6167,3.1788
403,4.6,9.0,0.0,1.5407,3.2899
404,5.4,10.0,0.0,1.7657,3.2789
405,4.0,7.0,0.0,1.3192,3.261
406,4.8,7.0,0.0,1.5387,3.2851
407,4.4,9.0,0.0,1.4825,3.2593
408,3.1,6.0,0.0,1.0583,3.2517
409,6.1,13.0,0.0,2.0682,3.3648
410,3.3,7.0,0.0,1.1557,3.2185
411,4.1,8.0,0.0,1.3744,3.2679
412,4.0,11.0,0.0,1.4401,3.2302
413,3.5,6.0,0.0,1.1578,3.3481
414,3.4,5.0,0.0,1.1365,3.2679
415,4.8,7.0,0.0,1.558,3.2368
416,3.5,5.0,0.0,1.1463,3.24
417,4.5,8.0,0.0,1.4525,3.3121
418,3.4,6.0,0.0,1.1194,3.2618
419,4.0,9.0,0.0,1.3698,3.2241
420,5.2,10.0,0.0,1.6713,3.3003
421,3.6,5.0,0.0,1.1424,3.2878
422,4.3,7.0,0.0,1.3672,3.2747
423,5.3,8.0,0.0,1.6844,3.2834
424,3.7,7.0,0.0,1.2906,3.2641
425,3.8,5.0,0.0,1.2679,3.2924
426,3.3,7.0,0.0,1.1636,3.2795
427,3.2,5.0,0.0,1.1018,3.3324
428,5.1,11.0,0.0,1.7798,3.3346
429,3.6,7.0,0.0,1.2154,3.2005
430,5.0,9.0,0.0,1.6305,3.3225
431,5.2,8.0,0.0,1.7105,3.2716
432,3.2,4.0,0.0,1.0359,3.2783
433,4.2,7.0,0.0,1.4523,3.3244
434,3.9,6.0,0.0,1.3228,3.3872
435,4.1,6.0,0.0,1.3583,3.3086
436,3.8,5.0,0.0,1.1938,3.3685
437,4.7,6.0,0.0,1.4743,3.4358
438,3.9,6.0,0.0,1.3393,3.1858
439,3.9,6.0,0.0,1.2488,3.2208
440,4.7,8.0,0.0,1.562,3.1287
441,4.3,7.0,0.0,1.3987,3.1774
442,4.5,10.0,0.0,1.522,3.1326
443,4.2,6.0,0.0,1.3704,3.1537
444,4.4,6.0,0.0,1.4211,3.4175
445,3.8,8.0,0.0,1.2835,3.4774
446,4.3,6.0,0.0,1.4248,3.4631
447,2.7,4.0,0.0,0.9808,3.2557
448,4.1,9.0,0.0,1.4027,3.3952
449,3.7,6.0,0.0,1.28,3.3794
450,5.7,18.0,0.0,2.1697,3.4256
451,3.8,8.0,0.0,1.2991,3.362
452,3.4,6.0,0.0,1.1347,3.4392
453,3.4,5.0,0.0,1.1619,3.4911
454,2.8,4.0,0.0,0.9767,3.4043
455,3.4,5.0,0.0,1.1322,3.4184
456,4.4,7.0,0.0,1.3977,3.3375
457,3.2,4.0,0.0,1.14,3.254
458,4.1,7.0,0.0,1.3177,3.4747
459,4.0,5.0,0.0,1.2781,3.3857
460,4.2,5.0,0.0,1.4354,3.524
461,3.3,5.0,0.0,1.105,3.4352
462,3.2,4.0,0.0,1.0611,3.4659
463,3.0,5.0,0.0,1.0607,3.4241
464,3.8,7.0,0.0,1.2207,3.3157
465,3.0,4.0,0.0,0.9885,3.4029
466,4.1,6.0,0.0,1.3295,3.3074
467,4.3,8.0,0.0,1.3932,3.1467
468,3.7,6.0,0.0,1.2685,3.1863
469,4.1,6.0,0.0,1.3067,3.2437
470,3.6,6.0,0.0,1.167,3.1981
471,3.9,5.0,0.0,1.233,3.2494
472,3.5,6.0,0.0,1.1608,3.1369
473,3.4,6.0,0.0,1.1044,3.2915
474,3.8,6.0,0.0,1.2246,3.1534
475,5.3,7.0,0.0,1.6796,3.1987
476,4.6,7.0,0.0,1.4497,3.2631
477,3.8,6.0,0.0,1.2414,3.2438
478,4.0,7.0,0.0,1.3744,3.2402
479,3.7,6.0,0.0,1.227,3.2353
480,4.6,8.0,0.0,1.5098,3.276
481,4.4,7.0,0.0,1.4421,3.2958
482,4.0,5.0,0.0,1.3783,3.4184
483,4.0,6.0,0.0,1.322,3.4344
484,4.1,7.0,0.0,1.294,3.3984
485,2.9,5.0,0.0,0.968,3.3504
486,3.7,5.0,0.0,1.1646,3.475
487,4.4,6.0,0.0,1.4717,3.4594
488,3.9,6.0,0.0,1.2826,3.3673
489,4.3,7.0,0.0,1.3994,3.468
490,4.7,6.0,0.0,1.4773,3.4598
491,3.2,5.0,0.0,1.0817,3.3887
492,2.6,4.0,0.0,0.8958,3.4424
493,4.7,13.0,0.0,1.6893,3.2604
494,3.2,4.0,0.0,1.1054,3.2439
495,4.6,8.0,0.0,1.5037,3.324
496,2.9,4.0,0.0,0.9937,3.3243
497,2.8,4.0,0.0,0.9464,3.2902
498,4.7,7.0,0.0,1.4635,3.3103
499,4.4,6.0,0.0,1.449,3.2349
500,4.0,6.0,0.0,1.2781,3.4488
501,3.5,6.0,0.0,1.2031,3.3355
502,4.4,6.0,0.0,1.3732,3.4556
503,4.0,5.0,0.0,1.3253,3.3241
504,4.9,6.0,0.0,1.5524,3.3296
505,4.6,7.0,0.0,1.4632,3.3631
506,3.8,5.0,0.0,1.2544,3.3298
507,3.2,5.0,0.0,1.0607,3.4369
508,4.3,6.0,0.0,1.4006,3.3646
509,3.9,5.0,0.0,1.2904,3.3705
510,3.7,6.0,0.0,1.2091,3.3477
511,3.3,8.0,0.0,1.217,3.3488
512,4.4,8.0,0.0,1.449,3.3102
513,4.4,6.0,0.0,1.4032,3.3391
514,4.2,5.0,0.0,1.3336,3.4243
515,3.4,6.0,0.0,1.1608,3.3143
516,4.6,7.0,0.0,1.4796,3.3001
517,4.0,5.0,0.0,1.3542,3.3129
518,4.1,6.0,0.0,1.2948,3.2586
519,3.6,5.0,0.0,1.2384,3.2657
520,3.3,5.0,0.0,1.1393,3.3692
521,3.9,8.0,0.0,1.2891,3.2376
522,3.7,6.0,0.0,1.1938,3.301
523,4.8,8.0,0.0,1.5314,3.3482
524,3.7,6.0,0.0,1.2246,3.3156
525,4.6,8.0,0.0,1.5639,3.3381
526,4.5,10.0,0.0,1.5362,3.2306
527,3.1,4.0,0.0,1.0324,3.3117
528,5.2,8.0,0.0,1.6806,3.2515
529,4.1,5.0,0.0,1.3376,3.3314
530,3.4,6.0,0.0,1.1212,3.4696
531,5.3,9.0,0.0,1.6815,3.4856
532,3.3,5.0,0.0,1.1018,3.4039
533,5.1,8.0,0.0,1.6116,3.3518
534,4.0,7.0,0.0,1.3403,3.4514
535,4.4,8.0,0.0,1.4354,3.1797
536,4.0,6.0,0.0,1.3565,3.2315
537,4.2,6.0,0.0,1.3585,3.3057
538,4.5,10.0,0.0,1.5327,3.23
539,4.1,6.0,0.0,1.326,3.2187
540,3.1,4.0,0.0,1.0779,3.3653
541,3.9,7.0,0.0,1.3025,3.3906
542,4.1,6.0,0.0,1.3301,3.3454
543,3.2,5.0,0.0,1.1072,3.2888
544,3.9,6.0,0.0,1.287,3.2622
545,3.2,5.0,0.0,1.0831,3.2391
546,3.4,4.0,0.0,1.2206,3.2532
547,3.9,5.0,0.0,1.2883,3.2495
548,3.6,6.0,0.0,1.2306,3.2994
549,4.0,6.0,0.0,1.3189,3.1914
550,4.3,6.0,0.0,1.3242,3.2448
551,3.3,8.0,0.0,1.1636,3.277
552,3.9,5.0,0.0,1.317,3.3627
553,3.9,6.0,0.0,1.2969,3.4307
554,3.4,5.0,0.0,1.1375,3.496
555,3.4,5.0,0.0,1.1874,3.4394
556,3.1,5.0,0.0,1.0805,3.4093
557,3.5,5.0,0.0,1.1615,3.3155
558,3.5,8.0,0.0,1.2387,3.2144
559,3.9,6.0,0.0,1.2369,3.2728
560,4.3,7.0,0.0,1.4247,3.3545
561,3.8,6.0,0.0,1.2484,3.2738
562,3.4,5.0,0.0,1.1428,3.2122
563,4.3,6.0,0.0,1.3715,3.2753
564,4.3,7.0,0.0,1.4129,3.3561
565,3.5,5.0,0.0,1.1463,3.3695
566,4.0,5.0,0.0,1.3073,3.3802
567,3.3,4.0,0.0,1.0712,3.4738
568,3.3,5.0,0.0,1.0647,3.4059
569,3.4,7.0,0.0,1.1754,3.2469
570,4.2,7.0,0.0,1.4373,3.4024
571,3.8,5.0,0.0,1.2068,3.3607
572,4.0,7.0,0.0,1.3987,3.307
573,3.2,5.0,0.0,1.0959,3.2728
574,4.6,7.0,0.0,1.4586,3.3412
575,3.5,5.0,0.0,1.1497,3.2241
576,3.9,6.0,0.0,1.2757,3.1898
577,4.1,6.0,0.0,1.3183,3.2711
578,4.4,9.0,0.0,1.4933,3.3381
579,3.8,5.0,0.0,1.2288,3.2796
580,3.7,6.0,0.0,1.2031,3.3922
581,3.2,4.0,0.0,1.0359,3.4235
582,5.2,8.0,0.0,1.7052,3.498
583,3.5,5.0,0.0,1.1315,3.3447
584,4.0,6.0,0.0,1.3831,3.3646
585,3.1,4.0,0.0,1.0062,3.5033
586,4.5,8.0,0.0,1.519,3.5244
587,4.3,7.0,0.0,1.4309,3.29
588,3.8,8.0,0.0,1.3183,3.3159
589,3.3,6.0,0.0,1.1259,3.279
590,2.7,5.0,0.0,0.956,3.2549
591,4.1,7.0,0.0,1.3557,3.1777
592,3.4,5.0,0.0,1.1251,3.2113
593,4.2,6.0,0.0,1.4047,3.2952
594,4.3,7.0,0.0,1.402,3.2673
595,3.1,4.0,0.0,1.0266,3.2612
596,3.9,6.0,0.0,1.2462,3.277
597,2.7,3.0,0.0,0.9297,3.1721
598,3.9,5.0,0.0,1.2689,3.2438
599,4.5,8.0,0.0,1.4955,3.2712
600,4.3,6.0,0.0,1.3992,3.3181
601,4.0,5.0,0.0,1.3265,3.3501
602,3.3,6.0,0.0,1.1122,3.2861
603,4.8,8.0,0.0,1.5588,3.3223
604,3.6,8.0,0.0,1.236,3.3793
605,4.5,6.0,0.0,1.5124,3.4549
606,2.6,4.0,0.0,0.9119,3.1566
607,4.1,6.0,0.0,1.3527,3.3825
608,3.3,4.0,0.0,1.0923,3.4503
609,4.3,7.0,0.0,1.4387,3.6064
610,3.5,5.0,0.0,1.1552,3.4947
611,3.8,6.0,0.0,1.2366,3.4943
612,3.8,6.0,0.0,1.2408,3.2987
613,4.4,9.0,0.0,1.4917,3.4836
614,2.8,4.0,0.0,0.9474,3.3046
615,2.9,5.0,0.0,1.0225,3.3764
616,3.5,5.0,0.0,1.14,3.3612
617,3.7,5.0,0.0,1.1948,3.5059
618,3.2,4.0,0.0,1.0188,3.3481
619,4.6,8.0,0.0,1.5276,3.4489
620,3.1,4.0,0.0,1.0324,3.3537
621,4.8,9.0,0.0,1.5609,3.5028
622,3.7,7.0,0.0,1.2241,3.396
623,3.2,5.0,0.0,1.0861,3.2925
624,4.8,8.0,0.0,1.5726,3.342
625,4.5,7.0,0.0,1.4933,3.4189
626,3.5,4.0,0.0,1.1459,3.3862
627,4.7,12.0,0.0,1.7321,3.3624
628,4.5,7.0,0.0,1.4771,3.2422
629,4.4,6.0,0.0,1.4852,3.4321
630,3.6,5.0,0.0,1.2268,3.4078
631,3.5,5.0,0.0,1.1322,3.2267
632,3.8,5.0,0.0,1.2627,3.3468
633,5.7,9.0,0.0,1.7904,3.1794
634,3.9,8.0,0.0,1.3037,3.2482
635,4.2,8.0,0.0,1.429,3.4512
636,4.2,6.0,0.0,1.3423,3.3433
637,4.2,5.0,0.0,1.3811,3.4049
638,5.3,8.0,0.0,1.681,3.354
639,3.7,5.0,0.0,1.1971,3.3438
640,3.3,5.0,0.0,1.1476,3.1196
641,3.7,6.0,0.0,1.2337,3.1258
642,4.2,9.0,0.0,1.4146,3.1642
643,4.2,7.0,0.0,1.3923,3.1347
644,4.4,7.0,0.0,1.4004,3.1739
645,5.8,10.0,0.0,1.8729,3.1322
646,3.7,5.0,0.0,1.2164,3.138
647,4.5,10.0,0.0,1.5145,3.2021
648,3.6,5.0,0.0,1.1718,3.1127
649,4.8,6.0,0.0,1.482,3.249
650,4.2,7.0,0.0,1.4379,3.2458
651,4.0,5.0,0.0,1.2814,3.2304
652,4.3,6.0,0.0,1.3955,3.2941
653,5.7,11.0,0.0,1.8586,3.2132
654,4.3,6.0,0.0,1.4531,3.1067
655,5.4,11.0,0.0,1.7895,3.172
656,4.4,8.0,0.0,1.4586,3.1285
657,4.4,6.0,0.0,1.3877,3.1531
658,3.4,6.0,0.0,1.141,3.179
659,3.6,6.0,0.0,1.1971,3.2112
660,3.5,6.0,0.0,1.1375,3.1888
661,3.6,5.0,0.0,1.1619,3.3478
662,4.4,6.0,0.0,1.4403,3.3878
663,3.9,6.0,0.0,1.2842,3.2795
664,5.4,9.0,0.0,1.7514,3.2457
665,6.0,10.0,0.0,1.902,3.3105
666,4.2,8.0,0.0,1.3542,3.2581
667,3.4,4.0,0.0,1.1634,3.2454
668,3.9,6.0,0.0,1.3012,3.2919
669,3.9,6.0,0.0,1.2609,3.159
670,4.0,5.0,0.0,1.2462,3.102
671,3.6,5.0,0.0,1.1287,3.2237
672,3.4,7.0,0.0,1.1649,3.2707
673,4.1,6.0,0.0,1.3416,3.3609
674,4.6,10.0,0.0,1.5405,3.3493
675,3.9,7.0,0.0,1.3038,3.5085
676,3.9,5.0,0.0,1.2981,3.5168
677,3.1,5.0,0.0,1.0392,3.3453
678,2.8,5.0,0.0,1.0356,3.3671
679,3.8,5.0,0.0,1.2233,3.388
680,4.1,8.0,0.0,1.3947,3.4985
681,4.7,8.0,0.0,1.529,3.4531
682,4.0,6.0,0.0,1.2883,3.3447
683,4.6,9.0,0.0,1.5264,3.3828
684,4.7,7.0,0.0,1.5445,3.2526
685,5.1,10.0,0.0,1.6993,3.2908
686,4.5,6.0,0.0,1.4309,3.2296
687,4.3,7.0,0.0,1.4315,3.2332
688,3.8,6.0,0.0,1.2488,3.2516
689,3.5,5.0,0.0,1.1864,3.2435
690,3.7,4.0,0.0,1.2083,3.2475
691,4.3,5.0,0.0,1.3177,3.248
692,4.2,7.0,0.0,1.4248,3.1872
693,4.0,7.0,0.0,1.2997,3.1334
694,4.0,8.0,0.0,1.3416,3.1586
695,3.8,7.0,0.0,1.259,3.2473
696,2.5,4.0,0.0,0.8421,3.2437
697,4.0,9.0,0.0,1.3511,3.256
698,3.2,6.0,0.0,1.0943,3.2181
699,4.0,5.0,0.0,1.3153,3.1633
700,4.6,7.0,0.0,1.4562,3.2098
701,4.4,9.0,0.0,1.4616,3.1844
702,3.2,5.0,0.0,1.0796,3.2197
703,3.7,6.0,0.0,1.2054,3.2467
704,3.2,5.0,0.0,1.0897,3.2793
705,4.3,9.0,0.0,1.4722,3.269
706,4.1,8.0,0.0,1.3632,3.0907
707,4.4,10.0,0.0,1.5357,3.2128
708,4.2,9.0,0.0,1.4104,3.2616
709,4.5,7.0,0.0,1.5277,3.1431
710,3.7,6.0,0.0,1.1721,3.2022
711,4.0,13.0,0.0,1.5875,3.417
712,3.9,6.0,0.0,1.2826,3.3496
713,3.2,5.0,0.0,1.0323,3.2694
714,3.2,6.0,0.0,1.1347,3.3235
715,4.1,11.0,0.0,1.5329,3.5191
716,4.4,6.0,0.0,1.4373,3.4617
717,3.5,5.0,0.0,1.1435,3.4385
718,5.2,7.0,0.0,1.6454,3.2929
719,3.3,6.0,0.0,1.1539,3.3614
720,4.0,5.0,0.0,1.2757,3.3729
721,4.1,6.0,0.0,1.3403,3.3685
722,4.5,8.0,0.0,1.4933,3.3835
723,3.9,6.0,0.0,1.2349,3.5199
724,4.7,7.0,0.0,1.4809,3.3825
725,5.0,9.0,0.0,1.6175,3.4793
726,3.1,4.0,0.0,1.0365,3.3359
727,4.6,7.0,0.0,1.4997,3.1876
728,4.4,6.0,0.0,1.407,3.3716
729,4.1,8.0,0.0,1.4032,3.3534
730,5.1,10.0,0.0,1.6354,3.4605
731,4.7,9.0,0.0,1.5524,3.3265
732,4.2,8.0,0.0,1.3705,3.4054
733,3.5,5.0,0.0,1.1463,3.3587
734,4.5,9.0,0.0,1.5545,3.4413
735,4.2,6.0,0.0,1.382,3.4673
736,3.3,6.0,0.0,1.0897,3.4608
737,2.8,4.0,0.0,0.9656,3.262
738,3.3,4.0,0.0,1.0956,3.4237
739,4.6,8.0,0.0,1.5474,3.4619
740,3.0,5.0,0.0,1.01,3.261
741,3.7,8.0,0.0,1.3259,3.3762
742,4.3,8.0,0.0,1.4211,3.2338
743,4.2,6.0,0.0,1.3632,3.2979
744,4.0,7.0,0.0,1.3336,3.4381
745,3.8,6.0,0.0,1.3089,3.431
746,4.6,9.0,0.0,1.4984,3.4961
747,2.9,5.0,0.0,1.0137,3.5404
748,2.9,6.0,0.0,1.04,3.3449
749,4.9,8.0,0.0,1.5873,3.1767
750,3.4,6.0,0.0,1.134,3.1466
751,3.0,5.0,0.0,1.0307,3.3365
752,5.6,15.0,0.0,1.9969,3.4098
753,4.1,7.0,0.0,1.3817,3.4167
754,3.4,7.0,0.0,1.245,3.3386
755,4.4,6.0,0.0,1.4284,3.3055
756,3.8,7.0,0.0,1.2249,3.3581
757,3.9,7.0,0.0,1.3336,3.3265
758,4.2,6.0,0.0,1.3803,3.2996
759,3.9,5.0,0.0,1.321,3.3386
760,4.0,7.0,0.0,1.296,3.2718
761,4.1,6.0,0.0,1.3524,3.2775
762,3.8,6.0,0.0,1.2671,3.2462
763,3.6,7.0,0.0,1.2651,3.2735
764,3.3,5.0,0.0,1.0849,3.2523
765,4.6,7.0,0.0,1.5353,3.2281
766,4.2,7.0,0.0,1.4047,3.2558
767,4.2,6.0,0.0,1.4387,3.2253
768,3.2,6.0,0.0,1.0941,3.2328
769,3.4,7.0,0.0,1.1609,3.2363
770,4.2,7.0,0.0,1.393,3.2755
771,3.6,5.0,0.0,1.1634,3.2787
772,3.5,4.0,0.0,1.16,3.2627
773,3.9,7.0,0.0,1.3101,3.2374
774,3.5,5.0,0.0,1.1993,3.2236
775,3.9,6.0,0.0,1.299,3.2932
776,4.2,6.0,0.0,1.3739,3.228
777,3.6,5.0,0.0,1.2246,3.2901
778,4.6,8.0,0.0,1.522,3.2425
779,4.7,9.0,0.0,1.5,3.2621
780,3.3,5.0,0.0,1.1108,3.1223
781,4.8,8.0,0.0,1.5366,3.2574
782,4.5,7.0,0.0,1.4858,3.3282
783,3.9,6.0,0.0,1.249,3.2014
784,4.9,7.0,0.0,1.5637,3.2854
785,4.1,7.0,0.0,1.3999,3.3105
786,5.1,8.0,0.0,1.6856,3.3961
787,3.2,5.0,0.0,1.055,3.3911
788,3.5,5.0,0.0,1.1567,3.2749
789,4.1,6.0,0.0,1.3116,3.2534
790,3.8,6.0,0.0,1.2219,3.3351
791,4.6,9.0,0.0,1.542,3.3659
792,3.6,5.0,0.0,1.1918,3.3332
793,4.2,7.0,0.0,1.3889,3.469
794,5.0,8.0,0.0,1.5792,3.4924
795,3.5,5.0,0.0,1.134,3.4006
796,4.9,9.0,0.0,1.607,3.4886
797,2.9,4.0,0.0,0.9836,3.3973
798,5.3,8.0,0.0,1.6677,3.3915
799,5.1,9.0,0.0,1.6962,3.4578
800,3.4,5.0,0.0,1.1453,3.3348
801,3.6,8.0,0.0,1.275,3.4669
802,3.6,6.0,0.0,1.1854,3.3445
803,4.1,5.0,0.0,1.3391,3.4369
804,3.3,5.0,0.0,1.0685,3.3787
805,3.7,7.0,0.0,1.3043,3.3247
806,4.1,6.0,0.0,1.3638,3.4075
807,3.4,4.0,0.0,1.1954,3.4007
808,3.8,4.0,0.0,1.3046,3.382
809,4.3,8.0,0.0,1.3783,3.3941
810,3.6,6.0,0.0,1.2068,3.4339
811,3.8,5.0,0.0,1.2449,3.3962
812,5.4,8.0,0.0,1.7361,3.4122
813,4.0,7.0,0.0,1.3265,3.4769
814,4.1,7.0,0.0,1.3115,3.3398
815,3.3,5.0,0.0,1.1265,3.2744
816,3.9,7.0,0.0,1.3177,3.3754
817,4.7,7.0,0.0,1.5064,3.4692
818,3.4,4.0,0.0,1.1134,3.5343
819,2.9,5.0,0.0,0.9734,3.3475
820,3.9,9.0,0.0,1.3153,3.4953
821,3.7,6.0,0.0,1.2306,3.3751
822,4.9,7.0,0.0,1.5851,3.3344
823,3.6,5.0,0.0,1.1958,3.411
824,4.4,7.0,0.0,1.4281,3.3744
825,4.7,8.0,0.0,1.5058,3.2731
826,3.3,5.0,0.0,1.12,3.2513
827,4.3,8.0,0.0,1.429,3.2479
828,3.6,7.0,0.0,1.2249,3.266
829,3.9,6.0,0.0,1.2955,3.2381
830,3.9,5.0,0.0,1.3107,3.3069
831,4.5,13.0,0.0,1.7069,3.3105
832,3.6,6.0,0.0,1.2395,3.2946
833,4.2,7.0,0.0,1.334,3.2979
834,5.9,8.0,0.0,1.8269,3.3504
835,5.0,10.0,0.0,1.6796,3.3693
836,5.2,7.0,0.0,1.6571,3.3322
837,4.4,6.0,0.0,1.44,3.2951
838,4.1,7.0,0.0,1.3883,3.3082
839,5.7,7.0,0.0,1.7321,3.24
840,4.8,12.0,0.0,1.6696,3.2469
841,3.6,7.0,0.0,1.1608,3.2698
842,4.0,8.0,0.0,1.334,3.2194
843,3.9,5.0,0.0,1.2464,3.2274
844,4.8,7.0,0.0,1.5943,3.2478
845,4.1,6.0,0.0,1.3921,3.2311
846,3.2,5.0,0.0,1.0757,3.2479
847,3.6,7.0,0.0,1.1948,3.2666
848,3.7,5.0,0.0,1.1549,3.2255
849,4.7,6.0,0.0,1.4839,3.2621
850,2.9,5.0,0.0,0.9969,3.2005
851,3.9,6.0,0.0,1.2657,3.2459
852,3.6,6.0,0.0,1.1977,3.2865
853,3.2,5.0,0.0,1.0805,3.241
854,4.7,8.0,0.0,1.4782,3.2253
855,4.4,6.0,0.0,1.4,3.2398
856,4.5,6.0,0.0,1.4089,3.256
857,4.5,9.0,0.0,1.4918,3.2614
858,4.0,8.0,0.0,1.3524,3.2882
859,5.2,14.0,0.0,1.8529,3.2423
860,3.7,5.0,0.0,1.2076,3.2449
861,3.1,4.0,0.0,1.0493,3.2612
862,3.9,7.0,0.0,1.3153,3.2132
863,4.7,8.0,0.0,1.4945,3.2333
864,3.6,6.0,0.0,1.2068,3.2724
865,3.3,5.0,0.0,1.0618,3.2489
866,3.8,6.0,0.0,1.2083,3.2327
867,4.5,7.0,0.0,1.4753,3.2556
868,3.8,6.0,0.0,1.2446,3.2521
869,3.9,7.0,0.0,1.2641,3.2954
870,4.2,9.0,0.0,1.4239,3.2622
871,4.6,7.0,0.0,1.4798,3.222
872,3.8,7.0,0.0,1.2955,3.2525
873,4.2,6.0,0.0,1.3467,3.2204
874,4.6,10.0,0.0,1.58,3.1931
875,4.7,7.0,0.0,1.5639,3.3033
876,3.7,6.0,0.0,1.2333,3.2456
877,4.1,10.0,0.0,1.4796,3.2496
878,4.5,9.0,0.0,1.5098,3.2565
879,4.0,7.0,0.0,1.3228,3.2441
880,5.1,11.0,0.0,1.6857,3.2863
881,3.7,5.0,0.0,1.2482,3.2427
882,5.4,11.0,0.0,1.7914,3.2564
883,3.8,6.0,0.0,1.2327,3.2732
884,3.2,5.0,0.0,1.0897,3.4171
885,3.7,6.0,0.0,1.2384,3.2954
886,3.8,7.0,0.0,1.2247,3.497
887,4.0,5.0,0.0,1.2883,3.5136
888,3.2,4.0,0.0,1.05,3.3465
889,4.0,6.0,0.0,1.3225,3.3971
890,3.8,7.0,0.0,1.2225,3.5223
891,2.9,3.0,0.0,0.9726,3.4833
892,4.7,9.0,0.0,1.6064,3.4218
893,3.8,6.0,0.0,1.252,3.4013
894,3.1,4.0,0.0,1.0225,3.4035
895,4.1,7.0,0.0,1.3334,3.1311
896,4.2,7.0,0.0,1.3672,3.3188
897,5.0,10.0,0.0,1.6462,3.2022
898,4.4,6.0,0.0,1.3892,3.2347
899,4.2,7.0,0.0,1.3705,3.4312
900,3.2,4.0,0.0,1.0609,3.3989
901,3.4,5.0,0.0,1.1609,3.3248
902,3.8,5.0,0.0,1.2203,3.2255
903,4.5,8.0,0.0,1.5298,3.2874
904,3.6,5.0,0.0,1.1548,3.2726
905,4.7,7.0,0.0,1.5662,3.2738
906,4.3,6.0,0.0,1.3645,3.2751
907,4.6,6.0,0.0,1.4398,3.2926
908,5.3,8.0,0.0,1.6713,3.2887
909,3.1,5.0,0.0,1.0954,3.2603
910,4.4,5.0,0.0,1.3483,3.3407
911,3.9,7.0,0.0,1.2919,3.3192
912,4.9,8.0,0.0,1.5703,3.3013
913,4.9,6.0,0.0,1.6064,3.2283
914,3.4,5.0,0.0,1.1216,3.2162
915,4.1,5.0,0.0,1.3739,3.2309
916,4.0,6.0,0.0,1.3286,3.2629
917,4.2,6.0,0.0,1.3863,3.2248
918,4.1,8.0,0.0,1.347,3.1857
919,3.0,4.0,0.0,1.0398,3.1999
920,3.4,5.0,0.0,1.1358,3.2451
921,5.6,9.0,0.0,1.7904,3.2884
922,5.5,11.0,0.0,1.8104,3.2562
923,4.0,5.0,0.0,1.3295,3.2935
924,2.2,3.0,0.0,0.833,3.3228
925,4.3,9.0,0.0,1.4415,3.2308
926,2.6,4.0,0.0,0.8701,3.2254
927,3.1,4.0,0.0,1.0235,3.2373
928,3.6,6.0,0.0,1.1584,3.2524
929,4.1,6.0,0.0,1.3288,3.3058
930,6.0,10.0,0.0,1.9969,3.2476
931,3.2,6.0,0.0,1.0742,3.1989
932,4.4,7.0,0.0,1.4207,3.266
933,4.1,7.0,0.0,1.3524,3.2289
934,5.1,12.0,0.0,1.7965,3.2538
935,4.8,6.0,0.0,1.5429,3.2325
936,4.9,10.0,0.0,1.6596,3.2152
937,3.8,7.0,0.0,1.2842,3.2415
938,4.2,5.0,0.0,1.3831,3.2277
939,4.1,5.0,0.0,1.345,3.2133
940,3.8,6.0,0.0,1.2811,3.2059
941,3.0,5.0,0.0,1.0062,3.2218
942,3.9,7.0,0.0,1.28,3.187
943,4.2,6.0,0.0,1.3783,3.2092
944,4.1,6.0,0.0,1.3403,3.3509
945,4.8,7.0,0.0,1.4973,3.3176
946,4.7,6.0,0.0,1.4799,3.313
947,3.8,6.0,0.0,1.2327,3.2775
948,4.0,7.0,0.0,1.3811,3.2924
949,4.2,6.0,0.0,1.3379,3.1825
950,4.0,6.0,0.0,1.2688,3.3164
951,4.8,8.0,0.0,1.5961,3.4292
952,4.5,6.0,0.0,1.4169,3.2875
953,3.6,8.0,0.0,1.28,3.267
954,5.6,8.0,0.0,1.7462,3.4019
955,3.5,7.0,0.0,1.2197,3.3593
956,4.1,6.0,0.0,1.345,3.3805
957,3.7,8.0,0.0,1.275,3.3418
958,3.8,5.0,0.0,1.2403,3.4863
959,4.1,7.0,0.0,1.326,3.3897
960,4.6,10.0,0.0,1.5637,3.3475
961,4.1,8.0,0.0,1.3444,3.3412
962,3.7,5.0,0.0,1.1973,3.392
963,3.8,5.0,0.0,1.3416,3.3153
964,4.2,8.0,0.0,1.3892,3.3051
965,4.7,7.0,0.0,1.5101,3.3332
966,4.9,8.0,0.0,1.6045,3.3144
967,2.8,5.0,0.0,0.9804,3.2182
968,4.0,5.0,0.0,1.3101,3.2118
969,2.8,4.0,0.0,0.9704,3.174
970,3.7,6.0,0.0,1.1881,3.2
971,4.0,8.0,0.0,1.3219,3.2132
972,4.4,9.0,0.0,1.5211,3.3123
973,3.9,10.0,0.0,1.3883,3.2894
974,4.6,7.0,0.0,1.5516,3.2582
975,3.3,6.0,0.0,1.1476,3.3016
976,4.3,6.0,0.0,1.3527,3.2965
977,4.1,8.0,0.0,1.3863,3.3038
978,4.6,6.0,0.0,1.4888,3.3113
979,3.5,5.0,0.0,1.2139,3.3112
980,4.9,11.0,0.0,1.711,3.3283
981,4.8,8.0,0.0,1.6023,3.327
982,4.9,9.0,0.0,1.6617,3.3741
983,3.9,6.0,0.0,1.2164,3.3829
984,4.9,9.0,0.0,1.592,3.3241
985,3.5,5.0,0.0,1.1732,3.2471
986,3.4,4.0,0.0,1.1574,3.2747
987,4.1,6.0,0.0,1.3923,3.312
988,3.5,6.0,0.0,1.1522,3.2672
989,3.2,5.0,0.0,1.1072,3.2757
990,3.6,5.0,0.0,1.1712,3.2796
991,4.6,6.0,0.0,1.4703,3.2698
992,4.5,7.0,0.0,1.4205,3.1184
993,4.5,6.0,0.0,1.4387,3.2427
994,4.1,5.0,0.0,1.2935,3.2488
995,3.2,5.0,0.0,1.0927,3.2365
996,3.4,5.0,0.0,1.1732,3.2451
997,3.4,5.0,0.0,1.1194,3.3435
998,4.5,6.0,0.0,1.4415,3.1878
999,4.5,8.0,0.0,1.4448,3.3999
1000,4.5,9.0,0.0,1.4866,3.4007
1001,5.4,11.0,0.0,1.8131,3.2507
1002,3.2,5.0,0.0,1.0812,3.3131
1003,3.6,5.0,0.0,1.1889,3.3298
1004,3.9,5.0,0.0,1.2845,3.2616
1005,4.0,6.0,0.0,1.2685,3.2164
1006,3.4,5.0,0.0,1.1402,3.4142
1007,3.8,6.0,0.0,1.2826,3.399
1008,3.8,7.0,0.0,1.259,3.4638
1009,3.6,8.0,0.0,1.2057,3.4539
1010,4.6,7.0,0.0,1.4469,3.3909
1011,5.1,7.0,0.0,1.65,3.3519
1012,3.8,6.0,0.0,1.2828,3.3947
1013,3.0,6.0,0.0,1.0428,3.3912
1014,5.0,7.0,0.0,1.5868,3.4347
1015,4.1,6.0,0.0,1.3674,3.4768
1016,3.9,6.0,0.0,1.2845,3.331
1017,3.8,6.0,0.0,1.2669,3.3199
1018,3.8,6.0,0.0,1.3,3.1735
1019,3.6,5.0,0.0,1.1924,3.2902
1020,4.7,7.0,0.0,1.4992,3.0953
1021,3.5,5.0,0.0,1.141,3.1116
1022,3.6,6.0,0.0,1.2114,3.2103
1023,4.4,7.0,0.0,1.4456,3.1471
1024,3.3,5.0,0.0,1.118,3.1485
1025,3.8,5.0,0.0,1.2488,3.1494
1026,3.2,4.0,0.0,1.1225,3.1465
1027,3.6,6.0,0.0,1.1938,3.1075
1028,3.5,5.0,0.0,1.1289,3.2182
1029,4.3,8.0,0.0,1.3935,3.2377
1030,4.8,8.0,0.0,1.5381,3.252
1031,4.6,8.0,0.0,1.5225,3.2677
1032,4.7,8.0,0.0,1.5041,3.2692
1033,4.3,9.0,0.0,1.4317,3.3235
1034,4.6,13.0,0.0,1.7056,3.2667
1035,3.2,5.0,0.0,1.1036,3.2438
1036,3.3,5.0,0.0,1.0897,3.2822
1037,3.6,5.0,0.0,1.1497,3.278
1038,4.7,7.0,0.0,1.5516,3.3074
1039,4.2,9.0,0.0,1.4,3.2919
1040,2.6,4.0,0.0,0.9368,3.2861
1041,4.7,9.0,0.0,1.5787,3.2831
1042,3.9,6.0,0.0,1.3,3.2852
1043,4.1,7.0,0.0,1.4066,3.2973
1044,3.6,5.0,0.0,1.2384,3.1569
1045,4.8,10.0,0.0,1.573,3.1508
1046,3.8,6.0,0.0,1.2722,3.1176
1047,3.6,5.0,0.0,1.1194,3.0932
1048,4.2,9.0,0.0,1.4691,3.1033
1049,4.0,6.0,0.0,1.2845,3.1464
1050,4.0,5.0,0.0,1.2571,3.0993
1051,4.2,9.0,0.0,1.4232,3.085
1052,3.2,4.0,0.0,1.0698,3.1131
1053,4.7,10.0,0.0,1.6016,3.1164
1054,4.2,6.0,0.0,1.3259,3.1027
1055,4.2,6.0,0.0,1.3598,3.2873
1056,4.5,8.0,0.0,1.4673,3.0949
1057,4.3,6.0,0.0,1.4412,3.1331
1058,4.8,7.0,0.0,1.5471,3.2444
1059,4.7,10.0,0.0,1.5772,3.2185
1060,4.2,6.0,0.0,1.3851,3.2421
1061,3.0,5.0,0.0,1.0448,3.2553
1062,4.0,9.0,0.0,1.3393,3.3048
1063,4.0,6.0,0.0,1.3165,3.3865
1064,3.6,4.0,0.0,1.2166,3.3416
1065,3.7,6.0,0.0,1.2154,3.3408
1066,4.2,7.0,0.0,1.3393,3.2497
1067,4.4,7.0,0.0,1.4351,3.2706
1068,3.8,6.0,0.0,1.3032,3.2098
1069,4.0,5.0,0.0,1.337,3.3132
1070,5.0,7.0,0.0,1.5664,3.309
1071,4.6,7.0,0.0,1.4586,3.3033
1072,3.7,5.0,0.0,1.1924,3.2835
1073,4.4,7.0,0.0,1.4486,3.3258
1074,4.4,7.0,0.0,1.4663,3.4563
1075,3.4,5.0,0.0,1.1301,3.415
1076,3.3,4.0,0.0,1.1283,3.2816
1077,3.4,6.0,0.0,1.1322,3.238
1078,3.4,8.0,0.0,1.2032,3.2287
1079,3.2,6.0,0.0,1.1251,3.2946
1080,3.1,4.0,0.0,1.0324,3.2904
1081,4.4,6.0,0.0,1.466,3.3724
1082,3.8,11.0,0.0,1.4036,3.3266
1083,4.3,7.0,0.0,1.3877,3.3839
1084,3.8,6.0,0.0,1.2722,3.3852
1085,4.6,7.0,0.0,1.49,3.3652
1086,3.3,5.0,0.0,1.1158,3.3724
1087,3.5,4.0,0.0,1.1803,3.3962
1088,4.6,7.0,0.0,1.4731,3.3057
1089,4.1,5.0,0.0,1.3101,3.3683
1090,3.7,6.0,0.0,1.2359,3.4064
1091,4.7,10.0,0.0,1.6051,3.4977
1092,4.2,6.0,0.0,1.3785,3.5178
1093,3.8,8.0,0.0,1.2955,3.4061
1094,4.1,9.0,0.0,1.419,3.4063
1095,3.1,5.0,0.0,1.0609,3.4756
1096,4.0,6.0,0.0,1.2963,3.3003
1097,3.8,6.0,0.0,1.26,3.299
1098,3.4,4.0,0.0,1.1045,3.329
1099,3.9,6.0,0.0,1.306,3.4512
1100,3.5,5.0,0.0,1.1269,3.3875
1101,4.1,7.0,0.0,1.3144,3.3556
1102,3.9,6.0,0.0,1.3444,3.3189
1103,4.2,6.0,0.0,1.3528,3.4565
1104,4.7,6.0,0.0,1.5106,3.3509
1105,3.3,7.0,0.0,1.2085,3.3165
1106,5.2,8.0,0.0,1.7033,3.3296
1107,4.0,7.0,0.0,1.3527,3.2861
1108,3.6,10.0,0.0,1.303,3.3896
1109,3.9,6.0,0.0,1.334,3.3651
1110,4.3,8.0,0.0,1.427,3.337
1111,4.3,5.0,0.0,1.3675,3.3201
1112,3.9,7.0,0.0,1.3698,3.431
1113,4.4,7.0,0.0,1.402,3.3939
1114,3.8,8.0,0.0,1.3177,3.2775
1115,3.6,6.0,0.0,1.1834,3.2627
1116,4.2,6.0,0.0,1.3877,3.304
1117,4.3,5.0,0.0,1.3875,3.4421
1118,4.4,8.0,0.0,1.4698,3.4237
1119,4.1,5.0,0.0,1.3598,3.4601
1120,4.3,7.0,0.0,1.4047,3.3693
1121,3.7,5.0,0.0,1.2246,3.3033
1122,4.7,7.0,0.0,1.4456,3.2797
1123,4.1,6.0,0.0,1.3318,3.2634
1124,3.4,5.0,0.0,1.1227,3.2157
1125,3.9,6.0,0.0,1.2685,3.2557
1126,3.8,6.0,0.0,1.2432,3.3945
1127,3.2,5.0,0.0,1.0757,3.4797
1128,3.2,5.0,0.0,1.0359,3.2577
1129,3.7,6.0,0.0,1.2512,3.2542
1130,4.1,9.0,0.0,1.3905,3.3505
1131,4.0,5.0,0.0,1.3225,3.4368
1132,4.6,10.0,0.0,1.5779,3.494
1133,3.8,6.0,0.0,1.2649,3.4154
1134,3.9,6.0,0.0,1.2808,3.3739
1135,3.2,6.0,0.0,1.0909,3.3312
1136,4.7,7.0,0.0,1.5132,3.5019
1137,3.8,7.0,0.0,1.2403,3.5558
1138,3.4,5.0,0.0,1.1374,3.3732
1139,3.4,5.0,0.0,1.2081,3.2966
1140,3.7,7.0,0.0,1.243,3.4006
1141,3.9,6.0,0.0,1.2814,3.4375
1142,4.2,6.0,0.0,1.3467,3.3618
1143,4.1,8.0,0.0,1.3856,3.3067
1144,3.8,5.0,0.0,1.2167,3.2601
1145,3.7,7.0,0.0,1.2433,3.2662
1146,3.7,7.0,0.0,1.1918,3.3098
1147,3.7,5.0,0.0,1.2164,3.3077
1148,4.2,7.0,0.0,1.3994,3.27
1149,4.8,9.0,0.0,1.5739,3.2405
1150,3.5,5.0,0.0,1.1908,3.2643
1151,4.2,9.0,0.0,1.382,3.2767
1152,3.9,10.0,0.0,1.3598,3.2485
1153,4.1,5.0,0.0,1.3167,3.2464
1154,4.6,7.0,0.0,1.4493,3.2816
1155,4.5,8.0,0.0,1.4917,3.272
1156,4.9,11.0,0.0,1.6727,3.257
1157,3.8,5.0,0.0,1.2369,3.2694
1158,4.0,5.0,0.0,1.3083,3.1846
1159,3.4,4.0,0.0,1.1161,3.2891
1160,4.5,8.0,0.0,1.501,3.2299
1161,4.9,7.0,0.0,1.5737,3.1128
1162,4.8,10.0,0.0,1.6276,3.0775
1163,3.5,5.0,0.0,1.1463,3.0684
1164,3.6,6.0,0.0,1.2189,3.2531
1165,3.9,6.0,0.0,1.2649,3.2585
1166,4.3,8.0,0.0,1.4177,3.1878
1167,3.2,5.0,0.0,1.0682,3.1253
1168,3.6,6.0,0.0,1.2288,3.1744
1169,3.9,6.0,0.0,1.2961,3.1429
1170,4.5,10.0,0.0,1.5524,3.2176
1171,5.1,12.0,0.0,1.7496,3.2645
1172,4.1,6.0,0.0,1.3336,3.2531
1173,4.3,7.0,0.0,1.3453,3.1913
1174,4.7,8.0,0.0,1.5492,3.2258
1175,5.1,10.0,0.0,1.7031,3.225
1176,3.8,6.0,0.0,1.3361,3.2142
1177,5.2,7.0,0.0,1.6237,3.1448
1178,3.9,6.0,0.0,1.244,3.1665
1179,3.3,5.0,0.0,1.1198,3.2375
1180,3.5,5.0,0.0,1.1402,3.2353
1181,3.8,6.0,0.0,1.2914,3.2007
1182,2.8,6.0,0.0,1.0247,3.2086
1183,4.0,6.0,0.0,1.3143,3.2044
1184,2.9,8.0,0.0,1.1126,3.2342
1185,5.6,10.0,0.0,1.8296,3.2305
1186,4.0,6.0,0.0,1.3454,3.2091
1187,3.2,5.0,0.0,1.0618,3.2509
1188,3.9,9.0,0.0,1.3489,3.1097
1189,4.0,11.0,0.0,1.4537,3.1659
1190,3.8,5.0,0.0,1.2189,3.1917
1191,4.7,8.0,0.0,1.5452,3.2068
1192,3.9,7.0,0.0,1.3167,3.193
1193,4.4,7.0,0.0,1.4245,3.1703
1194,4.5,6.0,0.0,1.4629,3.1196
1195,4.3,7.0,0.0,1.4119,3.1454
1196,3.7,8.0,0.0,1.296,3.2096
1197,3.6,6.0,0.0,1.2032,3.1275
1198,4.0,8.0,0.0,1.3418,3.1241
1199,4.0,7.0,0.0,1.3228,3.13
1200,3.2,6.0,0.0,1.1146,3.1192
1201,3.8,6.0,0.0,1.2963,3.216
1202,3.4,5.0,0.0,1.1161,3.2383
1203,4.0,7.0,0.0,1.3321,3.2697
1204,4.7,8.0,0.0,1.5652,3.1872
1205,3.7,4.0,0.0,1.253,3.1656
1206,3.2,5.0,0.0,1.0735,3.185
1207,2.6,6.0,0.0,0.9615,3.1165
1208,3.9,8.0,0.0,1.3058,3.1265
1209,3.6,8.0,0.0,1.2811,3.1516
1210,4.9,14.0,0.0,1.7689,3.2149
1211,4.3,5.0,0.0,1.4426,3.2436
1212,3.8,6.0,0.0,1.1738,3.2663
1213,3.7,6.0,0.0,1.2139,3.2205
1214,4.2,9.0,0.0,1.4387,3.2746
1215,3.6,4.0,0.0,1.2206,3.2273
1216,4.2,6.0,0.0,1.3811,3.268
1217,3.7,7.0,0.0,1.2563,3.2571
1218,4.2,6.0,0.0,1.3927,3.2619
1219,3.4,5.0,0.0,1.1473,3.22
1220,4.6,7.0,0.0,1.4836,3.2892
1221,5.6,13.0,0.0,1.9094,3.2748
1222,4.3,8.0,0.0,1.4616,3.253
1223,4.1,7.0,0.0,1.3177,3.2503
1224,3.2,4.0,0.0,1.0872,3.2779
1225,3.7,5.0,0.0,1.191,3.2902
1226,4.0,6.0,0.0,1.2859,3.2346
1227,3.2,5.0,0.0,1.0855,3.229
1228,4.5,8.0,0.0,1.513,3.2696
1229,4.2,6.0,0.0,1.3961,3.2416
1230,3.9,5.0,0.0,1.2488,3.1988
1231,2.9,4.0,0.0,0.9577,3.2445
1232,4.1,9.0,0.0,1.4098,3.2595
1233,3.4,5.0,0.0,1.1522,3.2212
1234,5.2,6.0,0.0,1.5688,3.2499
1235,4.0,7.0,0.0,1.2826,3.2217
1236,4.1,6.0,0.0,1.3987,3.2036
1237,3.7,9.0,0.0,1.2997,3.2437
1238,3.9,5.0,0.0,1.3101,3.2618
1239,3.8,6.0,0.0,1.2571,3.2369
1240,4.4,7.0,0.0,1.4568,3.297
1241,3.8,5.0,0.0,1.303,3.296
1242,4.2,8.0,0.0,1.4537,3.3268
1243,3.3,4.0,0.0,1.0837,3.281
1244,4.5,12.0,0.0,1.6126,3.2493
1245,3.8,7.0,0.0,1.2767,3.2494
1246,4.8,7.0,0.0,1.5644,3.2876
1247,2.9,4.0,0.0,0.9697,3.2659
1248,4.2,9.0,0.0,1.4104,3.2863
1249,4.1,6.0,0.0,1.3855,3.2599
1250,4.6,7.0,0.0,1.4831,3.2289
1251,3.9,7.0,0.0,1.3295,3.2798
1252,4.3,8.0,0.0,1.4122,3.3245
1253,4.6,7.0,0.0,1.5322,3.1872
1254,4.7,15.0,0.0,1.8106,3.1385
1255,3.7,5.0,0.0,1.2,3.1261
1256,3.7,8.0,0.0,1.2449,3.2168
1257,4.3,8.0,0.0,1.4098,3.2533
1258,4.1,9.0,0.0,1.4078,3.2607
1259,3.6,5.0,0.0,1.1769,3.3131
1260,5.0,11.0,0.0,1.6756,3.3276
1261,3.6,5.0,0.0,1.1948,3.2252
1262,5.5,10.0,0.0,1.788,3.2576
1263,3.5,8.0,0.0,1.2114,3.2685
1264,3.4,4.0,0.0,1.1598,3.2413
1265,4.2,6.0,0.0,1.3791,3.2651
1266,4.2,6.0,0.0,1.3666,3.2617
1267,4.3,8.0,0.0,1.4177,3.2662
1268,2.7,3.0,0.0,0.9487,3.2129
1269,4.5,11.0,0.0,1.5701,3.2276
1270,3.7,6.0,0.0,1.3101,3.3
1271,4.2,6.0,0.0,1.4018,3.2507
1272,4.0,5.0,0.0,1.3259,3.2176
1273,3.4,5.0,0.0,1.148,3.3121
1274,3.4,5.0,0.0,1.1196,3.2935
1275,3.3,5.0,0.0,1.0945,3.3511
1276,3.3,4.0,0.0,1.0923,3.3128
1277,6.0,8.0,0.0,1.8583,3.3688
1278,3.3,6.0,0.0,1.1072,3.3006
1279,4.6,8.0,0.0,1.5117,3.3337
1280,5.1,7.0,0.0,1.5516,3.3898
1281,3.2,4.0,0.0,1.0731,3.3412
1282,4.4,7.0,0.0,1.4493,3.3013
1283,5.3,17.0,0.0,2.0623,3.3639
1284,5.6,9.0,0.0,1.842,3.3335
1285,4.4,7.0,0.0,1.4637,3.3549
1286,4.8,7.0,0.0,1.5185,3.2734
1287,3.9,6.0,0.0,1.2643,3.2927
1288,4.6,6.0,0.0,1.4302,3.2705
1289,3.8,6.0,0.0,1.2971,3.303
1290,3.5,6.0,0.0,1.2121,3.3621
1291,3.9,6.0,0.0,1.321,3.3069
1292,3.7,4.0,0.0,1.2157,3.3031
1293,3.9,5.0,0.0,1.2781,3.2773
1294,3.7,5.0,0.0,1.1998,3.449
1295,4.5,7.0,0.0,1.4456,3.3667
1296,3.8,4.0,0.0,1.252,3.348
1297,4.3,6.0,0.0,1.4534,3.4262
1298,3.5,5.0,0.0,1.1598,3.425
1299,5.1,11.0,0.0,1.682,3.4847
1300,3.5,8.0,0.0,1.233,3.4606
1301,3.9,7.0,0.0,1.3259,3.2851
1302,4.1,8.0,0.0,1.345,3.218
1303,3.7,6.0,0.0,1.2369,3.3134
1304,3.6,5.0,0.0,1.2221,3.3005
1305,3.9,7.0,0.0,1.2876,3.319
1306,3.6,8.0,0.0,1.2983,3.335
1307,3.8,6.0,0.0,1.2835,3.264
1308,3.5,6.0,0.0,1.1581,3.2481
1309,4.1,5.0,0.0,1.3592,3.2178
1310,4.1,7.0,0.0,1.2726,3.2342
1311,3.8,6.0,0.0,1.2542,3.2097
1312,4.1,5.0,0.0,1.261,3.2884
1313,3.9,5.0,0.0,1.2859,3.1719
1314,4.6,6.0,0.0,1.4879,3.2147
1315,5.2,8.0,0.0,1.6607,3.2409
1316,5.0,9.0,0.0,1.6371,3.2822
1317,3.9,5.0,0.0,1.3229,3.2052
1318,4.4,9.0,0.0,1.4213,3.2051
1319,3.9,7.0,0.0,1.2878,3.2223
1320,3.6,5.0,0.0,1.1755,3.2321
1321,4.2,6.0,0.0,1.3527,3.2177
1322,3.7,5.0,0.0,1.2278,3.2294
1323,3.7,6.0,0.0,1.232,3.2331
1324,4.1,6.0,0.0,1.3165,3.2323
1325,3.5,5.0,0.0,1.148,3.2249
1326,3.1,5.0,0.0,1.0536,3.2478
1327,4.8,8.0,0.0,1.5737,3.238
1328,4.2,7.0,0.0,1.4245,3.2534
1329,3.9,8.0,0.0,1.3541,3.2307
1330,4.8,7.0,0.0,1.5537,3.2474
1331,3.8,6.0,0.0,1.26,3.2404
1332,3.7,9.0,0.0,1.304,3.2442
1333,3.4,6.0,0.0,1.1489,3.226
1334,4.7,9.0,0.0,1.5914,3.258
1335,3.6,7.0,0.0,1.2304,3.2357
1336,4.5,7.0,0.0,1.4825,3.2589
1337,5.4,10.0,0.0,1.805,3.2665
1338,4.2,7.0,0.0,1.3905,3.2584
1339,3.1,5.0,0.0,1.1032,3.2012
1340,4.8,7.0,0.0,1.56,3.1947
1341,3.6,6.0,0.0,1.1988,3.1697
1342,4.0,6.0,0.0,1.2757,3.1808
1343,4.2,8.0,0.0,1.3674,3.2197
1344,3.7,5.0,0.0,1.2401,3.222
1345,4.0,6.0,0.0,1.3046,3.1963
1346,2.8,4.0,0.0,0.9236,3.232
1347,4.5,8.0,0.0,1.5117,3.2495
1348,3.5,4.0,0.0,1.1407,3.2166
1349,4.7,8.0,0.0,1.5422,3.2636
1350,3.8,5.0,0.0,1.2805,3.2369
1351,3.6,5.0,0.0,1.2221,3.2651
1352,3.3,5.0,0.0,1.1374,3.2155
1353,3.7,6.0,0.0,1.217,3.2253
1354,3.2,4.0,0.0,1.0332,3.1839
1355,3.2,7.0,0.0,1.0853,3.2186
1356,4.1,6.0,0.0,1.3067,3.2308
1357,3.2,4.0,0.0,1.0889,3.2452
1358,4.5,10.0,0.0,1.5835,3.2503
1359,4.1,7.0,0.0,1.3785,3.1389
1360,3.6,7.0,0.0,1.2114,3.2642
1361,3.9,6.0,0.0,1.299,3.156
1362,4.1,7.0,0.0,1.3485,3.2057
1363,4.0,6.0,0.0,1.3409,3.2317
1364,3.4,6.0,0.0,1.1487,3.1937
1365,2.9,5.0,0.0,1.0266,3.2343
1366,4.3,9.0,0.0,1.4675,3.1945
1367,4.0,5.0,0.0,1.2836,3.3961
1368,4.2,7.0,0.0,1.3964,3.3631
1369,5.2,14.0,0.0,1.8595,3.3727
1370,3.0,5.0,0.0,0.9885,3.346
1371,3.1,4.0,0.0,1.0157,3.3512
1372,4.1,8.0,0.0,1.3559,3.3333
1373,4.0,5.0,0.0,1.3625,3.3271
1374,3.5,5.0,0.0,1.1426,3.3235
1375,2.8,5.0,0.0,0.9656,3.3264
1376,4.0,6.0,0.0,1.2845,3.3608
1377,4.4,6.0,0.0,1.5239,3.3659
1378,5.3,12.0,0.0,1.7854,3.3929
1379,5.2,10.0,0.0,1.7138,3.4303
1380,4.5,6.0,0.0,1.4163,3.5163
1381,3.3,6.0,0.0,1.1269,3.1561
1382,3.2,7.0,0.0,1.1586,3.1265
1383,3.1,5.0,0.0,1.0301,3.2023
1384,4.3,6.0,0.0,1.3761,3.328
1385,3.1,9.0,0.0,1.1546,3.2547
1386,3.6,6.0,0.0,1.1615,3.3063
1387,4.9,9.0,0.0,1.578,3.3117
1388,5.6,10.0,0.0,1.8433,3.3197
1389,5.8,9.0,0.0,1.8626,3.3915
1390,3.9,7.0,0.0,1.3077,3.3866
1391,5.3,10.0,0.0,1.7292,3.3426
1392,4.4,9.0,0.0,1.5169,3.3139
1393,5.7,9.0,0.0,1.8279,3.3761
1394,5.1,9.0,0.0,1.681,3.3351
1395,4.4,7.0,0.0,1.4531,3.3255
1396,3.9,6.0,0.0,1.3185,3.3047
1397,5.0,7.0,0.0,1.5981,3.3219
1398,4.1,5.0,0.0,1.3534,3.3794
1399,5.3,9.0,0.0,1.7883,3.3916
1400,4.5,7.0,0.0,1.4091,3.4025
1401,6.7,10.0,0.0,2.1372,3.3728
1402,9.2,12.0,0.0,2.7589,3.4648
1403,7.2,11.0,0.0,2.2302,3.5185
1404,6.7,9.0,0.0,2.0895,3.5581
1405,7.8,14.0,0.0,2.5826,3.3969
1406,5.5,10.0,0.0,1.7463,3.3918
1407,7.0,12.0,0.0,2.2364,3.5192
1408,6.9,10.0,0.0,2.1048,3.4708
1409,5.9,8.0,0.0,1.8621,3.4421
1410,8.2,14.0,0.0,2.5862,3.6082
1411,6.7,11.0,0.0,2.186,3.5866
1412,7.2,15.0,0.0,2.3369,3.5218
1413,8.1,13.0,0.0,2.5467,3.6919
1414,5.6,9.0,0.0,1.8193,3.529
1415,5.6,7.0,0.0,1.8344,3.4964
1416,4.2,6.0,0.0,1.3834,3.3763
1417,5.7,9.0,0.0,1.7871,3.3921
1418,5.4,9.0,0.0,1.6993,3.4166
1419,4.1,6.0,0.0,1.294,3.3111
1420,5.0,6.0,0.0,1.5575,3.3196
1421,4.8,8.0,0.0,1.5381,3.2887
1422,4.5,7.0,0.0,1.5064,3.4574
1423,4.0,6.0,0.0,1.2997,3.3868
1424,4.0,6.0,0.0,1.3027,3.527
1425,4.5,10.0,0.0,1.5303,3.5471
1426,4.6,8.0,0.0,1.5511,3.4595
1427,5.7,8.0,0.0,1.8733,3.4957
1428,5.0,8.0,0.0,1.6332,3.4582
1429,3.9,6.0,0.0,1.2767,3.4347
1430,4.7,6.0,0.0,1.479,3.3788
1431,4.8,7.0,0.0,1.5446,3.3831
1432,4.6,8.0,0.0,1.5264,3.4133
1433,4.3,6.0,0.0,1.3793,3.3262
1434,5.1,8.0,0.0,1.5855,3.336
1435,4.0,6.0,0.0,1.3225,3.3737
1436,4.7,10.0,0.0,1.634,3.2906
1437,3.6,5.0,0.0,1.1832,3.3262
1438,4.5,8.0,0.0,1.4961,3.3314
1439,4.1,5.0,0.0,1.3908,3.3768
1440,4.3,7.0,0.0,1.4329,3.3045
1441,4.1,6.0,0.0,1.3793,3.3347
1442,4.7,7.0,0.0,1.4906,3.3956
1443,3.8,5.0,0.0,1.241,3.282
1444,4.8,7.0,0.0,1.5493,3.3536
1445,3.3,7.0,0.0,1.1371,3.2961
1446,3.3,4.0,0.0,1.0909,3.2861
1447,4.1,6.0,0.0,1.3192,3.2965
1448,4.9,6.0,0.0,1.5354,3.3756
1449,6.2,9.0,0.0,1.9067,3.4203
1450,4.4,6.0,0.0,1.4233,3.3258
1451,3.5,6.0,0.0,1.275,3.3194
1452,4.1,7.0,0.0,1.3165,3.2839
1453,4.0,7.0,0.0,1.3295,3.3017
1454,5.3,13.0,0.0,1.8648,3.485
1455,3.5,5.0,0.0,1.2124,3.1993
1456,4.2,8.0,0.0,1.4207,3.3071
1457,5.2,10.0,0.0,1.7713,3.2603
1458,6.0,11.0,0.0,1.9852,3.1706
1459,5.0,13.0,0.0,1.7514,3.1758
1460,5.5,13.0,0.0,1.8574,3.1968
1461,4.3,8.0,0.0,1.4207,3.3034
1462,3.9,6.0,0.0,1.2306,3.3504
1463,4.4,9.0,0.0,1.513,3.2613
1464,4.0,6.0,0.0,1.2922,3.2571
1465,3.3,6.0,0.0,1.0962,3.2471
1466,3.7,6.0,0.0,1.2137,3.2813
1467,3.6,5.0,0.0,1.1738,3.2518
1468,4.4,7.0,0.0,1.4261,3.2744
1469,4.2,8.0,0.0,1.4287,3.2801
1470,4.8,7.0,0.0,1.5166,3.3348
1471,4.1,6.0,0.0,1.334,3.2806
1472,6.4,14.0,0.0,2.1089,3.4311
1473,5.6,10.0,0.0,1.8138,3.4035
1474,6.9,13.0,0.0,2.3233,3.5411
1475,4.8,7.0,0.0,1.5525,3.522
1476,7.5,13.0,0.0,2.4372,3.6253
1477,7.8,11.0,0.0,2.5246,3.5397
1478,4.9,7.0,0.0,1.5937,3.4294
1479,5.9,9.0,0.0,1.8269,3.456
1480,4.0,7.0,0.0,1.2814,3.358
1481,5.4,10.0,0.0,1.7871,3.3727
1482,4.0,6.0,0.0,1.306,3.3425
1483,7.0,10.0,0.0,2.2226,3.5816
1484,4.9,8.0,0.0,1.6219,3.4781
1485,5.4,10.0,0.0,1.7892,3.4485
1486,5.1,9.0,0.0,1.6542,3.3328
1487,4.8,9.0,0.0,1.5906,3.2859
1488,4.5,6.0,0.0,1.456,3.3014
1489,4.0,5.0,0.0,1.2888,3.2001
1490,4.1,6.0,0.0,1.3674,3.2471
1491,5.5,14.0,0.0,1.9354,3.3138
1492,5.7,13.0,0.0,1.9186,3.3514
1493,4.0,6.0,0.0,1.334,3.3324
1494,3.8,6.0,0.0,1.2782,3.2907
1495,4.0,6.0,0.0,1.3037,3.2947
1496,4.2,8.0,0.0,1.4119,3.2533
1497,2.9,5.0,0.0,1.0332,3.2713
1498,4.5,6.0,0.0,1.482,3.2696
1499,4.7,8.0,0.0,1.6051,3.2433
1500,3.8,6.0,0.0,1.2542,3.2436
1501,4.9,8.0,0.0,1.6024,3.2459
1502,3.8,8.0,0.0,1.3015,3.2423
1503,4.0,8.0,0.0,1.3541,3.205
1504,4.8,8.0,0.0,1.5167,3.2168
1505,3.4,5.0,0.0,1.1032,3.2385
1506,3.9,8.0,0.0,1.3465,3.2058
1507,4.1,9.0,0.0,1.4627,3.159
1508,3.4,4.0,0.0,1.1476,3.121
1509,3.5,5.0,0.0,1.1755,3.1781
1510,3.6,5.0,0.0,1.178,3.2463
1511,4.7,8.0,0.0,1.5226,3.2934
1512,3.5,6.0,0.0,1.1626,3.3086
1513,4.5,10.0,0.0,1.5898,3.2856
1514,3.9,8.0,0.0,1.3592,3.2663
1515,4.7,9.0,0.0,1.583,3.333
1516,4.9,8.0,0.0,1.5939,3.394
1517,4.3,9.0,0.0,1.4906,3.3261
1518,5.4,11.0,0.0,1.7923,3.3159
1519,4.0,8.0,0.0,1.3219,3.3455
1520,4.0,5.0,0.0,1.3229,3.3909
1521,4.2,6.0,0.0,1.337,3.3756
1522,6.0,8.0,0.0,1.8632,3.3353
1523,4.3,6.0,0.0,1.3625,3.3734
1524,4.0,7.0,0.0,1.3759,3.3267
1525,4.7,6.0,0.0,1.466,3.3489
1526,4.1,7.0,0.0,1.3977,3.3011
1527,3.4,4.0,0.0,1.1108,3.3388
1528,5.0,8.0,0.0,1.6237,3.2908
1529,4.3,9.0,0.0,1.4691,3.3053
1530,5.3,12.0,0.0,1.8014,3.4184
1531,5.0,8.0,0.0,1.6423,3.3554
1532,4.4,8.0,0.0,1.4174,3.2574
1533,3.6,5.0,0.0,1.1825,3.2667
1534,4.2,7.0,0.0,1.4104,3.3262
1535,5.2,8.0,0.0,1.6776,3.2999
1536,4.7,8.0,0.0,1.5457,3.3437
1537,5.1,7.0,0.0,1.6588,3.3208
1538,4.1,6.0,0.0,1.3601,3.2529
1539,5.2,9.0,0.0,1.7439,3.367
1540,6.0,10.0,0.0,1.9652,3.3776
1541,5.9,10.0,0.0,1.9193,3.3053
1542,4.4,7.0,0.0,1.4007,3.2639
1543,4.2,6.0,0.0,1.4186,3.3475
1544,4.7,8.0,0.0,1.546,3.3242
1545,5.8,10.0,0.0,1.8431,3.4315
1546,4.6,7.0,0.0,1.5787,3.3411
1547,4.0,7.0,0.0,1.3638,3.4513
1548,4.3,6.0,0.0,1.3987,3.3804
1549,4.2,5.0,0.0,1.3747,3.3927
1550,3.4,6.0,0.0,1.148,3.3117
1551,4.7,9.0,0.0,1.5196,3.3695
1552,5.4,11.0,0.0,1.7304,3.3485
1553,4.2,6.0,0.0,1.373,3.3224
1554,3.8,7.0,0.0,1.2806,3.2483
1555,5.4,8.0,0.0,1.7342,3.3867
1556,3.5,4.0,0.0,1.2301,3.3308
1557,4.9,6.0,0.0,1.6092,3.4128
1558,4.8,6.0,0.0,1.518,3.3495
1559,4.7,7.0,0.0,1.4716,3.2687
1560,4.0,6.0,0.0,1.2919,3.2902
1561,4.1,6.0,0.0,1.3394,3.2534
1562,4.5,6.0,0.0,1.4303,3.2864
1563,5.0,10.0,0.0,1.6469,3.2884
1564,4.7,8.0,0.0,1.542,3.2779
1565,4.3,8.0,0.0,1.4345,3.1495
1566,5.2,7.0,0.0,1.6314,3.2394
1567,4.1,9.0,0.0,1.4073,3.1935
1568,4.6,6.0,0.0,1.5,3.2128
1569,4.7,6.0,0.0,1.4919,3.2422
1570,3.4,5.0,0.0,1.1315,3.2191
1571,3.7,5.0,0.0,1.1615,3.2045
1572,3.4,7.0,0.0,1.1563,3.1776
1573,4.2,7.0,0.0,1.3498,3.2346
1574,3.8,5.0,0.0,1.2327,3.22
1575,4.3,7.0,0.0,1.4048,3.2537
1576,3.6,4.0,0.0,1.184,3.2332
1577,4.6,7.0,0.0,1.4755,3.291
1578,3.3,5.0,0.0,1.0805,3.2378
1579,3.7,5.0,0.0,1.2359,3.2595
1580,5.1,7.0,0.0,1.6113,3.3414
1581,6.5,10.0,0.0,2.0274,3.4473
1582,5.3,11.0,0.0,1.7704,3.6193
1583,4.7,9.0,0.0,1.5351,3.4377
1584,5.1,7.0,0.0,1.6098,3.4533
1585,6.3,10.0,0.0,2.0257,3.5052
1586,6.2,11.0,0.0,1.9721,3.5008
1587,5.9,9.0,0.0,1.8557,3.6006
1588,7.0,14.0,0.0,2.2473,3.6082
1589,3.8,6.0,0.0,1.2779,3.3433
1590,4.8,8.0,0.0,1.5064,3.3887
1591,6.3,12.0,0.0,2.0619,3.3743
1592,5.1,7.0,0.0,1.6186,3.4397
1593,5.5,8.0,0.0,1.7668,3.5524
1594,3.9,7.0,0.0,1.3465,3.5028
1595,4.3,9.0,0.0,1.523,3.6073
1596,4.2,9.0,0.0,1.4058,3.5012
1597,5.3,9.0,0.0,1.6763,3.5345
1598,3.2,6.0,0.0,1.1032,3.3995
1599,4.2,6.0,0.0,1.3321,3.3979
1600,4.1,6.0,0.0,1.3855,3.403
1601,4.5,7.0,0.0,1.5296,3.5546
1602,5.6,11.0,0.0,1.8405,3.7177
1603,5.1,6.0,0.0,1.6292,3.4345
1604,3.3,4.0,0.0,1.0837,3.2937
1605,4.7,7.0,0.0,1.533,3.3626
1606,4.3,6.0,0.0,1.4,3.3625
1607,4.1,8.0,0.0,1.382,3.3469
1608,3.8,9.0,0.0,1.317,3.3377
1609,4.5,8.0,0.0,1.4594,3.3966
1610,4.4,10.0,0.0,1.5292,3.3291
1611,3.5,7.0,0.0,1.1988,3.256
1612,4.9,7.0,0.0,1.5516,3.3685
1613,5.7,8.0,0.0,1.8264,3.5182
1614,5.0,10.0,0.0,1.6756,3.5369
1615,5.9,10.0,0.0,1.8725,3.552
1616,6.8,24.0,0.0,2.7404,3.6456
1617,5.4,7.0,0.0,1.7176,3.6081
1618,5.9,11.0,0.0,1.8894,3.3902
1619,5.7,8.0,0.0,1.744,3.6
1620,5.7,8.0,0.0,1.7981,3.4777
1621,6.2,9.0,0.0,1.9981,3.6624
1622,5.7,9.0,0.0,1.8084,3.7823
1623,4.8,7.0,0.0,1.5243,3.6857
1624,4.5,6.0,0.0,1.463,3.4629
1625,5.1,7.0,0.0,1.6445,3.6683
1626,4.2,7.0,0.0,1.3785,3.6193
1627,4.3,6.0,0.0,1.4287,3.4571
1628,3.5,10.0,0.0,1.3119,3.4653
1629,4.0,5.0,0.0,1.2714,3.5691
1630,4.8,11.0,0.0,1.6377,3.5431
1631,4.7,8.0,0.0,1.5364,3.3714
1632,3.8,5.0,0.0,1.2689,3.2995
1633,4.1,8.0,0.0,1.3483,3.23
1634,4.5,6.0,0.0,1.4465,3.2383
1635,3.5,5.0,0.0,1.1578,3.3222
1636,4.0,6.0,0.0,1.296,3.2833
1637,3.3,4.0,0.0,1.1704,3.3393
1638,3.8,6.0,0.0,1.2922,3.3346
1639,4.7,10.0,0.0,1.5747,3.2748
1640,4.4,11.0,0.0,1.5256,3.2489
1641,4.0,6.0,0.0,1.3143,3.2898
1642,2.6,4.0,0.0,0.9149,3.236
1643,3.3,5.0,0.0,1.1304,3.3002
1644,3.9,6.0,0.0,1.2278,3.2886
1645,3.1,6.0,0.0,1.0989,3.2807
1646,2.9,5.0,0.0,1.0394,3.2744
1647,3.5,5.0,0.0,1.1465,3.2838
1648,3.7,6.0,0.0,1.1941,3.2456
1649,2.9,5.0,0.0,0.9734,3.2625
1650,4.8,9.0,0.0,1.5785,3.3468
1651,4.3,8.0,0.0,1.4035,3.3149
1652,4.2,6.0,0.0,1.3739,3.2783
1653,4.5,8.0,0.0,1.4831,3.3176
1654,3.8,5.0,0.0,1.2025,3.3262
1655,4.9,9.0,0.0,1.6882,3.3398
1656,5.1,8.0,0.0,1.6026,3.4072
1657,5.6,9.0,0.0,1.8351,3.4161
1658,5.1,8.0,0.0,1.651,3.3541
1659,5.0,9.0,0.0,1.6558,3.3584
1660,5.1,11.0,0.0,1.6895,3.2972
1661,4.2,6.0,0.0,1.3883,3.2017
1662,5.2,7.0,0.0,1.6437,3.2481
1663,5.3,9.0,0.0,1.721,3.225
1664,6.1,7.0,0.0,1.8736,3.3102
1665,5.0,7.0,0.0,1.6748,3.3457
1666,3.9,7.0,0.0,1.2669,3.2514
1667,5.7,10.0,0.0,1.7992,3.3258
1668,3.9,5.0,0.0,1.3109,3.3176
1669,5.3,9.0,0.0,1.6784,3.3826
1670,4.6,6.0,0.0,1.4517,3.347
1671,3.9,6.0,0.0,1.2568,3.2881
1672,7.5,13.0,0.0,2.3697,3.305
1673,3.8,7.0,0.0,1.2722,3.2772
1674,3.7,6.0,0.0,1.2643,3.2601
1675,4.3,6.0,0.0,1.4177,3.2645
1676,4.3,9.0,0.0,1.4454,3.3195
1677,4.2,7.0,0.0,1.3855,3.3086
1678,5.1,8.0,0.0,1.631,3.4274
1679,4.1,7.0,0.0,1.4098,3.568
1680,4.8,8.0,0.0,1.6485,3.5379
1681,5.4,8.0,0.0,1.7624,3.7503
1682,4.7,6.0,0.0,1.5068,3.6451
1683,5.7,11.0,0.0,1.8296,3.6493
1684,5.1,8.0,0.0,1.6713,3.5126
1685,4.0,6.0,0.0,1.3978,3.5684
1686,4.6,8.0,0.0,1.5329,3.4537
1687,4.0,5.0,0.0,1.3921,3.3481
1688,6.1,9.0,0.0,1.8613,3.4978
1689,5.9,8.0,0.0,1.8176,3.5878
1690,4.9,7.0,0.0,1.5855,3.6639
1691,5.0,8.0,0.0,1.5644,3.6354
1692,3.3,4.0,0.0,1.1487,3.365
1693,5.2,6.0,0.0,1.6225,3.5935
1694,3.5,5.0,0.0,1.1529,3.4026
1695,3.6,5.0,0.0,1.1634,3.6104
1696,4.3,5.0,0.0,1.399,3.6886
1697,4.1,6.0,0.0,1.3519,3.427
1698,5.5,20.0,0.0,2.313,3.4926
1699,3.9,6.0,0.0,1.2859,3.3411
1700,3.9,8.0,0.0,1.2961,3.3527
1701,4.8,6.0,0.0,1.5077,3.3906
1702,4.2,8.0,0.0,1.382,3.383
1703,4.5,9.0,0.0,1.4834,3.349
1704,4.5,7.0,0.0,1.4442,3.3518
1705,3.3,5.0,0.0,1.0927,3.3918
1706,4.2,8.0,0.0,1.3892,3.2953
1707,4.3,5.0,0.0,1.434,3.2858
1708,4.0,7.0,0.0,1.3177,3.3088
1709,4.5,7.0,0.0,1.5032,3.3663
1710,3.5,5.0,0.0,1.2021,3.3174
1711,4.1,7.0,0.0,1.3674,3.2944
1712,4.2,7.0,0.0,1.3877,3.358
1713,5.5,12.0,0.0,1.9057,3.3212
1714,4.4,6.0,0.0,1.4058,3.3604
1715,3.6,5.0,0.0,1.1916,3.292
1716,3.5,5.0,0.0,1.1634,3.2855
1717,4.2,10.0,0.0,1.4595,3.2974
1718,3.7,7.0,0.0,1.2247,3.3051
1719,3.9,7.0,0.0,1.2835,3.2782
1720,3.9,8.0,0.0,1.3361,3.2851
1721,4.6,8.0,0.0,1.5406,3.3028
1722,3.7,4.0,0.0,1.2714,3.1125
1723,5.0,7.0,0.0,1.5961,3.183
1724,3.5,4.0,0.0,1.2592,3.1985
1725,4.0,7.0,0.0,1.299,3.2001
1726,3.1,4.0,0.0,1.0069,3.1591
1727,4.1,11.0,0.0,1.4863,3.2778
1728,4.6,7.0,0.0,1.4673,3.3638
1729,6.4,11.0,0.0,2.0489,3.3729
1730,7.1,20.0,0.0,2.5865,3.4157
1731,5.4,9.0,0.0,1.758,3.368
1732,3.8,5.0,0.0,1.3017,3.3234
1733,4.3,9.0,0.0,1.4481,3.3031
1734,4.9,8.0,0.0,1.5418,3.308
1735,4.7,9.0,0.0,1.5485,3.4116
1736,4.0,5.0,0.0,1.2961,3.2632
1737,3.6,7.0,0.0,1.2303,3.2829
1738,3.8,5.0,0.0,1.2219,3.2746
1739,4.1,7.0,0.0,1.4048,3.2447
1740,3.7,7.0,0.0,1.2246,3.2118
1741,3.4,5.0,0.0,1.1465,3.2066
1742,3.7,8.0,0.0,1.2706,3.2244
1743,3.3,5.0,0.0,1.1218,3.2337
1744,3.0,4.0,0.0,1.0037,3.2394
1745,4.0,6.0,0.0,1.2622,3.2374
1746,4.4,7.0,0.0,1.3994,3.24
1747,3.6,5.0,0.0,1.2206,3.2183
1748,4.3,6.0,0.0,1.3675,3.2226
1749,3.4,4.0,0.0,1.1461,3.1908
1750,4.8,10.0,0.0,1.6912,3.2147
1751,4.0,7.0,0.0,1.3618,3.3404
1752,4.3,11.0,0.0,1.5416,3.2259
1753,3.8,6.0,0.0,1.2689,3.1994
1754,3.4,5.0,0.0,1.105,3.1731
1755,4.3,8.0,0.0,1.4205,3.257
1756,3.9,6.0,0.0,1.2764,3.1995
1757,3.6,5.0,0.0,1.1741,3.2138
1758,3.9,6.0,0.0,1.2808,3.2186
1759,3.9,5.0,0.0,1.2449,3.2161
1760,5.5,17.0,0.0,2.0899,3.2957
1761,3.7,5.0,0.0,1.241,3.2924
1762,3.4,4.0,0.0,1.14,3.3232
1763,4.5,7.0,0.0,1.4655,3.2842
1764,4.6,9.0,0.0,1.5452,3.1396
1765,3.4,4.0,0.0,1.1336,3.2028
1766,5.8,13.0,0.0,2.0994,3.2212
1767,4.2,8.0,0.0,1.4992,3.2351
1768,3.7,5.0,0.0,1.2038,3.3991
1769,4.2,9.0,0.0,1.3851,3.3843
1770,3.3,4.0,0.0,1.1233,3.223
1771,4.6,12.0,0.0,1.635,3.3165
1772,4.8,11.0,0.0,1.5968,3.2827
1773,4.7,6.0,0.0,1.4791,3.1901
1774,3.1,6.0,0.0,1.0927,3.1854
1775,4.2,6.0,0.0,1.3528,3.2079
1776,3.6,5.0,0.0,1.141,3.2151
1777,3.6,6.0,0.0,1.2121,3.2017
1778,4.0,6.0,0.0,1.2669,3.1915
1779,3.5,4.0,0.0,1.1854,3.1873
1780,4.5,8.0,0.0,1.4798,3.1853
1781,3.5,5.0,0.0,1.1532,3.2096
1782,3.9,9.0,0.0,1.4004,3.2469
1783,3.8,7.0,0.0,1.2805,3.1873
1784,4.0,6.0,0.0,1.3,3.1653
1785,3.5,6.0,0.0,1.2384,3.207
1786,4.1,5.0,0.0,1.3006,3.1981
1787,4.8,14.0,0.0,1.7827,3.2084
1788,4.8,7.0,0.0,1.5167,3.25
1789,3.7,7.0,0.0,1.2107,3.2049
1790,3.6,6.0,0.0,1.18,3.2344
1791,3.6,7.0,0.0,1.2376,3.3055
1792,4.0,6.0,0.0,1.3242,3.1797
1793,3.3,6.0,0.0,1.1347,3.1841
1794,3.7,7.0,0.0,1.232,3.2326
1795,4.3,8.0,0.0,1.382,3.2705
1796,4.6,6.0,0.0,1.4888,3.2517
1797,3.8,6.0,0.0,1.2579,3.3387
1798,3.6,6.0,0.0,1.2025,3.2245
1799,4.0,5.0,0.0,1.2913,3.1725
1800,3.2,5.0,0.0,1.0941,3.4503
1801,3.4,5.0,0.0,1.1918,3.203
1802,4.3,6.0,0.0,1.4036,3.1418
1803,3.6,7.0,0.0,1.2252,3.2448
1804,4.8,7.0,0.0,1.5506,3.2445
1805,3.7,5.0,0.0,1.1864,3.2518
1806,4.3,6.0,0.0,1.3764,3.2555
1807,4.6,8.0,0.0,1.51,3.2467
1808,5.9,9.0,0.0,1.826,3.291
1809,3.8,8.0,0.0,1.287,3.2249
1810,3.6,6.0,0.0,1.1856,3.2063
1811,4.7,7.0,0.0,1.4925,3.2619
1812,4.3,5.0,0.0,1.3519,3.2665
1813,3.5,6.0,0.0,1.1965,3.2543
1814,3.7,7.0,0.0,1.2104,3.304
1815,4.0,6.0,0.0,1.3376,3.2925
1816,4.2,10.0,0.0,1.4605,3.2998
1817,3.5,5.0,0.0,1.1358,3.2747
1818,4.5,6.0,0.0,1.4765,3.2467
1819,4.1,7.0,0.0,1.4462,3.3158
1820,3.6,6.0,0.0,1.2124,3.2906
1821,3.7,5.0,0.0,1.2,3.2914
1822,4.2,8.0,0.0,1.3964,3.3457
1823,3.5,6.0,0.0,1.1749,3.3924
1824,4.3,7.0,0.0,1.395,3.5044
1825,4.4,6.0,0.0,1.4351,3.333
1826,5.0,8.0,0.0,1.6129,3.2725
1827,4.1,7.0,0.0,1.3572,3.4159
1828,3.7,5.0,0.0,1.1789,3.3485
1829,4.0,8.0,0.0,1.3286,3.4069
1830,3.9,7.0,0.0,1.2922,3.3338
1831,3.8,11.0,0.0,1.4136,3.4541
1832,4.8,9.0,0.0,1.6031,3.2757
1833,4.7,7.0,0.0,1.5366,3.3103
1834,4.9,10.0,0.0,1.6064,3.3573
1835,3.5,5.0,0.0,1.1319,3.3553
1836,3.2,7.0,0.0,1.1007,3.4058
1837,5.7,9.0,0.0,1.8071,3.4169
1838,4.1,11.0,0.0,1.4714,3.3859
1839,3.0,4.0,0.0,0.9767,3.2735
1840,3.6,8.0,0.0,1.2703,3.2237
1841,3.9,7.0,0.0,1.2937,3.264
1842,4.2,6.0,0.0,1.347,3.2608
1843,4.0,6.0,0.0,1.3107,3.2507
1844,3.8,6.0,0.0,1.2278,3.2705
1845,3.8,5.0,0.0,1.2359,3.3098
1846,4.1,5.0,0.0,1.3185,3.3291
1847,4.1,6.0,0.0,1.304,3.3101
1848,3.7,5.0,0.0,1.2714,3.3136
1849,3.7,6.0,0.0,1.1723,3.3536
1850,4.4,7.0,0.0,1.4531,3.3135
1851,4.6,8.0,0.0,1.5141,3.3237
1852,5.0,7.0,0.0,1.6389,3.3118
1853,5.1,7.0,0.0,1.6376,3.3224
1854,6.5,10.0,0.0,2.0606,3.4071
1855,6.3,9.0,0.0,2.033,3.5099
1856,6.0,11.0,0.0,1.9761,3.5202
1857,6.4,12.0,0.0,2.0225,3.5775
1858,8.6,17.0,0.0,2.8727,3.586
1859,8.7,14.0,0.0,2.7112,3.57
1860,7.9,15.0,0.0,2.6287,3.4978
1861,6.5,9.0,0.0,2.1024,3.5539
1862,8.7,17.0,0.0,2.8298,3.6325
1863,8.3,18.0,0.0,2.7439,3.4938
1864,6.4,10.0,0.0,2.0001,3.4892
1865,5.0,6.0,0.0,1.6756,3.4782
1866,4.9,8.0,0.0,1.5647,3.4006
1867,4.9,12.0,0.0,1.6993,3.2892
1868,5.9,7.0,0.0,1.9363,3.3475
1869,6.3,11.0,0.0,2.0081,3.294
1870,7.2,15.0,0.0,2.386,3.5605
1871,7.9,16.0,0.0,2.6226,3.5206
1872,5.4,13.0,0.0,1.8661,3.4115
1873,5.6,10.0,0.0,1.8974,3.4762
1874,6.8,9.0,0.0,2.098,3.5423
1875,6.6,9.0,0.0,2.0446,3.5452
1876,4.6,6.0,0.0,1.5521,3.4252
1877,5.6,10.0,0.0,1.8209,3.4375
1878,5.0,9.0,0.0,1.7107,3.3889
1879,5.3,8.0,0.0,1.6679,3.4123
1880,6.5,13.0,0.0,2.1719,3.4336
1881,4.4,8.0,0.0,1.4663,3.3852
1882,4.8,7.0,0.0,1.558,3.3465
1883,4.8,6.0,0.0,1.4858,3.3303
1884,5.3,8.0,0.0,1.6703,3.3581
1885,4.9,7.0,0.0,1.597,3.325
1886,4.4,8.0,0.0,1.5407,3.2982
1887,5.0,7.0,0.0,1.5878,3.3913
1888,4.7,7.0,0.0,1.5196,3.3599
1889,5.0,8.0,0.0,1.6049,3.3254
1890,7.1,12.0,0.0,2.2539,3.4435
1891,5.2,9.0,0.0,1.6844,3.288
1892,6.5,9.0,0.0,2.0526,3.4994
1893,7.3,13.0,0.0,2.3511,3.521
1894,6.0,11.0,0.0,1.9884,3.5927
1895,6.2,11.0,0.0,1.9939,3.5894
1896,5.0,9.0,0.0,1.6296,3.4114
1897,4.5,7.0,0.0,1.4562,3.4037
1898,4.9,8.0,0.0,1.5529,3.4395
1899,5.3,9.0,0.0,1.7169,3.3038
1900,3.4,4.0,0.0,1.1144,3.3101
1901,4.2,7.0,0.0,1.4047,3.3283
1902,3.7,7.0,0.0,1.2657,3.365
1903,3.5,5.0,0.0,1.1803,3.38
1904,3.8,5.0,0.0,1.2074,3.3663
1905,3.5,5.0,0.0,1.1491,3.3244
1906,4.3,7.0,0.0,1.405,3.4056
1907,3.8,5.0,0.0,1.253,3.3821
1908,4.1,6.0,0.0,1.3415,3.3459
1909,5.4,7.0,0.0,1.7972,3.3524
1910,4.1,6.0,0.0,1.351,3.3148
1911,4.4,7.0,0.0,1.4798,3.4059
1912,4.7,9.0,0.0,1.5406,3.3407
1913,4.4,8.0,0.0,1.416,3.2749
1914,3.9,6.0,0.0,1.2922,3.3468
1915,5.0,11.0,0.0,1.6867,3.2655
1916,5.9,11.0,0.0,1.8564,3.2846
1917,4.4,8.0,0.0,1.5059,3.3649
1918,4.9,8.0,0.0,1.5911,3.3462
1919,4.0,6.0,0.0,1.2722,3.2999
1920,3.0,4.0,0.0,1.0235,3.279
1921,4.4,7.0,0.0,1.4248,3.2973
1922,4.9,9.0,0.0,1.6264,3.3706
1923,4.0,6.0,0.0,1.3143,3.437
1924,7.0,12.0,0.0,2.2333,3.4313
1925,5.6,9.0,0.0,1.7797,3.4309
1926,6.6,10.0,0.0,2.1364,3.4834
1927,7.1,10.0,0.0,2.2138,3.3979
1928,4.7,7.0,0.0,1.5079,3.3694
1929,6.1,19.0,0.0,2.3327,3.439
1930,4.5,7.0,0.0,1.5013,3.3301
1931,5.6,11.0,0.0,1.8303,3.3492
1932,3.8,7.0,0.0,1.2653,3.3059
1933,5.0,7.0,0.0,1.653,3.4106
1934,5.6,8.0,0.0,1.8325,3.4378
1935,5.8,8.0,0.0,1.866,3.4544
1936,4.4,7.0,0.0,1.4421,3.3534
1937,5.1,6.0,0.0,1.6216,3.4479
1938,8.0,12.0,0.0,2.5309,3.515
1939,5.3,7.0,0.0,1.7507,3.3017
1940,6.3,9.0,0.0,1.9462,3.4093
1941,4.8,6.0,0.0,1.5048,3.4128
1942,5.0,7.0,0.0,1.5724,3.2813
1943,5.1,7.0,0.0,1.6462,3.4237
1944,4.5,6.0,0.0,1.4701,3.3729
1945,4.3,7.0,0.0,1.3906,3.4409
1946,6.7,10.0,0.0,2.1136,3.5489
1947,5.5,9.0,0.0,1.7657,3.4855
1948,6.1,9.0,0.0,1.9601,3.5529
1949,6.4,9.0,0.0,2.0616,3.5027
1950,8.0,12.0,0.0,2.4905,3.6759
1951,6.1,9.0,0.0,1.9767,3.4465
1952,6.7,10.0,0.0,2.1274,3.4055
1953,5.9,10.0,0.0,1.9515,3.5188
1954,5.0,11.0,0.0,1.6893,3.5224
1955,6.6,11.0,0.0,2.0463,3.495
1956,5.4,9.0,0.0,1.7498,3.4288
1957,6.4,9.0,0.0,2.0702,3.5924
1958,7.9,16.0,0.0,2.6114,3.5562
1959,4.4,10.0,0.0,1.5652,3.4165
1960,8.3,14.0,0.0,2.5475,3.5491
1961,5.5,8.0,0.0,1.7331,3.5488
1962,5.6,9.0,0.0,1.8521,3.7336
1963,5.5,9.0,0.0,1.8682,3.6006
1964,4.8,8.0,0.0,1.5853,3.4692
1965,4.0,5.0,0.0,1.3574,3.3484
1966,4.2,6.0,0.0,1.3625,3.4711
1967,6.0,13.0,0.0,2.0069,3.4947
1968,5.8,9.0,0.0,1.8169,3.4655
1969,4.4,7.0,0.0,1.4239,3.5069
1970,3.7,5.0,0.0,1.2038,3.5656
1971,4.9,8.0,0.0,1.6078,3.5008
1972,4.4,8.0,0.0,1.4486,3.4392
1973,5.5,9.0,0.0,1.7619,3.6605
1974,5.0,7.0,0.0,1.6332,3.4345
1975,6.2,12.0,0.0,2.0372,3.5629
1976,6.9,17.0,0.0,2.37,3.5488
1977,5.0,8.0,0.0,1.6462,3.5752
1978,4.9,10.0,0.0,1.6313,3.4133
1979,5.4,10.0,0.0,1.7732,3.4921
1980,4.9,7.0,0.0,1.5448,3.5559
1981,4.5,8.0,0.0,1.4498,3.4153
1982,4.9,10.0,0.0,1.6553,3.5336
1983,5.1,10.0,0.0,1.6799,3.3985
1984,5.5,9.0,0.0,1.7457,3.3955
1985,4.3,6.0,0.0,1.345,3.419
1986,5.3,8.0,0.0,1.7358,3.4857
1987,3.4,5.0,0.0,1.1307,3.377
1988,5.5,9.0,0.0,1.7925,3.4304
1989,4.4,7.0,0.0,1.4918,3.3693
1990,4.7,9.0,0.0,1.5534,3.3646
1991,4.5,6.0,0.0,1.4359,3.5379
1992,5.1,7.0,0.0,1.6506,3.7513
1993,5.6,8.0,0.0,1.772,3.8064
1994,5.1,7.0,0.0,1.5905,3.5805
1995,4.3,7.0,0.0,1.4239,3.2699
1996,5.9,10.0,0.0,1.8926,3.2302
1997,4.6,6.0,0.0,1.4354,3.2972
1998,4.1,6.0,0.0,1.364,3.3288
1999,4.2,6.0,0.0,1.4107,3.4263
2000,4.8,8.0,0.0,1.6227,3.4208
2001,5.5,9.0,0.0,1.7809,3.3495
2002,6.3,8.0,0.0,2.0118,3.5308
2003,5.7,10.0,0.0,1.8498,3.6282
2004,5.3,10.0,0.0,1.7277,3.3559
2005,3.7,6.0,0.0,1.2124,3.2655
2006,5.8,8.0,0.0,1.7899,3.3921
2007,5.0,9.0,0.0,1.614,3.3247
2008,5.3,11.0,0.0,1.7509,3.4089
2009,4.0,5.0,0.0,1.3219,3.4153
2010,5.6,12.0,0.0,1.8683,3.3709
2011,4.6,8.0,0.0,1.5239,3.3857
2012,5.1,8.0,0.0,1.6363,3.4628
2013,4.8,8.0,0.0,1.5747,3.3532
2014,4.7,6.0,0.0,1.5322,3.3433
2015,5.1,9.0,0.0,1.6352,3.3299
2016,4.3,7.0,0.0,1.4248,3.3916
2017,3.2,5.0,0.0,1.0735,3.2879
2018,4.6,8.0,0.0,1.5035,3.29
2019,4.0,4.0,0.0,1.3219,3.351
2020,4.2,7.0,0.0,1.3831,3.3594
2021,3.3,4.0,0.0,1.1158,3.3236
2022,5.2,7.0,0.0,1.681,3.2871
2023,4.8,8.0,0.0,1.5876,3.2991
2024,3.9,6.0,0.0,1.245,3.3934
2025,3.1,5.0,0.0,1.0686,3.3205
2026,3.5,6.0,0.0,1.2164,3.3191
2027,4.0,7.0,0.0,1.3058,3.3258
2028,4.2,6.0,0.0,1.3274,3.2784
2029,3.6,6.0,0.0,1.1749,3.3133
2030,4.7,6.0,0.0,1.5225,3.3601
2031,5.5,9.0,0.0,1.7576,3.3193
2032,4.3,7.0,0.0,1.4231,3.3335
2033,4.0,7.0,0.0,1.2981,3.2815
2034,5.9,11.0,0.0,1.9136,3.3926
2035,5.4,9.0,0.0,1.7505,3.2926
2036,4.1,7.0,0.0,1.3143,3.2862
2037,4.0,6.0,0.0,1.3583,3.2584
2038,4.3,6.0,0.0,1.3593,3.3049
2039,4.6,9.0,0.0,1.5209,3.2371
2040,5.1,8.0,0.0,1.5898,3.3214
2041,5.3,9.0,0.0,1.7301,3.2518
2042,4.2,7.0,0.0,1.3739,3.2693
2043,4.9,7.0,0.0,1.533,3.1677
2044,3.8,5.0,0.0,1.2411,3.245
2045,3.9,6.0,0.0,1.2512,3.2481
2046,4.4,7.0,0.0,1.4403,3.2666
2047,4.2,6.0,0.0,1.3569,3.2336
2048,4.3,6.0,0.0,1.4219,3.2665
2049,4.6,6.0,0.0,1.5362,3.2589
2050,3.9,6.0,0.0,1.3,3.2452
2051,3.9,10.0,0.0,1.3803,3.2417
2052,4.5,10.0,0.0,1.5491,3.2586
2053,4.4,9.0,0.0,1.5351,3.2596
2054,3.9,6.0,0.0,1.253,3.2782
2055,3.4,5.0,0.0,1.1803,3.2571
2056,4.0,8.0,0.0,1.3336,3.2822
2057,3.3,5.0,0.0,1.1374,3.288
2058,3.5,7.0,0.0,1.2,3.2465
2059,4.7,10.0,0.0,1.5573,3.2426
2060,3.5,7.0,0.0,1.1988,3.2514
2061,4.2,7.0,0.0,1.4119,3.2629
2062,3.8,7.0,0.0,1.2382,3.2342
2063,5.5,13.0,0.0,1.8554,3.2568
2064,4.6,9.0,0.0,1.558,3.2409
2065,4.8,7.0,0.0,1.5132,3.2602
2066,4.4,8.0,0.0,1.4627,3.2081
2067,4.4,6.0,0.0,1.3994,3.1121
2068,4.0,10.0,0.0,1.479,3.1243
2069,3.5,5.0,0.0,1.1365,3.1493
2070,3.7,5.0,0.0,1.2384,3.1466
2071,4.0,6.0,0.0,1.3342,3.1412
2072,3.9,5.0,0.0,1.2411,3.1465
2073,3.4,5.0,0.0,1.0853,3.1783
2074,4.7,8.0,0.0,1.5256,3.1589
2075,4.0,6.0,0.0,1.2714,3.1459
2076,4.5,7.0,0.0,1.4211,3.1337
2077,3.4,5.0,0.0,1.108,3.1482
2078,3.8,8.0,0.0,1.2826,3.1848
2079,3.7,6.0,0.0,1.2246,3.1601
2080,4.0,6.0,0.0,1.2961,3.1427
2081,3.8,6.0,0.0,1.2561,3.1829
2082,4.0,6.0,0.0,1.3566,3.1433
2083,3.4,4.0,0.0,1.1176,3.1641
2084,4.0,6.0,0.0,1.3,3.144
2085,5.0,9.0,0.0,1.6388,3.1768
2086,5.4,11.0,0.0,1.7909,3.1913
2087,4.1,5.0,0.0,1.303,3.2461
2088,3.9,9.0,0.0,1.3351,3.2244
2089,4.0,6.0,0.0,1.3189,3.3752
2090,4.5,7.0,0.0,1.4743,3.305
2091,3.9,5.0,0.0,1.2278,3.2766
2092,2.8,6.0,0.0,0.9701,3.1782
2093,3.4,6.0,0.0,1.1619,3.1776
2094,3.8,5.0,0.0,1.2748,3.2583
2095,4.4,6.0,0.0,1.4984,3.5146
2096,3.5,5.0,0.0,1.2021,3.2804
2097,4.4,8.0,0.0,1.4422,3.2876
2098,4.6,8.0,0.0,1.5353,3.2176
2099,4.1,7.0,0.0,1.3674,3.194
2100,3.4,5.0,0.0,1.1225,3.3148
2101,4.3,7.0,0.0,1.4239,3.2528
2102,5.5,10.0,0.0,1.8028,3.4239
2103,4.9,9.0,0.0,1.5898,3.4137
2104,6.3,11.0,0.0,2.01,3.664
2105,4.8,8.0,0.0,1.588,3.4446
2106,4.4,6.0,0.0,1.4162,3.3942
2107,4.0,7.0,0.0,1.3406,3.3847
2108,4.9,6.0,0.0,1.5916,3.4093
2109,3.6,5.0,0.0,1.2672,3.3926
2110,5.7,8.0,0.0,1.7624,3.34
2111,5.0,7.0,0.0,1.5288,3.4149
2112,4.1,6.0,0.0,1.3418,3.3596
2113,4.4,10.0,0.0,1.529,3.5955
2114,4.6,6.0,0.0,1.4228,3.587
2115,4.8,6.0,0.0,1.4723,3.4458
2116,5.0,10.0,0.0,1.6919,3.557
2117,4.5,7.0,0.0,1.4946,3.3632
2118,3.7,6.0,0.0,1.2057,3.2869
2119,3.3,4.0,0.0,1.0853,3.3965
2120,3.4,5.0,0.0,1.1476,3.4354
2121,4.3,6.0,0.0,1.3904,3.4484
2122,4.1,6.0,0.0,1.3435,3.404
2123,4.2,6.0,0.0,1.3672,3.4305
2124,4.1,7.0,0.0,1.3715,3.3823
2125,4.0,5.0,0.0,1.2859,3.3654
2126,2.8,4.0,0.0,0.9348,3.3583
2127,2.8,6.0,0.0,1.0255,3.4112
2128,4.3,7.0,0.0,1.4047,3.4477
2129,3.7,5.0,0.0,1.2083,3.4372
2130,4.2,6.0,0.0,1.3718,3.4017
2131,3.3,6.0,0.0,1.1347,3.3839
2132,4.9,8.0,0.0,1.5362,3.4466
2133,5.7,9.0,0.0,1.8121,3.5975
2134,6.6,9.0,0.0,2.0503,3.6897
2135,7.8,13.0,0.0,2.3643,3.7552
2136,5.1,6.0,0.0,1.6067,3.463
2137,4.8,7.0,0.0,1.5309,3.4926
2138,5.3,8.0,0.0,1.6986,3.4348
2139,5.4,11.0,0.0,1.7157,3.4876
2140,5.5,9.0,0.0,1.7044,3.4139
2141,6.0,7.0,0.0,1.8924,3.3999
2142,4.9,8.0,0.0,1.558,3.4054
2143,5.7,12.0,0.0,1.8862,3.4982
2144,6.1,9.0,0.0,1.8941,3.4943
2145,6.3,12.0,0.0,2.0512,3.5856
2146,6.5,10.0,0.0,1.9882,3.5819
2147,5.8,8.0,0.0,1.8733,3.4686
2148,5.1,8.0,0.0,1.6756,3.4129
2149,5.8,11.0,0.0,1.9147,3.6031
2150,4.5,8.0,0.0,1.4318,3.5066
2151,5.3,6.0,0.0,1.6321,3.4181
2152,5.2,11.0,0.0,1.8136,3.3792
2153,4.9,7.0,0.0,1.6081,3.3858
2154,4.3,7.0,0.0,1.3811,3.3569
2155,4.7,6.0,0.0,1.5519,3.411
2156,4.0,7.0,0.0,1.3542,3.3448
2157,4.6,7.0,0.0,1.4595,3.3632
2158,3.2,5.0,0.0,1.0618,3.337
2159,4.6,6.0,0.0,1.4578,3.3472
2160,4.9,9.0,0.0,1.6205,3.3669
2161,5.4,7.0,0.0,1.6746,3.3631
2162,4.6,8.0,0.0,1.5224,3.4008
2163,5.1,7.0,0.0,1.6578,3.4571
2164,6.8,10.0,0.0,2.1076,3.5113
2165,6.1,9.0,0.0,1.8465,3.4126
2166,7.0,13.0,0.0,2.1642,3.4437
2167,5.4,8.0,0.0,1.7226,3.51
2168,5.7,8.0,0.0,1.8003,3.4481
2169,4.4,7.0,0.0,1.5305,3.3837
2170,4.7,6.0,0.0,1.4852,3.4218
2171,4.5,6.0,0.0,1.4387,3.5119
2172,4.5,6.0,0.0,1.5119,3.4758
2173,4.9,9.0,0.0,1.6904,3.3932
2174,4.2,7.0,0.0,1.3104,3.4659
2175,4.6,6.0,0.0,1.4687,3.4281
2176,6.1,8.0,0.0,1.8567,3.5911
2177,6.0,10.0,0.0,1.9723,3.4194
2178,4.4,5.0,0.0,1.3811,3.3546
2179,5.3,8.0,0.0,1.6775,3.5682
2180,4.5,6.0,0.0,1.4457,3.4506
2181,6.2,9.0,0.0,1.9601,3.6179
2182,6.5,8.0,0.0,2.0785,3.797
2183,6.4,14.0,0.0,2.0874,3.599
2184,5.2,7.0,0.0,1.6793,3.5755
2185,6.1,10.0,0.0,1.9101,3.611
2186,6.1,9.0,0.0,1.9486,3.569
2187,4.9,7.0,0.0,1.619,3.564
2188,5.0,9.0,0.0,1.6485,3.4669
2189,4.0,7.0,0.0,1.3468,3.4653
2190,4.2,11.0,0.0,1.5081,3.3154
2191,4.0,6.0,0.0,1.2767,3.414
2192,4.3,9.0,0.0,1.4595,3.4398
2193,3.3,6.0,0.0,1.1304,3.3416
2194,3.5,5.0,0.0,1.1817,3.1952
2195,3.0,4.0,0.0,1.0235,3.2548
2196,4.1,6.0,0.0,1.3955,3.4902
2197,4.0,7.0,0.0,1.3477,3.4133
2198,4.3,6.0,0.0,1.4415,3.392
2199,6.6,9.0,0.0,2.0712,3.4973
2200,5.3,11.0,0.0,1.7371,3.4152
2201,6.0,9.0,0.0,1.9183,3.4428
2202,5.3,7.0,0.0,1.6508,3.4998
2203,5.5,10.0,0.0,1.7938,3.4937
2204,6.1,9.0,0.0,1.8788,3.4866
2205,5.7,9.0,0.0,1.7962,3.7162
2206,4.7,8.0,0.0,1.5524,3.5754
2207,5.8,15.0,0.0,2.0193,3.5297
2208,4.3,8.0,0.0,1.4333,3.4532
2209,5.3,9.0,0.0,1.6758,3.4445
2210,5.5,11.0,0.0,1.8442,3.4472
2211,4.1,6.0,0.0,1.3313,3.425
2212,6.4,19.0,0.0,2.3631,3.5741
2213,5.0,10.0,0.0,1.6566,3.5135
2214,4.1,7.0,0.0,1.4051,3.3153
2215,4.5,8.0,0.0,1.525,3.3218
2216,4.1,6.0,0.0,1.3559,3.257
2217,4.5,9.0,0.0,1.4863,3.31
2218,4.5,6.0,0.0,1.4671,3.4211
2219,6.5,12.0,0.0,2.0604,3.5029
2220,3.8,5.0,0.0,1.2695,3.3059
2221,5.4,15.0,0.0,1.9494,3.3659
2222,5.5,11.0,0.0,1.8136,3.4055
2223,4.5,11.0,0.0,1.5916,3.3582
2224,6.2,10.0,0.0,2.0514,3.4099
2225,4.3,8.0,0.0,1.4051,3.3428
2226,6.1,17.0,0.0,2.1702,3.4298
2227,4.8,12.0,0.0,1.6732,3.2906
2228,4.6,6.0,0.0,1.4702,3.2734
2229,5.1,10.0,0.0,1.6286,3.391
2230,5.1,8.0,0.0,1.658,3.3828
2231,4.6,8.0,0.0,1.537,3.2938
2232,5.7,9.0,0.0,1.777,3.4395
2233,5.0,11.0,0.0,1.7021,3.58
2234,5.9,16.0,0.0,2.0883,3.3572
2235,5.4,9.0,0.0,1.7542,3.6415
2236,4.3,8.0,0.0,1.4118,3.6232
2237,4.6,7.0,0.0,1.5037,3.5752
2238,6.3,10.0,0.0,1.9963,3.6638
2239,6.3,15.0,0.0,2.1826,3.6243
2240,4.6,6.0,0.0,1.4823,3.5019
2241,5.1,10.0,0.0,1.6988,3.4987
2242,3.4,6.0,0.0,1.2121,3.4357
2243,5.0,8.0,0.0,1.6031,3.4757
2244,3.7,6.0,0.0,1.2288,3.5899
2245,4.1,8.0,0.0,1.3947,3.5659
2246,4.2,7.0,0.0,1.3855,3.5011
2247,3.0,4.0,0.0,1.0235,3.5195
2248,5.5,9.0,0.0,1.7081,3.5789
2249,3.9,7.0,0.0,1.2914,3.5438
2250,4.7,7.0,0.0,1.505,3.4075
2251,4.9,6.0,0.0,1.5124,3.413
2252,5.1,8.0,0.0,1.6614,3.4149
2253,4.9,8.0,0.0,1.5753,3.4595
2254,5.5,11.0,0.0,1.8775,3.6896
2255,4.3,7.0,0.0,1.4717,3.6129
2256,4.4,7.0,0.0,1.4142,3.5008
2257,4.3,10.0,0.0,1.4893,3.5947
2258,5.1,7.0,0.0,1.5442,3.6081
2259,4.3,8.0,0.0,1.4044,3.3321
2260,4.8,8.0,0.0,1.6163,3.4946
2261,5.5,12.0,0.0,1.9161,3.5889
2262,3.7,5.0,0.0,1.2304,3.469
2263,5.5,9.0,0.0,1.7704,3.5759
2264,5.9,9.0,0.0,1.893,3.3128
2265,5.2,8.0,0.0,1.6535,3.3413
2266,6.7,19.0,0.0,2.4267,3.507
2267,6.9,10.0,0.0,2.2393,3.5111
2268,5.8,8.0,0.0,1.8828,3.4094
2269,4.2,5.0,0.0,1.3673,3.3748
2270,5.1,7.0,0.0,1.6881,3.6329
2271,4.8,6.0,0.0,1.6018,3.369
2272,3.8,6.0,0.0,1.2845,3.3547
2273,4.8,10.0,0.0,1.5718,3.5978
2274,4.9,10.0,0.0,1.634,3.5464
2275,4.8,9.0,0.0,1.619,3.5283
2276,4.8,9.0,0.0,1.5918,3.5048
2277,4.3,7.0,0.0,1.3805,3.5035
2278,5.3,8.0,0.0,1.6962,3.6267
2279,5.3,8.0,0.0,1.7345,3.4971
2280,5.4,9.0,0.0,1.7099,3.547
2281,5.1,6.0,0.0,1.5713,3.4836
2282,5.8,7.0,0.0,1.8348,3.5559
2283,5.5,8.0,0.0,1.7351,3.5338
2284,5.5,9.0,0.0,1.8047,3.6073
2285,4.4,6.0,0.0,1.4163,3.5187
2286,4.5,9.0,0.0,1.5353,3.5257
2287,5.5,8.0,0.0,1.7803,3.6374
2288,7.3,14.0,0.0,2.3651,3.6387
2289,6.2,11.0,0.0,1.9767,3.6356
2290,4.8,7.0,0.0,1.5907,3.672
2291,6.3,14.0,0.0,2.1284,3.4733
2292,7.2,11.0,0.0,2.2832,3.6656
2293,4.3,6.0,0.0,1.4303,3.5354
2294,4.7,8.0,0.0,1.5564,3.3805
2295,4.5,6.0,0.0,1.4217,3.4688
2296,6.5,10.0,0.0,2.0445,3.5069
2297,5.9,9.0,0.0,1.8357,3.5389
2298,6.2,10.0,0.0,2.0293,3.654
2299,7.3,15.0,0.0,2.3848,3.5349
2300,5.6,8.0,0.0,1.7876,3.4115
2301,4.8,6.0,0.0,1.4498,3.5426
2302,5.6,10.0,0.0,1.7992,3.3349
2303,4.6,10.0,0.0,1.5601,3.4965
2304,5.1,11.0,0.0,1.6739,3.4272
2305,4.6,6.0,0.0,1.5013,3.4587
2306,4.8,8.0,0.0,1.5406,3.4626
2307,4.5,8.0,0.0,1.5041,3.4046
2308,5.3,7.0,0.0,1.7293,3.4547
2309,5.6,8.0,0.0,1.7418,3.3785
2310,5.1,10.0,0.0,1.6987,3.3325
2311,5.2,9.0,0.0,1.7183,3.6549
2312,3.9,6.0,0.0,1.2937,3.3384
2313,3.9,7.0,0.0,1.3212,3.2608
2314,4.1,7.0,0.0,1.3544,3.2089
2315,4.5,6.0,0.0,1.4061,3.2855
2316,5.0,8.0,0.0,1.6681,3.458
2317,4.1,6.0,0.0,1.3304,3.4643
2318,3.5,5.0,0.0,1.1938,3.3209
2319,4.4,7.0,0.0,1.4495,3.3551
2320,6.1,12.0,0.0,1.9404,3.4139
2321,6.6,10.0,0.0,2.0664,3.3007
2322,4.6,7.0,0.0,1.4839,3.2849
2323,5.1,7.0,0.0,1.639,3.3423
2324,5.2,9.0,0.0,1.693,3.3053
2325,6.3,15.0,0.0,2.1411,3.4109
2326,5.5,8.0,0.0,1.7689,3.3625
2327,4.3,7.0,0.0,1.4091,3.2977
2328,4.1,9.0,0.0,1.4424,3.2708
2329,6.4,8.0,0.0,2.0,3.4309
2330,5.6,8.0,0.0,1.7854,3.4464
2331,5.7,10.0,0.0,1.8547,3.6893
2332,5.0,7.0,0.0,1.5716,3.6226
2333,4.8,8.0,0.0,1.5772,3.4253
2334,5.0,9.0,0.0,1.6266,3.4795
2335,4.9,9.0,0.0,1.631,3.4268
2336,3.8,5.0,0.0,1.306,3.4856
2337,4.5,6.0,0.0,1.4353,3.633
2338,4.8,10.0,0.0,1.6328,3.6307
2339,4.0,6.0,0.0,1.2919,3.4212
2340,4.3,9.0,0.0,1.4654,3.6555
2341,3.7,7.0,0.0,1.26,3.4188
2342,3.5,8.0,0.0,1.2254,3.3083
2343,3.9,6.0,0.0,1.3336,3.4195
2344,4.0,5.0,0.0,1.3467,3.4259
2345,4.4,7.0,0.0,1.5064,3.3271
2346,3.3,6.0,0.0,1.102,3.343
2347,3.4,4.0,0.0,1.1105,3.5595
2348,4.4,6.0,0.0,1.4379,3.5274
2349,4.6,8.0,0.0,1.4798,3.5369
2350,5.1,8.0,0.0,1.6738,3.5524
2351,4.7,6.0,0.0,1.5185,3.6306
2352,5.5,11.0,0.0,1.8451,3.4746
2353,5.1,10.0,0.0,1.6962,3.4519
2354,5.1,8.0,0.0,1.616,3.2576
2355,4.4,7.0,0.0,1.4504,3.3797
2356,4.7,6.0,0.0,1.518,3.3009
2357,6.1,10.0,0.0,1.9513,3.382
2358,6.5,11.0,0.0,2.0475,3.3998
2359,7.4,18.0,0.0,2.5253,3.3695
2360,5.9,8.0,0.0,1.9392,3.5243
2361,7.2,11.0,0.0,2.2104,3.4973
2362,5.3,8.0,0.0,1.708,3.4606
2363,4.8,7.0,0.0,1.5483,3.3759
2364,5.3,7.0,0.0,1.6981,3.3275
2365,5.3,7.0,0.0,1.7081,3.3243
2366,5.4,12.0,0.0,1.8401,3.3839
2367,4.2,7.0,0.0,1.398,3.3588
2368,4.1,7.0,0.0,1.3851,3.2842
2369,4.7,9.0,0.0,1.6106,3.3939
2370,3.8,5.0,0.0,1.2408,3.3697
2371,4.2,5.0,0.0,1.3593,3.3375
2372,5.0,9.0,0.0,1.5853,3.3542
2373,4.7,8.0,0.0,1.5457,3.3517
2374,4.4,9.0,0.0,1.4984,3.3428
2375,6.5,10.0,0.0,2.1001,3.3955
2376,5.6,9.0,0.0,1.8756,3.6274
2377,5.2,8.0,0.0,1.7023,3.3695
2378,6.4,10.0,0.0,2.0885,3.3563
2379,4.8,6.0,0.0,1.6039,3.3397
2380,3.8,5.0,0.0,1.2767,3.4746
2381,3.8,7.0,0.0,1.3076,3.5253
2382,3.4,4.0,0.0,1.0963,3.4599
2383,3.0,4.0,0.0,0.9958,3.3578
2384,4.4,11.0,0.0,1.5406,3.3495
2385,5.4,9.0,0.0,1.7122,3.2805
2386,3.7,6.0,0.0,1.1803,3.2689
2387,3.2,6.0,0.0,1.1393,3.3076
2388,2.9,6.0,0.0,1.0363,3.2915
2389,4.6,7.0,0.0,1.5098,3.3153
2390,3.9,6.0,0.0,1.3195,3.2927
2391,3.7,7.0,0.0,1.2278,3.2959
2392,3.8,6.0,0.0,1.2679,3.2845
2393,4.6,6.0,0.0,1.4562,3.3101
2394,3.8,7.0,0.0,1.3058,3.3465
2395,4.8,7.0,0.0,1.5645,3.3739
2396,4.2,6.0,0.0,1.3762,3.4111
2397,4.5,9.0,0.0,1.4836,3.3745
2398,4.0,6.0,0.0,1.296,3.3958
2399,4.2,7.0,0.0,1.3788,3.4844
2400,3.7,7.0,0.0,1.2757,3.3861
2401,4.7,7.0,0.0,1.5204,3.4382
2402,4.1,9.0,0.0,1.3923,3.5681
2403,4.8,6.0,0.0,1.4838,3.4758
2404,4.4,6.0,0.0,1.426,3.3746
2405,4.7,8.0,0.0,1.5212,3.4467
2406,4.0,7.0,0.0,1.315,3.5008
2407,3.9,8.0,0.0,1.3565,3.4017
2408,4.7,10.0,0.0,1.5703,3.3168
2409,3.0,4.0,0.0,1.0428,3.2711
2410,4.3,6.0,0.0,1.3955,3.3233
2411,3.4,7.0,0.0,1.182,3.2638
2412,4.1,6.0,0.0,1.3403,3.374
2413,5.6,12.0,0.0,1.9083,3.3142
2414,4.6,7.0,0.0,1.5098,3.2678
2415,4.4,6.0,0.0,1.3563,3.2533
2416,2.6,4.0,0.0,0.9002,3.2612
2417,4.2,7.0,0.0,1.3785,3.3047
2418,4.3,6.0,0.0,1.371,3.2672
2419,3.5,5.0,0.0,1.1144,3.3075
2420,4.7,8.0,0.0,1.5679,3.2788
2421,4.1,7.0,0.0,1.3557,3.2743
2422,3.4,5.0,0.0,1.1482,3.3006
2423,3.1,5.0,0.0,1.0588,3.3366
2424,4.6,6.0,0.0,1.4357,3.2914
2425,3.0,4.0,0.0,1.0037,3.3202
2426,4.0,5.0,0.0,1.345,3.314
2427,4.2,6.0,0.0,1.3851,3.2792
2428,4.5,7.0,0.0,1.4479,3.2885
2429,3.4,6.0,0.0,1.1446,3.2664
2430,3.9,5.0,0.0,1.3346,3.336
2431,4.9,8.0,0.0,1.5516,3.2682
2432,4.0,7.0,0.0,1.3625,3.2755
2433,3.8,5.0,0.0,1.2714,3.2993
2434,4.6,9.0,0.0,1.5416,3.3378
2435,2.9,5.0,0.0,1.0029,3.303
2436,4.4,6.0,0.0,1.3908,3.3293
2437,4.0,5.0,0.0,1.28,3.2998
2438,4.3,10.0,0.0,1.479,3.29
2439,4.6,6.0,0.0,1.5264,3.3264
2440,3.3,4.0,0.0,1.0712,3.2504
2441,4.3,6.0,0.0,1.3964,3.3287
2442,4.6,6.0,0.0,1.4866,3.3135
2443,3.4,5.0,0.0,1.1289,3.2919
2444,4.6,9.0,0.0,1.5132,3.2639
2445,4.5,7.0,0.0,1.496,3.2688
2446,3.7,6.0,0.0,1.2616,3.2629
2447,3.1,8.0,0.0,1.1347,3.2573
2448,4.9,10.0,0.0,1.6125,3.3682
2449,3.6,6.0,0.0,1.1608,3.2772
2450,4.1,7.0,0.0,1.3119,3.3535
2451,4.6,9.0,0.0,1.5078,3.2751
2452,4.7,6.0,0.0,1.5305,3.3258
2453,4.0,8.0,0.0,1.3465,3.2993
2454,3.5,6.0,0.0,1.1856,3.2695
2455,4.4,10.0,0.0,1.5368,3.2698
2456,4.9,11.0,0.0,1.6875,3.2674
2457,3.7,6.0,0.0,1.2173,3.2576
2458,3.7,6.0,0.0,1.244,3.2643
2459,4.3,7.0,0.0,1.4284,3.2585
2460,2.8,4.0,0.0,0.9594,3.2629
2461,4.2,6.0,0.0,1.4118,3.2954
2462,4.4,8.0,0.0,1.4309,3.2617
2463,4.8,8.0,0.0,1.542,3.2923
2464,4.1,6.0,0.0,1.3698,3.2484
2465,4.8,8.0,0.0,1.5508,3.286
2466,5.3,8.0,0.0,1.7507,3.2664
2467,4.2,9.0,0.0,1.4357,3.2601
2468,3.6,5.0,0.0,1.12,3.4831
2469,4.7,7.0,0.0,1.5848,3.2704
2470,4.2,9.0,0.0,1.4876,3.3304
2471,3.5,6.0,0.0,1.1758,3.2622
2472,4.2,7.0,0.0,1.4207,3.45
2473,4.0,6.0,0.0,1.296,3.3838
2474,4.4,7.0,0.0,1.4863,3.3097
2475,2.8,5.0,0.0,0.9718,3.2696
2476,3.9,6.0,0.0,1.2641,3.3649
2477,4.5,7.0,0.0,1.505,3.4253
2478,3.8,6.0,0.0,1.2784,3.5592
2479,3.5,6.0,0.0,1.2041,3.465
2480,4.5,6.0,0.0,1.4129,3.549
2481,4.2,6.0,0.0,1.3964,3.4697
2482,3.9,6.0,0.0,1.2688,3.3873
2483,3.1,4.0,0.0,1.044,3.5251
2484,4.2,7.0,0.0,1.3705,3.4383
2485,4.1,9.0,0.0,1.4217,3.5792
2486,3.1,6.0,0.0,1.1007,3.4851
2487,4.7,11.0,0.0,1.6303,3.4447
2488,2.6,4.0,0.0,0.9241,3.4867
2489,3.5,7.0,0.0,1.2468,3.521
2490,3.8,6.0,0.0,1.2492,3.5202
2491,2.4,4.0,0.0,0.8663,3.5317
2492,5.1,8.0,0.0,1.6057,3.5013
2493,4.3,8.0,0.0,1.4553,3.4537
2494,3.3,5.0,0.0,1.0618,3.4733
2495,4.4,6.0,0.0,1.3674,3.5494
2496,4.7,9.0,0.0,1.5857,3.482
2497,4.2,7.0,0.0,1.3918,3.5182
2498,5.2,9.0,0.0,1.6934,3.6187
2499,6.0,8.0,0.0,1.9436,3.6966
2500,4.7,7.0,0.0,1.4858,3.7269
2501,5.8,9.0,0.0,1.8934,3.8082
2502,8.0,16.0,0.0,2.7016,3.8018
2503,6.0,10.0,0.0,1.9748,3.6092
2504,6.4,9.0,0.0,2.1093,3.841
2505,6.4,11.0,0.0,2.0251,3.7541
2506,4.7,6.0,0.0,1.5577,3.7102
2507,4.7,12.0,0.0,1.6893,3.6528
2508,4.4,7.0,0.0,1.4283,3.411
2509,4.1,5.0,0.0,1.3328,3.4109
2510,4.2,7.0,0.0,1.3778,3.5428
2511,4.3,6.0,0.0,1.3704,3.4576
2512,3.8,6.0,0.0,1.2031,3.3167
2513,3.5,6.0,0.0,1.2057,3.4934
2514,4.7,11.0,0.0,1.6556,3.5358
2515,3.8,5.0,0.0,1.2337,3.4281
2516,3.3,4.0,0.0,1.067,3.5044
2517,4.0,6.0,0.0,1.3295,3.4134
2518,3.7,6.0,0.0,1.2561,3.4625
2519,4.6,10.0,0.0,1.5854,3.4068
2520,3.5,5.0,0.0,1.1368,3.4914
2521,4.2,6.0,0.0,1.3744,3.4613
2522,3.6,6.0,0.0,1.1965,3.3397
2523,5.2,7.0,0.0,1.6179,3.2836
2524,3.7,6.0,0.0,1.2255,3.2547
2525,3.7,6.0,0.0,1.214,3.2583
2526,3.8,5.0,0.0,1.2114,3.3002
2527,4.0,8.0,0.0,1.3674,3.2776
2528,5.3,10.0,0.0,1.7793,3.291
2529,5.1,8.0,0.0,1.6576,3.3312
2530,3.9,6.0,0.0,1.3032,3.3104
2531,4.7,8.0,0.0,1.4917,3.338
2532,4.6,6.0,0.0,1.463,3.3376
2533,3.7,6.0,0.0,1.2031,3.2951
2534,4.4,7.0,0.0,1.4635,3.3152
2535,4.1,6.0,0.0,1.373,3.2758
2536,2.9,4.0,0.0,0.9844,3.289
2537,4.3,6.0,0.0,1.341,3.3076
2538,4.3,6.0,0.0,1.4075,3.3159
2539,3.5,5.0,0.0,1.1701,3.3465
2540,4.8,7.0,0.0,1.5406,3.324
2541,3.5,5.0,0.0,1.1465,3.2794
2542,4.0,5.0,0.0,1.2609,3.3154
2543,4.5,7.0,0.0,1.4629,3.3551
2544,3.8,6.0,0.0,1.2808,3.403
2545,5.0,9.0,0.0,1.6412,3.4315
2546,5.3,7.0,0.0,1.6098,3.5589
2547,4.5,9.0,0.0,1.5035,3.5089
2548,5.1,8.0,0.0,1.6086,3.3015
2549,5.5,8.0,0.0,1.7521,3.5237
2550,4.6,8.0,0.0,1.518,3.4604
2551,4.6,6.0,0.0,1.4276,3.4015
2552,4.8,6.0,0.0,1.546,3.2979
2553,4.6,8.0,0.0,1.5444,3.2956
2554,5.1,10.0,0.0,1.7047,3.4222
2555,5.0,9.0,0.0,1.6846,3.5116
2556,4.6,10.0,0.0,1.5941,3.5674
2557,5.6,10.0,0.0,1.8399,3.5449
2558,5.3,8.0,0.0,1.7612,3.4993
2559,5.2,12.0,0.0,1.7727,3.3581
2560,4.9,9.0,0.0,1.621,3.463
2561,4.4,7.0,0.0,1.44,3.3937
2562,5.5,9.0,0.0,1.8068,3.4316
2563,4.5,6.0,0.0,1.4091,3.4213
2564,6.1,10.0,0.0,1.9774,3.5031
2565,7.1,13.0,0.0,2.3297,3.5583
2566,4.6,7.0,0.0,1.5956,3.4535
2567,4.6,7.0,0.0,1.4649,3.5085
2568,4.4,6.0,0.0,1.4809,3.4189
2569,3.9,7.0,0.0,1.3076,3.3362
2570,4.3,6.0,0.0,1.3784,3.3668
2571,4.9,7.0,0.0,1.5418,3.4576
2572,5.1,9.0,0.0,1.6469,3.3249
2573,5.6,7.0,0.0,1.755,3.336
2574,4.2,6.0,0.0,1.3836,3.5555
2575,5.6,7.0,0.0,1.707,3.5908
2576,4.7,6.0,0.0,1.6086,3.3894
2577,5.8,10.0,0.0,1.9079,3.3419
2578,5.2,9.0,0.0,1.6993,3.3177
2579,4.0,6.0,0.0,1.2961,3.3204
2580,4.4,6.0,0.0,1.456,3.1648
2581,5.2,8.0,0.0,1.6148,3.1728
2582,4.5,6.0,0.0,1.3891,3.2612
2583,5.0,12.0,0.0,1.7635,3.2697
2584,4.2,9.0,0.0,1.433,3.2764
2585,4.3,6.0,0.0,1.3747,3.2295
2586,4.4,6.0,0.0,1.4823,3.2613
2587,6.1,13.0,0.0,2.0648,3.3827
2588,6.8,13.0,0.0,2.3038,3.4478
2589,4.2,10.0,0.0,1.5143,3.3196
2590,5.7,11.0,0.0,1.8921,3.5827
2591,5.6,7.0,0.0,1.7327,3.2818
2592,6.0,11.0,0.0,1.8846,3.2884
2593,4.7,6.0,0.0,1.5121,3.3432
2594,5.7,9.0,0.0,1.8399,3.3748
2595,4.9,9.0,0.0,1.5644,3.2323
2596,4.7,7.0,0.0,1.4807,3.2368
2597,5.0,10.0,0.0,1.6844,3.2445
2598,6.0,9.0,0.0,1.8718,3.2635
2599,4.0,8.0,0.0,1.3889,3.1746
2600,4.1,6.0,0.0,1.3219,3.1968
2601,4.4,9.0,0.0,1.46,3.1719
2602,4.7,12.0,0.0,1.6482,3.1994
2603,3.8,9.0,0.0,1.299,3.2054
2604,4.0,6.0,0.0,1.3409,3.1862
2605,3.6,7.0,0.0,1.2635,3.1646
2606,3.7,6.0,0.0,1.3143,3.1809
2607,4.0,7.0,0.0,1.3349,3.1853
2608,3.8,6.0,0.0,1.2488,3.1947
2609,4.6,10.0,0.0,1.5586,3.194
2610,3.8,5.0,0.0,1.2851,3.1921
2611,3.7,7.0,0.0,1.252,3.1841
2612,4.5,7.0,0.0,1.5037,3.2023
2613,3.6,8.0,0.0,1.2333,3.21
2614,3.7,5.0,0.0,1.1609,3.1677
2615,4.5,7.0,0.0,1.4798,3.1867
2616,3.6,5.0,0.0,1.1874,3.2431
2617,3.4,5.0,0.0,1.0981,3.1961
2618,3.4,5.0,0.0,1.1315,3.2091
2619,3.1,4.0,0.0,1.0188,3.2354
2620,4.6,7.0,0.0,1.4744,3.2693
2621,3.4,5.0,0.0,1.1161,3.2613
2622,5.1,8.0,0.0,1.6153,3.2624
2623,4.3,6.0,0.0,1.4245,3.2738
2624,3.5,4.0,0.0,1.12,3.2581
2625,4.0,8.0,0.0,1.3485,3.3574
2626,3.4,4.0,0.0,1.1158,3.2774
2627,4.6,9.0,0.0,1.5032,3.3012
2628,2.8,4.0,0.0,0.9664,3.2817
2629,3.7,6.0,0.0,1.2038,3.3099
2630,4.0,7.0,0.0,1.2922,3.3428
2631,3.6,5.0,0.0,1.2057,3.337
2632,3.5,8.0,0.0,1.2369,3.2806
2633,3.8,6.0,0.0,1.244,3.2712
2634,4.9,9.0,0.0,1.5982,3.3144
2635,4.5,8.0,0.0,1.5021,3.2811
2636,3.6,5.0,0.0,1.1358,3.2406
2637,3.5,6.0,0.0,1.1823,3.2509
2638,4.1,9.0,0.0,1.3739,3.2844
2639,3.5,5.0,0.0,1.1608,3.2743
2640,4.2,6.0,0.0,1.3489,3.2891
2641,5.3,8.0,0.0,1.711,3.3071
2642,3.1,5.0,0.0,1.0805,3.2905
2643,4.2,10.0,0.0,1.4743,3.2839
2644,3.2,5.0,0.0,1.077,3.2414
2645,4.1,5.0,0.0,1.3674,3.2647
2646,4.0,6.0,0.0,1.2891,3.255
2647,4.1,7.0,0.0,1.3491,3.2752
2648,4.4,7.0,0.0,1.4142,3.2292
2649,4.2,5.0,0.0,1.334,3.1933
2650,4.7,8.0,0.0,1.558,3.1192
2651,3.9,6.0,0.0,1.2574,3.231
2652,3.7,6.0,0.0,1.2151,3.2437
2653,3.8,6.0,0.0,1.2845,3.2538
2654,2.7,5.0,0.0,0.9314,3.252
2655,3.7,6.0,0.0,1.2359,3.2576
2656,4.5,9.0,0.0,1.5534,3.2702
2657,4.4,7.0,0.0,1.4177,3.2671
2658,3.7,6.0,0.0,1.2414,3.2179
2659,4.4,6.0,0.0,1.416,3.2244
2660,4.9,10.0,0.0,1.643,3.222
2661,4.0,10.0,0.0,1.4122,3.209
2662,4.9,9.0,0.0,1.6437,3.1985
2663,3.3,6.0,0.0,1.1375,3.1802
2664,3.9,7.0,0.0,1.245,3.2441
2665,3.4,5.0,0.0,1.1701,3.2298
2666,4.4,7.0,0.0,1.4073,3.2828
2667,4.5,7.0,0.0,1.4379,3.2697
2668,3.5,5.0,0.0,1.1985,3.2571
2669,3.4,5.0,0.0,1.1209,3.232
2670,3.7,6.0,0.0,1.2322,3.2545
2671,4.0,5.0,0.0,1.261,3.2382
2672,4.1,5.0,0.0,1.3253,3.254
2673,4.5,6.0,0.0,1.4705,3.1946
2674,3.7,6.0,0.0,1.253,3.2623
2675,4.4,6.0,0.0,1.4523,3.312
2676,3.1,7.0,0.0,1.1018,3.3233
2677,3.1,5.0,0.0,1.0151,3.2225
2678,3.6,6.0,0.0,1.1965,3.2727
2679,3.9,5.0,0.0,1.2842,3.3019
2680,4.3,10.0,0.0,1.4827,3.2669
2681,4.2,8.0,0.0,1.3987,3.2491
2682,4.5,12.0,0.0,1.643,3.304
2683,3.7,4.0,0.0,1.2206,3.3291
2684,4.0,7.0,0.0,1.3771,3.2953
2685,4.3,7.0,0.0,1.4211,3.3273
2686,3.7,5.0,0.0,1.1958,3.2706
2687,3.8,5.0,0.0,1.241,3.2665
2688,3.1,5.0,0.0,1.0448,3.2495
2689,3.7,6.0,0.0,1.2196,3.2621
2690,4.5,7.0,0.0,1.4663,3.2913
2691,4.1,7.0,0.0,1.4219,3.3083
2692,4.6,7.0,0.0,1.5138,3.3487
2693,3.6,6.0,0.0,1.2648,3.3408
2694,4.5,6.0,0.0,1.4621,3.3105
2695,3.9,6.0,0.0,1.2805,3.2664
2696,4.2,7.0,0.0,1.3994,3.3427
2697,4.0,7.0,0.0,1.3572,3.3206
2698,3.5,5.0,0.0,1.2041,3.3153
2699,3.2,6.0,0.0,1.0798,3.304
2700,3.4,5.0,0.0,1.2121,3.2837
2701,4.2,5.0,0.0,1.3675,3.2879
2702,3.6,5.0,0.0,1.251,3.2736
2703,4.5,7.0,0.0,1.4992,3.2805
2704,5.5,8.0,0.0,1.7254,3.2786
2705,4.1,7.0,0.0,1.3598,3.3014
2706,3.8,7.0,0.0,1.2679,3.3143
2707,3.2,5.0,0.0,1.1196,3.3008
2708,4.7,9.0,0.0,1.5644,3.2859
2709,3.5,5.0,0.0,1.1749,3.3109
2710,3.6,6.0,0.0,1.1598,3.3236
2711,4.5,6.0,0.0,1.4851,3.3316
2712,4.4,7.0,0.0,1.4443,3.3355
2713,4.9,8.0,0.0,1.6186,3.3499
2714,5.4,9.0,0.0,1.8105,3.4036
2715,6.8,9.0,0.0,2.1449,3.4855
2716,5.0,7.0,0.0,1.6332,3.484
2717,5.1,11.0,0.0,1.7177,3.3771
2718,4.9,7.0,0.0,1.6081,3.3752
2719,5.0,12.0,0.0,1.7759,3.309
2720,6.6,11.0,0.0,2.0893,3.3412
2721,5.0,9.0,0.0,1.6714,3.2526
2722,4.5,7.0,0.0,1.4351,3.3057
2723,3.9,8.0,0.0,1.3115,3.2668
2724,3.0,5.0,0.0,1.0455,3.247
2725,4.7,11.0,0.0,1.6064,3.2919
2726,5.2,8.0,0.0,1.6691,3.3339
2727,6.1,8.0,0.0,1.9364,3.3399
2728,5.6,7.0,0.0,1.768,3.3611
2729,4.7,8.0,0.0,1.5519,3.3217
2730,4.2,6.0,0.0,1.3321,3.2798
2731,4.2,7.0,0.0,1.3955,3.2334
2732,4.0,6.0,0.0,1.275,3.228
2733,3.5,5.0,0.0,1.1609,3.3079
2734,6.4,13.0,0.0,2.1517,3.2392
2735,4.4,9.0,0.0,1.5141,3.2933
2736,4.8,7.0,0.0,1.5452,3.2787
2737,5.3,8.0,0.0,1.7635,3.3584
2738,5.2,8.0,0.0,1.6693,3.2891
2739,5.0,7.0,0.0,1.5804,3.2925
2740,7.2,10.0,0.0,2.2257,3.3401
2741,6.9,12.0,0.0,2.2205,3.3244
2742,5.0,8.0,0.0,1.6333,3.3179
2743,4.6,7.0,0.0,1.4812,3.3164
2744,4.7,6.0,0.0,1.4755,3.2866
2745,4.6,9.0,0.0,1.5677,3.3246
2746,4.5,8.0,0.0,1.4586,3.2741
2747,5.0,9.0,0.0,1.6117,3.3085
2748,4.4,9.0,0.0,1.5212,3.3084
2749,4.7,6.0,0.0,1.5677,3.4762
2750,4.1,7.0,0.0,1.3492,3.309
2751,5.5,8.0,0.0,1.745,3.3715
2752,5.4,8.0,0.0,1.6643,3.4584
2753,6.7,10.0,0.0,2.0827,3.5568
2754,5.8,8.0,0.0,1.7692,3.5118
2755,6.1,8.0,0.0,1.9021,3.4881
2756,5.3,8.0,0.0,1.7475,3.4647
2757,6.8,16.0,0.0,2.3572,3.4568
2758,5.4,7.0,0.0,1.7599,3.4272
2759,4.8,8.0,0.0,1.5835,3.3411
2760,4.9,11.0,0.0,1.6818,3.3652
2761,3.4,7.0,0.0,1.1732,3.303
2762,3.6,5.0,0.0,1.259,3.1733
2763,4.2,6.0,0.0,1.3744,3.2105
2764,3.6,5.0,0.0,1.2322,3.2029
2765,4.2,7.0,0.0,1.4169,3.164
2766,5.1,8.0,0.0,1.6296,3.1901
2767,4.2,6.0,0.0,1.3266,3.1899
2768,4.6,6.0,0.0,1.4905,3.2303
2769,4.3,6.0,0.0,1.3666,3.1993
2770,3.9,6.0,0.0,1.2906,3.2582
2771,3.7,5.0,0.0,1.2091,3.2855
2772,4.9,8.0,0.0,1.6347,3.2207
2773,3.9,5.0,0.0,1.2922,3.1631
2774,3.8,6.0,0.0,1.2842,3.2068
2775,4.2,6.0,0.0,1.3229,3.1893
2776,3.3,4.0,0.0,1.1119,3.2314
2777,5.9,7.0,0.0,1.9088,3.2146
2778,4.6,6.0,0.0,1.4512,3.2383
2779,4.3,6.0,0.0,1.4354,3.2526
2780,4.5,6.0,0.0,1.4986,3.2331
2781,4.2,6.0,0.0,1.3875,3.2486
2782,5.4,9.0,0.0,1.7776,3.279
2783,7.1,14.0,0.0,2.3065,3.4095
2784,4.7,7.0,0.0,1.469,3.266
2785,5.3,9.0,0.0,1.76,3.3089
2786,5.3,8.0,0.0,1.6976,3.2911
2787,4.6,7.0,0.0,1.5053,3.2719
2788,6.9,13.0,0.0,2.3041,3.2732
2789,4.6,10.0,0.0,1.5498,3.3368
2790,3.9,8.0,0.0,1.2904,3.3285
2791,4.6,11.0,0.0,1.5703,3.2591
2792,4.8,9.0,0.0,1.6332,3.2685
2793,5.7,10.0,0.0,1.8014,3.4008
2794,4.3,6.0,0.0,1.4004,3.2967
2795,4.6,5.0,0.0,1.4379,3.2945
2796,5.9,11.0,0.0,1.8677,3.3603
2797,5.5,8.0,0.0,1.7233,3.5217
2798,5.0,8.0,0.0,1.6144,3.6533
2799,6.9,12.0,0.0,2.1978,3.5832
2800,3.6,5.0,0.0,1.1435,3.4729
2801,5.4,8.0,0.0,1.7209,3.3817
2802,3.9,5.0,0.0,1.2609,3.378
2803,3.7,5.0,0.0,1.2114,3.4957
2804,4.5,8.0,0.0,1.4579,3.5055
2805,6.4,12.0,0.0,2.0766,3.5452
2806,4.7,7.0,0.0,1.5516,3.4172
2807,5.0,12.0,0.0,1.7633,3.5099
2808,5.4,11.0,0.0,1.7473,3.4839
2809,4.3,8.0,0.0,1.4448,3.3872
2810,4.3,6.0,0.0,1.4253,3.4651
2811,4.7,8.0,0.0,1.4852,3.6491
2812,4.3,6.0,0.0,1.447,3.5272
2813,4.8,8.0,0.0,1.5999,3.4656
2814,4.0,9.0,0.0,1.4092,3.3288
2815,4.2,7.0,0.0,1.371,3.4501
2816,4.8,9.0,0.0,1.5969,3.3215
2817,3.0,4.0,0.0,0.9734,3.2542
2818,4.8,6.0,0.0,1.4586,3.2844
2819,4.7,9.0,0.0,1.562,3.2992
2820,5.1,9.0,0.0,1.6571,3.3766
2821,5.8,9.0,0.0,1.8675,3.3421
2822,4.8,6.0,0.0,1.5647,3.4479
2823,4.3,8.0,0.0,1.3892,3.3403
2824,6.8,12.0,0.0,2.1976,3.3893
2825,5.4,8.0,0.0,1.7972,3.4885
2826,6.8,19.0,0.0,2.4188,3.5082
2827,5.4,8.0,0.0,1.7324,3.5511
2828,5.7,8.0,0.0,1.8231,3.4372
2829,5.0,7.0,0.0,1.6532,3.4359
2830,5.1,7.0,0.0,1.6546,3.5576
2831,4.5,7.0,0.0,1.4917,3.6905
2832,6.4,13.0,0.0,2.0528,3.7035
2833,3.9,6.0,0.0,1.2981,3.7747
2834,5.0,12.0,0.0,1.7477,3.6597
2835,5.9,12.0,0.0,1.9063,3.5039
2836,5.7,11.0,0.0,1.8634,3.5629
2837,4.1,6.0,0.0,1.3257,3.4723
2838,6.5,9.0,0.0,2.0565,3.5924
2839,4.9,7.0,0.0,1.6279,3.5351
2840,4.3,8.0,0.0,1.479,3.4604
2841,4.9,7.0,0.0,1.5916,3.6618
2842,4.8,9.0,0.0,1.6062,3.5656
2843,7.2,16.0,0.0,2.3853,3.7053
2844,5.3,6.0,0.0,1.6523,3.8117
2845,4.3,6.0,0.0,1.4457,3.7366
2846,4.8,7.0,0.0,1.5266,3.5415
2847,4.8,9.0,0.0,1.6298,3.5703
2848,7.2,10.0,0.0,2.2316,3.6466
2849,5.3,9.0,0.0,1.7161,3.7003
2850,4.4,6.0,0.0,1.4256,3.5431
2851,4.2,7.0,0.0,1.3563,3.5984
2852,4.4,7.0,0.0,1.4586,3.5975
2853,4.5,6.0,0.0,1.4992,3.6804
2854,6.4,10.0,0.0,2.0144,3.6686
2855,4.4,6.0,0.0,1.3856,3.6124
2856,4.2,6.0,0.0,1.3833,3.546
2857,4.8,8.0,0.0,1.5366,3.5237
2858,3.4,5.0,0.0,1.1079,3.4617
2859,5.0,8.0,0.0,1.6371,3.5184
2860,5.6,12.0,0.0,1.8686,3.5305
2861,3.4,4.0,0.0,1.1036,3.5913
2862,4.8,8.0,0.0,1.5498,3.6624
2863,4.8,7.0,0.0,1.5117,3.4449
2864,4.4,6.0,0.0,1.4231,3.484
2865,3.4,5.0,0.0,1.1386,3.3951
2866,5.8,9.0,0.0,1.7927,3.3924
2867,4.1,7.0,0.0,1.3444,3.4269
2868,3.5,5.0,0.0,1.1653,3.4617
2869,5.3,9.0,0.0,1.7338,3.4725
2870,3.6,5.0,0.0,1.236,3.4352
2871,4.5,6.0,0.0,1.4607,3.5051
2872,4.9,10.0,0.0,1.6042,3.5166
2873,4.0,6.0,0.0,1.3177,3.4555
2874,4.5,8.0,0.0,1.5145,3.502
2875,3.5,5.0,0.0,1.1973,3.5227
2876,4.7,6.0,0.0,1.5143,3.4625
2877,4.3,7.0,0.0,1.3762,3.5978
2878,4.1,10.0,0.0,1.4594,3.4449
2879,3.7,7.0,0.0,1.2359,3.2686
2880,5.6,12.0,0.0,1.8871,3.1626
2881,4.2,7.0,0.0,1.3403,3.1586
2882,4.0,7.0,0.0,1.3185,3.1716
2883,4.7,7.0,0.0,1.4424,3.1144
2884,3.7,4.0,0.0,1.244,3.1988
2885,5.0,9.0,0.0,1.6763,3.2483
2886,4.1,8.0,0.0,1.3947,3.3838
2887,3.2,6.0,0.0,1.1108,3.3843
2888,4.4,5.0,0.0,1.4169,3.452
2889,4.4,6.0,0.0,1.4333,3.5247
2890,3.7,5.0,0.0,1.2492,3.4104
2891,4.2,6.0,0.0,1.3666,3.2864
2892,3.5,4.0,0.0,1.1694,3.2862
2893,3.7,6.0,0.0,1.2322,3.2384
2894,4.4,7.0,0.0,1.449,3.2132
2895,4.0,6.0,0.0,1.3192,3.1749
2896,3.4,6.0,0.0,1.1522,3.1452
2897,3.7,5.0,0.0,1.1958,3.1542
2898,3.7,5.0,0.0,1.2314,3.3038
2899,4.7,7.0,0.0,1.469,3.3
2900,4.5,7.0,0.0,1.4799,3.3976
2901,3.8,5.0,0.0,1.2648,3.3881
2902,4.6,6.0,0.0,1.4992,3.4279
2903,4.9,7.0,0.0,1.5647,3.2797
2904,4.0,7.0,0.0,1.3739,3.311
2905,3.0,5.0,0.0,0.9985,3.263
2906,4.8,12.0,0.0,1.6952,3.2285
2907,4.4,6.0,0.0,1.5418,3.2793
2908,5.5,8.0,0.0,1.7693,3.2869
2909,4.2,8.0,0.0,1.4568,3.3001
2910,5.9,11.0,0.0,1.9545,3.4808
2911,5.4,8.0,0.0,1.6703,3.4938
2912,4.4,12.0,0.0,1.6279,3.2894
2913,4.9,7.0,0.0,1.5974,3.3163
2914,3.9,5.0,0.0,1.3288,3.2641
2915,3.9,6.0,0.0,1.295,3.3295
2916,5.4,9.0,0.0,1.7781,3.3067
2917,6.4,11.0,0.0,2.128,3.322
2918,3.5,5.0,0.0,1.1615,3.3347
2919,7.0,18.0,0.0,2.4404,3.457
2920,6.9,11.0,0.0,2.2212,3.4924
2921,7.3,11.0,0.0,2.2886,3.5829
2922,7.7,14.0,0.0,2.4992,3.9047
2923,7.3,15.0,0.0,2.3877,3.5873
2924,5.5,7.0,0.0,1.729,3.4241
2925,6.4,9.0,0.0,1.9874,3.566
2926,5.7,10.0,0.0,1.7813,3.5433
2927,5.2,7.0,0.0,1.6845,3.6706
2928,5.8,11.0,0.0,1.884,3.5717
2929,7.7,14.0,0.0,2.5166,3.7032
2930,5.1,7.0,0.0,1.6915,3.4523
2931,5.9,12.0,0.0,1.9924,3.4075
2932,5.6,13.0,0.0,1.9105,3.3793
2933,5.5,8.0,0.0,1.7471,3.3301
2934,4.1,7.0,0.0,1.3076,3.3285
2935,5.0,10.0,0.0,1.695,3.3282
2936,4.5,8.0,0.0,1.4525,3.2795
2937,3.8,6.0,0.0,1.2561,3.2603
2938,3.9,6.0,0.0,1.3379,3.2623
2939,3.5,5.0,0.0,1.1786,3.3296
2940,4.8,8.0,0.0,1.5387,3.3348
2941,6.5,9.0,0.0,2.0307,3.439
2942,5.0,7.0,0.0,1.5772,3.48
2943,6.6,12.0,0.0,2.0787,3.5103
2944,7.1,10.0,0.0,2.1772,3.4303
2945,6.0,9.0,0.0,1.9935,3.5841
2946,5.2,9.0,0.0,1.7464,3.4342
2947,7.7,12.0,0.0,2.3601,3.6697
2948,4.7,11.0,0.0,1.6155,3.4754
2949,5.0,8.0,0.0,1.7205,3.5196
2950,7.6,12.0,0.0,2.3692,3.6163
2951,7.1,17.0,0.0,2.414,3.5186
2952,5.8,8.0,0.0,1.8888,3.464
2953,4.5,7.0,0.0,1.4621,3.4546
2954,4.3,6.0,0.0,1.3423,3.5292
2955,4.6,9.0,0.0,1.5811,3.4461
2956,4.6,6.0,0.0,1.4845,3.4794
2957,6.7,14.0,0.0,2.2843,3.3791
2958,6.5,12.0,0.0,2.1349,3.7185
2959,6.7,11.0,0.0,2.1562,3.5008
2960,5.9,10.0,0.0,1.9255,3.5048
2961,7.3,15.0,0.0,2.4193,3.5639
2962,6.9,13.0,0.0,2.2776,3.3828
2963,7.0,15.0,0.0,2.3367,3.3809
2964,6.9,11.0,0.0,2.2159,3.5461
2965,6.5,9.0,0.0,2.0639,3.558
2966,5.2,8.0,0.0,1.6799,3.4071
2967,5.5,8.0,0.0,1.7464,3.4219
2968,5.2,9.0,0.0,1.6576,3.4884
2969,6.6,16.0,0.0,2.2781,3.3217
2970,4.7,6.0,0.0,1.5117,3.493
2971,4.4,6.0,0.0,1.3883,3.3067
2972,5.4,8.0,0.0,1.7177,3.4539
2973,4.2,6.0,0.0,1.3865,3.4656
2974,4.8,10.0,0.0,1.54,3.4847
2975,5.0,6.0,0.0,1.569,3.4057
2976,4.5,9.0,0.0,1.5077,3.4101
2977,4.5,8.0,0.0,1.4586,3.5078
2978,3.5,5.0,0.0,1.118,3.4405
2979,5.4,12.0,0.0,1.7883,3.415
2980,5.0,10.0,0.0,1.6851,3.2767
2981,3.5,7.0,0.0,1.2247,3.3725
2982,5.3,9.0,0.0,1.7205,3.4148
2983,7.1,15.0,0.0,2.3425,3.5951
2984,9.9,15.0,0.0,3.0883,3.799
2985,8.7,10.0,0.0,2.6866,3.8552
2986,8.1,12.0,0.0,2.5863,3.8657
2987,5.6,7.0,0.0,1.7748,3.7476
2988,6.5,8.0,0.0,2.1165,3.745
2989,6.8,9.0,0.0,2.1586,3.7001
2990,7.8,12.0,0.0,2.4393,3.6194
2991,5.9,11.0,0.0,1.8682,3.5255
2992,6.5,13.0,0.0,2.1307,3.5378
2993,5.4,9.0,0.0,1.7625,3.4778
2994,6.0,7.0,0.0,2.0024,3.6228
2995,5.3,8.0,0.0,1.6715,3.5205
2996,5.5,9.0,0.0,1.7983,3.4468
2997,5.5,11.0,0.0,1.8241,3.3851
2998,6.5,11.0,0.0,2.0694,3.5005
2999,6.0,8.0,0.0,1.875,3.4826
3000,6.1,9.0,0.0,1.9925,3.2796
3001,3.7,5.0,0.0,1.1459,3.2648
3002,3.5,5.0,0.0,1.1435,3.4872
3003,4.1,7.0,0.0,1.326,3.2534
3004,3.2,4.0,0.0,1.0524,3.2363
3005,3.9,8.0,0.0,1.3134,3.278
3006,5.7,10.0,0.0,1.8269,3.3018
3007,4.2,6.0,0.0,1.3183,3.259
3008,4.0,5.0,0.0,1.3144,3.1741
3009,4.6,9.0,0.0,1.5573,3.2617
3010,3.9,9.0,0.0,1.4162,3.3245
3011,4.4,7.0,0.0,1.5094,3.2495
3012,4.5,8.0,0.0,1.4595,3.2688
3013,3.8,6.0,0.0,1.2862,3.3326
3014,5.2,10.0,0.0,1.6793,3.28
3015,3.2,9.0,0.0,1.1971,3.2589
3016,4.3,7.0,0.0,1.4372,3.2747
3017,4.6,6.0,0.0,1.4824,3.2985
3018,3.9,6.0,0.0,1.2606,3.2726
3019,4.2,6.0,0.0,1.322,3.4095
3020,6.0,14.0,0.0,2.0365,3.276
3021,5.6,10.0,0.0,1.8433,3.2954
3022,3.8,6.0,0.0,1.2635,3.2455
3023,3.6,5.0,0.0,1.2432,3.2417
3024,4.6,7.0,0.0,1.4755,3.2281
3025,3.2,4.0,0.0,1.0392,3.2212
3026,4.7,7.0,0.0,1.557,3.3023
3027,4.5,7.0,0.0,1.4579,3.2466
3028,3.9,9.0,0.0,1.3557,3.2161
3029,5.0,7.0,0.0,1.7048,3.2817
3030,4.3,8.0,0.0,1.3863,3.2448
3031,4.0,5.0,0.0,1.3618,3.2769
3032,4.9,7.0,0.0,1.5353,3.2236
3033,4.6,6.0,0.0,1.5037,3.3041
3034,4.5,8.0,0.0,1.4696,3.2989
3035,3.9,6.0,0.0,1.2703,3.2897
3036,5.7,10.0,0.0,1.8862,3.395
3037,4.6,9.0,0.0,1.5124,3.549
3038,3.6,5.0,0.0,1.1971,3.4272
3039,3.6,6.0,0.0,1.232,3.4651
3040,3.9,5.0,0.0,1.2859,3.3183
3041,5.0,7.0,0.0,1.5961,3.4055
3042,5.3,11.0,0.0,1.7498,3.5067
3043,4.9,6.0,0.0,1.6168,3.3608
3044,3.3,6.0,0.0,1.1079,3.4242
3045,5.9,9.0,0.0,1.8411,3.3545
3046,4.8,8.0,0.0,1.5802,3.2818
3047,4.2,9.0,0.0,1.4106,3.2764
3048,3.7,6.0,0.0,1.2247,3.2342
3049,4.1,8.0,0.0,1.3698,3.2894
3050,4.2,6.0,0.0,1.3265,3.2855
3051,4.0,6.0,0.0,1.26,3.2645
3052,4.1,8.0,0.0,1.371,3.2775
3053,4.2,6.0,0.0,1.3361,3.2758
3054,4.1,8.0,0.0,1.3784,3.3034
3055,5.1,11.0,0.0,1.7186,3.2342
3056,3.6,6.0,0.0,1.1529,3.2596
3057,4.7,7.0,0.0,1.4722,3.318
3058,4.4,6.0,0.0,1.4169,3.2527
3059,5.0,6.0,0.0,1.6824,3.3188
3060,4.5,7.0,0.0,1.4553,3.3068
3061,5.5,9.0,0.0,1.7301,3.2637
3062,4.8,7.0,0.0,1.5465,3.2705
3063,4.3,6.0,0.0,1.4449,3.279
3064,4.5,8.0,0.0,1.4898,3.2367
3065,3.9,5.0,0.0,1.3115,3.2475
3066,4.0,6.0,0.0,1.296,3.2674
3067,3.7,6.0,0.0,1.244,3.2316
3068,3.4,4.0,0.0,1.1223,3.2147
3069,3.9,5.0,0.0,1.2884,3.2547
3070,3.5,5.0,0.0,1.1567,3.1971
3071,5.0,12.0,0.0,1.7314,3.2434
3072,4.8,8.0,0.0,1.5878,3.2916
3073,3.5,7.0,0.0,1.2221,3.265
3074,3.7,5.0,0.0,1.2124,3.2255
3075,3.9,6.0,0.0,1.2446,3.2461
3076,3.1,6.0,0.0,1.0791,3.2602
3077,3.6,5.0,0.0,1.1701,3.2796
3078,4.1,6.0,0.0,1.3511,3.2563
3079,2.9,5.0,0.0,0.9985,3.2495
3080,4.4,7.0,0.0,1.4281,3.2408
3081,3.8,6.0,0.0,1.2166,3.2671
3082,3.4,4.0,0.0,1.1176,3.2522
3083,2.9,5.0,0.0,0.9985,3.2243
3084,4.3,7.0,0.0,1.4429,3.2378
3085,3.5,4.0,0.0,1.118,3.2492
3086,4.3,6.0,0.0,1.3524,3.2722
3087,5.1,9.0,0.0,1.6242,3.2294
3088,4.3,12.0,0.0,1.5516,3.2102
3089,3.7,5.0,0.0,1.2203,3.2809
3090,3.8,7.0,0.0,1.2609,3.2114
3091,4.2,6.0,0.0,1.3601,3.2468
3092,4.8,10.0,0.0,1.588,3.2754
3093,3.3,5.0,0.0,1.114,3.277
3094,3.9,6.0,0.0,1.2891,3.2207
3095,3.5,5.0,0.0,1.2,3.2821
3096,4.2,7.0,0.0,1.4354,3.2566
3097,4.3,7.0,0.0,1.4698,3.2416
3098,4.4,6.0,0.0,1.4119,3.2522
3099,4.7,9.0,0.0,1.6181,3.2673
3100,4.2,6.0,0.0,1.3403,3.3122
3101,4.4,7.0,0.0,1.426,3.282
3102,4.3,8.0,0.0,1.4058,3.2349
3103,3.6,6.0,0.0,1.1839,3.2101
3104,3.9,8.0,0.0,1.3301,3.227
3105,3.7,5.0,0.0,1.1619,3.1977
3106,3.5,4.0,0.0,1.1371,3.2246
3107,3.9,6.0,0.0,1.2703,3.2296
3108,4.4,7.0,0.0,1.407,3.2319
3109,4.3,6.0,0.0,1.3376,3.227
3110,3.8,9.0,0.0,1.3134,3.2229
3111,5.4,12.0,0.0,1.8454,3.2643
3112,4.2,9.0,0.0,1.4048,3.2418
3113,5.3,10.0,0.0,1.6993,3.2748
3114,5.4,9.0,0.0,1.7324,3.2601
3115,4.3,8.0,0.0,1.4782,3.2452
3116,4.5,6.0,0.0,1.3932,3.2316
3117,4.4,6.0,0.0,1.3947,3.2161
3118,5.1,8.0,0.0,1.6793,3.2663
3119,3.5,5.0,0.0,1.1371,3.2189
3120,4.0,8.0,0.0,1.351,3.2918
3121,4.5,9.0,0.0,1.4879,3.2241
3122,3.9,7.0,0.0,1.3228,3.2767
3123,4.7,7.0,0.0,1.5416,3.2807
3124,3.7,5.0,0.0,1.1634,3.3058
3125,3.9,9.0,0.0,1.3572,3.2063
3126,3.6,5.0,0.0,1.1817,3.1418
3127,4.1,6.0,0.0,1.3219,3.232
3128,3.9,6.0,0.0,1.3198,3.2774
3129,6.0,11.0,0.0,1.9864,3.3222
3130,5.1,16.0,0.0,1.9421,3.3005
3131,5.3,7.0,0.0,1.6151,3.344
3132,4.4,6.0,0.0,1.4481,3.3332
3133,5.5,9.0,0.0,1.7059,3.3469
3134,4.8,8.0,0.0,1.5547,3.3357
3135,4.2,8.0,0.0,1.4036,3.3477
3136,4.6,9.0,0.0,1.5222,3.3759
3137,3.7,6.0,0.0,1.2606,3.385
3138,4.7,6.0,0.0,1.5324,3.4018
3139,5.1,6.0,0.0,1.5641,3.3346
3140,4.3,9.0,0.0,1.4578,3.3317
3141,3.6,6.0,0.0,1.2167,3.334
3142,4.2,7.0,0.0,1.4188,3.2948
3143,4.0,7.0,0.0,1.3638,3.341
3144,2.8,4.0,0.0,0.9622,3.3007
3145,4.5,7.0,0.0,1.4526,3.2805
3146,4.1,7.0,0.0,1.4048,3.4206
3147,2.8,4.0,0.0,0.9594,3.2885
3148,4.1,6.0,0.0,1.2919,3.271
3149,3.6,5.0,0.0,1.2,3.2659
3150,3.1,5.0,0.0,1.02,3.256
3151,4.1,5.0,0.0,1.3046,3.2337
3152,4.0,7.0,0.0,1.337,3.2456
3153,4.0,6.0,0.0,1.3489,3.2632
3154,4.9,7.0,0.0,1.558,3.2678
3155,4.3,7.0,0.0,1.4379,3.33
3156,6.2,8.0,0.0,1.9036,3.4289
3157,4.4,8.0,0.0,1.4509,3.4068
3158,4.7,7.0,0.0,1.505,3.4302
3159,5.2,11.0,0.0,1.743,3.546
3160,3.7,5.0,0.0,1.2806,3.5973
3161,3.8,5.0,0.0,1.2653,3.4143
3162,5.4,13.0,0.0,1.8505,3.4529
3163,4.4,9.0,0.0,1.5225,3.3819
3164,5.3,8.0,0.0,1.6824,3.4281
3165,3.5,6.0,0.0,1.166,3.4736
3166,4.7,7.0,0.0,1.5596,3.4152
3167,4.5,6.0,0.0,1.4635,3.3703
3168,4.8,7.0,0.0,1.5452,3.5168
3169,5.0,9.0,0.0,1.6401,3.5065
3170,5.1,7.0,0.0,1.6219,3.6145
3171,5.2,8.0,0.0,1.6618,3.5612
3172,4.9,7.0,0.0,1.5232,3.6697
3173,3.7,6.0,0.0,1.233,3.4319
3174,4.7,6.0,0.0,1.4946,3.4998
3175,3.2,7.0,0.0,1.1251,3.5686
3176,3.7,6.0,0.0,1.2106,3.3882
3177,3.4,4.0,0.0,1.109,3.3494
3178,4.1,6.0,0.0,1.3771,3.4291
3179,4.0,5.0,0.0,1.3124,3.5516
3180,5.0,9.0,0.0,1.6971,3.4889
3181,4.6,8.0,0.0,1.5843,3.3913
3182,4.8,7.0,0.0,1.5444,3.3741
3183,6.1,9.0,0.0,1.9235,3.3525
3184,5.2,8.0,0.0,1.7035,3.3122
3185,4.1,9.0,0.0,1.382,3.2825
3186,4.3,7.0,0.0,1.382,3.2744
3187,3.5,5.0,0.0,1.1269,3.2126
3188,3.6,7.0,0.0,1.1977,3.1967
3189,4.1,8.0,0.0,1.4032,3.3119
3190,4.3,7.0,0.0,1.3551,3.2159
3191,4.3,6.0,0.0,1.4177,3.3216
3192,4.2,8.0,0.0,1.4731,3.2684
3193,4.9,6.0,0.0,1.5767,3.3525
3194,3.5,4.0,0.0,1.2041,3.3832
3195,4.5,7.0,0.0,1.48,3.5236
3196,3.7,5.0,0.0,1.2726,3.6105
3197,4.7,6.0,0.0,1.5035,3.5002
3198,3.6,6.0,0.0,1.1954,3.385
3199,5.3,9.0,0.0,1.7611,3.3717
3200,4.0,6.0,0.0,1.3391,3.3709
3201,5.6,11.0,0.0,1.8439,3.4837
3202,4.0,6.0,0.0,1.3598,3.3963
3203,5.1,7.0,0.0,1.6194,3.4842
3204,4.2,6.0,0.0,1.4098,3.6706
3205,4.6,7.0,0.0,1.4945,3.733
3206,4.7,6.0,0.0,1.4594,3.5724
3207,3.0,4.0,0.0,1.0062,3.3893
3208,3.8,6.0,0.0,1.2548,3.4001
3209,3.7,7.0,0.0,1.2278,3.4001
3210,3.7,5.0,0.0,1.2526,3.4493
3211,4.3,7.0,0.0,1.3403,3.5495
3212,3.4,5.0,0.0,1.1435,3.4441
3213,3.9,7.0,0.0,1.3468,3.5063
3214,4.3,7.0,0.0,1.4078,3.5009
3215,4.9,6.0,0.0,1.5427,3.4239
3216,4.4,7.0,0.0,1.4347,3.4276
3217,4.6,7.0,0.0,1.489,3.3978
3218,5.3,7.0,0.0,1.7115,3.4551
3219,6.3,9.0,0.0,1.9615,3.3714
3220,5.2,8.0,0.0,1.6865,3.5146
3221,5.4,7.0,0.0,1.7384,3.6815
3222,4.9,7.0,0.0,1.6093,3.7245
3223,5.7,9.0,0.0,1.855,3.6487
3224,4.8,8.0,0.0,1.5338,3.5936
3225,6.1,8.0,0.0,1.9187,3.7299
3226,5.1,7.0,0.0,1.6856,3.6131
3227,5.7,10.0,0.0,1.8885,3.5905
3228,4.6,8.0,0.0,1.5094,3.6207
3229,4.3,10.0,0.0,1.5851,3.431
3230,3.6,4.0,0.0,1.2164,3.4115
3231,3.8,7.0,0.0,1.2322,3.4341
3232,4.4,7.0,0.0,1.4851,3.3391
3233,4.3,7.0,0.0,1.4317,3.3762
3234,4.6,6.0,0.0,1.4379,3.4042
3235,5.6,9.0,0.0,1.8193,3.4585
3236,4.3,6.0,0.0,1.3739,3.3965
3237,4.7,8.0,0.0,1.5024,3.3445
3238,4.9,7.0,0.0,1.5256,3.4355
3239,6.0,10.0,0.0,1.8989,3.4578
3240,3.9,6.0,0.0,1.28,3.506
3241,5.5,8.0,0.0,1.7916,3.589
3242,4.1,7.0,0.0,1.3855,3.4193
3243,5.0,7.0,0.0,1.6132,3.3719
3244,4.2,6.0,0.0,1.382,3.4144
3245,3.6,6.0,0.0,1.3122,3.4165
3246,5.7,9.0,0.0,1.8259,3.3748
3247,4.5,7.0,0.0,1.4422,3.3684
3248,4.8,8.0,0.0,1.6081,3.4054
3249,5.9,15.0,0.0,2.0845,3.3615
3250,4.7,7.0,0.0,1.5611,3.4854
3251,4.2,6.0,0.0,1.3674,3.369
3252,6.0,10.0,0.0,1.9307,3.4153
3253,4.9,10.0,0.0,1.6515,3.3858
3254,5.2,8.0,0.0,1.6775,3.5483
3255,4.1,7.0,0.0,1.3771,3.4173
3256,4.4,10.0,0.0,1.4985,3.3669
3257,4.2,7.0,0.0,1.3889,3.5303
3258,4.9,9.0,0.0,1.558,3.3515
3259,3.8,7.0,0.0,1.252,3.3201
3260,3.4,6.0,0.0,1.1459,3.2951
3261,4.6,8.0,0.0,1.5379,3.351
3262,4.5,7.0,0.0,1.4876,3.5212
3263,4.2,5.0,0.0,1.4323,3.4214
3264,5.0,7.0,0.0,1.6432,3.2835
3265,4.8,7.0,0.0,1.5151,3.3208
3266,5.3,8.0,0.0,1.6891,3.3911
3267,4.9,7.0,0.0,1.5652,3.3335
3268,7.1,10.0,0.0,2.2729,3.4126
3269,4.6,6.0,0.0,1.4479,3.279
3270,5.0,9.0,0.0,1.6832,3.3478
3271,6.4,13.0,0.0,2.0841,3.4219
3272,6.5,10.0,0.0,2.0644,3.4185
3273,5.6,9.0,0.0,1.8293,3.4334
3274,6.2,8.0,0.0,2.0397,3.4536
3275,7.2,12.0,0.0,2.3318,3.496
3276,6.3,8.0,0.0,1.8881,3.5238
3277,7.1,11.0,0.0,2.2571,3.7161
3278,5.0,8.0,0.0,1.6523,3.3837
3279,6.5,9.0,0.0,2.0778,3.5406
3280,6.5,10.0,0.0,2.1366,3.4811
3281,5.3,8.0,0.0,1.7404,3.4769
3282,5.8,9.0,0.0,1.8351,3.3774
3283,6.7,12.0,0.0,2.1114,3.3923
3284,5.5,8.0,0.0,1.8082,3.3888
3285,4.2,6.0,0.0,1.3817,3.3961
3286,6.1,9.0,0.0,1.8974,3.5098
3287,6.5,8.0,0.0,1.9648,3.5538
3288,6.5,13.0,0.0,2.1284,3.4204
3289,7.8,17.0,0.0,2.5318,3.5528
3290,4.1,7.0,0.0,1.3849,3.3595
3291,4.8,8.0,0.0,1.5516,3.3844
3292,3.9,7.0,0.0,1.2981,3.3271
3293,5.5,9.0,0.0,1.7793,3.1991
3294,4.2,6.0,0.0,1.3992,3.2189
3295,3.8,5.0,0.0,1.259,3.17
3296,3.4,7.0,0.0,1.1918,3.1559
3297,3.0,5.0,0.0,1.0078,3.2006
3298,3.9,8.0,0.0,1.2907,3.2011
3299,5.6,10.0,0.0,1.754,3.3137
3300,4.6,7.0,0.0,1.5169,3.237
3301,4.7,9.0,0.0,1.5396,3.2339
3302,4.4,6.0,0.0,1.4091,3.1829
3303,3.8,5.0,0.0,1.2352,3.1397
3304,5.6,9.0,0.0,1.8335,3.2187
3305,5.1,8.0,0.0,1.672,3.3717
3306,5.5,13.0,0.0,1.9313,3.4722
3307,3.9,6.0,0.0,1.272,3.3316
3308,5.1,8.0,0.0,1.6844,3.4029
3309,4.8,7.0,0.0,1.5532,3.3818
3310,5.7,11.0,0.0,1.8733,3.331
3311,5.4,7.0,0.0,1.7393,3.3567
3312,3.8,6.0,0.0,1.2981,3.3042
3313,5.1,12.0,0.0,1.7349,3.2848
3314,4.3,6.0,0.0,1.3849,3.2997
3315,5.0,10.0,0.0,1.6784,3.3451
3316,5.2,9.0,0.0,1.728,3.3533
3317,5.7,7.0,0.0,1.8946,3.4413
3318,6.3,19.0,0.0,2.3,3.4514
3319,7.1,10.0,0.0,2.2002,3.4343
3320,5.7,9.0,0.0,1.8351,3.3851
3321,5.6,8.0,0.0,1.8049,3.4186
3322,6.1,7.0,0.0,1.8873,3.4781
3323,5.2,7.0,0.0,1.6148,3.4858
3324,6.2,8.0,0.0,1.9723,3.4896
3325,7.1,13.0,0.0,2.2729,3.4472
3326,14.0,19.0,0.0,4.2848,4.1944
3327,19.3,33.0,0.0,6.0128,4.5848
3328,18.5,25.0,0.0,5.5156,4.7981
3329,24.3,39.0,0.0,7.1519,5.1855
3330,24.9,35.0,0.0,7.1386,4.9424
3331,21.5,30.0,0.0,6.6562,5.2626
3332,24.5,49.0,0.0,7.2669,4.9936
3333,25.9,41.0,0.0,7.6,5.2531
3334,24.5,34.0,0.0,7.0195,5.2241
3335,21.2,31.0,0.0,6.0918,5.0654
3336,23.3,31.0,0.0,6.6376,4.8305
3337,23.3,37.0,0.0,6.9755,4.5298
3338,16.2,25.0,0.0,4.6559,4.1982
3339,16.6,28.0,0.0,4.7971,4.0876
3340,15.9,22.0,0.0,4.6202,4.0612
3341,16.9,27.0,0.0,4.9606,4.1842
3342,22.0,42.0,0.0,6.6269,4.3216
3343,18.7,32.0,0.0,5.539,4.3593
3344,18.0,26.0,0.0,5.2257,4.0776
3345,18.0,25.0,0.0,5.196,4.34
3346,18.9,29.0,0.0,5.7908,4.274
3347,18.2,31.0,0.0,5.5297,4.2648
3348,19.9,31.0,0.0,6.0635,4.1899
3349,15.2,33.0,0.0,4.8213,4.0571
3350,15.4,19.0,0.0,4.6253,4.1105
3351,17.0,30.0,0.0,5.0225,4.0916
3352,14.8,26.0,0.0,4.5292,3.9071
3353,13.9,23.0,0.0,4.2164,3.8728
3354,15.8,23.0,0.0,4.7499,4.0517
3355,17.4,33.0,0.0,5.1332,3.8748
3356,13.7,22.0,0.0,4.092,3.7541
3357,13.6,19.0,0.0,4.2545,4.0435
3358,12.3,27.0,0.0,3.8604,3.8473
3359,13.6,25.0,0.0,4.0792,3.9866
3360,13.8,30.0,0.0,4.3957,3.954
3361,12.8,17.0,0.0,3.9309,4.1111
3362,12.2,16.0,0.0,3.7134,4.0377
3363,12.3,19.0,0.0,3.7307,4.0905
3364,14.8,21.0,0.0,4.3915,4.2278
3365,10.9,16.0,0.0,3.2202,4.1856
3366,15.8,23.0,0.0,4.5554,4.5308
3367,15.9,24.0,0.0,4.7146,4.3123
3368,15.8,23.0,0.0,4.6363,4.4285
3369,12.3,17.0,0.0,3.7334,4.0814
3370,16.7,23.0,0.0,4.8885,4.2374
3371,12.3,18.0,0.0,3.7427,3.9568
3372,13.0,23.0,0.0,3.7032,4.2959
3373,13.9,18.0,0.0,4.092,4.3368
3374,13.9,20.0,0.0,4.1091,4.3329
3375,16.0,27.0,0.0,4.8236,4.6201
3376,11.1,15.0,0.0,3.2518,4.1703
3377,13.3,23.0,0.0,3.9733,4.5127
3378,12.6,16.0,0.0,3.7457,4.3616
3379,17.3,31.0,0.0,5.1762,4.4273
3380,14.0,19.0,0.0,4.4395,4.3244
3381,14.8,24.0,0.0,4.5145,4.383
3382,16.4,22.0,0.0,4.9349,4.431
3383,17.8,29.0,0.0,5.4176,4.4788
3384,17.0,26.0,0.0,5.1527,4.3146
3385,16.2,20.0,0.0,4.9059,4.426
3386,17.0,22.0,0.0,4.9049,4.2663
3387,16.3,21.0,0.0,4.863,4.4548
3388,19.8,35.0,0.0,5.8533,4.3503
3389,18.0,23.0,0.0,5.3147,4.216
3390,16.8,24.0,0.0,5.2059,4.1821
3391,17.7,31.0,0.0,5.2773,4.3076
3392,20.1,31.0,0.0,5.961,4.472
3393,15.3,25.0,0.0,4.6508,4.18
3394,21.4,29.0,0.0,6.2006,4.1962
3395,19.6,37.0,0.0,6.09,4.3344
3396,21.5,36.0,0.0,6.6219,4.6159
3397,18.7,28.0,0.0,5.7953,4.2892
3398,16.9,22.0,0.0,4.9252,4.2982
3399,15.2,28.0,0.0,4.7846,4.196
3400,17.8,36.0,0.0,5.6055,4.094
3401,16.1,22.0,0.0,4.9753,4.0528
3402,15.2,24.0,0.0,4.6864,4.3685
3403,16.2,24.0,0.0,4.8248,4.3933
3404,15.2,27.0,0.0,4.7859,4.2783
3405,16.4,29.0,0.0,5.0153,4.3573
3406,21.1,26.0,0.0,6.4007,4.6177
3407,15.6,20.0,0.0,4.6376,4.1436
3408,17.9,23.0,0.0,5.3335,4.2717
3409,19.0,30.0,0.0,5.4811,4.6239
3410,18.3,26.0,0.0,5.6499,4.3486
3411,19.7,29.0,0.0,5.7231,4.517
3412,16.8,27.0,0.0,5.0764,4.2719
3413,17.7,23.0,0.0,5.2047,4.199
3414,18.8,26.0,0.0,5.5257,4.5087
3415,17.0,29.0,0.0,5.3649,4.1957
3416,17.2,32.0,0.0,5.342,4.4162
3417,17.0,27.0,0.0,5.1085,4.4774
3418,19.8,29.0,0.0,5.8656,4.5977
3419,18.1,26.0,0.0,5.7308,4.3615
3420,18.1,27.0,0.0,5.6102,4.5155
3421,20.8,31.0,0.0,6.0632,4.8143
3422,17.9,24.0,0.0,5.3113,4.4534
3423,21.3,28.0,0.0,6.3646,4.3605
3424,19.4,30.0,0.0,5.8945,4.2521
3425,16.5,20.0,0.0,5.0697,4.198
3426,20.4,32.0,0.0,6.1683,4.213
3427,22.3,27.0,0.0,6.9507,4.5499
3428,17.6,25.0,0.0,5.3587,4.2124
3429,20.5,29.0,0.0,6.2833,4.3534
3430,19.5,31.0,0.0,5.9604,4.3504
3431,15.5,21.0,0.0,4.7448,4.1401
3432,15.1,21.0,0.0,4.5552,4.2332
3433,21.9,35.0,0.0,6.7103,4.5315
3434,22.8,29.0,0.0,6.6909,4.5055
3435,18.1,42.0,0.0,5.8405,4.2999
3436,18.9,25.0,0.0,5.9456,4.3778
3437,15.3,28.0,0.0,4.7843,4.0061
3438,16.1,21.0,0.0,4.935,4.4237
3439,16.3,27.0,0.0,5.0993,4.4578
3440,18.2,29.0,0.0,5.5683,4.309
3441,16.7,37.0,0.0,5.2903,4.2037
3442,17.2,22.0,0.0,5.2778,4.3042
3443,15.6,20.0,0.0,4.564,4.4008
3444,15.5,22.0,0.0,4.7032,4.054
3445,17.0,20.0,0.0,5.0799,4.1563
3446,19.3,26.0,0.0,5.9163,4.4312
3447,18.4,29.0,0.0,5.6233,4.2424
3448,17.7,25.0,0.0,5.4222,4.3309
3449,13.2,17.0,0.0,4.4797,4.2994
3450,17.0,27.0,0.0,5.0241,4.228
3451,19.2,27.0,0.0,5.6869,4.2474
3452,14.4,18.0,0.0,4.2804,4.0289
3453,18.1,24.0,0.0,5.3905,4.3551
3454,15.8,24.0,0.0,4.6327,4.3302
3455,20.1,31.0,0.0,5.9789,4.4603
3456,17.3,24.0,0.0,5.2345,4.2752
3457,17.4,32.0,0.0,5.3691,4.2517
3458,19.1,25.0,0.0,5.8647,4.5801
3459,22.3,38.0,0.0,6.8765,4.5371
3460,17.9,24.0,0.0,5.426,4.4936
3461,16.7,22.0,0.0,5.2116,4.5124
3462,20.1,31.0,0.0,5.9471,4.4711
3463,20.4,28.0,0.0,6.3754,4.4631
3464,19.1,28.0,0.0,5.501,4.3201
3465,15.9,27.0,0.0,4.6411,4.2474
3466,15.0,25.0,0.0,4.48,4.3238
3467,19.4,24.0,0.0,5.8478,4.3316
3468,16.9,23.0,0.0,5.286,4.4647
3469,21.7,33.0,0.0,6.6468,4.2822
3470,16.7,21.0,0.0,5.2775,4.3067
3471,19.5,34.0,0.0,6.0649,4.7384
3472,22.2,28.0,0.0,6.4607,4.5569
3473,20.4,40.0,0.0,6.2538,4.6744
3474,19.4,26.0,0.0,5.8752,4.5188
3475,16.9,29.0,0.0,5.1507,4.468
3476,26.7,38.0,0.0,7.8045,4.8362
3477,22.8,32.0,0.0,6.7816,5.1012
3478,20.6,27.0,0.0,6.183,4.9211
3479,21.8,42.0,0.0,6.7473,4.8721
3480,20.3,26.0,0.0,5.8513,4.2566
3481,19.2,25.0,0.0,5.8669,4.4508
3482,21.7,39.0,0.0,6.6828,4.3954
3483,19.5,27.0,0.0,5.8641,4.4587
3484,20.8,33.0,0.0,6.4159,4.5427
3485,21.0,26.0,0.0,6.2767,4.5747
3486,18.3,25.0,0.0,5.5851,4.7261
3487,19.7,32.0,0.0,5.8993,4.43
3488,17.3,31.0,0.0,5.2932,4.5061
3489,20.1,32.0,0.0,5.9105,4.4998
3490,20.9,30.0,0.0,6.2618,4.5289
3491,19.5,35.0,0.0,6.0198,4.5748
3492,24.3,35.0,0.0,7.4941,4.4203
3493,14.4,17.0,0.0,4.0823,4.1808
3494,18.0,21.0,0.0,5.4708,4.1469
3495,14.7,30.0,0.0,4.7697,3.9892
3496,15.8,21.0,0.0,4.8173,4.1269
3497,15.3,26.0,0.0,4.5975,3.9191
3498,13.7,19.0,0.0,4.1905,3.9874
3499,14.9,23.0,0.0,4.6448,3.886
3500,15.8,20.0,0.0,4.7789,3.9114
3501,16.3,24.0,0.0,5.0299,4.0176
3502,19.5,30.0,0.0,5.9487,4.2781
3503,15.8,21.0,0.0,4.8094,4.0952
3504,19.4,25.0,0.0,5.8305,4.2637
3505,17.1,23.0,0.0,5.2111,4.0433
3506,12.7,17.0,0.0,3.887,4.1237
3507,16.4,20.0,0.0,5.0428,4.3492
3508,17.0,27.0,0.0,5.1271,4.1347
3509,18.4,34.0,0.0,5.56,4.4081
3510,17.3,24.0,0.0,5.395,4.236
3511,16.3,19.0,0.0,4.9247,4.2321
3512,17.4,23.0,0.0,5.3386,4.1066
3513,15.5,22.0,0.0,4.6067,3.9956
3514,14.7,20.0,0.0,4.585,4.1532
3515,12.8,24.0,0.0,4.0445,3.7829
3516,15.4,21.0,0.0,4.9236,4.058
3517,12.3,24.0,0.0,4.0493,3.7935
3518,11.5,14.0,0.0,3.6587,3.7182
3519,8.4,13.0,0.0,2.7007,3.5787
3520,11.1,16.0,0.0,3.4857,3.5524
3521,11.9,23.0,0.0,3.7483,3.6422
3522,13.7,27.0,0.0,4.4759,3.8396
3523,14.1,19.0,0.0,4.4913,3.9706
3524,13.6,22.0,0.0,4.3323,3.9357
3525,13.5,20.0,0.0,4.1485,3.723
3526,11.6,14.0,0.0,3.6334,3.7403
3527,12.4,20.0,0.0,3.8935,3.7603
3528,15.5,25.0,0.0,4.8752,3.9344
3529,16.7,26.0,0.0,4.9947,4.1604
3530,17.5,24.0,0.0,5.1723,4.5092
3531,14.6,19.0,0.0,4.4553,4.2966
3532,19.0,23.0,0.0,5.6203,4.6129
3533,20.3,34.0,0.0,6.119,4.9705
3534,18.1,28.0,0.0,5.4536,5.1163
3535,17.0,22.0,0.0,5.0586,4.5464
3536,13.5,15.0,0.0,4.3795,4.7262
3537,15.2,20.0,0.0,4.6058,4.8547
3538,20.2,36.0,0.0,6.4254,4.8045
3539,20.4,44.0,0.0,6.5102,4.9753
3540,17.3,20.0,0.0,5.077,4.7044
3541,18.6,26.0,0.0,5.6943,4.9025
3542,16.1,22.0,0.0,4.7308,4.6077
3543,16.7,25.0,0.0,5.1017,4.6379
3544,16.8,35.0,0.0,5.2953,4.573
3545,15.1,25.0,0.0,4.5699,4.2529
3546,16.5,21.0,0.0,4.9531,4.4529
3547,15.3,21.0,0.0,4.6864,4.5236
3548,17.2,20.0,0.0,5.0978,4.6277
3549,19.3,31.0,0.0,5.8472,4.5282
3550,14.0,18.0,0.0,4.531,4.3797
3551,16.7,29.0,0.0,5.1621,4.2064
3552,16.3,25.0,0.0,4.9055,4.2309
3553,17.1,22.0,0.0,5.2832,4.3228
3554,18.6,26.0,0.0,5.5452,4.1677
3555,21.0,40.0,0.0,6.3087,4.3649
3556,17.3,28.0,0.0,5.1334,4.3777
3557,13.8,21.0,0.0,4.1582,4.0549
3558,13.4,20.0,0.0,4.1183,3.9687
3559,15.6,24.0,0.0,4.5848,3.8749
3560,15.7,20.0,0.0,4.7673,4.009
3561,13.2,19.0,0.0,4.0509,3.9199
3562,18.2,29.0,0.0,5.5408,4.0878
3563,17.8,25.0,0.0,5.2621,3.9959
3564,15.1,25.0,0.0,4.6136,3.8415
3565,13.1,19.0,0.0,4.0525,3.9192
3566,13.6,18.0,0.0,4.0996,3.933
3567,13.8,24.0,0.0,4.0598,4.2056
3568,14.3,18.0,0.0,4.0564,4.4163
3569,17.0,26.0,0.0,5.0188,4.4659
3570,16.7,23.0,0.0,5.0364,4.4659
3571,14.6,20.0,0.0,4.4268,4.4199
3572,18.5,33.0,0.0,5.7591,4.6016
3573,15.5,23.0,0.0,4.8114,4.1879
3574,16.2,31.0,0.0,5.2733,4.332
3575,15.6,24.0,0.0,4.919,4.256
3576,15.1,23.0,0.0,4.464,4.2462
3577,16.5,29.0,0.0,5.1666,4.3716
3578,14.7,20.0,0.0,4.3559,4.2232
3579,13.5,22.0,0.0,4.2071,4.0592
3580,16.5,25.0,0.0,4.6997,4.0468
3581,12.2,30.0,0.0,3.915,3.745
3582,15.2,19.0,0.0,4.6892,4.058
3583,15.1,18.0,0.0,4.825,4.1955
3584,14.4,21.0,0.0,4.3914,4.2394
3585,13.6,17.0,0.0,3.8442,4.2503
3586,18.1,30.0,0.0,5.4166,4.3384
3587,14.9,23.0,0.0,4.3975,4.363
3588,14.8,24.0,0.0,4.3643,4.4558
3589,17.5,24.0,0.0,5.2605,4.5823
3590,15.0,21.0,0.0,4.5297,4.2497
3591,15.0,21.0,0.0,4.5084,4.2678
3592,15.2,23.0,0.0,4.6996,4.0438
3593,18.9,31.0,0.0,5.6945,4.1679
3594,16.3,24.0,0.0,4.8396,3.8661
3595,15.7,28.0,0.0,4.7584,4.0555
3596,11.8,17.0,0.0,3.6329,3.8878
3597,13.4,23.0,0.0,4.0699,4.0736
3598,14.9,25.0,0.0,4.5784,4.0344
3599,16.0,30.0,0.0,4.8691,3.9771
3600,14.6,28.0,0.0,4.5437,3.8365
3601,14.5,21.0,0.0,4.3183,3.9209
3602,17.3,27.0,0.0,5.1797,3.9151
3603,17.0,33.0,0.0,5.4031,3.9863
3604,10.8,12.0,0.0,3.3526,4.117
3605,15.4,19.0,0.0,4.4481,4.3133
3606,18.7,29.0,0.0,5.5217,4.2041
3607,17.3,30.0,0.0,5.4148,4.1788
3608,13.9,24.0,0.0,4.2459,4.3015
3609,19.8,29.0,0.0,5.705,4.2091
3610,14.6,19.0,0.0,4.0986,4.0562
3611,16.5,24.0,0.0,5.0207,4.1506
3612,17.9,34.0,0.0,5.7198,4.1358
3613,14.1,20.0,0.0,4.3167,4.0322
3614,14.3,21.0,0.0,4.2617,4.2973
3615,13.3,22.0,0.0,4.0427,4.1674
3616,19.0,32.0,0.0,5.9141,4.288
3617,15.2,23.0,0.0,4.515,4.1925
3618,15.1,21.0,0.0,4.5155,4.2716
3619,18.3,29.0,0.0,5.5622,4.3836
3620,18.1,27.0,0.0,5.423,4.0748
3621,16.1,28.0,0.0,5.1332,4.323
3622,14.0,19.0,0.0,4.3628,4.2957
3623,15.6,23.0,0.0,4.6966,3.9727
3624,16.7,24.0,0.0,4.9644,4.337
3625,13.7,18.0,0.0,3.9914,4.1161
3626,14.8,26.0,0.0,4.4647,4.0392
3627,16.9,23.0,0.0,5.0488,4.1103
3628,14.1,18.0,0.0,4.3769,3.8917
3629,14.3,29.0,0.0,4.6499,4.0844
3630,14.4,22.0,0.0,4.325,4.198
3631,16.7,25.0,0.0,4.9435,4.1236
3632,15.8,26.0,0.0,4.7395,4.1386
3633,12.0,19.0,0.0,3.8062,4.07
3634,20.7,37.0,0.0,6.2541,4.2276
3635,12.3,16.0,0.0,3.5327,3.886
3636,13.2,17.0,0.0,4.0703,4.0098
3637,15.1,19.0,0.0,4.5642,4.0242
3638,16.5,23.0,0.0,4.9358,4.2357
3639,15.9,19.0,0.0,4.9389,4.0663
3640,13.7,19.0,0.0,4.0285,4.1993
3641,21.3,33.0,0.0,6.4883,4.4541
3642,17.5,31.0,0.0,5.462,4.1694
3643,19.0,26.0,0.0,5.6418,4.0491
3644,15.7,32.0,0.0,5.0647,4.1527
3645,16.0,34.0,0.0,4.9427,4.1729
3646,14.6,19.0,0.0,4.3235,4.1064
3647,21.3,30.0,0.0,6.3695,4.1307
3648,17.7,25.0,0.0,5.2332,4.2337
3649,21.1,26.0,0.0,6.2522,4.3624
3650,14.8,31.0,0.0,4.6821,4.1656
3651,23.3,33.0,0.0,6.9236,4.4638
3652,18.7,31.0,0.0,5.6803,4.197
3653,18.1,27.0,0.0,5.4249,4.3937
3654,19.3,43.0,0.0,6.1597,4.1864
3655,21.2,29.0,0.0,6.1059,4.5847
3656,17.8,24.0,0.0,5.2374,4.4613
3657,21.9,30.0,0.0,6.581,4.5562
3658,19.0,33.0,0.0,5.8904,4.7187
3659,20.1,25.0,0.0,5.9583,4.5128
3660,18.2,31.0,0.0,5.5113,4.5863
3661,18.8,30.0,0.0,5.8117,4.2205
3662,18.9,28.0,0.0,5.7319,4.4403
3663,19.9,35.0,0.0,6.024,4.5254
3664,18.0,23.0,0.0,5.2182,4.5882
3665,24.5,30.0,0.0,7.1297,5.2408
3666,20.6,34.0,0.0,6.147,4.5869
3667,20.4,30.0,0.0,6.0415,4.81
3668,15.0,25.0,0.0,4.5469,4.3453
3669,17.5,34.0,0.0,5.2277,4.3495
3670,17.5,28.0,0.0,5.3451,4.4353
3671,21.0,39.0,0.0,6.4297,4.627
3672,17.4,24.0,0.0,5.256,4.442
3673,16.5,23.0,0.0,4.9966,4.4121
3674,15.5,21.0,0.0,4.613,4.3971
3675,19.1,31.0,0.0,5.6265,4.6465
3676,15.1,30.0,0.0,4.5239,4.1259
3677,17.6,23.0,0.0,5.2079,4.3541
3678,22.3,46.0,0.0,7.0372,4.5281
3679,19.1,32.0,0.0,5.7915,4.2435
3680,14.5,21.0,0.0,4.3682,4.1506
3681,16.7,31.0,0.0,5.2361,4.2491
3682,16.2,27.0,0.0,4.821,4.2418
3683,22.4,36.0,0.0,6.852,4.5733
3684,14.6,18.0,0.0,4.6548,3.9551
3685,21.3,38.0,0.0,6.6301,4.384
3686,23.0,44.0,0.0,7.1772,4.5356
3687,21.3,33.0,0.0,6.5627,4.5907
3688,19.1,29.0,0.0,5.8452,4.5486
3689,19.8,35.0,0.0,6.04,4.7023
3690,22.5,33.0,0.0,6.8323,4.4537
3691,19.7,39.0,0.0,5.9338,4.4881
3692,14.7,23.0,0.0,4.3631,4.1142
3693,13.7,23.0,0.0,4.2321,4.1282
3694,17.4,23.0,0.0,5.0756,4.197
3695,16.0,23.0,0.0,4.9761,4.0613
3696,16.5,23.0,0.0,5.1312,4.2263
3697,19.2,33.0,0.0,5.937,4.3026
3698,15.1,22.0,0.0,4.7432,4.2002
3699,13.8,27.0,0.0,4.2684,3.9333
3700,19.8,46.0,0.0,6.2499,4.3347
3701,17.6,26.0,0.0,5.161,4.3443
3702,15.1,22.0,0.0,4.6203,4.1313
3703,17.0,22.0,0.0,5.0772,4.5686
3704,19.4,35.0,0.0,5.9307,4.7231
3705,17.3,25.0,0.0,5.3396,4.3228
3706,16.6,26.0,0.0,5.1433,4.2596
3707,14.7,26.0,0.0,4.3797,4.0671
3708,15.3,24.0,0.0,4.5659,4.3253
3709,18.2,31.0,0.0,5.5257,4.372
3710,15.1,18.0,0.0,4.3282,4.2305
3711,14.9,19.0,0.0,4.4681,3.9886
3712,15.9,20.0,0.0,4.6936,4.4069
3713,19.1,32.0,0.0,5.6916,4.2523
3714,16.3,22.0,0.0,4.9547,4.0241
3715,16.3,26.0,0.0,4.8014,4.049
3716,16.1,22.0,0.0,4.7286,4.1483
3717,15.5,25.0,0.0,4.6462,3.9579
3718,14.3,22.0,0.0,4.3529,3.9561
3719,14.7,24.0,0.0,4.572,3.9149
3720,15.6,26.0,0.0,4.6299,4.1954
3721,15.9,29.0,0.0,4.9527,4.0766
3722,14.6,20.0,0.0,4.401,3.8942
3723,19.0,28.0,0.0,5.6719,4.1445
3724,13.6,20.0,0.0,4.2481,3.8683
3725,12.8,28.0,0.0,4.1086,4.1823
3726,13.1,20.0,0.0,3.806,4.1338
3727,17.0,24.0,0.0,5.2364,4.3109
3728,16.8,25.0,0.0,4.985,4.3345
3729,15.3,33.0,0.0,4.7652,4.352
3730,13.1,18.0,0.0,4.0975,4.0767
3731,15.0,28.0,0.0,4.5825,4.0496
3732,17.6,21.0,0.0,5.1612,4.0943
3733,17.2,31.0,0.0,5.106,4.086
3734,15.9,23.0,0.0,4.8032,4.1168
3735,19.8,36.0,0.0,6.0947,4.3066
3736,14.4,21.0,0.0,4.4092,4.1292
3737,22.5,34.0,0.0,6.5941,4.511
3738,17.2,23.0,0.0,5.1379,4.2899
3739,15.5,23.0,0.0,4.7507,4.3468
3740,18.0,31.0,0.0,5.458,4.5749
3741,23.3,33.0,0.0,6.773,4.8528
3742,17.4,26.0,0.0,5.0372,4.4564
3743,19.0,25.0,0.0,5.6185,4.566
3744,13.5,22.0,0.0,4.0616,4.2552
3745,13.5,20.0,0.0,4.0379,3.9694
3746,19.1,38.0,0.0,5.8142,4.2537
3747,19.8,31.0,0.0,5.9884,4.1644
3748,19.3,32.0,0.0,5.84,4.3674
3749,18.6,24.0,0.0,5.6116,4.4455
3750,13.7,21.0,0.0,4.0805,4.1021
3751,13.6,17.0,0.0,4.1657,4.0916
3752,17.6,27.0,0.0,5.3827,4.1287
3753,16.8,25.0,0.0,5.0555,4.2477
3754,16.2,20.0,0.0,4.4938,4.423
3755,22.0,30.0,0.0,6.5976,4.7562
3756,20.9,37.0,0.0,6.247,4.5297
3757,21.4,37.0,0.0,6.4571,4.6857
3758,18.8,32.0,0.0,5.7509,4.3044
3759,18.3,34.0,0.0,5.3647,4.3456
3760,19.8,26.0,0.0,5.8972,4.4907
3761,16.8,22.0,0.0,5.1713,4.645
3762,14.8,24.0,0.0,4.4196,4.423
3763,20.6,30.0,0.0,6.2649,4.7017
3764,21.4,32.0,0.0,6.5655,4.6431
3765,17.7,21.0,0.0,5.2689,4.3348
3766,21.2,30.0,0.0,6.2184,4.5823
3767,20.9,30.0,0.0,6.0615,4.3788
3768,19.7,36.0,0.0,5.9047,4.5323
3769,17.0,21.0,0.0,5.0357,4.2394
3770,20.5,24.0,0.0,6.0788,4.3752
3771,15.6,22.0,0.0,4.6524,4.216
3772,17.7,25.0,0.0,5.1801,4.2959
3773,20.3,30.0,0.0,6.0917,4.3932
3774,17.6,22.0,0.0,5.2777,4.4571
3775,22.2,37.0,0.0,6.4827,4.6149
3776,22.2,42.0,0.0,6.9886,4.6334
3777,19.5,29.0,0.0,5.9759,4.4844
3778,17.1,23.0,0.0,5.2009,4.5084
3779,22.8,30.0,0.0,6.9915,4.5252
3780,14.7,20.0,0.0,4.4119,4.0427
3781,12.3,16.0,0.0,3.6421,3.9326
3782,15.6,22.0,0.0,4.6877,4.2297
3783,13.4,20.0,0.0,4.2012,3.9969
3784,18.4,27.0,0.0,5.5511,4.2982
3785,17.9,28.0,0.0,5.4486,4.1825
3786,18.0,23.0,0.0,5.3917,4.4643
3787,19.9,35.0,0.0,5.992,4.4768
3788,20.2,37.0,0.0,6.1612,4.3971
3789,14.8,27.0,0.0,4.5249,4.2858
3790,14.2,22.0,0.0,4.2021,4.2182
3791,16.1,26.0,0.0,4.8717,4.306
3792,16.6,34.0,0.0,5.331,4.1687
3793,15.4,37.0,0.0,4.9941,4.1354
3794,18.2,25.0,0.0,5.5943,4.3978
3795,18.2,27.0,0.0,5.4425,4.3483
3796,18.7,35.0,0.0,6.0362,4.4646
3797,17.5,31.0,0.0,5.1592,4.5241
3798,14.9,18.0,0.0,4.5664,4.0641
3799,16.7,23.0,0.0,4.8799,4.3144
3800,16.7,22.0,0.0,5.1408,4.2561
3801,18.7,25.0,0.0,5.6105,4.3814
3802,20.2,25.0,0.0,6.0989,4.4743
3803,17.9,24.0,0.0,5.3753,4.1064
3804,18.7,22.0,0.0,5.47,4.5753
3805,18.0,32.0,0.0,5.5945,4.5048
3806,18.2,27.0,0.0,5.4007,4.2811
3807,18.0,27.0,0.0,5.6451,4.2333
3808,15.2,22.0,0.0,4.5939,4.1855
3809,19.7,31.0,0.0,5.9549,4.2515
3810,15.2,26.0,0.0,4.755,4.1249
3811,19.4,29.0,0.0,5.7759,4.4592
3812,18.6,24.0,0.0,5.547,4.5074
3813,17.3,29.0,0.0,5.3934,4.4376
3814,15.9,32.0,0.0,4.9053,4.4141
3815,13.8,20.0,0.0,4.4883,4.1846
3816,16.7,25.0,0.0,4.8928,4.2551
3817,17.8,26.0,0.0,5.1665,4.3342
3818,16.3,21.0,0.0,4.973,4.6195
3819,14.8,23.0,0.0,4.331,4.0427
3820,16.2,28.0,0.0,5.0657,3.9695
3821,13.9,25.0,0.0,4.2591,3.798
3822,16.0,20.0,0.0,4.6009,4.2122
3823,13.2,20.0,0.0,3.9648,4.0569
3824,13.2,16.0,0.0,3.9681,4.1952
3825,16.7,27.0,0.0,5.2257,4.1604
3826,17.4,32.0,0.0,5.3353,4.3522
3827,17.9,25.0,0.0,5.4284,4.4068
3828,17.0,30.0,0.0,5.1798,4.3528
3829,18.5,25.0,0.0,5.5595,4.4482
3830,17.4,26.0,0.0,5.2998,4.5596
3831,15.1,21.0,0.0,4.4669,4.2639
3832,16.2,26.0,0.0,5.0885,4.297
3833,16.7,27.0,0.0,5.1074,4.3392
3834,17.4,30.0,0.0,5.2333,4.063
3835,15.5,24.0,0.0,4.6301,4.024
3836,18.4,30.0,0.0,5.7466,4.2382
3837,15.6,23.0,0.0,4.6536,4.1153
3838,15.9,22.0,0.0,4.811,4.1881
3839,15.3,18.0,0.0,4.5859,4.2392
3840,16.6,26.0,0.0,4.9309,4.0603
3841,18.6,23.0,0.0,5.5705,4.1505
3842,22.2,36.0,0.0,6.6172,4.3587
3843,16.2,19.0,0.0,4.7938,3.9922
3844,18.2,24.0,0.0,5.2269,4.1504
3845,17.0,25.0,0.0,5.1144,4.1884
3846,16.0,25.0,0.0,4.6912,4.0567
3847,20.4,38.0,0.0,6.5509,4.3103
3848,17.4,29.0,0.0,5.3472,4.1979
3849,15.9,23.0,0.0,4.9402,4.2529
3850,13.3,20.0,0.0,4.1119,4.1677
3851,17.0,22.0,0.0,5.0185,4.2535
3852,16.1,19.0,0.0,4.6203,4.1096
3853,17.2,22.0,0.0,5.0162,4.0911
3854,16.1,23.0,0.0,4.8402,4.1272
3855,14.8,21.0,0.0,4.4955,4.0784
3856,17.1,21.0,0.0,5.1391,4.2198
3857,13.8,20.0,0.0,4.0446,3.9993
3858,14.9,31.0,0.0,4.9405,3.8675
3859,19.2,31.0,0.0,5.9756,4.4075
3860,17.4,35.0,0.0,5.4889,4.5726
3861,16.3,22.0,0.0,4.6607,4.3177
3862,15.6,24.0,0.0,4.7276,4.1662
3863,15.6,24.0,0.0,4.5476,4.1676
3864,17.4,24.0,0.0,5.1957,4.1939
3865,13.5,20.0,0.0,4.2538,4.1104
3866,16.5,23.0,0.0,4.8062,4.3637
3867,17.6,24.0,0.0,5.2471,4.2215
3868,18.3,30.0,0.0,5.7689,4.1558
3869,15.7,20.0,0.0,4.8017,4.101
3870,13.9,18.0,0.0,4.2388,4.0152
3871,12.7,19.0,0.0,3.8686,4.0143
3872,14.5,19.0,0.0,4.4405,4.1326
3873,17.0,25.0,0.0,5.0886,4.1895
3874,12.4,18.0,0.0,3.6219,4.1136
3875,17.1,28.0,0.0,5.4101,4.113
3876,19.4,31.0,0.0,5.8075,4.1259
3877,13.6,18.0,0.0,4.3841,4.0942
3878,16.4,20.0,0.0,5.2204,4.148
3879,20.0,28.0,0.0,6.1062,4.3228
3880,23.1,34.0,0.0,6.9143,4.3791
3881,18.7,26.0,0.0,5.5178,4.2533
3882,18.5,25.0,0.0,5.5405,4.2888
3883,20.4,30.0,0.0,6.0943,4.115
3884,14.6,23.0,0.0,4.5978,4.082
3885,20.9,28.0,0.0,6.1227,4.5939
3886,22.5,32.0,0.0,6.7393,4.4605
3887,15.6,32.0,0.0,4.8518,3.9546
3888,24.8,29.0,0.0,7.1564,4.5139
3889,16.2,21.0,0.0,4.6437,4.141
3890,22.0,33.0,0.0,6.8777,4.2564
3891,19.9,39.0,0.0,6.1219,4.3656
3892,17.1,21.0,0.0,5.0767,4.3586
3893,21.9,40.0,0.0,6.523,4.6027
3894,19.3,29.0,0.0,5.9223,4.4341
3895,18.8,30.0,0.0,5.7632,4.2539
3896,16.9,24.0,0.0,5.2009,4.4872
3897,15.4,21.0,0.0,4.5975,4.26
3898,20.7,29.0,0.0,6.1613,4.2824
3899,19.4,36.0,0.0,5.9962,4.3421
3900,21.8,36.0,0.0,6.5695,4.4492
3901,18.5,32.0,0.0,5.5912,4.205
3902,20.1,36.0,0.0,6.085,4.3575
3903,17.1,25.0,0.0,4.9857,4.2336
3904,15.0,26.0,0.0,4.5607,4.021
3905,15.7,26.0,0.0,4.744,3.9862
3906,18.0,34.0,0.0,5.3931,4.0885
3907,16.8,24.0,0.0,4.6828,4.1292
3908,17.0,27.0,0.0,5.3293,4.1922
3909,19.3,29.0,0.0,5.6787,4.6663
3910,16.2,20.0,0.0,4.7704,4.3599
3911,18.4,26.0,0.0,5.498,4.3765
3912,19.5,37.0,0.0,6.0839,4.1697
3913,14.5,16.0,0.0,4.2509,3.9289
3914,20.8,33.0,0.0,6.3668,4.2089
3915,19.0,30.0,0.0,5.7561,4.355
3916,15.5,23.0,0.0,4.6152,4.0586
3917,13.7,24.0,0.0,4.4147,4.0423
3918,19.1,29.0,0.0,5.7399,4.1131
3919,15.3,20.0,0.0,4.5194,4.0398
3920,17.7,27.0,0.0,5.2822,4.1723
3921,13.1,17.0,0.0,3.7974,3.9056
3922,16.2,26.0,0.0,4.8353,4.1815
3923,19.0,31.0,0.0,5.7173,4.5406
3924,13.4,19.0,0.0,4.2609,4.0131
3925,12.9,17.0,0.0,3.7908,4.0199
3926,15.0,19.0,0.0,4.4873,4.3267
3927,16.7,24.0,0.0,4.8808,4.1593
3928,11.4,19.0,0.0,3.3611,3.9476
3929,13.8,18.0,0.0,4.1232,4.2289
3930,15.5,25.0,0.0,4.6856,3.9068
3931,16.3,28.0,0.0,5.0065,4.226
3932,20.0,28.0,0.0,5.8308,4.4446
3933,17.2,22.0,0.0,5.0961,4.2972
3934,16.1,20.0,0.0,4.8989,4.4012
3935,17.5,24.0,0.0,5.08,4.3044
3936,16.6,22.0,0.0,4.8697,4.464
3937,20.0,39.0,0.0,6.0768,4.3582
3938,17.5,23.0,0.0,5.3245,4.2569
3939,14.7,22.0,0.0,4.4534,4.1507
3940,17.5,23.0,0.0,5.2705,4.3005
3941,17.2,26.0,0.0,5.2739,4.2476
3942,19.8,37.0,0.0,6.0653,4.4748
3943,18.6,37.0,0.0,5.7623,4.1935
3944,16.4,26.0,0.0,5.1595,4.138
3945,16.9,22.0,0.0,5.24,4.1591
3946,19.8,27.0,0.0,5.8444,4.4332
3947,18.1,27.0,0.0,5.5839,4.3475
3948,16.4,23.0,0.0,4.9741,4.2025
3949,18.0,34.0,0.0,5.6388,4.2264
3950,20.6,27.0,0.0,6.1134,4.4135
3951,18.8,27.0,0.0,5.5972,4.4599
3952,19.7,31.0,0.0,6.0529,4.4296
3953,17.9,23.0,0.0,5.3025,4.2795
3954,16.3,25.0,0.0,4.9579,3.9234
3955,18.8,30.0,0.0,5.5725,4.0039
3956,16.6,32.0,0.0,5.2312,4.0203
3957,11.8,20.0,0.0,3.8851,3.8833
3958,10.8,15.0,0.0,3.2833,3.9202
3959,13.2,24.0,0.0,4.3189,4.1062
3960,16.0,31.0,0.0,4.8721,4.0476
3961,11.0,13.0,0.0,3.5857,3.9035
3962,14.3,19.0,0.0,4.194,3.9068
3963,16.2,28.0,0.0,4.9719,4.1689
3964,14.5,19.0,0.0,4.1914,3.8633
3965,14.4,25.0,0.0,4.3501,4.2308
3966,16.2,27.0,0.0,5.039,4.0473
3967,15.1,18.0,0.0,4.7541,4.1339
3968,12.8,16.0,0.0,3.966,4.0476
3969,14.3,23.0,0.0,4.2401,4.0666
3970,15.3,31.0,0.0,4.7823,3.9714
3971,16.6,24.0,0.0,4.8807,3.9272
3972,14.7,20.0,0.0,4.4812,4.2032
3973,14.7,17.0,0.0,4.6222,4.3015
3974,17.3,28.0,0.0,5.2735,4.3806
3975,17.4,24.0,0.0,5.1848,4.2416
3976,12.7,16.0,0.0,3.7937,4.2086
3977,14.9,21.0,0.0,4.5366,4.368
3978,13.0,17.0,0.0,3.8827,4.1013
3979,14.2,22.0,0.0,4.1888,4.0145
3980,19.0,28.0,0.0,5.6746,4.1511
3981,16.2,28.0,0.0,4.9343,4.075
3982,15.9,21.0,0.0,4.6079,4.1156
3983,16.0,22.0,0.0,4.867,4.1108
3984,17.2,29.0,0.0,5.2668,4.0685
3985,19.4,35.0,0.0,6.1756,4.2643
3986,16.9,26.0,0.0,4.9944,4.1067
3987,17.3,21.0,0.0,5.2289,4.3705
3988,17.7,30.0,0.0,5.3358,4.2604
3989,19.0,28.0,0.0,5.6204,4.5415
3990,18.0,27.0,0.0,5.5722,4.6867
3991,22.6,37.0,0.0,6.9009,4.6788
3992,18.9,31.0,0.0,5.7708,4.8439
3993,21.5,32.0,0.0,6.3502,4.7048
3994,14.6,22.0,0.0,4.6725,4.4173
3995,16.2,26.0,0.0,4.9199,4.3596
3996,20.8,28.0,0.0,6.2005,4.5701
3997,20.4,35.0,0.0,6.0585,4.443
3998,15.8,19.0,0.0,4.5902,4.3689
3999,16.4,24.0,0.0,4.8629,4.5268
4000,16.7,22.0,0.0,4.8793,4.637
4001,15.3,22.0,0.0,4.652,4.3422
4002,17.1,30.0,0.0,5.3188,4.3976
4003,18.4,24.0,0.0,5.5564,4.3844
4004,15.4,24.0,0.0,4.6639,4.2448
4005,18.1,30.0,0.0,5.349,4.4915
4006,13.8,17.0,0.0,4.1514,4.4271
4007,17.4,29.0,0.0,5.257,4.5009
4008,12.1,18.0,0.0,3.8239,3.8632
4009,14.7,19.0,0.0,4.4387,3.9486
4010,15.3,22.0,0.0,4.6106,4.1198
4011,15.9,19.0,0.0,4.8318,4.2772
4012,17.0,34.0,0.0,5.2863,4.1079
4013,15.1,22.0,0.0,4.4244,4.2305
4014,15.5,28.0,0.0,4.9191,4.093
4015,16.9,34.0,0.0,5.313,3.9701
4016,14.9,20.0,0.0,4.4787,4.0972
4017,18.7,31.0,0.0,5.6428,4.132
4018,14.4,22.0,0.0,4.3686,3.8536
4019,17.2,33.0,0.0,5.339,4.2137
4020,18.5,22.0,0.0,5.5407,4.3871
4021,16.8,23.0,0.0,4.8677,4.3738
4022,18.3,28.0,0.0,5.7435,4.684
4023,19.7,35.0,0.0,5.955,4.5983
4024,17.4,24.0,0.0,5.4978,4.5979
4025,18.6,23.0,0.0,5.5991,4.5641
4026,14.7,27.0,0.0,4.4504,4.395
4027,20.9,29.0,0.0,6.0901,4.6477
4028,21.4,32.0,0.0,6.4663,4.4311
4029,14.6,19.0,0.0,4.3868,4.3947
4030,17.0,26.0,0.0,5.1797,4.672
4031,18.4,31.0,0.0,5.5243,4.6592
4032,17.7,24.0,0.0,5.328,4.428
4033,20.1,31.0,0.0,5.8728,4.4761
4034,21.2,29.0,0.0,6.6775,4.4521
4035,21.0,30.0,0.0,6.2249,4.6417
4036,18.4,22.0,0.0,5.6665,4.3274
4037,15.8,25.0,0.0,4.827,4.2377
4038,16.2,31.0,0.0,5.0253,4.1688
4039,18.6,23.0,0.0,5.4192,4.4871
4040,17.3,24.0,0.0,5.1303,4.3166
4041,17.5,29.0,0.0,5.2026,4.5054
4042,17.3,29.0,0.0,5.1352,4.3728
4043,18.6,24.0,0.0,5.6285,4.6053
4044,16.2,22.0,0.0,4.7758,4.4048
4045,18.0,29.0,0.0,5.5498,4.6313
4046,15.7,22.0,0.0,4.6564,4.2616
4047,20.9,39.0,0.0,6.4919,4.3806
4048,18.2,37.0,0.0,5.6361,4.3381
4049,18.2,32.0,0.0,5.7387,4.3406
4050,23.1,31.0,0.0,6.8284,4.7688
4051,18.6,33.0,0.0,5.7717,4.3013
4052,16.6,22.0,0.0,4.9272,4.5184
4053,25.2,39.0,0.0,7.4957,4.8163
4054,17.2,26.0,0.0,5.1291,4.2509
4055,13.9,28.0,0.0,4.4101,4.3066
4056,18.8,22.0,0.0,5.6372,4.6401
4057,16.6,24.0,0.0,4.9061,4.4706
4058,17.0,23.0,0.0,5.1444,4.5696
4059,18.7,26.0,0.0,5.726,4.5408
4060,17.1,23.0,0.0,5.0169,4.3142
4061,16.3,36.0,0.0,5.2314,4.4299
4062,15.4,30.0,0.0,4.5419,4.4519
4063,17.1,27.0,0.0,5.085,4.4481
4064,15.7,24.0,0.0,4.7477,4.511
4065,15.6,24.0,0.0,4.8153,4.5117
4066,13.3,21.0,0.0,3.8186,4.2593
4067,22.3,31.0,0.0,6.6547,4.2614
4068,19.5,29.0,0.0,5.8534,4.1656
4069,14.6,25.0,0.0,4.4989,3.893
4070,12.7,16.0,0.0,3.9599,4.0537
4071,14.3,24.0,0.0,4.3257,3.9609
4072,14.1,22.0,0.0,4.2093,3.987
4073,20.4,30.0,0.0,6.0642,4.2357
4074,18.5,29.0,0.0,5.5927,4.1642
4075,21.5,41.0,0.0,6.8286,4.2408
4076,23.0,38.0,0.0,7.0447,4.1941
4077,18.9,22.0,0.0,5.6457,4.3522
4078,23.8,32.0,0.0,6.9202,4.2809
4079,25.2,38.0,0.0,7.4873,4.521
4080,20.6,34.0,0.0,6.3378,4.1683
4081,18.2,26.0,0.0,5.5257,4.036
4082,22.8,40.0,0.0,6.8312,4.2302
4083,19.4,30.0,0.0,5.8376,4.0716
4084,21.0,35.0,0.0,6.6436,4.4262
4085,21.2,45.0,0.0,6.788,4.1727
4086,19.8,29.0,0.0,6.0797,4.26
4087,22.2,27.0,0.0,6.6871,4.4378
4088,24.7,33.0,0.0,6.9671,4.3097
4089,20.9,31.0,0.0,6.3922,4.436
4090,18.1,26.0,0.0,5.5264,4.0708
4091,14.5,21.0,0.0,4.5524,3.9399
4092,24.4,37.0,0.0,7.278,4.4405
4093,27.7,44.0,0.0,8.1885,4.4658
4094,18.9,30.0,0.0,5.6201,4.2834
4095,21.5,35.0,0.0,6.5711,4.4067
4096,19.4,33.0,0.0,5.7451,4.316
4097,19.1,30.0,0.0,5.9874,4.093
4098,20.5,30.0,0.0,6.2172,4.3249
4099,19.6,23.0,0.0,5.8253,4.0837
4100,19.5,39.0,0.0,6.2233,4.2
4101,19.6,31.0,0.0,5.8489,4.1684
4102,17.7,32.0,0.0,5.3935,4.0883
4103,15.9,21.0,0.0,4.6823,3.9803
4104,20.9,41.0,0.0,6.6338,4.04
4105,17.3,26.0,0.0,5.2555,3.9332
4106,16.7,26.0,0.0,5.1046,4.0137
4107,17.0,29.0,0.0,5.1039,3.8402
4108,19.4,32.0,0.0,6.2394,4.1872
4109,15.4,23.0,0.0,4.6095,3.8651
4110,15.0,22.0,0.0,4.3552,3.8735
4111,16.6,27.0,0.0,5.0334,3.8694
4112,15.5,26.0,0.0,4.7896,4.0184
4113,17.1,27.0,0.0,5.2314,3.7643
4114,13.3,18.0,0.0,4.0833,3.7153
4115,17.7,36.0,0.0,5.4183,3.8005
4116,14.5,24.0,0.0,4.4317,3.5432
4117,16.5,35.0,0.0,5.4268,3.6021
4118,13.2,17.0,0.0,3.953,3.544
4119,18.3,25.0,0.0,5.5072,3.8116
4120,11.3,16.0,0.0,3.4348,3.6758
4121,16.0,22.0,0.0,4.8166,3.9219
4122,13.0,22.0,0.0,3.7929,3.6344
4123,17.2,28.0,0.0,5.0754,3.8342
4124,15.2,26.0,0.0,4.6398,3.8228
4125,10.9,16.0,0.0,3.3719,3.6346
4126,14.7,19.0,0.0,4.3705,3.7776
4127,12.2,17.0,0.0,3.8264,3.7533
4128,17.4,41.0,0.0,5.647,3.9883
4129,15.7,23.0,0.0,4.7403,3.7223
4130,13.1,27.0,0.0,4.2273,3.6139
4131,18.5,26.0,0.0,5.5018,3.9117
4132,13.4,22.0,0.0,4.1361,3.6532
4133,16.0,27.0,0.0,5.2333,3.7229
4134,16.1,22.0,0.0,4.786,3.6945
4135,14.5,20.0,0.0,4.2988,3.8198
4136,19.9,30.0,0.0,5.9982,4.0058
4137,14.1,18.0,0.0,3.9392,3.7953
4138,17.5,26.0,0.0,5.2676,3.8356
4139,12.3,14.0,0.0,3.8962,3.8386
4140,15.6,31.0,0.0,5.0765,3.6439
4141,14.6,25.0,0.0,4.5235,3.7193
4142,16.8,24.0,0.0,5.2079,3.7278
4143,13.0,17.0,0.0,3.9252,3.6517
4144,12.9,18.0,0.0,4.0434,3.6209
4145,16.9,27.0,0.0,5.1249,3.8607
4146,16.3,28.0,0.0,4.9693,3.8739
4147,14.8,23.0,0.0,4.4752,4.2782
4148,16.5,25.0,0.0,5.0799,4.3704
4149,21.9,33.0,0.0,6.4558,4.4605
4150,16.0,32.0,0.0,5.0078,4.1863
4151,17.5,25.0,0.0,5.2016,4.3477
4152,17.3,25.0,0.0,5.1654,4.1743
4153,14.2,22.0,0.0,4.3424,4.3713
4154,15.6,21.0,0.0,4.8953,4.3485
4155,18.3,32.0,0.0,5.5678,4.5143
4156,13.7,20.0,0.0,4.0626,4.304
4157,18.8,27.0,0.0,5.5858,4.5055
4158,20.5,26.0,0.0,6.0599,4.4586
4159,15.2,25.0,0.0,4.6184,4.0536
4160,20.1,25.0,0.0,5.5738,4.5956
4161,15.2,19.0,0.0,4.5076,4.2287
4162,16.5,22.0,0.0,5.0379,4.3767
4163,13.5,20.0,0.0,4.1663,4.179
4164,16.2,24.0,0.0,4.8676,4.0835
4165,10.4,15.0,0.0,3.1865,4.0512
4166,15.9,27.0,0.0,4.7369,4.1729
4167,21.3,34.0,0.0,6.3599,4.2807
4168,18.4,28.0,0.0,5.5692,4.0991
4169,16.9,30.0,0.0,5.2132,4.0533
4170,19.7,28.0,0.0,5.7013,4.0429
4171,15.0,19.0,0.0,4.7045,4.0318
4172,17.7,32.0,0.0,5.3026,4.405
4173,18.3,26.0,0.0,5.2855,4.2774
4174,19.1,39.0,0.0,6.0585,4.0996
4175,19.9,30.0,0.0,5.8293,4.6123
4176,17.5,26.0,0.0,5.3939,4.2333
4177,17.8,23.0,0.0,5.3445,4.0422
4178,19.4,26.0,0.0,5.5034,4.0525
4179,16.4,21.0,0.0,5.1137,3.9602
4180,18.9,24.0,0.0,5.5827,3.9133
4181,17.8,28.0,0.0,5.3735,3.9487
4182,16.2,25.0,0.0,4.8667,3.8522
4183,15.3,32.0,0.0,4.8589,3.9121
4184,17.0,30.0,0.0,5.1825,3.8123
4185,15.4,21.0,0.0,4.4898,3.7608
4186,12.7,16.0,0.0,3.785,3.8692
4187,15.2,22.0,0.0,4.6375,4.0162
4188,16.2,29.0,0.0,4.9283,4.0911
4189,18.0,24.0,0.0,5.51,3.96
4190,20.1,27.0,0.0,5.7813,4.0674
4191,20.5,30.0,0.0,6.1704,4.1407
4192,17.7,28.0,0.0,5.3274,3.9498
4193,16.8,20.0,0.0,5.1258,4.0648
4194,16.7,41.0,0.0,5.4052,3.7802
4195,16.7,27.0,0.0,5.0881,3.7729
4196,19.9,35.0,0.0,6.1228,4.2447
4197,19.6,25.0,0.0,5.8091,4.3865
4198,18.2,30.0,0.0,5.4699,4.5582
4199,17.9,45.0,0.0,5.8534,4.3935
4200,21.3,27.0,0.0,6.168,4.6252
4201,16.3,22.0,0.0,5.0004,4.5894
4202,15.7,22.0,0.0,4.786,4.0558
4203,19.5,31.0,0.0,5.5758,4.5368
4204,15.0,20.0,0.0,4.8181,4.2183
4205,13.0,19.0,0.0,3.866,3.9489
4206,17.1,32.0,0.0,5.3689,3.9603
4207,17.3,22.0,0.0,5.1638,4.0539
4208,17.5,20.0,0.0,5.2934,4.5919
4209,18.6,25.0,0.0,5.4523,4.2763
4210,19.2,59.0,0.0,6.7032,4.1763
4211,15.9,22.0,0.0,4.8383,4.4462
4212,18.2,27.0,0.0,5.5787,4.4418
4213,16.4,22.0,0.0,4.7864,4.3499
4214,17.7,27.0,0.0,5.4351,4.3829
4215,21.6,30.0,0.0,6.2494,4.6429
4216,21.3,26.0,0.0,6.4545,4.9691
4217,21.6,28.0,0.0,6.6442,4.4095
4218,24.8,43.0,0.0,7.4324,4.5746
4219,20.0,26.0,0.0,6.2912,4.5444
4220,22.4,28.0,0.0,6.5555,4.7942
4221,19.3,28.0,0.0,5.7924,4.9445
4222,23.5,47.0,0.0,7.3952,4.889
4223,20.2,28.0,0.0,6.0541,4.7855
4224,17.8,34.0,0.0,5.3983,4.4822
4225,19.3,29.0,0.0,5.6286,4.2815
4226,21.5,40.0,0.0,6.6783,4.5388
4227,20.9,36.0,0.0,6.5853,4.5334
4228,16.7,21.0,0.0,5.2259,4.2737
4229,18.7,34.0,0.0,5.5947,4.3648
4230,17.4,26.0,0.0,5.2988,4.3755
4231,24.5,49.0,0.0,7.807,4.6653
4232,22.2,32.0,0.0,6.7137,4.5419
4233,16.7,24.0,0.0,4.9486,4.0362
4234,18.8,28.0,0.0,5.5323,4.2121
4235,20.4,32.0,0.0,6.0018,4.2138
4236,20.3,35.0,0.0,6.1629,4.1124
4237,15.1,22.0,0.0,4.4128,4.0672
4238,15.3,22.0,0.0,4.5033,3.8112
4239,17.3,26.0,0.0,5.3484,3.8508
4240,16.9,25.0,0.0,5.1704,4.1842
4241,18.4,38.0,0.0,5.8851,3.9472
4242,16.7,27.0,0.0,5.0562,4.0437
4243,12.4,20.0,0.0,3.6998,3.9086
4244,19.2,33.0,0.0,5.8282,4.1223
4245,21.9,47.0,0.0,7.1134,4.3308
4246,19.0,23.0,0.0,5.7234,4.3199
4247,21.2,40.0,0.0,6.5845,4.2905
4248,18.0,28.0,0.0,5.3924,4.1446
4249,20.4,36.0,0.0,6.4331,4.2378
4250,16.9,23.0,0.0,5.0842,3.9574
4251,16.9,22.0,0.0,4.9847,3.9182
4252,18.7,27.0,0.0,5.4411,4.0649
4253,17.5,27.0,0.0,5.3581,3.8698
4254,16.3,20.0,0.0,4.8957,4.1302
4255,17.0,33.0,0.0,5.5268,3.7982
4256,18.5,29.0,0.0,5.4918,3.8546
4257,14.2,22.0,0.0,4.3252,3.6727
4258,11.9,14.0,0.0,3.7212,3.5983
4259,11.3,22.0,0.0,3.651,3.5368
4260,8.9,21.0,0.0,3.0997,3.3802
4261,10.0,14.0,0.0,3.1928,3.4881
4262,11.5,19.0,0.0,3.6262,3.4471
4263,12.0,16.0,0.0,3.7161,3.6298
4264,12.0,16.0,0.0,3.6658,3.6196
4265,14.7,19.0,0.0,4.5508,3.6533
4266,14.0,23.0,0.0,4.5315,3.63
4267,16.3,37.0,0.0,5.5329,3.746
4268,13.5,21.0,0.0,4.3994,3.4555
4269,11.5,17.0,0.0,3.6543,3.4877
4270,13.6,20.0,0.0,4.2734,3.59
4271,12.1,21.0,0.0,3.8168,3.7364
4272,11.0,17.0,0.0,3.5086,3.4238
4273,7.4,10.0,0.0,2.3778,3.186
4274,6.4,12.0,0.0,2.1039,3.1478
4275,9.9,17.0,0.0,3.2066,3.298
4276,9.7,19.0,0.0,3.2465,3.446
4277,13.0,25.0,0.0,4.1908,3.5736
4278,10.2,15.0,0.0,3.2659,3.5384
4279,15.2,24.0,0.0,4.7722,3.5395
4280,12.8,16.0,0.0,4.0477,3.529
4281,14.6,19.0,0.0,4.485,3.6598
4282,15.8,25.0,0.0,4.9692,3.6066
4283,10.6,16.0,0.0,3.4216,3.4426
4284,12.4,16.0,0.0,3.8613,3.8342
4285,15.2,21.0,0.0,4.7371,3.7808
4286,13.9,26.0,0.0,4.6138,3.5816
4287,14.0,26.0,0.0,4.6753,3.549
4288,19.6,26.0,0.0,6.1473,4.0189
4289,17.5,29.0,0.0,5.4797,4.0786
4290,15.7,27.0,0.0,4.8512,4.0894
4291,14.5,26.0,0.0,4.5944,3.9184
4292,17.6,21.0,0.0,5.4389,4.2224
4293,17.1,26.0,0.0,5.2033,3.9083
4294,20.4,28.0,0.0,6.1944,4.1009
4295,18.0,31.0,0.0,5.5225,4.0503
4296,17.7,33.0,0.0,5.4342,4.182
4297,16.9,23.0,0.0,5.102,4.0284
4298,19.3,27.0,0.0,5.7387,4.1204
4299,15.6,29.0,0.0,4.672,3.9485
4300,18.2,29.0,0.0,5.7284,3.8846
4301,17.0,24.0,0.0,5.1414,3.989
4302,22.4,34.0,0.0,6.7487,4.3514
4303,17.9,25.0,0.0,5.2581,4.2919
4304,16.9,20.0,0.0,4.8347,4.1387
4305,19.3,27.0,0.0,5.6634,4.1309
4306,18.6,25.0,0.0,5.5657,3.9562
4307,17.0,32.0,0.0,5.1593,3.8685
4308,21.3,35.0,0.0,6.549,4.3784
4309,25.5,37.0,0.0,7.2662,4.7516
4310,22.6,32.0,0.0,6.6925,4.601
4311,15.8,19.0,0.0,4.7216,4.3237
4312,17.0,25.0,0.0,5.0733,4.2918
4313,21.5,32.0,0.0,6.0993,4.5766
4314,21.6,31.0,0.0,6.6292,4.1353
4315,21.4,32.0,0.0,6.2474,4.5328
4316,25.0,32.0,0.0,7.2807,4.524
4317,20.0,27.0,0.0,6.2089,4.3872
4318,19.9,25.0,0.0,6.0608,4.466
4319,25.4,38.0,0.0,7.5888,4.4795
4320,21.5,27.0,0.0,6.422,4.4724
4321,22.7,29.0,0.0,6.8447,4.5139
4322,19.7,22.0,0.0,5.9769,4.5771
4323,20.2,37.0,0.0,6.4747,4.3484
4324,20.1,27.0,0.0,6.1254,4.5174
4325,23.8,39.0,0.0,7.1095,4.537
4326,19.8,25.0,0.0,5.8759,4.2692
4327,17.8,30.0,0.0,5.3494,4.1396
4328,18.0,22.0,0.0,5.3976,4.2352
4329,19.7,28.0,0.0,5.7988,3.9919
4330,16.3,19.0,0.0,4.7781,3.9866
4331,17.7,30.0,0.0,5.2905,3.8766
4332,17.0,21.0,0.0,5.2649,4.0261
4333,20.3,33.0,0.0,6.038,4.1127
4334,20.1,32.0,0.0,6.076,4.2307
4335,19.9,35.0,0.0,6.0851,3.9817
4336,17.1,26.0,0.0,5.1943,3.9781
4337,15.8,21.0,0.0,4.9378,3.969
4338,19.0,33.0,0.0,5.9274,4.1413
4339,19.8,25.0,0.0,5.8758,4.0356
4340,16.9,29.0,0.0,5.248,3.8644
4341,18.6,25.0,0.0,5.6155,4.0713
4342,17.9,23.0,0.0,5.2269,4.1059
4343,14.6,21.0,0.0,4.3878,3.8108
4344,20.4,49.0,0.0,6.6632,3.9407
4345,13.3,19.0,0.0,4.2216,3.972
4346,18.3,35.0,0.0,5.8105,3.9833
4347,21.2,34.0,0.0,6.5731,3.9433
4348,19.3,25.0,0.0,5.7416,3.9411
4349,20.1,42.0,0.0,6.5574,3.9098
4350,15.5,21.0,0.0,4.8308,3.7282
4351,18.1,30.0,0.0,5.7477,3.8951
4352,15.1,25.0,0.0,4.9948,3.9588
4353,19.6,42.0,0.0,6.4058,4.1094
4354,20.8,33.0,0.0,6.4398,4.0367
4355,17.6,23.0,0.0,5.1405,3.8627
4356,19.0,26.0,0.0,5.8328,4.1254
4357,18.6,25.0,0.0,5.7097,3.9911
4358,17.0,28.0,0.0,5.1906,3.8129
4359,18.1,25.0,0.0,5.5337,3.7452
4360,16.7,23.0,0.0,5.227,3.7061
4361,10.2,23.0,0.0,3.4155,3.3712
4362,10.6,28.0,0.0,3.7833,3.4447
4363,13.3,41.0,0.0,4.9932,3.3377
4364,10.1,16.0,0.0,3.1517,3.4589
4365,13.5,20.0,0.0,4.1836,3.664
4366,19.2,29.0,0.0,5.8609,3.9586
4367,15.7,20.0,0.0,4.9044,4.002
4368,16.2,22.0,0.0,4.8729,3.7311
4369,13.2,19.0,0.0,4.0916,3.5945
4370,12.8,18.0,0.0,3.9331,3.4448
4371,12.8,30.0,0.0,4.2694,3.545
4372,7.4,17.0,0.0,2.5942,3.21
4373,6.1,9.0,0.0,1.9046,3.1741
4374,4.6,7.0,0.0,1.5497,3.1404
4375,10.7,31.0,0.0,3.9834,3.3567
4376,12.6,30.0,0.0,4.2839,3.52
4377,7.0,18.0,0.0,2.5134,3.5007
4378,8.0,15.0,0.0,2.5876,3.2974
4379,6.0,9.0,0.0,1.9723,3.3475
4380,4.5,7.0,0.0,1.5106,3.1284
4381,5.4,10.0,0.0,1.8115,3.1131
4382,4.4,9.0,0.0,1.4562,3.0693
4383,3.9,6.0,0.0,1.3213,3.1143
4384,5.6,10.0,0.0,1.805,3.1404
4385,3.7,5.0,0.0,1.2124,3.1
4386,3.0,5.0,0.0,1.0618,3.0759
4387,4.0,7.0,0.0,1.3256,3.1069
4388,4.8,8.0,0.0,1.5726,3.1249
4389,5.0,6.0,0.0,1.6332,3.1434
4390,4.3,7.0,0.0,1.4217,3.1068
4391,5.8,7.0,0.0,1.8585,3.2716
4392,6.6,12.0,0.0,2.1387,3.266
4393,6.2,9.0,0.0,1.9364,3.206
4394,6.0,8.0,0.0,1.8585,3.2843
4395,5.2,7.0,0.0,1.6882,3.2092
4396,5.6,9.0,0.0,1.7621,3.1501
4397,4.9,7.0,0.0,1.578,3.1924
4398,4.0,7.0,0.0,1.382,3.1205
4399,5.6,15.0,0.0,2.0316,3.2677
4400,5.8,9.0,0.0,1.8402,3.1863
4401,6.8,10.0,0.0,2.1823,3.3117
4402,6.0,20.0,0.0,2.3674,3.1639
4403,5.3,7.0,0.0,1.7233,3.2203
4404,5.0,7.0,0.0,1.62,3.1823
4405,6.1,15.0,0.0,2.1123,3.2494
4406,5.1,7.0,0.0,1.6276,3.2327
4407,4.1,5.0,0.0,1.3301,3.1675
4408,5.2,7.0,0.0,1.7245,3.1851
4409,5.5,8.0,0.0,1.727,3.242
4410,5.2,8.0,0.0,1.6763,3.1717
4411,6.2,14.0,0.0,2.0625,3.1942
4412,5.4,9.0,0.0,1.7983,3.2581
4413,4.4,7.0,0.0,1.3817,3.108
4414,4.3,5.0,0.0,1.4169,3.1078
4415,4.1,7.0,0.0,1.4004,3.0661
4416,6.4,11.0,0.0,2.1139,3.1229
4417,5.0,8.0,0.0,1.5394,3.1278
4418,5.0,7.0,0.0,1.5601,3.1023
4419,3.9,5.0,0.0,1.2884,3.0713
4420,4.6,6.0,0.0,1.45,3.0914
4421,4.8,6.0,0.0,1.5263,3.1045
4422,4.4,6.0,0.0,1.4287,3.0837
4423,4.0,7.0,0.0,1.2638,3.0657
4424,4.9,8.0,0.0,1.6053,3.0965
4425,4.3,6.0,0.0,1.3935,3.0975
4426,4.6,6.0,0.0,1.4183,3.121
4427,3.9,5.0,0.0,1.2953,3.1839
4428,4.4,9.0,0.0,1.5366,3.1048
4429,3.9,6.0,0.0,1.2722,3.0645
4430,5.7,12.0,0.0,1.9509,3.0981
4431,3.3,4.0,0.0,1.1196,3.0817
4432,4.2,6.0,0.0,1.408,3.0964
4433,5.0,6.0,0.0,1.5848,3.0843
4434,4.6,6.0,0.0,1.4442,3.0968
4435,5.1,8.0,0.0,1.6198,3.1251
4436,5.2,8.0,0.0,1.6775,3.1349
4437,5.3,9.0,0.0,1.6242,3.1688
4438,6.7,12.0,0.0,2.1581,3.2334
4439,5.6,8.0,0.0,1.7806,3.1526
4440,4.6,9.0,0.0,1.527,3.1506
4441,3.7,5.0,0.0,1.2767,3.1618
4442,4.8,7.0,0.0,1.5289,3.0908
4443,4.9,10.0,0.0,1.6394,3.0993
4444,4.1,6.0,0.0,1.3253,3.0558
4445,5.0,7.0,0.0,1.6024,3.1657
4446,4.1,6.0,0.0,1.3089,3.107
4447,4.5,7.0,0.0,1.4676,3.1374
4448,4.5,8.0,0.0,1.4851,3.1388
4449,4.4,7.0,0.0,1.4512,3.1
4450,4.3,6.0,0.0,1.4361,3.139
4451,5.5,9.0,0.0,1.768,3.1712
4452,6.2,15.0,0.0,2.1467,3.1588
4453,5.1,9.0,0.0,1.7,3.2484
4454,4.9,6.0,0.0,1.5524,3.2123
4455,4.5,9.0,0.0,1.5322,3.1337
4456,4.5,6.0,0.0,1.4619,3.1032
4457,4.8,8.0,0.0,1.5613,3.1133
4458,4.8,6.0,0.0,1.5675,3.1187
4459,4.0,5.0,0.0,1.315,3.1321
4460,4.9,8.0,0.0,1.5596,3.2184
4461,4.4,6.0,0.0,1.4646,3.1753
4462,3.2,4.0,0.0,1.0703,3.1041
4463,5.5,9.0,0.0,1.7703,3.1977
4464,4.8,6.0,0.0,1.5288,3.1938
4465,5.1,9.0,0.0,1.6534,3.1692
4466,3.3,6.0,0.0,1.117,3.1232
4467,3.6,5.0,0.0,1.16,3.0601
4468,4.5,8.0,0.0,1.444,3.1033
4469,3.6,5.0,0.0,1.2688,3.1166
4470,4.4,10.0,0.0,1.519,3.0597
4471,4.4,6.0,0.0,1.4007,3.0726
4472,4.3,5.0,0.0,1.3122,3.0967
4473,4.0,8.0,0.0,1.3259,3.0886
4474,3.6,5.0,0.0,1.1806,3.0617
4475,4.2,7.0,0.0,1.3811,3.0791
4476,3.8,5.0,0.0,1.2369,3.1136
4477,3.2,5.0,0.0,1.0638,3.1087
4478,4.1,7.0,0.0,1.3213,3.1213
4479,4.6,9.0,0.0,1.5529,3.2217
4480,4.2,7.0,0.0,1.3778,3.235
4481,5.2,7.0,0.0,1.6524,3.174
4482,6.1,9.0,0.0,1.9469,3.2523
4483,6.5,9.0,0.0,2.1042,3.2467
4484,5.2,10.0,0.0,1.7042,3.1214
4485,4.4,8.0,0.0,1.4112,3.1398
4486,5.4,8.0,0.0,1.7464,3.242
4487,3.8,5.0,0.0,1.2764,3.1693
4488,4.9,6.0,0.0,1.5556,3.1386
4489,5.5,9.0,0.0,1.7741,3.2062
4490,4.9,7.0,0.0,1.5446,3.3118
4491,4.5,10.0,0.0,1.6231,3.4103
4492,4.3,5.0,0.0,1.4717,3.2756
4493,5.4,10.0,0.0,1.7727,3.1839
4494,4.8,8.0,0.0,1.5212,3.2985
4495,5.8,9.0,0.0,1.9488,3.3923
4496,5.4,9.0,0.0,1.7912,3.423
4497,6.0,11.0,0.0,1.9876,3.4491
4498,6.7,13.0,0.0,2.2189,3.4291
4499,5.4,8.0,0.0,1.7734,3.3897
4500,6.3,14.0,0.0,2.2017,3.382
