generation,top_mean_fitness,max_fitness,min_fitness,std_fitness,elapsed_time_sec
1,3.1,4.0,0.0,0.9929,3.1152
2,4.4,8.0,0.0,1.4387,3.1552
3,2.5,4.0,0.0,0.8544,3.1264
4,4.4,7.0,0.0,1.44,3.1529
5,5.2,11.0,0.0,1.7494,3.1929
6,4.5,7.0,0.0,1.4517,3.3128
7,4.6,8.0,0.0,1.5516,3.3367
8,4.3,7.0,0.0,1.4586,3.4483
9,4.5,10.0,0.0,1.58,3.306
10,5.2,6.0,0.0,1.6292,3.334
11,4.2,10.0,0.0,1.485,3.3208
12,3.7,6.0,0.0,1.2166,3.289
13,3.9,6.0,0.0,1.2732,3.3142
14,3.6,5.0,0.0,1.1749,3.2758
15,3.8,6.0,0.0,1.2411,3.2678
16,4.4,7.0,0.0,1.4379,3.2978
17,3.1,4.0,0.0,1.0203,3.3314
18,4.1,6.0,0.0,1.3409,3.3643
19,3.3,8.0,0.0,1.1772,3.2697
20,3.9,9.0,0.0,1.3318,3.343
21,3.3,5.0,0.0,1.0941,3.2247
22,4.3,8.0,0.0,1.3923,3.2333
23,4.0,7.0,0.0,1.3304,3.2335
24,5.8,9.0,0.0,1.8335,3.2352
25,3.0,5.0,0.0,1.0065,3.2203
26,3.3,6.0,0.0,1.1187,3.1362
27,3.9,7.0,0.0,1.3477,3.2057
28,3.1,7.0,0.0,1.0975,3.1816
29,3.2,4.0,0.0,1.0865,3.2086
30,4.8,11.0,0.0,1.6612,3.2244
31,4.6,8.0,0.0,1.519,3.2079
32,4.8,11.0,0.0,1.6542,3.271
33,4.2,6.0,0.0,1.4036,3.2738
34,3.4,5.0,0.0,1.1194,3.254
35,4.2,11.0,0.0,1.5472,3.3603
36,3.5,8.0,0.0,1.2058,3.2623
37,3.5,6.0,0.0,1.2714,3.3261
38,3.0,5.0,0.0,1.0235,3.3253
39,3.6,5.0,0.0,1.1732,3.3815
40,3.9,6.0,0.0,1.3092,3.2625
41,4.0,8.0,0.0,1.3328,3.3157
42,4.7,8.0,0.0,1.5156,3.3661
43,4.0,7.0,0.0,1.3393,3.3202
44,4.6,5.0,0.0,1.5015,3.3978
45,3.8,4.0,0.0,1.243,3.3488
46,3.8,5.0,0.0,1.2339,3.3213
47,3.9,8.0,0.0,1.3219,3.3873
48,4.0,7.0,0.0,1.3046,3.2984
49,4.9,6.0,0.0,1.5903,3.3586
50,5.4,10.0,0.0,1.7029,3.3494
51,4.1,6.0,0.0,1.3691,3.2294
52,5.4,9.0,0.0,1.6865,3.2829
53,4.0,5.0,0.0,1.2592,3.2365
54,4.1,5.0,0.0,1.4098,3.2139
55,3.6,6.0,0.0,1.227,3.1248
56,3.4,6.0,0.0,1.1446,3.1125
57,4.1,6.0,0.0,1.3947,3.1879
58,5.0,8.0,0.0,1.653,3.1635
59,4.0,6.0,0.0,1.2301,3.1135
60,3.4,5.0,0.0,1.1056,3.2173
61,3.9,5.0,0.0,1.252,3.1854
62,2.8,5.0,0.0,0.9865,3.1921
63,3.5,5.0,0.0,1.1435,3.2189
64,4.0,9.0,0.0,1.3932,3.2008
65,4.0,7.0,0.0,1.3435,3.1959
66,3.5,6.0,0.0,1.2002,3.2691
67,4.2,9.0,0.0,1.4315,3.2461
68,3.3,5.0,0.0,1.0647,3.2315
69,2.9,4.0,0.0,0.9958,3.2631
70,4.2,7.0,0.0,1.3391,3.2846
71,3.2,4.0,0.0,1.1216,3.2974
72,4.6,7.0,0.0,1.4728,3.3935
73,3.3,7.0,0.0,1.1948,3.317
74,3.1,5.0,0.0,1.0554,3.2391
75,4.8,7.0,0.0,1.5351,3.2646
76,3.9,6.0,0.0,1.2679,3.2566
77,3.8,5.0,0.0,1.2083,3.2293
78,3.3,7.0,0.0,1.1948,3.2356
79,4.6,9.0,0.0,1.4933,3.2809
80,3.3,4.0,0.0,1.1574,3.2502
81,3.9,7.0,0.0,1.3067,3.221
82,4.4,11.0,0.0,1.5961,3.2344
83,4.9,7.0,0.0,1.5819,3.2323
84,3.2,4.0,0.0,1.0682,3.2299
85,4.5,6.0,0.0,1.4001,3.2198
86,4.2,6.0,0.0,1.3739,3.2458
87,2.8,5.0,0.0,0.9749,3.2671
88,3.9,5.0,0.0,1.2329,3.2448
89,4.3,7.0,0.0,1.4281,3.2503
90,3.4,5.0,0.0,1.1146,3.2268
91,5.0,10.0,0.0,1.6535,3.2341
92,4.4,7.0,0.0,1.4214,3.221
93,4.0,6.0,0.0,1.399,3.2231
94,4.3,6.0,0.0,1.4357,3.2197
95,4.1,7.0,0.0,1.3675,3.2603
96,4.2,6.0,0.0,1.3569,3.2446
97,3.4,5.0,0.0,1.1283,3.2531
98,4.2,6.0,0.0,1.3571,3.2567
99,4.5,8.0,0.0,1.5184,3.2709
100,3.7,5.0,0.0,1.1985,3.2349
101,4.5,9.0,0.0,1.5932,3.2643
102,3.3,5.0,0.0,1.1196,3.2334
103,3.6,6.0,0.0,1.1636,3.2318
104,4.4,6.0,0.0,1.4457,3.2383
105,4.3,9.0,0.0,1.4232,3.2586
106,3.6,5.0,0.0,1.16,3.2624
107,2.5,5.0,0.0,0.8874,3.2287
108,3.4,5.0,0.0,1.2241,3.2589
109,4.9,9.0,0.0,1.5679,3.2426
110,3.6,5.0,0.0,1.1832,3.2464
111,3.8,5.0,0.0,1.2919,3.2632
112,4.3,6.0,0.0,1.4119,3.3004
113,4.6,14.0,0.0,1.7368,3.2515
114,3.7,6.0,0.0,1.2081,3.2339
115,3.2,5.0,0.0,1.0611,3.2511
116,3.3,4.0,0.0,1.1567,3.3
117,4.1,8.0,0.0,1.3817,3.1481
118,3.3,5.0,0.0,1.0742,3.18
119,4.3,5.0,0.0,1.3817,3.2259
120,3.7,5.0,0.0,1.1797,3.4197
121,4.5,7.0,0.0,1.4836,3.4272
122,3.5,5.0,0.0,1.1522,3.1674
123,4.2,8.0,0.0,1.371,3.1879
124,3.7,5.0,0.0,1.1988,3.1817
125,3.7,5.0,0.0,1.2239,3.1757
126,4.0,6.0,0.0,1.3295,3.178
127,4.3,7.0,0.0,1.4318,3.2288
128,3.3,8.0,0.0,1.1646,3.3965
129,3.8,5.0,0.0,1.2159,3.1615
130,4.2,6.0,0.0,1.3747,3.1918
131,3.0,4.0,0.0,1.0324,3.2031
132,4.9,9.0,0.0,1.5726,3.203
133,4.6,10.0,0.0,1.5429,3.1784
134,3.4,6.0,0.0,1.1056,3.1652
135,4.6,8.0,0.0,1.5296,3.1793
136,3.5,4.0,0.0,1.1655,3.1837
137,6.6,11.0,0.0,2.0537,3.2198
138,3.5,5.0,0.0,1.1584,3.2039
139,4.1,6.0,0.0,1.345,3.324
140,4.4,8.0,0.0,1.4743,3.3465
141,3.6,6.0,0.0,1.2352,3.1638
142,3.9,8.0,0.0,1.3266,3.171
143,4.7,7.0,0.0,1.5238,3.1814
144,3.4,5.0,0.0,1.117,3.1719
145,5.0,7.0,0.0,1.5588,3.213
146,4.6,8.0,0.0,1.5124,3.2559
147,3.9,5.0,0.0,1.2643,3.1809
148,5.6,8.0,0.0,1.7226,3.1855
149,4.1,6.0,0.0,1.3295,3.1792
150,4.1,6.0,0.0,1.3391,3.1732
151,4.1,5.0,0.0,1.2913,3.1775
152,3.5,7.0,0.0,1.2057,3.2769
153,4.5,9.0,0.0,1.5298,3.1905
154,2.9,4.0,0.0,0.9972,3.1871
155,4.2,7.0,0.0,1.3615,3.2102
156,3.9,5.0,0.0,1.2488,3.2753
157,3.7,5.0,0.0,1.2349,3.203
158,3.9,6.0,0.0,1.299,3.2345
159,3.9,7.0,0.0,1.3134,3.2114
160,4.7,7.0,0.0,1.4984,3.1924
161,4.6,8.0,0.0,1.4703,3.1515
162,3.8,6.0,0.0,1.244,3.2168
163,3.5,5.0,0.0,1.1704,3.2106
164,5.6,11.0,0.0,1.8724,3.2481
165,4.0,7.0,0.0,1.3415,3.3416
166,4.3,7.0,0.0,1.4032,3.2727
167,3.5,7.0,0.0,1.2104,3.2491
168,4.0,7.0,0.0,1.341,3.2613
169,4.2,5.0,0.0,1.3409,3.269
170,3.8,6.0,0.0,1.3421,3.3343
171,3.5,6.0,0.0,1.184,3.2719
172,4.2,7.0,0.0,1.3921,3.2596
173,4.7,11.0,0.0,1.5995,3.1739
174,3.8,7.0,0.0,1.2845,3.0915
175,4.2,7.0,0.0,1.3817,3.1247
176,4.6,7.0,0.0,1.5211,3.1443
177,3.7,6.0,0.0,1.2764,3.1641
178,4.0,6.0,0.0,1.3519,3.1953
179,3.7,5.0,0.0,1.2464,3.2023
180,3.0,3.0,0.0,1.0436,3.185
181,3.9,5.0,0.0,1.244,3.174
182,3.9,8.0,0.0,1.3361,3.174
183,4.3,9.0,0.0,1.419,3.2059
184,3.1,5.0,0.0,1.0303,3.2526
185,4.0,6.0,0.0,1.3242,3.2236
186,3.7,5.0,0.0,1.1684,3.2182
187,3.2,4.0,0.0,1.049,3.2091
188,4.1,6.0,0.0,1.334,3.2243
189,3.5,8.0,0.0,1.2054,3.2246
190,4.5,7.0,0.0,1.4562,3.2401
191,4.4,6.0,0.0,1.4353,3.2005
192,4.4,8.0,0.0,1.4654,3.1459
193,3.4,6.0,0.0,1.1435,3.167
194,3.2,6.0,0.0,1.0775,3.1851
195,4.0,6.0,0.0,1.3046,3.1761
196,4.2,6.0,0.0,1.3855,3.2026
197,2.9,5.0,0.0,1.0111,3.1703
198,4.4,6.0,0.0,1.4384,3.2017
199,4.3,6.0,0.0,1.4277,3.2046
200,3.8,5.0,0.0,1.2074,3.2051
201,5.7,10.0,0.0,1.8375,3.2156
202,4.4,9.0,0.0,1.4517,3.1844
203,4.4,7.0,0.0,1.4035,3.1999
204,4.4,6.0,0.0,1.419,3.1601
205,3.8,6.0,0.0,1.309,3.1866
206,3.7,5.0,0.0,1.2417,3.2038
207,3.6,5.0,0.0,1.1721,3.1789
208,4.2,8.0,0.0,1.4315,3.2189
209,3.9,7.0,0.0,1.244,3.2215
210,3.7,6.0,0.0,1.2189,3.2455
211,3.9,5.0,0.0,1.2278,3.1988
212,4.6,7.0,0.0,1.504,3.2722
213,4.5,10.0,0.0,1.5154,3.1931
214,5.4,10.0,0.0,1.8257,3.1739
215,4.6,9.0,0.0,1.5426,3.1736
216,3.9,5.0,0.0,1.2369,3.2638
217,2.3,4.0,0.0,0.8273,3.1788
218,4.3,7.0,0.0,1.4174,3.1795
219,3.3,5.0,0.0,1.109,3.1838
220,4.1,5.0,0.0,1.3883,3.1745
221,4.1,6.0,0.0,1.3177,3.1826
222,4.3,9.0,0.0,1.4315,3.1859
223,3.7,5.0,0.0,1.194,3.1441
224,3.8,8.0,0.0,1.2781,3.165
225,5.0,8.0,0.0,1.6681,3.1916
226,3.8,6.0,0.0,1.2728,3.2094
227,2.8,5.0,0.0,0.9865,3.1926
228,3.9,7.0,0.0,1.2845,3.2493
229,4.0,5.0,0.0,1.2382,3.1309
230,3.8,8.0,0.0,1.2679,3.1365
231,4.1,6.0,0.0,1.334,3.4078
232,4.0,7.0,0.0,1.3704,3.3189
233,3.7,5.0,0.0,1.2189,3.2708
234,3.7,5.0,0.0,1.1958,3.2856
235,3.8,8.0,0.0,1.294,3.2797
236,3.1,4.0,0.0,1.0296,3.3743
237,3.3,6.0,0.0,1.1016,3.4259
238,4.6,6.0,0.0,1.5088,3.3563
239,3.9,5.0,0.0,1.341,3.3107
240,4.0,6.0,0.0,1.2878,3.3837
241,3.5,6.0,0.0,1.1479,3.3332
242,4.4,10.0,0.0,1.5314,3.3119
243,3.4,4.0,0.0,1.098,3.3286
244,4.3,7.0,0.0,1.4162,3.2956
245,3.8,7.0,0.0,1.245,3.2804
246,4.4,9.0,0.0,1.5261,3.2707
247,3.4,5.0,0.0,1.1054,3.313
248,4.7,10.0,0.0,1.5652,3.262
249,4.6,5.0,0.0,1.4281,3.174
250,3.0,5.0,0.0,0.9885,3.212
251,3.2,7.0,0.0,1.1225,3.1625
252,3.9,6.0,0.0,1.3253,3.2374
253,3.2,5.0,0.0,1.0738,3.2389
254,4.3,7.0,0.0,1.4525,3.272
255,4.4,8.0,0.0,1.4823,3.2781
256,5.1,8.0,0.0,1.6117,3.308
257,4.4,6.0,0.0,1.4287,3.2782
258,3.6,6.0,0.0,1.2189,3.309
259,3.4,4.0,0.0,1.0938,3.2591
260,3.8,5.0,0.0,1.233,3.2441
261,2.6,4.0,0.0,0.882,3.294
262,4.2,7.0,0.0,1.3489,3.2754
263,3.5,5.0,0.0,1.1803,3.2699
264,4.3,8.0,0.0,1.456,3.2948
265,4.6,7.0,0.0,1.4894,3.2957
266,4.8,7.0,0.0,1.519,3.295
267,4.7,9.0,0.0,1.5875,3.2964
268,3.4,5.0,0.0,1.0909,3.2578
269,4.4,5.0,0.0,1.4743,3.2668
270,3.3,4.0,0.0,1.1578,3.2731
271,4.5,6.0,0.0,1.4259,3.2837
272,3.8,7.0,0.0,1.2488,3.2452
273,3.7,7.0,0.0,1.261,3.3604
274,3.8,6.0,0.0,1.2301,3.3292
275,4.1,7.0,0.0,1.3295,3.3819
276,4.7,9.0,0.0,1.5379,3.2034
277,5.7,8.0,0.0,1.8401,3.226
278,2.9,5.0,0.0,0.9869,3.1346
279,5.9,11.0,0.0,1.8605,3.1414
280,3.7,6.0,0.0,1.2221,3.1394
281,4.6,7.0,0.0,1.4174,3.1487
282,4.3,7.0,0.0,1.4832,3.2149
283,4.7,8.0,0.0,1.525,3.1293
284,4.4,9.0,0.0,1.5133,3.1595
285,3.9,6.0,0.0,1.2641,3.1457
286,2.8,4.0,0.0,0.9697,3.1251
287,4.8,8.0,0.0,1.558,3.1716
288,3.3,4.0,0.0,1.141,3.1337
289,5.2,12.0,0.0,1.7664,3.1759
290,3.7,5.0,0.0,1.2476,3.166
291,3.6,5.0,0.0,1.1487,3.1576
292,4.0,9.0,0.0,1.3376,3.1309
293,4.6,10.0,0.0,1.5471,3.1593
294,4.5,7.0,0.0,1.469,3.2402
295,3.5,5.0,0.0,1.1314,3.1206
296,4.2,7.0,0.0,1.3379,3.1567
297,4.4,7.0,0.0,1.4247,3.387
298,5.4,13.0,0.0,1.8454,3.1816
299,5.1,7.0,0.0,1.6378,3.2218
300,3.7,7.0,0.0,1.2544,3.249
301,3.9,7.0,0.0,1.2689,3.1817
302,4.6,8.0,0.0,1.4678,3.2233
303,3.0,5.0,0.0,1.0496,3.2071
304,3.5,6.0,0.0,1.1771,3.2965
305,4.5,7.0,0.0,1.4992,3.1474
306,3.9,8.0,0.0,1.3012,3.1783
307,4.7,7.0,0.0,1.5351,3.1291
308,3.2,5.0,0.0,1.0754,3.2161
309,4.1,8.0,0.0,1.345,3.3846
310,3.7,5.0,0.0,1.2057,3.5403
311,3.2,4.0,0.0,1.0478,3.4478
312,3.6,6.0,0.0,1.2196,3.3911
313,4.9,8.0,0.0,1.5537,3.3254
314,3.6,5.0,0.0,1.1574,3.2997
315,4.7,8.0,0.0,1.5098,3.3476
316,2.8,6.0,0.0,1.0186,3.3233
317,3.4,4.0,0.0,1.1259,3.3938
318,3.2,5.0,0.0,1.0536,3.3119
319,3.8,6.0,0.0,1.2627,3.3311
320,3.6,7.0,0.0,1.1985,3.3505
321,4.7,8.0,0.0,1.5088,3.3405
322,3.7,4.0,0.0,1.1374,3.3416
323,3.8,5.0,0.0,1.1834,3.329
324,4.3,8.0,0.0,1.4149,3.3117
325,4.2,8.0,0.0,1.4035,3.1991
326,3.3,5.0,0.0,1.118,3.1505
327,4.0,7.0,0.0,1.3167,3.1675
328,3.9,6.0,0.0,1.2488,3.1686
329,3.6,5.0,0.0,1.2081,3.201
330,4.1,6.0,0.0,1.3274,3.1503
331,2.9,6.0,0.0,1.0356,3.2278
332,4.6,10.0,0.0,1.5147,3.1955
333,3.9,7.0,0.0,1.244,3.1786
334,4.0,7.0,0.0,1.3014,3.2718
335,4.1,8.0,0.0,1.3817,3.1784
336,4.3,8.0,0.0,1.3778,3.1028
337,4.0,7.0,0.0,1.3032,3.0542
338,3.7,6.0,0.0,1.3228,3.0965
339,3.0,5.0,0.0,1.0448,3.1777
340,3.9,6.0,0.0,1.2568,3.1273
341,3.8,8.0,0.0,1.4169,3.1296
342,3.7,7.0,0.0,1.2322,3.2093
343,5.4,12.0,0.0,1.8762,3.2397
344,3.1,4.0,0.0,0.9908,3.2765
345,4.1,6.0,0.0,1.3301,3.3478
346,4.3,6.0,0.0,1.4333,3.2276
347,3.4,5.0,0.0,1.0954,3.168
348,3.8,6.0,0.0,1.2255,3.2208
349,3.8,7.0,0.0,1.3213,3.3108
350,3.9,11.0,0.0,1.49,3.2799
351,3.4,5.0,0.0,1.1453,3.2912
352,5.2,8.0,0.0,1.6548,3.2994
353,4.3,10.0,0.0,1.4898,3.3493
354,4.3,8.0,0.0,1.4663,3.2723
355,4.1,7.0,0.0,1.3638,3.1888
356,4.2,9.0,0.0,1.4417,3.2402
357,4.0,7.0,0.0,1.3,3.3482
358,2.9,5.0,0.0,0.9828,3.2341
359,4.8,8.0,0.0,1.58,3.4216
360,3.8,6.0,0.0,1.2563,3.3986
361,4.1,5.0,0.0,1.2735,3.3601
362,4.1,6.0,0.0,1.3304,3.3792
363,5.0,10.0,0.0,1.6703,3.2012
364,4.4,7.0,0.0,1.3955,3.1581
365,3.4,6.0,0.0,1.1609,3.2107
366,3.9,6.0,0.0,1.2767,3.3196
367,4.1,6.0,0.0,1.3565,3.3529
368,3.9,6.0,0.0,1.2671,3.3506
369,3.8,5.0,0.0,1.3143,3.3199
370,4.4,7.0,0.0,1.4553,3.444
371,3.7,7.0,0.0,1.2806,3.3621
372,3.4,6.0,0.0,1.1315,3.278
373,3.8,6.0,0.0,1.2679,3.3897
374,4.2,8.0,0.0,1.3915,3.3974
375,2.9,5.0,0.0,0.9869,3.4243
376,4.2,6.0,0.0,1.337,3.3818
377,3.5,5.0,0.0,1.1338,3.1745
378,4.3,8.0,0.0,1.4347,3.2347
379,4.3,8.0,0.0,1.5015,3.3967
380,4.6,8.0,0.0,1.5209,3.4559
381,4.6,9.0,0.0,1.5492,3.4659
382,3.6,5.0,0.0,1.253,3.4578
383,3.9,6.0,0.0,1.317,3.4545
384,3.8,6.0,0.0,1.2295,3.4992
385,3.7,7.0,0.0,1.2142,3.4195
386,4.3,7.0,0.0,1.4309,3.488
387,3.9,7.0,0.0,1.2983,3.4632
388,5.2,13.0,0.0,1.7957,3.4625
389,4.1,7.0,0.0,1.3803,3.4673
390,4.3,6.0,0.0,1.3999,3.4534
391,2.9,5.0,0.0,0.9965,3.4481
392,3.4,4.0,0.0,1.1038,3.3391
393,4.9,7.0,0.0,1.5556,3.2052
394,4.0,9.0,0.0,1.4107,3.2491
395,3.2,5.0,0.0,1.0805,3.2775
396,4.5,9.0,0.0,1.5117,3.229
397,3.2,5.0,0.0,1.0927,3.2645
398,3.8,6.0,0.0,1.2748,3.256
399,3.2,5.0,0.0,1.0796,3.3106
400,4.0,6.0,0.0,1.2955,3.3017
401,4.9,7.0,0.0,1.5444,3.3148
402,4.6,6.0,0.0,1.4603,3.1803
403,3.3,7.0,0.0,1.1404,3.2551
404,3.5,6.0,0.0,1.1806,3.2791
405,3.4,4.0,0.0,1.1446,3.2735
406,3.8,6.0,0.0,1.2468,3.2543
407,3.3,5.0,0.0,1.1045,3.2359
408,4.3,6.0,0.0,1.3883,3.2061
409,3.6,5.0,0.0,1.1738,3.2251
410,3.1,6.0,0.0,1.0663,3.2075
411,5.0,7.0,0.0,1.619,3.1717
412,4.2,6.0,0.0,1.2983,3.2693
413,3.3,6.0,0.0,1.1601,3.2451
414,3.5,4.0,0.0,1.1532,3.2815
415,4.7,7.0,0.0,1.5341,3.2714
416,5.2,7.0,0.0,1.628,3.2678
417,4.3,8.0,0.0,1.4248,3.336
418,4.1,5.0,0.0,1.3393,3.2644
419,4.0,5.0,0.0,1.3136,3.2772
420,3.4,6.0,0.0,1.1636,3.2349
421,3.9,6.0,0.0,1.3032,3.2582
422,3.7,7.0,0.0,1.2726,3.2701
423,4.8,7.0,0.0,1.6053,3.2668
424,4.0,7.0,0.0,1.2937,3.2776
425,4.1,5.0,0.0,1.3115,3.2552
426,4.2,8.0,0.0,1.4027,3.2459
427,3.6,6.0,0.0,1.1924,3.2307
428,4.1,8.0,0.0,1.363,3.2481
429,3.8,6.0,0.0,1.2408,3.2183
430,4.0,6.0,0.0,1.2726,3.1938
431,4.3,7.0,0.0,1.4136,3.2489
432,4.0,5.0,0.0,1.2689,3.2487
433,3.3,6.0,0.0,1.1225,3.2734
434,2.8,5.0,0.0,0.9631,3.2662
435,5.7,9.0,0.0,1.8065,3.2866
436,3.9,6.0,0.0,1.2492,3.2931
437,3.5,7.0,0.0,1.2167,3.289
438,3.3,6.0,0.0,1.102,3.2689
439,4.4,8.0,0.0,1.4759,3.3551
440,3.6,7.0,0.0,1.2114,3.2849
441,3.7,7.0,0.0,1.3014,3.4074
442,3.5,5.0,0.0,1.2068,3.3176
443,3.5,5.0,0.0,1.134,3.2456
444,4.8,7.0,0.0,1.5364,3.2905
445,4.9,8.0,0.0,1.5728,3.2524
446,3.1,5.0,0.0,1.0471,3.1625
447,5.5,12.0,0.0,1.9147,3.2028
448,4.7,8.0,0.0,1.5322,3.1511
449,3.5,5.0,0.0,1.1491,3.2249
450,3.6,5.0,0.0,1.2038,3.2304
451,3.1,6.0,0.0,1.0805,3.2302
452,4.1,5.0,0.0,1.3659,3.2439
453,3.9,6.0,0.0,1.3122,3.2341
454,3.7,7.0,0.0,1.2961,3.1326
455,5.5,7.0,0.0,1.6678,3.1504
456,3.8,5.0,0.0,1.2107,3.1525
457,3.1,4.0,0.0,1.0474,3.1445
458,3.8,4.0,0.0,1.2622,3.1216
459,3.3,5.0,0.0,1.1285,3.0826
460,4.6,7.0,0.0,1.4765,3.1165
461,3.9,7.0,0.0,1.3165,3.18
462,3.5,5.0,0.0,1.1393,3.1922
463,4.1,6.0,0.0,1.3379,3.1922
464,3.8,8.0,0.0,1.294,3.2054
465,3.7,4.0,0.0,1.1723,3.2041
466,3.3,7.0,0.0,1.1779,3.2418
467,4.3,7.0,0.0,1.4379,3.1977
468,3.2,5.0,0.0,1.0421,3.2168
469,3.9,6.0,0.0,1.2484,3.2339
470,3.8,6.0,0.0,1.2922,3.3319
471,4.0,6.0,0.0,1.2937,3.3198
472,4.2,8.0,0.0,1.3892,3.1817
473,3.9,9.0,0.0,1.3379,3.2343
474,3.4,6.0,0.0,1.1258,3.3102
475,5.0,11.0,0.0,1.6437,3.2506
476,3.4,5.0,0.0,1.1122,3.29
477,3.9,8.0,0.0,1.3328,3.2661
478,3.2,5.0,0.0,1.0989,3.2357
479,4.4,7.0,0.0,1.4526,3.1477
480,4.7,8.0,0.0,1.5667,3.2528
481,3.9,7.0,0.0,1.2728,3.2487
482,5.2,8.0,0.0,1.6655,3.2936
483,4.3,5.0,0.0,1.4372,3.3051
484,3.3,5.0,0.0,1.0956,3.3478
485,4.3,8.0,0.0,1.4384,3.4159
486,4.0,4.0,0.0,1.3073,3.3002
487,3.2,5.0,0.0,1.0863,3.3777
488,4.1,6.0,0.0,1.3253,3.4069
489,4.4,6.0,0.0,1.4214,3.3259
490,4.3,8.0,0.0,1.3999,3.1713
491,4.0,8.0,0.0,1.2969,3.236
492,4.0,6.0,0.0,1.2953,3.205
493,3.4,5.0,0.0,1.1105,3.2162
494,2.9,6.0,0.0,1.0282,3.2137
495,3.1,4.0,0.0,1.0235,3.1938
496,3.1,7.0,0.0,1.134,3.2034
497,3.7,6.0,0.0,1.2107,3.2505
498,3.8,7.0,0.0,1.3113,3.2291
499,4.5,6.0,0.0,1.4595,3.2302
500,4.1,6.0,0.0,1.3068,3.229
501,4.3,6.0,0.0,1.3705,3.2072
502,3.3,6.0,0.0,1.1079,3.201
503,3.2,6.0,0.0,1.1136,3.2208
504,3.2,4.0,0.0,1.1315,3.2281
505,2.9,4.0,0.0,0.9783,3.2101
506,3.8,7.0,0.0,1.3101,3.2084
507,4.4,8.0,0.0,1.4525,3.2338
508,3.7,6.0,0.0,1.1941,3.4321
509,3.7,6.0,0.0,1.179,3.437
510,4.2,7.0,0.0,1.4106,3.3975
511,4.1,9.0,0.0,1.3698,3.2286
512,3.9,5.0,0.0,1.3094,3.2458
513,3.6,4.0,0.0,1.1837,3.2145
514,4.0,7.0,0.0,1.3,3.2246
515,3.7,6.0,0.0,1.2081,3.2192
516,4.0,7.0,0.0,1.2966,3.2342
517,4.2,7.0,0.0,1.3964,3.1847
518,3.2,7.0,0.0,1.1494,3.1979
519,3.9,6.0,0.0,1.3376,3.2132
520,4.5,9.0,0.0,1.5164,3.237
521,3.4,4.0,0.0,1.1465,3.1693
522,5.2,7.0,0.0,1.6123,3.2549
523,3.8,6.0,0.0,1.2288,3.2504
524,4.3,7.0,0.0,1.3657,3.3015
525,3.5,5.0,0.0,1.1304,3.3362
526,3.6,6.0,0.0,1.1854,3.341
527,3.7,6.0,0.0,1.2482,3.343
528,4.5,8.0,0.0,1.4722,3.2577
529,4.2,7.0,0.0,1.3817,3.265
530,4.1,5.0,0.0,1.2919,3.2748
531,4.2,6.0,0.0,1.3318,3.1948
532,4.2,8.0,0.0,1.3964,3.2252
533,4.5,7.0,0.0,1.4741,3.2644
534,4.4,5.0,0.0,1.3856,3.1203
535,3.5,7.0,0.0,1.2221,3.224
536,4.0,5.0,0.0,1.3572,3.2075
537,4.2,7.0,0.0,1.3511,3.1198
538,4.8,10.0,0.0,1.6237,3.3858
539,5.5,9.0,0.0,1.7226,3.296
540,4.7,6.0,0.0,1.4973,3.1936
541,3.8,7.0,0.0,1.2301,3.1961
542,3.5,5.0,0.0,1.14,3.2274
543,3.4,6.0,0.0,1.1632,3.2099
544,6.0,12.0,0.0,2.0043,3.2531
545,4.0,6.0,0.0,1.3519,3.261
546,4.3,7.0,0.0,1.4301,3.2517
547,3.5,4.0,0.0,1.1371,3.2442
548,4.6,8.0,0.0,1.4798,3.2983
549,3.9,6.0,0.0,1.2913,3.3447
550,4.2,8.0,0.0,1.4509,3.3545
551,3.7,7.0,0.0,1.2669,3.3336
552,3.9,5.0,0.0,1.2706,3.3236
553,3.1,5.0,0.0,1.0474,3.269
554,2.8,5.0,0.0,0.9767,3.322
555,4.4,9.0,0.0,1.493,3.2819
556,3.0,4.0,0.0,0.9992,3.2388
557,3.6,5.0,0.0,1.1619,3.2742
558,4.8,7.0,0.0,1.479,3.3416
559,3.4,4.0,0.0,1.1522,3.3546
560,5.1,8.0,0.0,1.6412,3.4107
561,4.5,7.0,0.0,1.4836,3.5121
562,3.7,5.0,0.0,1.1893,3.2727
563,4.1,6.0,0.0,1.3732,3.2691
564,3.6,6.0,0.0,1.1837,3.2887
565,2.3,3.0,0.0,0.8188,3.3183
566,4.6,7.0,0.0,1.4498,3.506
567,4.2,8.0,0.0,1.3892,3.4895
568,3.6,5.0,0.0,1.1887,3.5194
569,4.5,8.0,0.0,1.455,3.4225
570,4.1,7.0,0.0,1.3759,3.3766
571,3.1,6.0,0.0,1.1236,3.4665
572,4.0,5.0,0.0,1.26,3.5021
573,3.5,5.0,0.0,1.1212,3.2632
574,4.5,8.0,0.0,1.5362,3.182
575,4.0,7.0,0.0,1.3242,3.2345
576,4.7,6.0,0.0,1.4517,3.1911
577,3.6,10.0,0.0,1.337,3.2269
578,3.2,7.0,0.0,1.1227,3.2335
579,4.5,7.0,0.0,1.4586,3.2492
580,4.0,6.0,0.0,1.324,3.2407
581,4.6,9.0,0.0,1.5297,3.244
582,3.2,4.0,0.0,1.0837,3.2383
583,3.6,5.0,0.0,1.1755,3.2418
584,3.4,5.0,0.0,1.1655,3.2268
585,3.1,5.0,0.0,1.0989,3.2438
586,4.5,7.0,0.0,1.4512,3.2461
587,3.6,5.0,0.0,1.1539,3.2928
588,4.5,9.0,0.0,1.5261,3.2894
589,3.5,7.0,0.0,1.1864,3.2252
590,4.5,7.0,0.0,1.4925,3.2292
591,3.7,11.0,0.0,1.4119,3.2213
592,3.6,4.0,0.0,1.2151,3.2565
593,4.3,8.0,0.0,1.3927,3.2351
594,4.7,8.0,0.0,1.5103,3.2416
595,3.9,7.0,0.0,1.2808,3.1951
596,2.7,4.0,0.0,0.945,3.2139
597,5.2,6.0,0.0,1.6413,3.225
598,4.1,5.0,0.0,1.3666,3.2001
599,4.5,7.0,0.0,1.4141,3.2631
600,4.3,6.0,0.0,1.3739,3.2423
601,5.1,7.0,0.0,1.5703,3.2652
602,4.1,7.0,0.0,1.3304,3.2236
603,4.1,9.0,0.0,1.3964,3.2082
604,3.4,4.0,0.0,1.0833,3.2156
605,5.3,9.0,0.0,1.7304,3.2637
606,3.8,6.0,0.0,1.2714,3.3046
607,4.5,8.0,0.0,1.4379,3.2467
608,4.1,6.0,0.0,1.3528,3.2086
609,4.1,6.0,0.0,1.3328,3.2276
610,4.1,6.0,0.0,1.345,3.1946
611,3.1,5.0,0.0,1.0488,3.1897
612,5.4,10.0,0.0,1.807,3.2214
613,4.1,7.0,0.0,1.371,3.2576
614,3.7,4.0,0.0,1.2142,3.2687
615,3.1,4.0,0.0,1.0611,3.2091
616,4.8,7.0,0.0,1.5741,3.2356
617,3.2,6.0,0.0,1.0863,3.215
618,4.0,8.0,0.0,1.3598,3.2511
619,4.2,6.0,0.0,1.3592,3.2119
620,3.4,6.0,0.0,1.1347,3.1783
621,3.5,6.0,0.0,1.1435,3.2246
622,3.9,7.0,0.0,1.2836,3.2326
623,3.5,5.0,0.0,1.1494,3.1815
624,3.9,6.0,0.0,1.2969,3.322
625,3.5,5.0,0.0,1.1738,3.252
626,3.3,5.0,0.0,1.0831,3.1369
627,3.6,6.0,0.0,1.2369,3.1973
628,4.0,7.0,0.0,1.3067,3.2095
629,2.9,4.0,0.0,0.9602,3.2027
630,3.9,5.0,0.0,1.2449,3.2021
631,4.8,8.0,0.0,1.5989,3.2523
632,3.8,5.0,0.0,1.2203,3.219
633,4.5,8.0,0.0,1.4782,3.2037
634,3.9,5.0,0.0,1.2349,3.1781
635,3.8,5.0,0.0,1.2068,3.2438
636,4.3,6.0,0.0,1.3956,3.2904
637,4.4,6.0,0.0,1.433,3.1714
638,3.7,7.0,0.0,1.2322,3.1901
639,4.0,11.0,0.0,1.4553,3.2207
640,4.1,7.0,0.0,1.4219,3.169
641,4.1,6.0,0.0,1.2826,3.1664
642,4.6,8.0,0.0,1.5485,3.1455
643,3.4,5.0,0.0,1.1304,3.1637
644,4.5,6.0,0.0,1.4119,3.1871
645,3.1,4.0,0.0,1.0361,3.2874
646,4.4,6.0,0.0,1.4118,3.1947
647,3.5,5.0,0.0,1.1428,3.1396
648,3.7,10.0,0.0,1.3409,3.2678
649,2.6,4.0,0.0,0.9387,3.299
650,3.7,6.0,0.0,1.2157,3.2909
651,4.1,5.0,0.0,1.3301,3.2892
652,4.2,8.0,0.0,1.4277,3.2944
653,3.8,5.0,0.0,1.2476,3.2972
654,3.5,5.0,0.0,1.1646,3.3066
655,4.8,8.0,0.0,1.548,3.3248
656,3.8,6.0,0.0,1.244,3.3154
657,3.7,5.0,0.0,1.2327,3.291
658,4.3,8.0,0.0,1.4277,3.2867
659,3.0,5.0,0.0,1.0428,3.2957
660,4.3,8.0,0.0,1.3927,3.3132
661,4.3,6.0,0.0,1.3601,3.3222
662,3.4,6.0,0.0,1.167,3.189
663,4.2,6.0,0.0,1.3883,3.167
664,3.9,8.0,0.0,1.3379,3.0929
665,2.6,4.0,0.0,0.9282,3.208
666,4.1,6.0,0.0,1.3666,3.2181
667,4.0,5.0,0.0,1.3038,3.2132
668,3.7,7.0,0.0,1.2414,3.2277
669,4.2,8.0,0.0,1.4169,3.1806
670,3.9,6.0,0.0,1.3067,3.1805
671,3.5,5.0,0.0,1.1511,3.2616
672,3.6,5.0,0.0,1.2068,3.289
673,3.5,7.0,0.0,1.2054,3.2591
674,3.4,4.0,0.0,1.1608,3.3143
675,4.7,9.0,0.0,1.5743,3.2926
676,3.6,5.0,0.0,1.1435,3.3535
677,3.9,5.0,0.0,1.2657,3.2671
678,4.1,9.0,0.0,1.3803,3.4804
679,4.2,7.0,0.0,1.3774,3.2894
680,3.4,6.0,0.0,1.1721,3.3218
681,4.4,8.0,0.0,1.4992,3.285
682,3.0,6.0,0.0,1.1137,3.2618
683,3.6,8.0,0.0,1.2464,3.2433
684,3.3,5.0,0.0,1.0898,3.2361
685,4.5,9.0,0.0,1.5426,3.2439
686,3.9,5.0,0.0,1.3361,3.1705
687,3.6,5.0,0.0,1.1569,3.2018
688,3.9,6.0,0.0,1.303,3.2167
689,5.1,8.0,0.0,1.5941,3.2078
690,3.7,4.0,0.0,1.2767,3.1673
691,3.0,5.0,0.0,1.0151,3.1498
692,4.2,7.0,0.0,1.4417,3.1599
693,4.6,8.0,0.0,1.4967,3.2058
694,3.1,5.0,0.0,1.0474,3.2402
695,4.4,6.0,0.0,1.4555,3.3326
696,4.1,8.0,0.0,1.3601,3.2615
697,3.6,8.0,0.0,1.252,3.2226
698,3.8,6.0,0.0,1.1749,3.2173
699,4.9,8.0,0.0,1.5917,3.2211
700,3.8,6.0,0.0,1.2081,3.2181
701,4.0,6.0,0.0,1.321,3.2718
702,3.8,7.0,0.0,1.2494,3.2486
703,3.4,5.0,0.0,1.1548,3.23
704,3.7,6.0,0.0,1.2542,3.1341
705,4.2,6.0,0.0,1.3435,3.2275
706,4.2,6.0,0.0,1.3711,3.2316
707,4.0,6.0,0.0,1.3153,3.2883
708,4.5,8.0,0.0,1.4345,3.2829
709,3.3,4.0,0.0,1.1071,3.3046
710,4.0,7.0,0.0,1.2845,3.2548
711,3.4,5.0,0.0,1.128,3.2672
712,4.2,9.0,0.0,1.4149,3.2915
713,3.3,4.0,0.0,1.166,3.2505
714,4.5,7.0,0.0,1.4379,3.2246
715,3.5,5.0,0.0,1.167,3.2657
716,3.8,5.0,0.0,1.2609,3.2651
717,4.7,6.0,0.0,1.4903,3.2808
718,4.2,5.0,0.0,1.3453,3.24
719,3.9,6.0,0.0,1.2953,3.2427
720,4.1,6.0,0.0,1.364,3.2588
721,4.5,7.0,0.0,1.441,3.2355
722,3.3,6.0,0.0,1.1258,3.2186
723,3.2,6.0,0.0,1.0872,3.2797
724,3.2,5.0,0.0,1.0569,3.2507
725,4.4,10.0,0.0,1.5351,3.3226
726,3.7,5.0,0.0,1.1901,3.3831
727,4.1,7.0,0.0,1.3444,3.3347
728,3.5,5.0,0.0,1.1938,3.3924
729,4.3,7.0,0.0,1.4239,3.4708
730,4.3,7.0,0.0,1.4121,3.4786
731,3.8,5.0,0.0,1.2488,3.3711
732,4.6,7.0,0.0,1.5233,3.3601
733,2.5,4.0,0.0,0.9178,3.3097
734,4.7,7.0,0.0,1.5183,3.2935
735,3.7,5.0,0.0,1.2703,3.2917
736,4.2,7.0,0.0,1.3992,3.2656
737,3.3,4.0,0.0,1.0947,3.3066
738,3.4,5.0,0.0,1.118,3.3215
739,5.1,9.0,0.0,1.6964,3.3336
740,4.2,7.0,0.0,1.4146,3.2875
741,4.6,7.0,0.0,1.5077,3.3124
742,3.6,6.0,0.0,1.1854,3.236
743,4.6,8.0,0.0,1.5794,3.1832
744,4.6,7.0,0.0,1.5013,3.245
745,4.3,7.0,0.0,1.4232,3.2849
746,3.9,7.0,0.0,1.2592,3.3577
747,3.5,7.0,0.0,1.1769,3.4028
748,3.6,4.0,0.0,1.1694,3.4203
749,4.3,5.0,0.0,1.3883,3.2745
750,3.6,7.0,0.0,1.1924,3.2957
751,2.4,3.0,0.0,0.8674,3.355
752,3.9,7.0,0.0,1.259,3.3448
753,2.8,4.0,0.0,0.9705,3.313
754,3.3,4.0,0.0,1.0677,3.2945
755,3.7,6.0,0.0,1.2091,3.3447
756,4.8,7.0,0.0,1.5172,3.2845
757,3.5,5.0,0.0,1.2038,3.3709
758,3.7,6.0,0.0,1.1958,3.2636
759,4.7,11.0,0.0,1.6315,3.2832
760,4.3,6.0,0.0,1.3855,3.2837
761,3.3,6.0,0.0,1.123,3.3156
762,3.0,4.0,0.0,1.0008,3.2532
763,3.6,8.0,0.0,1.2482,3.2471
764,3.2,4.0,0.0,1.0619,3.2219
765,3.5,6.0,0.0,1.1779,3.3019
766,3.0,4.0,0.0,1.0137,3.2362
767,4.1,9.0,0.0,1.3915,3.2433
768,4.4,5.0,0.0,1.4281,3.2518
769,4.3,7.0,0.0,1.3856,3.2531
770,3.9,5.0,0.0,1.2563,3.1892
771,3.8,6.0,0.0,1.2278,3.2556
772,4.3,7.0,0.0,1.3927,3.3568
773,3.4,6.0,0.0,1.1563,3.4189
774,3.7,5.0,0.0,1.1746,3.2806
775,3.4,5.0,0.0,1.087,3.2926
776,3.6,5.0,0.0,1.1998,3.3538
777,3.8,5.0,0.0,1.2498,3.289
778,3.4,7.0,0.0,1.1496,3.2993
779,4.2,7.0,0.0,1.3875,3.2962
780,3.9,6.0,0.0,1.2814,3.2601
781,4.4,6.0,0.0,1.3934,3.2535
782,4.5,8.0,0.0,1.4469,3.2625
783,4.5,6.0,0.0,1.4368,3.3145
784,3.9,6.0,0.0,1.2792,3.3284
785,3.7,5.0,0.0,1.233,3.3125
786,4.7,7.0,0.0,1.4992,3.3393
787,4.0,6.0,0.0,1.3,3.27
788,3.6,5.0,0.0,1.2139,3.2766
789,3.7,5.0,0.0,1.2685,3.2185
790,4.4,6.0,0.0,1.4457,3.2238
791,3.4,4.0,0.0,1.0796,3.1641
792,4.0,7.0,0.0,1.3189,3.1029
793,3.9,5.0,0.0,1.2685,3.1033
794,4.1,7.0,0.0,1.3519,3.356
795,3.9,6.0,0.0,1.2891,3.3955
796,4.5,10.0,0.0,1.5601,3.333
797,3.5,6.0,0.0,1.1705,3.2019
798,3.2,4.0,0.0,1.0588,3.2149
799,3.7,6.0,0.0,1.2085,3.2108
800,4.2,6.0,0.0,1.3107,3.1871
801,4.0,6.0,0.0,1.2842,3.1845
802,3.7,6.0,0.0,1.2005,3.2252
803,3.8,9.0,0.0,1.3242,3.2182
804,4.3,8.0,0.0,1.4058,3.2484
805,3.0,4.0,0.0,1.0008,3.36
806,3.5,5.0,0.0,1.1358,3.3621
807,3.5,5.0,0.0,1.1584,3.3309
808,4.0,8.0,0.0,1.4,3.2216
809,3.2,4.0,0.0,1.0594,3.3226
810,4.8,7.0,0.0,1.5498,3.4044
811,3.9,6.0,0.0,1.2955,3.32
812,3.3,4.0,0.0,1.0989,3.2115
813,3.6,4.0,0.0,1.2268,3.2709
814,3.7,5.0,0.0,1.2114,3.2919
815,4.8,11.0,0.0,1.6181,3.2041
816,3.6,5.0,0.0,1.1779,3.3333
817,3.7,6.0,0.0,1.2306,3.2916
818,3.8,8.0,0.0,1.2734,3.2231
819,5.6,8.0,0.0,1.7496,3.2952
820,3.9,8.0,0.0,1.364,3.3003
821,2.7,4.0,0.0,0.9767,3.2297
822,4.2,8.0,0.0,1.3704,3.3593
823,4.6,7.0,0.0,1.4871,3.3388
824,4.0,5.0,0.0,1.3437,3.3914
825,3.8,5.0,0.0,1.2314,3.4702
826,3.6,5.0,0.0,1.2032,3.4315
827,3.7,5.0,0.0,1.1881,3.3742
828,4.0,7.0,0.0,1.3068,3.3183
829,4.0,7.0,0.0,1.3,3.4506
830,3.7,6.0,0.0,1.2164,3.388
831,4.3,7.0,0.0,1.3915,3.2705
832,4.1,6.0,0.0,1.3477,3.2982
833,4.5,7.0,0.0,1.4722,3.3328
834,3.7,5.0,0.0,1.2384,3.2398
835,4.2,9.0,0.0,1.416,3.3425
836,3.1,4.0,0.0,1.0651,3.3708
837,4.0,6.0,0.0,1.2826,3.3903
838,3.3,4.0,0.0,1.0831,3.4872
839,4.0,9.0,0.0,1.4078,3.2108
840,3.8,6.0,0.0,1.2327,3.2379
841,2.8,4.0,0.0,0.9783,3.3767
842,3.8,6.0,0.0,1.2781,3.3121
843,3.6,6.0,0.0,1.194,3.3474
844,5.3,10.0,0.0,1.7571,3.3497
845,3.7,10.0,0.0,1.3445,3.3758
846,4.1,5.0,0.0,1.3454,3.4809
847,3.3,5.0,0.0,1.0941,3.3446
848,3.6,5.0,0.0,1.1772,3.322
849,4.3,6.0,0.0,1.3906,3.4122
850,3.9,5.0,0.0,1.2757,3.1517
851,4.5,6.0,0.0,1.4632,3.2223
852,3.7,6.0,0.0,1.219,3.3575
853,5.1,7.0,0.0,1.6103,3.2353
854,3.6,5.0,0.0,1.1653,3.1873
855,2.9,5.0,0.0,0.9666,3.2839
856,4.8,7.0,0.0,1.5888,3.3208
857,3.3,7.0,0.0,1.134,3.2637
858,4.2,5.0,0.0,1.3601,3.2864
859,4.0,6.0,0.0,1.2906,3.3064
860,4.9,7.0,0.0,1.5409,3.2735
861,4.8,11.0,0.0,1.7284,3.2435
862,4.3,8.0,0.0,1.4174,3.3257
863,3.6,5.0,0.0,1.1584,3.2642
864,3.2,6.0,0.0,1.0805,3.3703
865,3.8,8.0,0.0,1.28,3.3337
866,3.5,5.0,0.0,1.1985,3.2187
867,3.5,6.0,0.0,1.2641,3.186
868,3.6,6.0,0.0,1.2131,3.1448
869,3.6,6.0,0.0,1.2369,3.1583
870,3.2,4.0,0.0,1.0392,3.2152
871,4.0,7.0,0.0,1.2729,3.2583
872,4.8,9.0,0.0,1.5748,3.2631
873,3.2,5.0,0.0,1.0817,3.282
874,4.4,7.0,0.0,1.4231,3.3528
875,3.9,5.0,0.0,1.2919,3.1445
876,3.6,6.0,0.0,1.2057,3.1244
877,4.3,6.0,0.0,1.4169,3.2332
878,4.1,5.0,0.0,1.2826,3.2415
879,4.9,8.0,0.0,1.6243,3.2622
880,4.3,7.0,0.0,1.4098,3.279
881,3.1,4.0,0.0,1.0583,3.225
882,3.7,6.0,0.0,1.2845,3.2433
883,4.1,7.0,0.0,1.3391,3.2379
884,3.9,6.0,0.0,1.3032,3.2951
885,4.9,7.0,0.0,1.5976,3.3092
886,4.8,7.0,0.0,1.5381,3.3079
887,4.4,6.0,0.0,1.4426,3.2402
888,3.3,4.0,0.0,1.0978,3.238
889,3.2,4.0,0.0,1.0493,3.2512
890,3.3,5.0,0.0,1.0989,3.3151
891,5.0,12.0,0.0,1.7082,3.2604
892,4.0,8.0,0.0,1.3228,3.26
893,4.3,7.0,0.0,1.4027,3.1437
894,3.9,6.0,0.0,1.2845,3.1007
895,4.6,10.0,0.0,1.4945,3.1533
896,4.6,8.0,0.0,1.4479,3.1903
897,3.7,9.0,0.0,1.3109,3.2151
898,5.0,10.0,0.0,1.6351,3.2098
899,4.5,7.0,0.0,1.4646,3.2121
900,4.5,11.0,0.0,1.5322,3.2066
901,4.0,6.0,0.0,1.2798,3.1921
902,3.9,6.0,0.0,1.321,3.2042
903,4.3,8.0,0.0,1.4315,3.2172
904,4.0,5.0,0.0,1.3076,3.2043
905,5.0,8.0,0.0,1.6317,3.241
906,3.3,5.0,0.0,1.1079,3.2602
907,3.1,6.0,0.0,1.0524,3.2726
908,3.6,4.0,0.0,1.1901,3.2308
909,3.2,5.0,0.0,1.0791,3.2276
910,3.0,6.0,0.0,1.0524,3.2717
911,5.5,8.0,0.0,1.707,3.2714
912,3.8,6.0,0.0,1.2722,3.2241
913,4.0,6.0,0.0,1.3,3.2388
914,5.4,9.0,0.0,1.728,3.2465
915,4.1,6.0,0.0,1.3343,3.2712
916,4.4,7.0,0.0,1.4245,3.2408
917,4.3,5.0,0.0,1.3739,3.2261
918,3.9,8.0,0.0,1.303,3.2607
919,3.8,5.0,0.0,1.2337,3.2502
920,4.7,7.0,0.0,1.4984,3.2854
921,3.4,5.0,0.0,1.1038,3.2157
922,4.1,6.0,0.0,1.3598,3.167
923,3.5,8.0,0.0,1.2025,3.1664
924,3.6,5.0,0.0,1.1921,3.2167
925,3.7,5.0,0.0,1.2068,3.2582
926,3.1,7.0,0.0,1.0956,3.2743
927,4.3,7.0,0.0,1.3892,3.2595
928,4.4,7.0,0.0,1.4135,3.3012
929,4.0,7.0,0.0,1.3067,3.3011
930,3.7,5.0,0.0,1.2081,3.3052
931,4.0,6.0,0.0,1.326,3.3086
932,3.4,5.0,0.0,1.0837,3.2533
933,4.0,6.0,0.0,1.3489,3.3133
934,4.0,6.0,0.0,1.2891,3.3232
935,4.1,5.0,0.0,1.3421,3.2882
936,4.3,7.0,0.0,1.42,3.247
937,4.1,7.0,0.0,1.3288,3.2227
938,3.3,6.0,0.0,1.1435,3.2268
939,3.6,6.0,0.0,1.1574,3.2789
940,5.1,8.0,0.0,1.6271,3.3414
941,4.1,6.0,0.0,1.337,3.2641
942,3.4,6.0,0.0,1.1435,3.2956
943,5.2,9.0,0.0,1.696,3.3282
944,3.7,7.0,0.0,1.252,3.291
945,5.0,12.0,0.0,1.7457,3.2451
946,4.4,6.0,0.0,1.3915,3.286
947,3.7,6.0,0.0,1.2246,3.2451
948,3.9,5.0,0.0,1.2568,3.3158
949,3.5,6.0,0.0,1.2074,3.2344
950,4.3,6.0,0.0,1.371,3.284
951,3.4,6.0,0.0,1.1494,3.2782
952,3.6,5.0,0.0,1.1704,3.2402
953,4.8,6.0,0.0,1.573,3.3031
954,3.5,5.0,0.0,1.1269,3.2847
955,3.5,6.0,0.0,1.1655,3.4301
956,3.5,6.0,0.0,1.1874,3.3119
957,5.0,8.0,0.0,1.6292,3.2875
958,4.3,6.0,0.0,1.3834,3.2893
959,4.0,6.0,0.0,1.2782,3.345
960,3.9,8.0,0.0,1.2955,3.39
961,4.0,6.0,0.0,1.2757,3.331
962,4.6,9.0,0.0,1.5264,3.3206
963,3.8,7.0,0.0,1.2548,3.3186
964,4.1,6.0,0.0,1.3177,3.331
965,3.8,6.0,0.0,1.2577,3.4273
966,3.5,6.0,0.0,1.1752,3.3702
967,4.1,7.0,0.0,1.3415,3.2929
968,4.2,7.0,0.0,1.345,3.2691
969,3.9,7.0,0.0,1.3014,3.269
970,3.4,6.0,0.0,1.1371,3.208
971,3.9,6.0,0.0,1.2369,3.2209
972,3.6,5.0,0.0,1.1864,3.2636
973,3.2,4.0,0.0,1.098,3.222
974,3.7,7.0,0.0,1.2953,3.2167
975,3.8,5.0,0.0,1.2327,3.212
976,4.1,8.0,0.0,1.4141,3.2784
977,4.6,7.0,0.0,1.5172,3.4398
978,3.9,7.0,0.0,1.2997,3.3914
979,4.5,6.0,0.0,1.4104,3.3238
980,3.3,5.0,0.0,1.148,3.2096
981,5.4,10.0,0.0,1.8405,3.2373
982,3.7,6.0,0.0,1.2722,3.2557
983,3.9,5.0,0.0,1.2449,3.2357
984,4.0,7.0,0.0,1.337,3.2543
985,4.0,6.0,0.0,1.2948,3.2406
986,5.0,8.0,0.0,1.6454,3.3016
987,4.8,9.0,0.0,1.5941,3.31
988,3.7,5.0,0.0,1.1908,3.2811
989,4.7,6.0,0.0,1.5315,3.2864
990,3.0,6.0,0.0,1.0619,3.2511
991,4.1,7.0,0.0,1.3073,3.2808
992,3.8,6.0,0.0,1.2186,3.3092
993,3.7,6.0,0.0,1.3107,3.35
994,4.8,9.0,0.0,1.6362,3.3882
995,4.6,9.0,0.0,1.5353,3.3646
996,3.9,5.0,0.0,1.3301,3.2423
997,3.4,5.0,0.0,1.1283,3.4479
998,3.9,5.0,0.0,1.2164,3.3624
999,4.2,10.0,0.0,1.4839,3.4733
1000,3.3,6.0,0.0,1.1212,3.4435
1001,3.7,6.0,0.0,1.2805,3.4726
1002,4.3,6.0,0.0,1.3659,3.5207
1003,3.0,5.0,0.0,1.0413,3.4491
1004,4.0,6.0,0.0,1.3153,3.4258
1005,3.7,6.0,0.0,1.2464,3.477
1006,3.6,6.0,0.0,1.2093,3.4056
1007,3.9,6.0,0.0,1.3143,3.2567
1008,3.1,6.0,0.0,1.0761,3.3177
1009,3.2,5.0,0.0,1.0641,3.495
1010,4.3,7.0,0.0,1.4213,3.3341
1011,3.8,6.0,0.0,1.252,3.3035
1012,4.5,7.0,0.0,1.3811,3.2836
1013,4.5,7.0,0.0,1.5199,3.1512
1014,3.3,7.0,0.0,1.1881,3.0742
1015,3.9,5.0,0.0,1.2657,3.1405
1016,5.7,10.0,0.0,1.831,3.1388
1017,3.7,6.0,0.0,1.1938,3.2159
1018,3.7,8.0,0.0,1.2781,3.2299
1019,3.6,6.0,0.0,1.1808,3.2874
1020,4.0,6.0,0.0,1.3,3.2826
1021,4.1,7.0,0.0,1.363,3.2556
1022,3.8,5.0,0.0,1.2369,3.2362
1023,3.3,6.0,0.0,1.1161,3.2497
1024,3.7,6.0,0.0,1.2369,3.3043
1025,4.5,9.0,0.0,1.542,3.2404
1026,4.8,8.0,0.0,1.5379,3.2367
1027,3.4,4.0,0.0,1.0824,3.2365
1028,3.2,5.0,0.0,1.0775,3.2341
1029,3.7,6.0,0.0,1.1924,3.2918
1030,4.7,9.0,0.0,1.5767,3.402
1031,3.9,8.0,0.0,1.3489,3.1956
1032,3.6,5.0,0.0,1.1581,3.2012
1033,3.5,6.0,0.0,1.1803,3.2706
1034,3.1,4.0,0.0,1.0,3.2575
1035,4.7,6.0,0.0,1.4985,3.2704
1036,4.0,6.0,0.0,1.3143,3.256
1037,3.8,6.0,0.0,1.2609,3.2295
1038,4.2,7.0,0.0,1.3771,3.2199
1039,4.5,9.0,0.0,1.5226,3.1994
1040,4.2,8.0,0.0,1.3783,3.1847
1041,3.4,5.0,0.0,1.0927,3.2673
1042,4.0,5.0,0.0,1.2913,3.2935
1043,3.8,7.0,0.0,1.2648,3.1851
1044,3.8,6.0,0.0,1.2729,3.2662
1045,4.2,6.0,0.0,1.4129,3.3057
1046,3.8,6.0,0.0,1.2706,3.2478
1047,3.4,4.0,0.0,1.0701,3.2323
1048,3.6,7.0,0.0,1.1808,3.2624
1049,4.1,6.0,0.0,1.2904,3.2453
1050,4.9,7.0,0.0,1.5688,3.2552
1051,2.9,4.0,0.0,0.9828,3.3176
1052,3.5,6.0,0.0,1.1358,3.3511
1053,3.4,4.0,0.0,1.1482,3.2727
1054,4.6,6.0,0.0,1.458,3.2837
1055,4.4,6.0,0.0,1.4281,3.2131
1056,3.7,6.0,0.0,1.1954,3.2338
1057,2.6,7.0,0.0,0.9541,3.1955
1058,4.1,5.0,0.0,1.337,3.2818
1059,4.2,7.0,0.0,1.4245,3.2224
1060,3.6,6.0,0.0,1.2068,3.3077
1061,3.7,6.0,0.0,1.1741,3.2711
1062,3.9,5.0,0.0,1.3168,3.3728
1063,4.5,7.0,0.0,1.4387,3.3034
1064,4.1,6.0,0.0,1.315,3.2933
1065,3.5,4.0,0.0,1.1269,3.3022
1066,4.2,7.0,0.0,1.4091,3.3248
1067,4.1,7.0,0.0,1.3739,3.3843
1068,3.2,4.0,0.0,1.0667,3.3774
1069,3.5,5.0,0.0,1.1459,3.347
1070,4.0,5.0,0.0,1.3288,3.2506
1071,3.4,5.0,0.0,1.1684,3.3428
1072,3.4,5.0,0.0,1.0947,3.3366
1073,3.5,5.0,0.0,1.1191,3.2817
1074,3.8,5.0,0.0,1.2703,3.3366
1075,3.3,4.0,0.0,1.0772,3.33
1076,3.9,6.0,0.0,1.2806,3.3872
1077,3.6,7.0,0.0,1.2449,3.3897
1078,3.7,5.0,0.0,1.1687,3.4247
1079,3.7,7.0,0.0,1.2577,3.2004
1080,3.9,5.0,0.0,1.2353,3.289
1081,2.9,5.0,0.0,0.9652,3.3208
1082,4.2,8.0,0.0,1.4347,3.3345
1083,3.9,5.0,0.0,1.2213,3.376
1084,2.9,6.0,0.0,1.0352,3.3068
1085,3.6,5.0,0.0,1.1694,3.3148
1086,4.0,6.0,0.0,1.304,3.3181
1087,4.2,6.0,0.0,1.3688,3.2736
1088,5.4,10.0,0.0,1.7001,3.2581
1089,4.1,5.0,0.0,1.2706,3.2981
1090,4.1,5.0,0.0,1.3336,3.2666
1091,3.5,6.0,0.0,1.2054,3.196
1092,4.9,7.0,0.0,1.5688,3.4451
1093,4.2,7.0,0.0,1.4106,3.2353
1094,2.9,6.0,0.0,1.0572,3.2158
1095,4.2,11.0,0.0,1.5558,3.2488
1096,3.8,5.0,0.0,1.2002,3.227
1097,2.7,3.0,0.0,0.9695,3.1919
1098,4.7,9.0,0.0,1.5741,3.2339
1099,3.9,5.0,0.0,1.2369,3.3576
1100,3.5,5.0,0.0,1.1721,3.3778
1101,4.0,6.0,0.0,1.2835,3.2269
1102,4.0,11.0,0.0,1.4564,3.2166
1103,3.8,6.0,0.0,1.2249,3.2432
1104,3.9,6.0,0.0,1.2859,3.2605
1105,3.4,5.0,0.0,1.1314,3.2158
1106,3.4,5.0,0.0,1.1137,3.234
1107,3.9,10.0,0.0,1.3855,3.176
1108,3.5,5.0,0.0,1.1162,3.2257
1109,3.7,5.0,0.0,1.2366,3.2691
1110,4.1,5.0,0.0,1.2969,3.2666
1111,3.2,5.0,0.0,1.0863,3.2497
1112,3.3,4.0,0.0,1.0705,3.1464
1113,3.2,5.0,0.0,1.1016,3.1732
1114,4.6,11.0,0.0,1.6912,3.1711
1115,3.7,5.0,0.0,1.14,3.1375
1116,4.4,7.0,0.0,1.4301,3.148
1117,4.9,9.0,0.0,1.6091,3.2136
1118,5.6,8.0,0.0,1.7703,3.2408
1119,4.4,6.0,0.0,1.4146,3.4303
1120,3.9,6.0,0.0,1.2767,3.2607
1121,4.6,9.0,0.0,1.5169,3.239
1122,3.9,6.0,0.0,1.2609,3.1562
1123,3.8,5.0,0.0,1.2288,3.1042
1124,3.8,6.0,0.0,1.2031,3.1499
1125,3.9,6.0,0.0,1.2592,3.2271
1126,3.5,7.0,0.0,1.1718,3.1976
1127,3.0,5.0,0.0,1.0497,3.1824
1128,5.3,9.0,0.0,1.7088,3.2189
1129,3.5,6.0,0.0,1.1662,3.1949
1130,4.4,7.0,0.0,1.4315,3.2138
1131,4.6,6.0,0.0,1.4685,3.2004
1132,4.0,7.0,0.0,1.3453,3.2115
1133,4.6,7.0,0.0,1.519,3.2354
1134,3.8,6.0,0.0,1.2353,3.2251
1135,3.9,8.0,0.0,1.3465,3.1777
1136,3.6,5.0,0.0,1.1718,3.2047
1137,4.6,9.0,0.0,1.5551,3.1845
1138,4.8,9.0,0.0,1.5322,3.1859
1139,4.2,6.0,0.0,1.3666,3.2019
1140,3.9,6.0,0.0,1.2826,3.1705
1141,4.8,7.0,0.0,1.5524,3.2067
1142,4.6,6.0,0.0,1.4591,3.1934
1143,3.3,5.0,0.0,1.1304,3.2247
1144,2.4,3.0,0.0,0.8492,3.1674
1145,3.6,5.0,0.0,1.1598,3.1873
1146,3.8,6.0,0.0,1.2606,3.1984
1147,4.6,7.0,0.0,1.5675,3.184
1148,3.2,6.0,0.0,1.1146,3.2147
1149,4.3,7.0,0.0,1.3691,3.2448
1150,3.6,5.0,0.0,1.1738,3.12
1151,4.5,7.0,0.0,1.4421,3.143
1152,5.0,9.0,0.0,1.6186,3.1786
1153,3.7,5.0,0.0,1.1832,3.1679
1154,3.4,6.0,0.0,1.1749,3.1869
1155,4.1,8.0,0.0,1.3301,3.1971
1156,4.5,6.0,0.0,1.5077,3.212
1157,4.3,7.0,0.0,1.4351,3.1792
1158,3.4,5.0,0.0,1.1091,3.1363
1159,4.3,6.0,0.0,1.3791,3.1356
1160,3.4,7.0,0.0,1.182,3.2587
1161,3.6,5.0,0.0,1.2083,3.173
1162,4.0,7.0,0.0,1.2997,3.1699
1163,4.0,7.0,0.0,1.3453,3.3702
1164,4.7,9.0,0.0,1.5863,3.2123
1165,3.9,8.0,0.0,1.3191,3.1932
1166,4.7,9.0,0.0,1.6031,3.1745
1167,3.9,7.0,0.0,1.2862,3.2138
1168,4.8,9.0,0.0,1.5555,3.2082
1169,3.1,5.0,0.0,1.0641,3.1852
1170,3.5,5.0,0.0,1.1721,3.1952
1171,3.1,4.0,0.0,1.0278,3.1579
1172,2.7,4.0,0.0,0.9708,3.1624
1173,3.5,5.0,0.0,1.1169,3.1712
1174,3.8,5.0,0.0,1.2826,3.1695
1175,3.7,5.0,0.0,1.1771,3.1707
1176,3.5,7.0,0.0,1.206,3.1333
1177,4.1,7.0,0.0,1.3318,3.1284
1178,4.3,8.0,0.0,1.4098,3.1585
1179,5.5,9.0,0.0,1.7183,3.1893
1180,3.9,7.0,0.0,1.2806,3.1996
1181,4.5,9.0,0.0,1.5835,3.1728
1182,4.7,11.0,0.0,1.5969,3.1899
1183,3.5,7.0,0.0,1.2466,3.1692
1184,4.1,8.0,0.0,1.3601,3.1178
1185,3.3,5.0,0.0,1.0989,3.1914
1186,3.9,7.0,0.0,1.2606,3.1854
1187,3.9,7.0,0.0,1.309,3.1855
1188,3.4,5.0,0.0,1.2114,3.2564
1189,4.4,6.0,0.0,1.4586,3.222
1190,5.0,7.0,0.0,1.6129,3.185
1191,3.5,6.0,0.0,1.217,3.2088
1192,4.9,8.0,0.0,1.5811,3.2025
1193,3.8,8.0,0.0,1.2767,3.2251
1194,3.6,6.0,0.0,1.2124,3.1992
1195,3.7,5.0,0.0,1.1938,3.318
1196,4.0,5.0,0.0,1.2203,3.393
1197,3.8,6.0,0.0,1.2206,3.2683
1198,2.9,4.0,0.0,1.0352,3.1868
1199,4.5,13.0,0.0,1.6592,3.2413
1200,4.0,8.0,0.0,1.3492,3.2542
1201,3.2,6.0,0.0,1.1636,3.4122
1202,4.2,7.0,0.0,1.4417,3.2955
1203,4.2,7.0,0.0,1.4248,3.5339
1204,3.4,5.0,0.0,1.1301,3.4159
1205,4.2,7.0,0.0,1.4456,3.484
1206,4.6,8.0,0.0,1.51,3.2836
1207,3.6,6.0,0.0,1.1646,3.4321
1208,4.0,6.0,0.0,1.3198,3.2334
1209,3.6,5.0,0.0,1.1638,3.3493
1210,4.0,7.0,0.0,1.304,3.3026
1211,3.5,7.0,0.0,1.1837,3.3068
1212,3.4,7.0,0.0,1.1522,3.1909
1213,4.0,6.0,0.0,1.3177,3.2521
1214,5.0,11.0,0.0,1.6406,3.2361
1215,4.2,7.0,0.0,1.3892,3.2489
1216,4.1,7.0,0.0,1.3675,3.2787
1217,2.9,5.0,0.0,0.9969,3.3037
1218,2.9,5.0,0.0,1.0107,3.1919
1219,3.6,5.0,0.0,1.1515,3.2273
1220,4.2,7.0,0.0,1.3688,3.2561
1221,4.8,7.0,0.0,1.621,3.2773
1222,4.3,7.0,0.0,1.4387,3.3346
1223,4.3,9.0,0.0,1.4654,3.2928
1224,4.2,7.0,0.0,1.3632,3.2536
1225,3.0,3.0,0.0,1.01,3.3089
1226,5.8,9.0,0.0,1.8138,3.3535
1227,4.6,11.0,0.0,1.5968,3.3793
1228,3.5,6.0,0.0,1.1662,3.4154
1229,3.4,5.0,0.0,1.123,3.3519
1230,4.6,11.0,0.0,1.58,3.3218
1231,4.3,8.0,0.0,1.5101,3.269
1232,3.7,5.0,0.0,1.2114,3.2686
1233,4.6,6.0,0.0,1.4526,3.322
1234,4.4,7.0,0.0,1.4454,3.1847
1235,4.2,7.0,0.0,1.3883,3.191
1236,4.6,9.0,0.0,1.5342,3.2786
1237,5.2,8.0,0.0,1.6374,3.2074
1238,3.8,6.0,0.0,1.2514,3.2511
1239,4.2,7.0,0.0,1.3632,3.3253
1240,3.4,5.0,0.0,1.1258,3.343
1241,3.6,5.0,0.0,1.1446,3.3344
1242,4.2,9.0,0.0,1.4511,3.3615
1243,4.0,6.0,0.0,1.2981,3.3847
1244,3.5,5.0,0.0,1.2008,3.3628
1245,4.5,8.0,0.0,1.4984,3.3422
1246,4.0,7.0,0.0,1.3511,3.3033
1247,4.0,9.0,0.0,1.3295,3.2852
1248,3.3,4.0,0.0,1.0474,3.3199
1249,4.9,7.0,0.0,1.5835,3.2173
1250,4.6,7.0,0.0,1.4753,3.3963
1251,3.9,6.0,0.0,1.3336,3.3344
1252,4.0,7.0,0.0,1.2878,3.2325
1253,4.7,6.0,0.0,1.5381,3.2598
1254,4.0,7.0,0.0,1.3304,3.4002
1255,5.4,8.0,0.0,1.6988,3.4611
1256,4.1,9.0,0.0,1.4347,3.3296
1257,3.5,7.0,0.0,1.1772,3.2878
1258,3.9,6.0,0.0,1.3304,3.3261
1259,4.2,7.0,0.0,1.4379,3.4731
1260,3.0,4.0,0.0,0.9804,3.404
1261,5.6,12.0,0.0,1.8296,3.3745
1262,4.3,6.0,0.0,1.4036,3.3727
1263,4.0,6.0,0.0,1.3435,3.2104
1264,3.8,5.0,0.0,1.2164,3.2974
1265,5.1,9.0,0.0,1.6239,3.4155
1266,4.4,5.0,0.0,1.3846,3.3311
1267,2.7,4.0,0.0,0.9207,3.3729
1268,3.4,4.0,0.0,1.1134,3.5098
1269,4.2,9.0,0.0,1.4429,3.401
1270,4.1,7.0,0.0,1.351,3.4943
1271,4.0,6.0,0.0,1.3109,3.54
1272,3.9,6.0,0.0,1.2544,3.3296
1273,3.8,6.0,0.0,1.244,3.4257
1274,4.1,6.0,0.0,1.3572,3.5323
1275,4.0,6.0,0.0,1.309,3.5419
1276,3.7,5.0,0.0,1.2366,3.5473
1277,3.4,5.0,0.0,1.1319,3.4962
1278,3.9,6.0,0.0,1.252,3.4659
1279,4.5,8.0,0.0,1.4495,3.39
1280,3.5,8.0,0.0,1.2888,3.4476
1281,4.2,6.0,0.0,1.3856,3.5021
1282,4.2,8.0,0.0,1.3583,3.4891
1283,3.9,5.0,0.0,1.2005,3.3418
1284,3.9,8.0,0.0,1.324,3.3873
1285,3.2,4.0,0.0,1.1473,3.5249
1286,3.4,6.0,0.0,1.1549,3.4469
1287,3.3,5.0,0.0,1.1856,3.435
1288,3.7,6.0,0.0,1.2249,3.457
1289,3.7,6.0,0.0,1.191,3.4372
1290,4.7,9.0,0.0,1.5878,3.3057
1291,3.6,8.0,0.0,1.2057,3.3603
1292,4.4,7.0,0.0,1.4302,3.2543
1293,3.8,6.0,0.0,1.249,3.2081
1294,2.7,4.0,0.0,0.9622,3.269
1295,5.0,7.0,0.0,1.5701,3.4444
1296,4.6,9.0,0.0,1.4933,3.4484
1297,4.3,9.0,0.0,1.4858,3.3349
1298,4.0,7.0,0.0,1.3076,3.4173
1299,4.1,8.0,0.0,1.4393,3.3268
1300,3.6,5.0,0.0,1.1732,3.4182
1301,3.4,5.0,0.0,1.0909,3.2371
1302,4.6,10.0,0.0,1.5779,3.3058
1303,2.8,6.0,0.0,0.9726,3.2031
1304,4.3,11.0,0.0,1.5256,3.3272
1305,3.5,5.0,0.0,1.1497,3.328
1306,5.0,8.0,0.0,1.6202,3.3202
1307,4.3,6.0,0.0,1.3519,3.4084
1308,4.6,7.0,0.0,1.5088,3.4293
1309,3.8,6.0,0.0,1.252,3.4445
1310,4.1,7.0,0.0,1.3638,3.2572
1311,4.3,7.0,0.0,1.4403,3.2309
1312,3.9,5.0,0.0,1.2488,3.3318
1313,4.2,6.0,0.0,1.416,3.4898
1314,3.3,4.0,0.0,1.0996,3.4164
1315,3.6,5.0,0.0,1.1632,3.4551
1316,3.9,5.0,0.0,1.3014,3.3754
1317,3.5,4.0,0.0,1.1218,3.4151
1318,3.6,5.0,0.0,1.2322,3.4572
1319,3.8,9.0,0.0,1.3615,3.3333
1320,3.5,5.0,0.0,1.1407,3.4676
1321,4.1,5.0,0.0,1.296,3.447
1322,4.5,7.0,0.0,1.466,3.4793
1323,3.8,5.0,0.0,1.2376,3.436
1324,3.1,5.0,0.0,1.0703,3.3988
1325,4.2,8.0,0.0,1.427,3.4489
1326,3.8,7.0,0.0,1.3189,3.5199
1327,4.2,7.0,0.0,1.3811,3.5436
1328,4.2,6.0,0.0,1.3336,3.4779
1329,4.3,8.0,0.0,1.3892,3.4644
1330,3.9,6.0,0.0,1.2913,3.3876
1331,4.1,6.0,0.0,1.3101,3.4856
1332,3.3,6.0,0.0,1.0905,3.3777
1333,4.6,6.0,0.0,1.527,3.3249
1334,3.2,5.0,0.0,1.0557,3.3832
1335,4.7,8.0,0.0,1.5143,3.3228
1336,5.2,9.0,0.0,1.6836,3.3677
1337,3.0,4.0,0.0,1.005,3.4402
1338,3.0,5.0,0.0,1.0069,3.4852
1339,3.3,7.0,0.0,1.1583,3.388
1340,4.3,6.0,0.0,1.4398,3.3889
1341,3.7,7.0,0.0,1.254,3.4437
1342,4.4,7.0,0.0,1.4627,3.3743
1343,3.4,10.0,0.0,1.337,3.4272
1344,4.3,9.0,0.0,1.4417,3.4261
1345,4.0,7.0,0.0,1.2808,3.2616
1346,3.2,5.0,0.0,1.0651,3.2827
1347,4.7,8.0,0.0,1.49,3.3257
1348,3.4,6.0,0.0,1.1435,3.2857
1349,3.7,6.0,0.0,1.2278,3.3825
1350,3.8,8.0,0.0,1.3601,3.3312
1351,4.6,7.0,0.0,1.5361,3.3881
1352,3.6,6.0,0.0,1.184,3.3612
1353,4.3,7.0,0.0,1.4248,3.3369
1354,4.1,8.0,0.0,1.3657,3.3372
1355,3.3,6.0,0.0,1.1169,3.2845
1356,5.5,9.0,0.0,1.7395,3.3044
1357,3.7,6.0,0.0,1.2335,3.3687
1358,4.0,9.0,0.0,1.3379,3.3375
1359,3.6,5.0,0.0,1.1569,3.3276
1360,3.2,5.0,0.0,1.1136,3.2971
1361,4.7,8.0,0.0,1.54,3.3915
1362,4.3,6.0,0.0,1.4122,3.5455
1363,3.8,6.0,0.0,1.1985,3.2585
1364,4.9,8.0,0.0,1.5961,3.2238
1365,3.9,6.0,0.0,1.306,3.2148
1366,3.8,7.0,0.0,1.2859,3.199
1367,3.2,4.0,0.0,1.0573,3.2196
1368,4.0,6.0,0.0,1.2961,3.2028
1369,5.6,9.0,0.0,1.7893,3.2335
1370,4.8,9.0,0.0,1.5843,3.2329
1371,3.1,5.0,0.0,1.0831,3.2217
1372,4.1,7.0,0.0,1.3256,3.2114
1373,4.9,7.0,0.0,1.5614,3.2127
1374,5.0,7.0,0.0,1.5802,3.2195
1375,3.9,6.0,0.0,1.2919,3.2146
1376,4.6,6.0,0.0,1.4741,3.197
1377,3.8,5.0,0.0,1.2327,3.2095
1378,4.2,8.0,0.0,1.4066,3.2488
1379,3.2,4.0,0.0,1.0679,3.2186
1380,4.2,9.0,0.0,1.4247,3.2179
1381,4.3,7.0,0.0,1.3638,3.2061
1382,3.5,7.0,0.0,1.1576,3.2025
1383,3.7,5.0,0.0,1.3276,3.2156
1384,3.7,6.0,0.0,1.2076,3.3435
1385,3.9,5.0,0.0,1.2948,3.3665
1386,3.5,6.0,0.0,1.172,3.2428
1387,4.6,7.0,0.0,1.4784,3.1654
1388,4.1,6.0,0.0,1.2878,3.1778
1389,3.6,5.0,0.0,1.2164,3.2394
1390,5.7,10.0,0.0,1.9059,3.2469
1391,4.5,6.0,0.0,1.4415,3.1828
1392,3.9,6.0,0.0,1.253,3.1957
1393,2.8,5.0,0.0,0.9552,3.2262
1394,4.2,7.0,0.0,1.3771,3.2197
1395,3.8,6.0,0.0,1.2322,3.2655
1396,4.8,10.0,0.0,1.6051,3.2694
1397,4.3,8.0,0.0,1.4387,3.4755
1398,4.0,8.0,0.0,1.382,3.1837
1399,3.4,6.0,0.0,1.1511,3.2263
1400,5.0,8.0,0.0,1.5848,3.2389
1401,3.9,7.0,0.0,1.3361,3.2338
1402,3.5,5.0,0.0,1.1223,3.2438
1403,3.7,5.0,0.0,1.2032,3.2257
1404,2.7,4.0,0.0,0.956,3.2456
1405,4.0,6.0,0.0,1.2814,3.2705
1406,3.7,5.0,0.0,1.2083,3.1834
1407,3.9,5.0,0.0,1.2726,3.1747
1408,5.5,9.0,0.0,1.7532,3.2317
1409,3.5,5.0,0.0,1.141,3.3948
1410,3.3,5.0,0.0,1.1137,3.3111
1411,3.9,5.0,0.0,1.2484,3.2594
1412,3.9,4.0,0.0,1.3037,3.3863
1413,3.5,4.0,0.0,1.1393,3.262
1414,4.4,6.0,0.0,1.4118,3.265
1415,3.5,5.0,0.0,1.172,3.1709
1416,2.9,5.0,0.0,0.9985,3.26
1417,3.5,5.0,0.0,1.1395,3.3746
1418,4.4,9.0,0.0,1.4283,3.3515
1419,3.7,5.0,0.0,1.2106,3.4673
1420,3.5,9.0,0.0,1.2627,3.3223
1421,4.1,6.0,0.0,1.3778,3.4038
1422,4.0,7.0,0.0,1.3444,3.509
1423,4.2,6.0,0.0,1.4018,3.601
1424,2.9,4.0,0.0,0.9881,3.5962
1425,3.6,5.0,0.0,1.1395,3.5471
1426,3.5,5.0,0.0,1.1723,3.3965
1427,3.9,7.0,0.0,1.2948,3.3411
1428,3.1,4.0,0.0,1.0332,3.4336
1429,4.7,6.0,0.0,1.5485,3.5775
1430,3.6,6.0,0.0,1.2173,3.428
1431,4.6,9.0,0.0,1.5445,3.5275
1432,4.3,7.0,0.0,1.3889,3.5034
1433,4.2,9.0,0.0,1.4027,3.2827
1434,3.6,6.0,0.0,1.1732,3.3335
1435,4.5,6.0,0.0,1.4301,3.4306
1436,3.7,6.0,0.0,1.2395,3.5356
1437,3.5,5.0,0.0,1.1529,3.5217
1438,2.7,4.0,0.0,0.9412,3.544
1439,4.3,6.0,0.0,1.3674,3.5359
1440,3.9,7.0,0.0,1.3342,3.4786
1441,3.3,4.0,0.0,1.0805,3.5298
1442,3.7,6.0,0.0,1.2382,3.4209
1443,3.7,6.0,0.0,1.1581,3.2833
1444,4.5,8.0,0.0,1.4654,3.2807
1445,4.0,7.0,0.0,1.3134,3.3033
1446,4.0,6.0,0.0,1.2757,3.2488
1447,5.2,7.0,0.0,1.6696,3.2534
1448,3.9,8.0,0.0,1.3328,3.2614
1449,4.1,5.0,0.0,1.28,3.2437
1450,3.0,4.0,0.0,1.0359,3.2964
1451,4.2,7.0,0.0,1.3855,3.2589
1452,4.3,5.0,0.0,1.3666,3.2645
1453,4.1,6.0,0.0,1.3485,3.2674
1454,4.9,13.0,0.0,1.7226,3.2773
1455,3.9,5.0,0.0,1.241,3.2773
1456,4.3,6.0,0.0,1.382,3.2823
1457,4.1,8.0,0.0,1.3889,3.2902
1458,3.4,4.0,0.0,1.1161,3.2587
1459,4.7,7.0,0.0,1.4578,3.2349
1460,4.4,6.0,0.0,1.4169,3.2645
1461,3.7,5.0,0.0,1.2076,3.2657
1462,3.4,5.0,0.0,1.1515,3.2833
1463,4.1,11.0,0.0,1.4906,3.252
1464,4.9,6.0,0.0,1.5296,3.246
1465,4.4,6.0,0.0,1.3791,3.2948
1466,4.1,6.0,0.0,1.3563,3.2226
1467,3.0,4.0,0.0,1.0005,3.2716
1468,3.7,5.0,0.0,1.2203,3.3131
1469,3.6,5.0,0.0,1.1817,3.2482
1470,3.4,4.0,0.0,1.1393,3.2625
1471,2.9,4.0,0.0,0.9905,3.351
1472,2.8,3.0,0.0,0.9284,3.2706
1473,3.8,5.0,0.0,1.2484,3.2896
1474,3.6,5.0,0.0,1.2002,3.3168
1475,3.6,4.0,0.0,1.2449,3.2863
1476,5.7,8.0,0.0,1.827,3.2877
1477,3.1,7.0,0.0,1.1412,3.2585
1478,4.3,9.0,0.0,1.4685,3.2335
1479,4.2,7.0,0.0,1.3638,3.233
1480,3.6,6.0,0.0,1.1948,3.2658
1481,3.4,5.0,0.0,1.1209,3.2864
1482,3.9,6.0,0.0,1.2225,3.2281
1483,3.6,4.0,0.0,1.2349,3.2714
1484,4.3,6.0,0.0,1.4422,3.256
1485,4.8,9.0,0.0,1.5545,3.2915
1486,3.1,5.0,0.0,1.0225,3.2951
1487,3.3,5.0,0.0,1.0679,3.2955
1488,4.3,7.0,0.0,1.4317,3.3218
1489,3.7,6.0,0.0,1.2382,3.3104
1490,3.5,5.0,0.0,1.1823,3.2911
1491,3.6,6.0,0.0,1.1825,3.3661
1492,6.4,15.0,0.0,2.1637,3.3588
1493,4.9,8.0,0.0,1.6165,3.2476
1494,3.7,6.0,0.0,1.1985,3.2426
1495,4.0,8.0,0.0,1.3379,3.2709
1496,4.1,8.0,0.0,1.363,3.3287
1497,4.5,6.0,0.0,1.4984,3.3578
1498,3.6,6.0,0.0,1.1985,3.3703
1499,4.0,5.0,0.0,1.287,3.3652
1500,4.9,6.0,0.0,1.5409,3.3485
1501,3.3,4.0,0.0,1.1194,3.3327
1502,4.2,7.0,0.0,1.3688,3.3098
1503,3.3,4.0,0.0,1.0741,3.2084
1504,4.4,6.0,0.0,1.4663,3.2395
1505,4.3,9.0,0.0,1.4696,3.2861
1506,3.1,5.0,0.0,1.0524,3.2537
1507,3.5,5.0,0.0,1.1874,3.3064
1508,4.2,6.0,0.0,1.3304,3.2764
1509,3.5,5.0,0.0,1.1954,3.1639
1510,4.1,5.0,0.0,1.2729,3.1536
1511,3.2,4.0,0.0,1.0744,3.1646
1512,4.4,11.0,0.0,1.5427,3.2461
1513,4.5,6.0,0.0,1.3858,3.2567
1514,3.1,4.0,0.0,1.0471,3.2133
1515,3.8,7.0,0.0,1.3101,3.2041
1516,3.8,6.0,0.0,1.2189,3.0583
1517,3.7,8.0,0.0,1.3167,3.0438
1518,3.0,4.0,0.0,1.0127,3.1038
1519,3.1,5.0,0.0,1.0594,3.1425
1520,3.3,4.0,0.0,1.0938,3.1428
1521,3.7,6.0,0.0,1.2317,3.0842
1522,3.9,7.0,0.0,1.2635,3.1248
1523,3.9,6.0,0.0,1.275,3.153
1524,4.1,6.0,0.0,1.304,3.1466
1525,5.1,8.0,0.0,1.6515,3.1771
1526,4.5,7.0,0.0,1.4239,3.3396
1527,3.3,5.0,0.0,1.1315,3.3225
1528,4.4,9.0,0.0,1.4967,3.3504
1529,3.9,6.0,0.0,1.3143,3.3071
1530,5.4,8.0,0.0,1.6859,3.2724
1531,3.2,6.0,0.0,1.1047,3.2568
1532,3.7,6.0,0.0,1.2255,3.28
1533,4.6,7.0,0.0,1.4881,3.2063
1534,4.6,6.0,0.0,1.4517,3.2624
1535,4.0,5.0,0.0,1.2671,3.2825
1536,3.1,7.0,0.0,1.0897,3.2821
1537,5.0,11.0,0.0,1.7122,3.3214
1538,2.6,5.0,0.0,0.9039,3.3206
1539,3.9,8.0,0.0,1.3483,3.3766
1540,4.3,7.0,0.0,1.407,3.3898
1541,3.6,6.0,0.0,1.1223,3.5262
1542,3.7,5.0,0.0,1.2137,3.3138
1543,4.3,10.0,0.0,1.4675,3.3352
1544,3.9,5.0,0.0,1.233,3.3907
1545,4.2,7.0,0.0,1.4387,3.3238
1546,4.1,6.0,0.0,1.3625,3.3509
1547,4.4,9.0,0.0,1.4866,3.425
1548,3.1,4.0,0.0,1.0203,3.3741
1549,4.5,9.0,0.0,1.4858,3.3334
1550,3.3,5.0,0.0,1.14,3.3699
1551,4.1,8.0,0.0,1.3393,3.3315
1552,3.7,9.0,0.0,1.3229,3.3405
1553,3.5,8.0,0.0,1.2249,3.3492
1554,3.6,5.0,0.0,1.1497,3.3467
1555,4.2,7.0,0.0,1.4027,3.3946
1556,3.4,8.0,0.0,1.1823,3.3758
1557,3.7,5.0,0.0,1.1705,3.2666
1558,3.7,4.0,0.0,1.244,3.2628
1559,4.0,8.0,0.0,1.3416,3.1906
1560,4.6,6.0,0.0,1.5508,3.1907
1561,4.5,7.0,0.0,1.4331,3.2064
1562,4.2,7.0,0.0,1.3485,3.2249
1563,3.7,6.0,0.0,1.2295,3.2121
1564,4.3,9.0,0.0,1.4771,3.2669
1565,3.8,6.0,0.0,1.2805,3.3179
1566,3.8,7.0,0.0,1.2653,3.3585
1567,4.4,7.0,0.0,1.4555,3.3486
1568,3.7,6.0,0.0,1.2249,3.19
1569,3.9,6.0,0.0,1.2651,3.2172
1570,3.8,7.0,0.0,1.2638,3.2331
1571,4.7,10.0,0.0,1.6043,3.2502
1572,3.4,5.0,0.0,1.0831,3.1559
1573,4.4,8.0,0.0,1.4351,3.1769
1574,3.6,6.0,0.0,1.1638,3.2684
1575,3.3,4.0,0.0,1.0909,3.3048
1576,2.9,5.0,0.0,0.9952,3.1661
1577,4.3,7.0,0.0,1.3994,3.1502
1578,4.0,6.0,0.0,1.3843,3.198
1579,4.0,6.0,0.0,1.3519,3.258
1580,3.8,5.0,0.0,1.2301,3.1913
1581,4.7,6.0,0.0,1.5094,3.1973
1582,2.8,5.0,0.0,0.9755,3.1744
1583,3.6,6.0,0.0,1.1797,3.189
1584,4.4,7.0,0.0,1.49,3.1783
1585,3.5,5.0,0.0,1.1489,3.1773
1586,3.2,4.0,0.0,1.141,3.2659
1587,4.7,7.0,0.0,1.5516,3.4496
1588,3.6,6.0,0.0,1.1749,3.3787
1589,4.1,7.0,0.0,1.2955,3.2
1590,3.3,5.0,0.0,1.1071,3.2382
1591,3.5,5.0,0.0,1.1162,3.1866
1592,3.3,4.0,0.0,1.0929,3.2008
1593,4.6,8.0,0.0,1.5737,3.1955
1594,4.1,6.0,0.0,1.3349,3.1947
1595,4.0,7.0,0.0,1.3541,3.2162
1596,3.7,5.0,0.0,1.2124,3.2041
1597,4.2,7.0,0.0,1.3379,3.2283
1598,3.0,4.0,0.0,1.0028,3.2123
1599,3.2,5.0,0.0,1.0428,3.3702
1600,5.0,10.0,0.0,1.6362,3.2078
1601,4.3,7.0,0.0,1.3467,3.1452
1602,3.7,6.0,0.0,1.1918,3.1934
1603,4.0,6.0,0.0,1.3191,3.201
1604,3.8,5.0,0.0,1.2884,3.3562
1605,3.2,5.0,0.0,1.0805,3.2796
1606,4.3,6.0,0.0,1.4169,3.4245
1607,4.1,8.0,0.0,1.3524,3.3604
1608,2.9,4.0,0.0,0.9597,3.1626
1609,4.5,9.0,0.0,1.4831,3.143
1610,4.4,8.0,0.0,1.4555,3.293
1611,3.5,5.0,0.0,1.2021,3.3236
1612,4.7,9.0,0.0,1.5892,3.3137
1613,3.9,7.0,0.0,1.2651,3.2849
1614,3.3,5.0,0.0,1.1105,3.246
1615,4.0,6.0,0.0,1.3601,3.3242
1616,3.6,5.0,0.0,1.2151,3.273
1617,2.7,4.0,0.0,0.9493,3.2499
1618,4.7,7.0,0.0,1.5555,3.3121
1619,3.0,5.0,0.0,1.0301,3.291
1620,5.4,10.0,0.0,1.8348,3.2945
1621,4.4,7.0,0.0,1.434,3.188
1622,4.1,6.0,0.0,1.3038,3.1962
1623,4.0,6.0,0.0,1.3415,3.3326
1624,4.2,6.0,0.0,1.3266,3.2845
1625,4.2,7.0,0.0,1.3856,3.2644
1626,3.8,6.0,0.0,1.2223,3.205
1627,4.0,8.0,0.0,1.3739,3.2235
1628,4.0,6.0,0.0,1.3219,3.1027
1629,4.2,6.0,0.0,1.416,3.1919
1630,4.4,7.0,0.0,1.4027,3.3046
1631,4.0,5.0,0.0,1.2403,3.3861
1632,3.9,5.0,0.0,1.3219,3.2616
1633,4.6,8.0,0.0,1.5005,3.2636
1634,3.9,8.0,0.0,1.3136,3.2876
1635,3.0,4.0,0.0,1.0198,3.2159
1636,4.3,7.0,0.0,1.4468,3.1944
1637,4.7,7.0,0.0,1.5026,3.2841
1638,4.0,7.0,0.0,1.3379,3.2507
1639,3.2,4.0,0.0,1.1216,3.2816
1640,4.2,7.0,0.0,1.4058,3.289
1641,4.5,9.0,0.0,1.5588,3.3004
1642,3.4,6.0,0.0,1.1684,3.2908
1643,3.7,7.0,0.0,1.2961,3.3049
1644,4.0,7.0,0.0,1.3361,3.3098
1645,3.9,7.0,0.0,1.3032,3.3484
1646,3.5,5.0,0.0,1.1269,3.2672
1647,3.3,6.0,0.0,1.1137,3.3594
1648,3.7,6.0,0.0,1.2157,3.3027
1649,5.2,10.0,0.0,1.7,3.2812
1650,3.7,5.0,0.0,1.2058,3.3043
1651,3.9,6.0,0.0,1.244,3.3041
1652,3.2,4.0,0.0,1.1105,3.2791
1653,5.0,9.0,0.0,1.652,3.2559
1654,4.0,6.0,0.0,1.3785,3.2959
1655,3.6,5.0,0.0,1.1701,3.3343
1656,3.7,5.0,0.0,1.2314,3.3047
1657,4.3,7.0,0.0,1.4351,3.2964
1658,4.4,7.0,0.0,1.3999,3.2925
1659,3.8,7.0,0.0,1.2577,3.2725
1660,4.7,8.0,0.0,1.4945,3.3473
1661,4.5,8.0,0.0,1.5,3.3349
1662,3.3,4.0,0.0,1.1158,3.2503
1663,4.7,6.0,0.0,1.4448,3.3236
1664,4.3,6.0,0.0,1.45,3.3043
1665,3.7,5.0,0.0,1.1948,3.2615
1666,3.1,4.0,0.0,1.0428,3.2689
1667,3.5,5.0,0.0,1.1459,3.3036
1668,3.6,5.0,0.0,1.1667,3.2087
1669,4.1,5.0,0.0,1.3037,3.3006
1670,3.3,6.0,0.0,1.0837,3.2966
1671,3.9,7.0,0.0,1.3177,3.2501
1672,2.9,5.0,0.0,0.9929,3.2387
1673,4.7,8.0,0.0,1.5547,3.2661
1674,4.4,7.0,0.0,1.4174,3.2625
1675,4.5,8.0,0.0,1.485,3.2892
1676,3.8,6.0,0.0,1.26,3.2571
1677,2.9,5.0,0.0,1.0168,3.2313
1678,4.2,7.0,0.0,1.3964,3.2496
1679,4.3,6.0,0.0,1.3803,3.2552
1680,3.3,7.0,0.0,1.1694,3.2613
1681,4.3,12.0,0.0,1.5588,3.2515
1682,4.4,8.0,0.0,1.4213,3.2551
1683,3.2,5.0,0.0,1.1072,3.2471
1684,3.5,4.0,0.0,1.1786,3.2947
1685,4.2,5.0,0.0,1.3268,3.2527
1686,2.6,4.0,0.0,0.9165,3.2271
1687,3.3,5.0,0.0,1.0849,3.2533
1688,3.8,9.0,0.0,1.2981,3.2674
1689,3.8,6.0,0.0,1.2722,3.2671
1690,3.8,7.0,0.0,1.3301,3.2179
1691,3.4,5.0,0.0,1.1146,3.218
1692,3.2,5.0,0.0,1.1515,3.351
1693,3.9,5.0,0.0,1.2401,3.3947
1694,4.8,8.0,0.0,1.5622,3.215
1695,4.3,6.0,0.0,1.4032,3.2235
1696,3.2,4.0,0.0,1.0831,3.2305
1697,4.0,7.0,0.0,1.3637,3.2102
1698,3.9,9.0,0.0,1.3659,3.2089
1699,4.2,6.0,0.0,1.3415,3.219
1700,3.9,8.0,0.0,1.2904,3.2235
1701,3.7,6.0,0.0,1.2488,3.2345
1702,2.9,4.0,0.0,0.9982,3.2215
1703,4.8,7.0,0.0,1.5611,3.2144
1704,3.4,5.0,0.0,1.2203,3.2219
1705,3.8,6.0,0.0,1.2333,3.2597
1706,4.2,6.0,0.0,1.371,3.2302
1707,4.0,7.0,0.0,1.3393,3.2616
1708,4.4,6.0,0.0,1.3892,3.2844
1709,4.2,7.0,0.0,1.4663,3.2725
1710,4.3,7.0,0.0,1.4318,3.2371
1711,5.4,10.0,0.0,1.7714,3.3108
1712,4.7,7.0,0.0,1.5119,3.2533
1713,5.7,16.0,0.0,2.1042,3.3009
1714,4.2,6.0,0.0,1.3242,3.2576
1715,5.0,11.0,0.0,1.6993,3.3928
1716,5.7,11.0,0.0,1.8159,3.3737
1717,4.3,8.0,0.0,1.3892,3.233
1718,4.8,13.0,0.0,1.7534,3.2496
1719,5.2,10.0,0.0,1.6971,3.3069
1720,3.7,5.0,0.0,1.2446,3.2546
1721,5.2,8.0,0.0,1.6288,3.2857
1722,4.1,6.0,0.0,1.3167,3.3335
1723,4.5,9.0,0.0,1.5362,3.2962
1724,3.5,8.0,0.0,1.2052,3.3091
1725,4.0,7.0,0.0,1.2997,3.2297
1726,3.9,5.0,0.0,1.2606,3.2868
1727,3.8,7.0,0.0,1.2767,3.2662
1728,3.6,8.0,0.0,1.2446,3.2572
1729,3.7,5.0,0.0,1.184,3.3231
1730,3.1,6.0,0.0,1.0282,3.2521
1731,3.6,5.0,0.0,1.2542,3.2539
1732,4.2,7.0,0.0,1.3935,3.252
1733,4.8,12.0,0.0,1.711,3.2916
1734,4.8,7.0,0.0,1.5146,3.2315
1735,5.1,9.0,0.0,1.6631,3.2333
1736,3.0,5.0,0.0,1.0588,3.2337
1737,2.7,4.0,0.0,0.9314,3.2377
1738,4.4,6.0,0.0,1.4347,3.2223
1739,4.3,7.0,0.0,1.4107,3.2418
1740,4.4,7.0,0.0,1.4525,3.2401
1741,4.1,11.0,0.0,1.4878,3.2983
1742,5.2,11.0,0.0,1.7507,3.2551
1743,4.5,7.0,0.0,1.4696,3.3255
1744,4.0,6.0,0.0,1.2997,3.2963
1745,4.3,7.0,0.0,1.3875,3.276
1746,3.1,4.0,0.0,1.0109,3.2828
1747,3.8,5.0,0.0,1.2408,3.2571
1748,3.8,6.0,0.0,1.2757,3.4224
1749,4.3,6.0,0.0,1.4217,3.339
1750,3.9,7.0,0.0,1.2883,3.4648
1751,4.5,8.0,0.0,1.485,3.4806
1752,3.3,7.0,0.0,1.1738,3.4339
1753,3.5,4.0,0.0,1.2239,3.3026
1754,4.8,7.0,0.0,1.5394,3.2667
1755,3.9,6.0,0.0,1.3527,3.3212
1756,4.5,7.0,0.0,1.4345,3.4642
1757,5.9,11.0,0.0,1.9415,3.3805
1758,5.3,8.0,0.0,1.6784,3.2752
1759,4.3,6.0,0.0,1.4091,3.3189
1760,4.9,9.0,0.0,1.6062,3.2907
1761,4.1,9.0,0.0,1.4232,3.2558
1762,4.5,9.0,0.0,1.5132,3.3946
1763,3.9,8.0,0.0,1.337,3.3781
1764,5.1,7.0,0.0,1.6023,3.3501
1765,4.3,6.0,0.0,1.4722,3.2778
1766,4.7,9.0,0.0,1.58,3.3641
1767,4.4,9.0,0.0,1.4396,3.2693
1768,4.6,8.0,0.0,1.5264,3.3439
1769,4.9,8.0,0.0,1.5452,3.2863
1770,3.1,6.0,0.0,1.0849,3.2869
1771,4.6,12.0,0.0,1.6763,3.2633
1772,4.1,7.0,0.0,1.3666,3.2535
1773,4.0,5.0,0.0,1.3304,3.2662
1774,3.8,5.0,0.0,1.2359,3.2921
1775,3.7,5.0,0.0,1.1823,3.2834
1776,3.2,5.0,0.0,1.0865,3.2182
1777,3.2,6.0,0.0,1.0916,3.264
1778,2.9,6.0,0.0,1.0137,3.2968
1779,4.9,10.0,0.0,1.6515,3.2971
1780,4.5,6.0,0.0,1.5387,3.3915
1781,5.3,10.0,0.0,1.714,3.3736
1782,4.7,8.0,0.0,1.5366,3.3303
1783,5.1,8.0,0.0,1.7268,3.3354
1784,4.0,5.0,0.0,1.3198,3.3201
1785,4.8,8.0,0.0,1.5772,3.2762
1786,4.4,7.0,0.0,1.4562,3.294
1787,4.1,8.0,0.0,1.3666,3.2473
1788,3.5,6.0,0.0,1.1459,3.2429
1789,2.7,4.0,0.0,0.9061,3.3006
1790,3.9,6.0,0.0,1.3122,3.2612
1791,4.2,6.0,0.0,1.4071,3.3044
1792,3.8,6.0,0.0,1.2385,3.2591
1793,4.2,8.0,0.0,1.4967,3.3165
1794,3.7,6.0,0.0,1.2159,3.3516
1795,4.9,7.0,0.0,1.5622,3.3702
1796,3.6,8.0,0.0,1.2384,3.3467
1797,5.2,8.0,0.0,1.6535,3.3444
1798,5.2,7.0,0.0,1.6347,3.3802
1799,5.1,8.0,0.0,1.6142,3.357
1800,4.4,7.0,0.0,1.4523,3.3081
1801,4.3,5.0,0.0,1.4177,3.3498
1802,5.4,7.0,0.0,1.6857,3.4593
1803,3.8,5.0,0.0,1.2369,3.3437
1804,4.8,9.0,0.0,1.5603,3.4022
1805,5.2,7.0,0.0,1.629,3.3761
1806,3.5,4.0,0.0,1.1924,3.3334
1807,4.5,10.0,0.0,1.5772,3.3042
1808,3.8,5.0,0.0,1.2359,3.3343
1809,4.2,7.0,0.0,1.3718,3.3247
1810,4.7,6.0,0.0,1.5511,3.5722
1811,4.6,9.0,0.0,1.5094,3.4928
1812,5.8,8.0,0.0,1.8708,3.3813
1813,4.8,7.0,0.0,1.5232,3.3407
1814,6.1,9.0,0.0,1.9303,3.3906
1815,5.3,12.0,0.0,1.8397,3.3551
1816,4.7,6.0,0.0,1.614,3.5152
1817,5.2,6.0,0.0,1.5949,3.3887
1818,4.7,7.0,0.0,1.4866,3.5174
1819,6.2,9.0,0.0,1.8977,3.407
1820,5.4,10.0,0.0,1.8007,3.3873
1821,4.6,9.0,0.0,1.5516,3.3452
1822,4.4,7.0,0.0,1.3935,3.307
1823,5.2,6.0,0.0,1.6691,3.542
1824,4.9,15.0,0.0,1.8198,3.4327
1825,3.9,6.0,0.0,1.337,3.355
1826,4.8,8.0,0.0,1.5802,3.439
1827,4.6,7.0,0.0,1.5196,3.4779
1828,4.2,8.0,0.0,1.3637,3.3748
1829,5.6,11.0,0.0,1.8692,3.3936
1830,3.6,5.0,0.0,1.2398,3.3905
1831,3.2,4.0,0.0,1.0989,3.2734
1832,5.6,7.0,0.0,1.7457,3.3251
1833,3.3,4.0,0.0,1.1218,3.3653
1834,4.7,7.0,0.0,1.5156,3.314
1835,4.0,6.0,0.0,1.3162,3.3464
1836,4.1,8.0,0.0,1.3396,3.2984
1837,3.9,8.0,0.0,1.3489,3.4095
1838,4.0,7.0,0.0,1.3219,3.4134
1839,4.0,7.0,0.0,1.3551,3.3086
1840,3.6,5.0,0.0,1.2303,3.3327
1841,3.8,5.0,0.0,1.2221,3.3315
1842,4.3,7.0,0.0,1.4129,3.3612
1843,4.2,6.0,0.0,1.3454,3.42
1844,4.6,7.0,0.0,1.4387,3.2979
1845,4.2,7.0,0.0,1.3956,3.3175
1846,4.1,6.0,0.0,1.3863,3.3474
1847,4.7,7.0,0.0,1.5542,3.3052
1848,3.7,7.0,0.0,1.2735,3.3339
1849,4.5,8.0,0.0,1.4785,3.3059
1850,4.3,7.0,0.0,1.3762,3.2967
1851,4.8,7.0,0.0,1.5689,3.3268
1852,5.0,7.0,0.0,1.578,3.3298
1853,3.6,5.0,0.0,1.2071,3.3167
1854,4.6,7.0,0.0,1.4732,3.2952
1855,4.3,6.0,0.0,1.3927,3.335
1856,3.7,6.0,0.0,1.3116,3.2451
1857,4.2,7.0,0.0,1.3928,3.2865
1858,3.7,7.0,0.0,1.2301,3.3026
1859,3.4,5.0,0.0,1.1732,3.3053
1860,3.9,6.0,0.0,1.324,3.3006
1861,3.9,9.0,0.0,1.3601,3.2952
1862,4.1,9.0,0.0,1.434,3.2746
1863,4.3,8.0,0.0,1.4442,3.2678
1864,4.5,6.0,0.0,1.4317,3.3045
1865,3.9,6.0,0.0,1.2883,3.2774
1866,3.8,6.0,0.0,1.2304,3.238
1867,4.1,6.0,0.0,1.3189,3.2845
1868,5.0,11.0,0.0,1.6913,3.2661
1869,4.2,7.0,0.0,1.4066,3.2696
1870,3.6,7.0,0.0,1.1834,3.2772
1871,3.7,5.0,0.0,1.2157,3.2228
1872,4.0,5.0,0.0,1.3183,3.235
1873,3.9,5.0,0.0,1.2571,3.246
1874,3.5,5.0,0.0,1.1136,3.2514
1875,2.6,4.0,0.0,0.911,3.2571
1876,4.3,9.0,0.0,1.416,3.2951
1877,3.8,5.0,0.0,1.2021,3.3195
1878,4.7,12.0,0.0,1.6317,3.3178
1879,3.4,5.0,0.0,1.1377,3.2314
1880,5.0,9.0,0.0,1.6093,3.304
1881,4.7,7.0,0.0,1.5081,3.2765
1882,3.6,7.0,0.0,1.2476,3.2349
1883,4.1,10.0,0.0,1.4442,3.2488
1884,4.1,7.0,0.0,1.3592,3.2344
1885,4.5,6.0,0.0,1.4811,3.2339
1886,2.9,5.0,0.0,1.0111,3.2431
1887,3.6,6.0,0.0,1.227,3.2314
1888,4.3,7.0,0.0,1.4089,3.2829
1889,3.3,5.0,0.0,1.1522,3.2936
1890,3.4,5.0,0.0,1.0956,3.317
1891,3.8,5.0,0.0,1.1916,3.3942
1892,3.3,4.0,0.0,1.0474,3.2886
1893,3.5,5.0,0.0,1.1918,3.1707
1894,2.8,5.0,0.0,0.995,3.0925
1895,3.4,5.0,0.0,1.1424,3.1152
1896,3.6,8.0,0.0,1.244,3.092
1897,3.4,4.0,0.0,1.0978,3.1479
1898,3.5,6.0,0.0,1.1636,3.1749
1899,3.7,4.0,0.0,1.1993,3.1697
1900,3.5,4.0,0.0,1.1985,3.1754
1901,4.8,7.0,0.0,1.5366,3.1709
1902,3.2,5.0,0.0,1.0677,3.1595
1903,3.8,7.0,0.0,1.2622,3.1315
1904,3.2,4.0,0.0,1.0618,3.1736
1905,3.9,7.0,0.0,1.3113,3.1633
1906,4.2,6.0,0.0,1.309,3.1809
1907,3.6,5.0,0.0,1.194,3.1643
1908,4.1,5.0,0.0,1.3739,3.1895
1909,2.9,4.0,0.0,0.9978,3.1401
1910,4.8,8.0,0.0,1.6143,3.1806
1911,3.6,7.0,0.0,1.2359,3.1963
1912,4.3,6.0,0.0,1.3923,3.2029
1913,4.8,10.0,0.0,1.6217,3.1509
1914,3.7,8.0,0.0,1.3014,3.1707
1915,4.9,7.0,0.0,1.6378,3.1603
1916,3.1,6.0,0.0,1.0775,3.1535
1917,3.4,5.0,0.0,1.0989,3.1481
1918,4.0,6.0,0.0,1.3883,3.1498
1919,4.5,8.0,0.0,1.4591,3.1994
1920,5.0,7.0,0.0,1.5211,3.1445
1921,3.9,5.0,0.0,1.2482,3.1576
1922,5.3,10.0,0.0,1.7587,3.1804
1923,3.8,6.0,0.0,1.2278,3.1766
1924,3.4,5.0,0.0,1.1357,3.2161
1925,3.5,6.0,0.0,1.1653,3.1594
1926,3.6,6.0,0.0,1.1749,3.1263
1927,4.9,8.0,0.0,1.6459,3.1992
1928,3.6,5.0,0.0,1.1842,3.1737
1929,3.2,5.0,0.0,1.0945,3.131
1930,4.6,7.0,0.0,1.5118,3.151
1931,4.8,8.0,0.0,1.5342,3.2135
1932,4.4,8.0,0.0,1.4263,3.2768
1933,4.0,6.0,0.0,1.2937,3.1959
1934,4.2,7.0,0.0,1.4169,3.3011
1935,3.7,6.0,0.0,1.2246,3.4154
1936,3.9,5.0,0.0,1.3295,3.3006
1937,3.1,5.0,0.0,1.0611,3.3365
1938,4.2,6.0,0.0,1.3467,3.4772
1939,4.5,7.0,0.0,1.4357,3.5256
1940,4.4,7.0,0.0,1.4135,3.5308
1941,3.7,7.0,0.0,1.2462,3.4079
1942,3.7,5.0,0.0,1.1918,3.3658
1943,3.6,5.0,0.0,1.1938,3.2428
1944,4.7,7.0,0.0,1.5169,3.3743
1945,3.9,9.0,0.0,1.3198,3.3047
1946,3.6,8.0,0.0,1.257,3.4417
1947,4.0,6.0,0.0,1.3067,3.282
1948,3.3,5.0,0.0,1.0886,3.2993
1949,3.8,6.0,0.0,1.2641,3.4303
1950,3.8,6.0,0.0,1.2207,3.4323
1951,3.6,5.0,0.0,1.2038,3.5431
1952,5.5,9.0,0.0,1.7811,3.5205
1953,4.1,7.0,0.0,1.3892,3.5525
1954,3.8,6.0,0.0,1.2624,3.5746
1955,4.0,6.0,0.0,1.306,3.4818
1956,3.1,6.0,0.0,1.0488,3.5133
1957,3.7,6.0,0.0,1.2542,3.3782
1958,3.0,4.0,0.0,0.9849,3.503
1959,4.5,8.0,0.0,1.4771,3.5353
1960,3.4,7.0,0.0,1.2,3.3953
1961,3.4,5.0,0.0,1.1245,3.4268
1962,4.1,6.0,0.0,1.3336,3.5048
1963,4.3,6.0,0.0,1.4763,3.3638
1964,3.2,4.0,0.0,1.0392,3.2648
1965,3.9,7.0,0.0,1.2779,3.3775
1966,4.0,8.0,0.0,1.3632,3.2641
1967,4.1,6.0,0.0,1.3739,3.4027
1968,3.9,6.0,0.0,1.3101,3.3151
1969,4.3,6.0,0.0,1.4047,3.3353
1970,2.7,4.0,0.0,0.9412,3.4361
1971,3.8,5.0,0.0,1.3219,3.3386
1972,4.0,9.0,0.0,1.3774,3.4768
1973,4.6,9.0,0.0,1.558,3.3815
1974,3.0,4.0,0.0,1.0206,3.426
1975,3.3,7.0,0.0,1.1584,3.1934
1976,3.8,6.0,0.0,1.2714,3.1941
1977,4.0,8.0,0.0,1.3379,3.216
1978,3.6,5.0,0.0,1.2382,3.2742
1979,3.2,5.0,0.0,1.1038,3.2583
1980,5.0,7.0,0.0,1.6266,3.3293
1981,3.9,6.0,0.0,1.3058,3.2673
1982,4.2,9.0,0.0,1.4421,3.2314
1983,3.6,6.0,0.0,1.2107,3.2265
1984,4.0,5.0,0.0,1.3109,3.2291
1985,4.2,5.0,0.0,1.3666,3.2956
1986,3.9,5.0,0.0,1.2883,3.3279
1987,3.1,5.0,0.0,1.0137,3.3408
1988,4.7,7.0,0.0,1.4903,3.3713
1989,4.0,7.0,0.0,1.3242,3.3719
1990,5.0,7.0,0.0,1.5538,3.3017
1991,6.9,8.0,0.0,2.0987,3.3875
1992,6.4,13.0,0.0,2.1312,3.5681
1993,4.7,7.0,0.0,1.493,3.4668
1994,4.7,7.0,0.0,1.5058,3.4062
1995,4.0,6.0,0.0,1.3046,3.4283
1996,3.2,6.0,0.0,1.0618,3.3242
1997,3.0,5.0,0.0,1.0129,3.3092
1998,3.6,5.0,0.0,1.1653,3.3199
1999,3.3,5.0,0.0,1.118,3.3461
2000,4.3,7.0,0.0,1.397,3.3243
2001,3.9,8.0,0.0,1.2891,3.3969
2002,4.1,7.0,0.0,1.3266,3.4131
2003,5.4,8.0,0.0,1.7296,3.4234
2004,4.8,9.0,0.0,1.5772,3.4517
2005,4.1,6.0,0.0,1.3321,3.5475
2006,5.8,8.0,0.0,1.8784,3.5757
2007,5.0,8.0,0.0,1.634,3.4651
2008,7.3,12.0,0.0,2.3676,3.7672
2009,9.8,25.0,0.0,3.422,3.7552
2010,5.9,9.0,0.0,1.8296,3.5321
2011,4.5,6.0,0.0,1.4259,3.5173
2012,4.4,6.0,0.0,1.3992,3.4242
2013,5.6,10.0,0.0,1.8433,3.3871
2014,6.4,12.0,0.0,2.064,3.5102
2015,6.3,11.0,0.0,2.0259,3.4784
2016,4.2,6.0,0.0,1.372,3.4306
2017,3.6,5.0,0.0,1.2207,3.5058
2018,4.0,8.0,0.0,1.3012,3.324
2019,3.2,4.0,0.0,1.0666,3.3191
2020,3.3,5.0,0.0,1.1169,3.3562
2021,4.1,7.0,0.0,1.3811,3.389
2022,4.4,9.0,0.0,1.5298,3.387
2023,4.3,6.0,0.0,1.3418,3.3728
2024,3.8,7.0,0.0,1.2826,3.3217
2025,4.2,7.0,0.0,1.4035,3.3724
2026,5.2,12.0,0.0,1.8169,3.333
2027,4.4,7.0,0.0,1.4245,3.4077
2028,3.8,6.0,0.0,1.253,3.376
2029,3.6,6.0,0.0,1.2233,3.3804
2030,4.5,6.0,0.0,1.4454,3.2435
2031,4.3,6.0,0.0,1.4121,3.2809
2032,3.7,6.0,0.0,1.2369,3.2335
2033,4.0,5.0,0.0,1.3804,3.2918
2034,4.7,8.0,0.0,1.5547,3.3342
2035,4.3,8.0,0.0,1.4702,3.3576
2036,5.0,8.0,0.0,1.6445,3.2911
2037,5.7,9.0,0.0,1.8049,3.3335
2038,4.4,8.0,0.0,1.4858,3.3412
2039,7.2,13.0,0.0,2.299,3.3751
2040,5.2,8.0,0.0,1.7068,3.3968
2041,5.3,7.0,0.0,1.6796,3.4075
2042,7.2,10.0,0.0,2.3222,3.4786
2043,6.7,10.0,0.0,2.15,3.4695
2044,4.5,9.0,0.0,1.5561,3.3722
2045,4.7,9.0,0.0,1.5794,3.2875
2046,6.5,11.0,0.0,2.0469,3.2854
2047,7.0,10.0,0.0,2.2212,3.3169
2048,6.5,17.0,0.0,2.2781,3.3256
2049,5.4,13.0,0.0,1.8521,3.2693
2050,5.0,7.0,0.0,1.6605,3.2627
2051,4.5,7.0,0.0,1.4622,3.2075
2052,3.6,6.0,0.0,1.2021,3.1927
2053,4.1,6.0,0.0,1.3265,3.178
2054,3.4,4.0,0.0,1.0874,3.1657
2055,3.2,5.0,0.0,1.089,3.229
2056,4.0,6.0,0.0,1.3688,3.2631
2057,3.1,8.0,0.0,1.1152,3.1968
2058,4.0,7.0,0.0,1.2997,3.2305
2059,3.8,7.0,0.0,1.2792,3.2055
2060,4.7,9.0,0.0,1.551,3.2293
2061,5.2,9.0,0.0,1.6989,3.2758
2062,5.5,9.0,0.0,1.8268,3.3097
2063,3.9,7.0,0.0,1.3784,3.2278
2064,5.2,7.0,0.0,1.7393,3.2523
2065,4.7,7.0,0.0,1.5105,3.409
2066,4.7,8.0,0.0,1.5485,3.5338
2067,4.5,6.0,0.0,1.45,3.2844
2068,4.7,7.0,0.0,1.4957,3.4831
2069,4.6,10.0,0.0,1.5497,3.4565
2070,6.0,15.0,0.0,2.0874,3.3936
2071,4.1,6.0,0.0,1.3328,3.5301
2072,4.9,8.0,0.0,1.6423,3.4402
2073,5.0,8.0,0.0,1.6535,3.4095
2074,4.3,7.0,0.0,1.4119,3.3581
2075,4.1,6.0,0.0,1.3551,3.2279
2076,5.0,7.0,0.0,1.6031,3.3096
2077,5.2,12.0,0.0,1.7992,3.4286
2078,5.0,14.0,0.0,1.8204,3.5082
2079,4.6,6.0,0.0,1.5564,3.5259
2080,4.8,7.0,0.0,1.4986,3.5151
2081,5.4,7.0,0.0,1.7134,3.3863
2082,5.8,10.0,0.0,1.9291,3.4343
2083,6.7,9.0,0.0,2.1601,3.5308
2084,6.3,11.0,0.0,2.0124,3.6919
2085,4.9,8.0,0.0,1.6106,3.598
2086,6.4,11.0,0.0,2.0785,3.6635
2087,5.0,8.0,0.0,1.6364,3.4206
2088,4.5,9.0,0.0,1.5756,3.6247
2089,5.0,9.0,0.0,1.6607,3.8047
2090,6.2,8.0,0.0,1.9271,3.7053
2091,5.2,9.0,0.0,1.6547,3.6338
2092,6.0,8.0,0.0,1.8745,3.6776
2093,5.0,8.0,0.0,1.6229,3.6577
2094,4.3,7.0,0.0,1.4607,3.5058
2095,3.6,6.0,0.0,1.2806,3.5211
2096,4.0,7.0,0.0,1.3328,3.3996
2097,4.5,6.0,0.0,1.5431,3.5941
2098,4.1,7.0,0.0,1.3559,3.3297
2099,4.7,7.0,0.0,1.5549,3.5157
2100,3.8,7.0,0.0,1.3349,3.5361
2101,4.5,6.0,0.0,1.4245,3.5579
2102,6.1,10.0,0.0,1.9228,3.5009
2103,3.9,5.0,0.0,1.2327,3.3568
2104,3.5,5.0,0.0,1.179,3.4929
2105,4.2,6.0,0.0,1.3747,3.4295
2106,4.2,6.0,0.0,1.3955,3.4795
2107,4.1,6.0,0.0,1.3675,3.5251
2108,3.8,5.0,0.0,1.3025,3.5388
2109,3.7,5.0,0.0,1.2151,3.2397
2110,4.0,6.0,0.0,1.306,3.256
2111,4.1,7.0,0.0,1.3489,3.2492
2112,3.7,5.0,0.0,1.1958,3.2725
2113,3.8,6.0,0.0,1.2387,3.2231
2114,4.5,7.0,0.0,1.4696,3.2364
2115,5.5,7.0,0.0,1.7326,3.2586
2116,5.7,17.0,0.0,2.0837,3.2584
2117,5.4,11.0,0.0,1.8076,3.3209
2118,8.3,14.0,0.0,2.5951,3.4903
2119,5.6,11.0,0.0,1.8779,3.3432
2120,6.0,10.0,0.0,1.9913,3.4017
2121,6.5,10.0,0.0,2.0318,3.3044
2122,5.6,7.0,0.0,1.7009,3.325
2123,5.3,10.0,0.0,1.727,3.2696
2124,4.6,8.0,0.0,1.5416,3.2594
2125,3.1,4.0,0.0,1.05,3.2583
2126,4.5,11.0,0.0,1.5619,3.2208
2127,4.5,11.0,0.0,1.5638,3.2142
2128,4.0,7.0,0.0,1.3192,3.2395
2129,3.7,5.0,0.0,1.2948,3.198
2130,4.2,7.0,0.0,1.3978,3.1845
2131,3.4,5.0,0.0,1.1143,3.1897
2132,4.3,7.0,0.0,1.4188,3.2243
2133,4.7,10.0,0.0,1.6006,3.2409
2134,3.8,6.0,0.0,1.2512,3.2737
2135,3.3,4.0,0.0,1.1108,3.2575
2136,5.4,12.0,0.0,1.8117,3.1819
2137,5.8,10.0,0.0,1.9135,3.2442
2138,4.3,12.0,0.0,1.5524,3.2199
2139,5.4,8.0,0.0,1.7223,3.271
2140,5.7,8.0,0.0,1.8682,3.3538
2141,7.0,14.0,0.0,2.3085,3.3968
2142,6.0,9.0,0.0,1.9106,3.6179
2143,8.1,19.0,0.0,2.6946,3.6642
2144,5.2,8.0,0.0,1.6815,3.4941
2145,5.3,9.0,0.0,1.6624,3.4227
2146,4.1,5.0,0.0,1.2835,3.351
2147,6.2,12.0,0.0,2.0139,3.4731
2148,5.2,8.0,0.0,1.6508,3.42
2149,4.8,6.0,0.0,1.5504,3.5181
2150,4.6,7.0,0.0,1.4766,3.4421
2151,4.9,9.0,0.0,1.5848,3.3777
2152,5.3,9.0,0.0,1.7035,3.3917
2153,4.0,5.0,0.0,1.2685,3.3972
2154,4.0,8.0,0.0,1.3987,3.393
2155,3.6,6.0,0.0,1.2272,3.3594
2156,3.6,5.0,0.0,1.1187,3.3826
2157,4.1,5.0,0.0,1.3491,3.5036
2158,4.1,7.0,0.0,1.3519,3.5137
2159,4.8,8.0,0.0,1.6271,3.5531
2160,3.5,7.0,0.0,1.1694,3.4176
2161,4.8,8.0,0.0,1.5292,3.4246
2162,5.0,8.0,0.0,1.5729,3.5688
2163,3.6,6.0,0.0,1.2107,3.4098
2164,3.8,7.0,0.0,1.2476,3.4013
2165,4.0,9.0,0.0,1.3666,3.4431
2166,5.5,8.0,0.0,1.74,3.5544
2167,6.4,9.0,0.0,2.0363,3.607
2168,6.0,9.0,0.0,1.9052,3.5176
2169,6.9,15.0,0.0,2.2648,3.3882
2170,5.1,9.0,0.0,1.7058,3.5304
2171,4.6,8.0,0.0,1.567,3.4103
2172,4.6,6.0,0.0,1.4622,3.4798
2173,5.3,10.0,0.0,1.7712,3.4147
2174,4.8,7.0,0.0,1.5348,3.4452
2175,4.0,5.0,0.0,1.3454,3.4589
2176,4.7,8.0,0.0,1.5516,3.4586
2177,6.1,12.0,0.0,2.064,3.558
2178,5.3,9.0,0.0,1.7176,3.5355
2179,6.0,9.0,0.0,1.9197,3.4915
2180,4.3,8.0,0.0,1.3455,3.5299
2181,4.5,7.0,0.0,1.4326,3.4456
2182,4.5,5.0,0.0,1.478,3.4689
2183,5.4,10.0,0.0,1.7391,3.3626
2184,4.1,7.0,0.0,1.3437,3.3163
2185,5.2,7.0,0.0,1.6673,3.3579
2186,5.8,8.0,0.0,1.8841,3.4016
2187,5.0,6.0,0.0,1.6922,3.4524
2188,4.7,7.0,0.0,1.5511,3.4921
2189,5.5,7.0,0.0,1.7747,3.4239
2190,5.5,9.0,0.0,1.7971,3.4101
2191,5.6,7.0,0.0,1.8453,3.59
2192,5.8,8.0,0.0,1.7517,3.4069
2193,6.0,9.0,0.0,1.9238,3.4492
2194,5.2,7.0,0.0,1.7016,3.3381
2195,5.8,10.0,0.0,1.8841,3.3099
2196,5.4,8.0,0.0,1.7217,3.1946
2197,5.8,9.0,0.0,1.8509,3.2772
2198,4.7,6.0,0.0,1.4326,3.3004
2199,4.4,11.0,0.0,1.5387,3.25
2200,4.0,6.0,0.0,1.3073,3.2957
2201,6.4,11.0,0.0,2.0671,3.4287
2202,6.6,13.0,0.0,2.0866,3.3792
2203,4.2,6.0,0.0,1.366,3.2814
2204,3.7,9.0,0.0,1.2859,3.2835
2205,5.3,9.0,0.0,1.7567,3.3224
2206,5.1,7.0,0.0,1.6974,3.3446
2207,5.4,7.0,0.0,1.7246,3.2661
2208,4.9,9.0,0.0,1.5806,3.2381
2209,5.1,7.0,0.0,1.6105,3.3235
2210,5.3,7.0,0.0,1.6617,3.339
2211,4.2,7.0,0.0,1.4106,3.3969
2212,5.1,8.0,0.0,1.6001,3.443
2213,4.1,6.0,0.0,1.4004,3.4394
2214,4.3,6.0,0.0,1.3732,3.4912
2215,3.5,5.0,0.0,1.2369,3.4502
2216,4.9,10.0,0.0,1.6192,3.3024
2217,5.9,8.0,0.0,1.8459,3.5321
2218,6.4,11.0,0.0,2.0567,3.433
2219,5.0,7.0,0.0,1.5974,3.4813
2220,5.5,11.0,0.0,1.7833,3.4283
2221,4.0,4.0,0.0,1.3316,3.3862
2222,5.9,9.0,0.0,1.8451,3.3971
2223,4.4,6.0,0.0,1.4387,3.3743
2224,4.9,6.0,0.0,1.5355,3.4129
2225,5.2,8.0,0.0,1.6371,3.3569
2226,6.1,8.0,0.0,1.941,3.6324
2227,6.6,9.0,0.0,2.0139,3.72
2228,7.4,11.0,0.0,2.2995,3.6583
2229,8.1,15.0,0.0,2.6293,3.6759
2230,5.6,7.0,0.0,1.7712,3.8028
2231,6.9,12.0,0.0,2.3548,3.7946
2232,5.0,9.0,0.0,1.6302,3.5134
2233,5.4,10.0,0.0,1.8264,3.5564
2234,6.1,11.0,0.0,2.0517,3.4274
2235,4.6,7.0,0.0,1.5225,3.4344
2236,4.3,5.0,0.0,1.4146,3.539
2237,4.4,6.0,0.0,1.4448,3.5786
2238,5.2,12.0,0.0,1.7854,3.5948
2239,4.4,8.0,0.0,1.4317,3.68
2240,3.5,6.0,0.0,1.1574,3.6147
2241,3.7,6.0,0.0,1.3032,3.6006
2242,3.4,5.0,0.0,1.0757,3.3483
2243,3.5,6.0,0.0,1.1842,3.2555
2244,4.5,7.0,0.0,1.4691,3.4564
2245,4.6,7.0,0.0,1.4537,3.3474
2246,3.7,7.0,0.0,1.26,3.2749
2247,3.2,5.0,0.0,1.0638,3.381
2248,4.6,8.0,0.0,1.4567,3.3547
2249,4.9,7.0,0.0,1.5639,3.3944
2250,3.7,7.0,0.0,1.2382,3.4266
2251,4.1,8.0,0.0,1.427,3.477
2252,3.4,6.0,0.0,1.134,3.4471
2253,3.9,9.0,0.0,1.3295,3.5178
2254,3.6,5.0,0.0,1.1694,3.4898
2255,4.0,5.0,0.0,1.3423,3.4264
2256,3.9,6.0,0.0,1.2883,3.5091
2257,4.3,8.0,0.0,1.4836,3.595
2258,4.6,7.0,0.0,1.5492,3.6683
2259,6.3,15.0,0.0,2.1375,3.7233
2260,4.5,6.0,0.0,1.437,3.6312
2261,6.5,9.0,0.0,2.0467,3.6166
2262,6.0,8.0,0.0,1.8514,3.5491
2263,7.4,10.0,0.0,2.4346,3.7416
2264,6.8,10.0,0.0,2.0946,3.6061
2265,5.0,8.0,0.0,1.6148,3.611
2266,5.1,7.0,0.0,1.6498,3.519
2267,5.3,9.0,0.0,1.7567,3.4616
2268,5.3,9.0,0.0,1.6443,3.6588
2269,5.6,15.0,0.0,2.0164,3.6646
2270,3.8,6.0,0.0,1.2829,3.3307
2271,3.4,8.0,0.0,1.2093,3.3226
2272,6.0,11.0,0.0,1.941,3.3463
2273,5.4,10.0,0.0,1.7776,3.4518
2274,5.5,9.0,0.0,1.8353,3.3806
2275,6.9,13.0,0.0,2.2461,3.4988
2276,6.3,11.0,0.0,1.9773,3.3896
2277,6.0,9.0,0.0,1.9203,3.5185
2278,6.3,20.0,0.0,2.3798,3.5638
2279,4.3,7.0,0.0,1.4151,3.6189
2280,4.5,8.0,0.0,1.5213,3.3651
2281,5.1,6.0,0.0,1.6626,3.3089
2282,4.4,7.0,0.0,1.4301,3.3608
2283,3.7,5.0,0.0,1.2196,3.3104
2284,3.7,5.0,0.0,1.1973,3.4667
2285,5.0,8.0,0.0,1.6696,3.5734
2286,5.2,10.0,0.0,1.7368,3.7089
2287,3.5,6.0,0.0,1.1533,3.5264
2288,4.6,8.0,0.0,1.5296,3.6151
2289,6.5,11.0,0.0,2.1416,3.6257
2290,5.0,7.0,0.0,1.5995,3.6427
2291,4.7,11.0,0.0,1.613,3.5526
2292,4.7,6.0,0.0,1.5041,3.5266
2293,7.3,12.0,0.0,2.2907,3.6397
2294,7.0,13.0,0.0,2.2688,3.5789
2295,5.3,10.0,0.0,1.7051,3.649
2296,7.1,13.0,0.0,2.2832,3.5975
2297,4.7,8.0,0.0,1.5792,3.5847
2298,6.9,9.0,0.0,2.1319,3.5786
2299,3.7,7.0,0.0,1.2278,3.4534
2300,5.9,11.0,0.0,1.8606,3.5882
2301,4.2,7.0,0.0,1.3793,3.5529
2302,4.9,11.0,0.0,1.681,3.6486
2303,4.0,7.0,0.0,1.341,3.3263
2304,3.6,5.0,0.0,1.1705,3.523
2305,3.8,6.0,0.0,1.2859,3.4124
2306,4.1,6.0,0.0,1.3136,3.3698
2307,3.5,6.0,0.0,1.1864,3.2054
2308,4.8,11.0,0.0,1.6492,3.2717
2309,4.1,7.0,0.0,1.363,3.4478
2310,3.4,4.0,0.0,1.1461,3.441
2311,4.9,9.0,0.0,1.6014,3.3533
2312,3.5,6.0,0.0,1.2246,3.5213
2313,4.8,8.0,0.0,1.5611,3.51
2314,5.1,11.0,0.0,1.7266,3.4369
2315,4.5,9.0,0.0,1.5032,3.4079
2316,5.0,8.0,0.0,1.6204,3.39
2317,3.4,5.0,0.0,1.1301,3.2336
2318,4.8,9.0,0.0,1.5857,3.3335
2319,4.3,6.0,0.0,1.3843,3.3498
2320,4.6,8.0,0.0,1.5876,3.2559
2321,4.3,8.0,0.0,1.3973,3.2746
2322,4.7,7.0,0.0,1.4807,3.2458
2323,6.3,10.0,0.0,1.995,3.2779
2324,4.5,6.0,0.0,1.4697,3.3573
2325,4.9,7.0,0.0,1.5684,3.4908
2326,5.1,9.0,0.0,1.6023,3.3762
2327,4.2,5.0,0.0,1.3906,3.4023
2328,4.8,10.0,0.0,1.65,3.3324
2329,4.1,5.0,0.0,1.2823,3.3914
2330,6.1,9.0,0.0,1.8871,3.4669
2331,4.6,7.0,0.0,1.489,3.3021
2332,5.5,9.0,0.0,1.8021,3.44
2333,4.3,8.0,0.0,1.3991,3.3313
2334,5.4,10.0,0.0,1.777,3.426
2335,5.1,8.0,0.0,1.5865,3.3007
2336,4.7,7.0,0.0,1.5472,3.362
2337,5.9,10.0,0.0,1.8756,3.3327
2338,3.4,5.0,0.0,1.1975,3.2882
2339,3.9,6.0,0.0,1.2955,3.3114
2340,3.6,5.0,0.0,1.2197,3.3349
2341,2.6,4.0,0.0,0.9314,3.3076
2342,4.5,7.0,0.0,1.4351,3.3226
2343,5.0,7.0,0.0,1.5868,3.2988
2344,4.0,6.0,0.0,1.2953,3.3212
2345,5.1,8.0,0.0,1.6237,3.3682
2346,5.2,8.0,0.0,1.7063,3.4316
2347,4.9,13.0,0.0,1.7212,3.346
2348,4.1,7.0,0.0,1.4,3.321
2349,4.6,10.0,0.0,1.5993,3.2645
2350,4.1,6.0,0.0,1.3666,3.2503
2351,5.3,10.0,0.0,1.7909,3.4077
2352,5.6,10.0,0.0,1.7977,3.4689
2353,4.4,9.0,0.0,1.5381,3.4083
2354,8.6,16.0,0.0,2.7664,3.3745
2355,6.8,10.0,0.0,2.1278,3.5361
2356,6.1,9.0,0.0,1.9507,3.3196
2357,5.0,8.0,0.0,1.6143,3.3743
2358,3.8,5.0,0.0,1.2781,3.3169
2359,5.2,10.0,0.0,1.7703,3.3469
2360,4.6,12.0,0.0,1.6986,3.3305
2361,4.8,10.0,0.0,1.5928,3.3118
2362,5.6,12.0,0.0,1.8775,3.3533
2363,3.9,6.0,0.0,1.3228,3.3696
2364,6.9,11.0,0.0,2.1564,3.3309
2365,6.2,16.0,0.0,2.1849,3.4213
2366,5.3,13.0,0.0,1.8203,3.2936
2367,5.9,9.0,0.0,1.8567,3.426
2368,3.6,5.0,0.0,1.1662,3.2672
2369,4.7,10.0,0.0,1.635,3.4291
2370,4.4,9.0,0.0,1.5132,3.3196
2371,5.6,10.0,0.0,1.8333,3.3816
2372,6.3,16.0,0.0,2.1931,3.294
2373,5.4,8.0,0.0,1.711,3.3074
2374,4.8,9.0,0.0,1.598,3.3108
2375,4.6,7.0,0.0,1.5041,3.2844
2376,4.5,11.0,0.0,1.6045,3.2913
2377,4.8,8.0,0.0,1.5483,3.3062
2378,6.3,9.0,0.0,2.0168,3.3831
2379,5.0,10.0,0.0,1.7571,3.2667
2380,4.1,7.0,0.0,1.3225,3.3
2381,5.5,9.0,0.0,1.6934,3.3844
2382,3.9,5.0,0.0,1.3032,3.2574
2383,4.0,8.0,0.0,1.3253,3.2787
2384,3.2,5.0,0.0,1.0865,3.2474
2385,4.7,8.0,0.0,1.5024,3.3286
2386,4.6,8.0,0.0,1.4866,3.2829
2387,4.5,8.0,0.0,1.4744,3.3289
2388,4.7,6.0,0.0,1.539,3.2739
2389,4.0,6.0,0.0,1.3122,3.4309
2390,3.9,6.0,0.0,1.2805,3.4024
2391,3.9,5.0,0.0,1.2679,3.245
2392,5.4,11.0,0.0,1.8215,3.4488
2393,5.6,9.0,0.0,1.816,3.3666
2394,3.3,4.0,0.0,1.0428,3.1967
2395,4.7,6.0,0.0,1.4758,3.2711
2396,4.1,6.0,0.0,1.3092,3.275
2397,6.4,16.0,0.0,2.2147,3.302
2398,5.5,9.0,0.0,1.7903,3.2698
2399,5.7,7.0,0.0,1.8076,3.2364
2400,4.6,7.0,0.0,1.5209,3.3277
2401,4.8,8.0,0.0,1.5483,3.2687
2402,6.3,10.0,0.0,2.0094,3.3321
2403,4.2,7.0,0.0,1.4218,3.2828
2404,4.5,7.0,0.0,1.4654,3.2753
2405,4.4,7.0,0.0,1.4555,3.2202
2406,5.1,9.0,0.0,1.7122,3.2655
2407,4.9,9.0,0.0,1.6186,3.2722
2408,4.2,6.0,0.0,1.4073,3.2049
2409,4.1,6.0,0.0,1.3331,3.3856
2410,5.2,8.0,0.0,1.7325,3.3182
2411,5.3,8.0,0.0,1.613,3.3368
2412,5.0,9.0,0.0,1.6978,3.2995
2413,5.7,8.0,0.0,1.78,3.3759
2414,4.6,6.0,0.0,1.5303,3.5483
2415,4.6,7.0,0.0,1.4741,3.4906
2416,7.0,12.0,0.0,2.2351,3.4639
2417,5.0,7.0,0.0,1.5802,3.4179
2418,4.6,10.0,0.0,1.555,3.4229
2419,4.7,7.0,0.0,1.4836,3.3435
2420,4.6,6.0,0.0,1.4957,3.3528
2421,3.7,5.0,0.0,1.1971,3.2521
2422,4.2,6.0,0.0,1.3987,3.3583
2423,3.9,7.0,0.0,1.3014,3.3106
2424,4.3,5.0,0.0,1.4219,3.252
2425,5.1,14.0,0.0,1.866,3.3031
2426,5.1,7.0,0.0,1.6116,3.2844
2427,5.2,10.0,0.0,1.7013,3.3715
2428,4.3,10.0,0.0,1.5021,3.3486
2429,6.3,10.0,0.0,1.9209,3.4511
2430,6.8,13.0,0.0,2.1789,3.2925
2431,5.4,14.0,0.0,1.8884,3.3235
2432,3.8,5.0,0.0,1.295,3.3616
2433,4.6,6.0,0.0,1.4468,3.2847
2434,4.6,7.0,0.0,1.5311,3.3885
2435,6.0,10.0,0.0,1.9959,3.3249
2436,5.6,9.0,0.0,1.7962,3.412
2437,6.1,11.0,0.0,1.941,3.4837
2438,6.2,9.0,0.0,1.9396,3.4911
2439,8.4,12.0,0.0,2.5945,3.604
2440,8.1,15.0,0.0,2.6358,3.6559
2441,5.0,7.0,0.0,1.616,3.4957
2442,5.8,10.0,0.0,1.8677,3.4656
2443,5.4,11.0,0.0,1.8279,3.4456
2444,5.8,10.0,0.0,1.842,3.4976
2445,3.8,6.0,0.0,1.306,3.5234
2446,4.9,12.0,0.0,1.6787,3.5606
2447,5.0,8.0,0.0,1.631,3.5051
2448,4.5,6.0,0.0,1.4539,3.5362
2449,3.6,5.0,0.0,1.2464,3.6659
2450,5.1,9.0,0.0,1.6482,3.6596
2451,3.4,5.0,0.0,1.1196,3.5857
2452,4.3,8.0,0.0,1.4018,3.5849
2453,3.5,5.0,0.0,1.1552,3.5502
2454,4.2,6.0,0.0,1.3527,3.5513
2455,3.7,6.0,0.0,1.2076,3.6297
2456,4.5,5.0,0.0,1.4812,3.4744
2457,3.4,5.0,0.0,1.1529,3.6259
2458,4.7,7.0,0.0,1.5146,3.6864
2459,6.0,15.0,0.0,2.0822,3.7373
2460,4.8,7.0,0.0,1.5362,3.7322
2461,4.2,5.0,0.0,1.4132,3.7011
2462,5.2,8.0,0.0,1.6313,3.5751
2463,4.6,9.0,0.0,1.5024,3.5996
2464,6.9,9.0,0.0,2.0922,3.8539
2465,5.5,10.0,0.0,1.7906,3.7236
2466,5.0,8.0,0.0,1.567,3.6049
2467,6.0,14.0,0.0,2.0841,3.6194
2468,6.2,8.0,0.0,1.9519,3.7075
2469,5.3,7.0,0.0,1.6989,3.5475
2470,5.7,11.0,0.0,1.9147,3.6053
2471,5.3,9.0,0.0,1.7532,3.7523
2472,3.8,5.0,0.0,1.2124,3.4914
2473,5.4,7.0,0.0,1.7209,3.6994
2474,5.1,8.0,0.0,1.6534,3.5938
2475,4.8,7.0,0.0,1.608,3.5353
2476,4.2,6.0,0.0,1.3843,3.3716
2477,4.6,8.0,0.0,1.5198,3.4773
2478,4.1,7.0,0.0,1.3804,3.6996
2479,4.7,8.0,0.0,1.5658,3.3912
2480,6.0,9.0,0.0,1.8979,3.6055
2481,5.0,7.0,0.0,1.5665,3.3166
2482,4.3,6.0,0.0,1.4122,3.416
2483,2.6,4.0,0.0,0.8888,3.2267
2484,2.8,4.0,0.0,1.0002,3.2404
2485,3.2,6.0,0.0,1.0943,3.3097
2486,5.6,12.0,0.0,1.886,3.4107
2487,4.7,7.0,0.0,1.5256,3.2847
2488,4.5,6.0,0.0,1.4703,3.337
2489,4.0,5.0,0.0,1.3342,3.2637
2490,4.5,7.0,0.0,1.4555,3.3414
2491,5.4,9.0,0.0,1.7867,3.4235
2492,4.4,11.0,0.0,1.5521,3.3545
2493,3.5,5.0,0.0,1.1874,3.3045
2494,6.0,8.0,0.0,1.9269,3.347
2495,3.7,6.0,0.0,1.2032,3.4012
2496,5.1,7.0,0.0,1.5928,3.1865
2497,3.7,7.0,0.0,1.241,3.1307
2498,4.8,18.0,0.0,2.02,3.2248
2499,3.8,6.0,0.0,1.2606,3.2409
2500,4.3,8.0,0.0,1.4331,3.3663
2501,3.9,7.0,0.0,1.2625,3.339
2502,4.6,6.0,0.0,1.4925,3.3175
2503,4.3,6.0,0.0,1.3883,3.2914
2504,5.0,7.0,0.0,1.6194,3.3503
2505,5.1,8.0,0.0,1.6254,3.3078
2506,4.5,7.0,0.0,1.4498,3.3095
2507,6.6,11.0,0.0,2.1019,3.3676
2508,5.3,11.0,0.0,1.7854,3.3003
2509,5.3,9.0,0.0,1.7696,3.3622
2510,4.0,5.0,0.0,1.3256,3.3996
2511,4.2,8.0,0.0,1.3875,3.3663
2512,5.1,9.0,0.0,1.6463,3.3555
2513,3.4,5.0,0.0,1.1694,3.339
2514,3.6,7.0,0.0,1.2382,3.3114
2515,4.6,7.0,0.0,1.5366,3.3787
2516,4.0,6.0,0.0,1.3107,3.2927
2517,4.8,8.0,0.0,1.5931,3.3735
2518,4.2,7.0,0.0,1.458,3.3313
2519,5.3,9.0,0.0,1.7345,3.3805
2520,4.9,8.0,0.0,1.6031,3.3591
2521,5.2,7.0,0.0,1.6657,3.4034
2522,6.1,7.0,0.0,1.9622,3.4233
2523,4.6,8.0,0.0,1.5235,3.4195
2524,4.4,6.0,0.0,1.4358,3.3422
2525,4.9,9.0,0.0,1.6437,3.3931
2526,4.6,9.0,0.0,1.4839,3.4685
2527,5.0,7.0,0.0,1.5867,3.3517
2528,5.1,7.0,0.0,1.621,3.3832
2529,4.7,7.0,0.0,1.5105,3.3621
2530,3.2,5.0,0.0,1.0553,3.3779
2531,5.1,8.0,0.0,1.6763,3.5377
2532,4.8,11.0,0.0,1.6895,3.5858
2533,3.9,6.0,0.0,1.2722,3.516
2534,4.6,9.0,0.0,1.6103,3.332
2535,4.4,7.0,0.0,1.4245,3.2193
2536,4.7,7.0,0.0,1.4925,3.3037
2537,3.9,6.0,0.0,1.2635,3.2549
2538,5.3,8.0,0.0,1.6677,3.3435
2539,3.9,6.0,0.0,1.3268,3.3644
2540,4.8,8.0,0.0,1.6053,3.3524
2541,6.1,10.0,0.0,1.9344,3.3805
2542,7.8,13.0,0.0,2.5056,3.396
2543,5.2,7.0,0.0,1.6462,3.3052
2544,4.7,7.0,0.0,1.5478,3.3707
2545,6.2,11.0,0.0,2.0726,3.2761
2546,5.9,13.0,0.0,1.9678,3.4559
2547,5.4,7.0,0.0,1.6786,3.3313
2548,4.5,6.0,0.0,1.3892,3.3693
2549,5.5,13.0,0.0,1.8925,3.3171
2550,6.0,9.0,0.0,1.9365,3.3536
2551,4.8,12.0,0.0,1.7005,3.1705
2552,5.6,8.0,0.0,1.8247,3.226
2553,4.2,6.0,0.0,1.3783,3.3421
2554,4.0,5.0,0.0,1.3391,3.2832
2555,6.2,15.0,0.0,2.1703,3.2617
2556,6.2,9.0,0.0,1.9466,3.4003
2557,4.9,6.0,0.0,1.559,3.3285
2558,5.0,10.0,0.0,1.6763,3.2786
2559,5.4,8.0,0.0,1.7234,3.36
2560,4.9,7.0,0.0,1.6118,3.3472
2561,4.3,7.0,0.0,1.3601,3.266
2562,3.5,5.0,0.0,1.1638,3.2685
2563,5.5,11.0,0.0,1.8433,3.3693
2564,3.8,6.0,0.0,1.243,3.2261
2565,4.6,9.0,0.0,1.5145,3.2732
2566,4.1,8.0,0.0,1.337,3.3039
2567,3.7,6.0,0.0,1.2196,3.3128
2568,4.3,5.0,0.0,1.3964,3.2667
2569,5.9,14.0,0.0,2.0591,3.2697
2570,5.1,9.0,0.0,1.6276,3.3241
2571,4.4,7.0,0.0,1.4351,3.2286
2572,4.8,7.0,0.0,1.5876,3.3983
2573,5.5,9.0,0.0,1.7836,3.315
2574,5.1,10.0,0.0,1.7407,3.3109
2575,3.9,8.0,0.0,1.324,3.3431
2576,5.3,8.0,0.0,1.6696,3.2441
2577,4.9,8.0,0.0,1.5702,3.2197
2578,5.0,7.0,0.0,1.6286,3.2972
2579,5.4,10.0,0.0,1.7624,3.2547
2580,5.3,10.0,0.0,1.7628,3.2895
2581,4.6,8.0,0.0,1.5239,3.2549
2582,3.8,5.0,0.0,1.243,3.2232
2583,4.3,11.0,0.0,1.6093,3.3213
2584,4.9,8.0,0.0,1.5851,3.3873
2585,4.3,7.0,0.0,1.4213,3.3879
2586,4.5,8.0,0.0,1.5059,3.4543
2587,4.6,6.0,0.0,1.504,3.4577
2588,4.2,5.0,0.0,1.3749,3.6174
2589,5.5,10.0,0.0,1.7623,3.6579
2590,5.3,7.0,0.0,1.6882,3.512
2591,3.7,6.0,0.0,1.2891,3.5098
2592,6.2,8.0,0.0,1.9105,3.5138
2593,4.9,7.0,0.0,1.5427,3.5748
2594,4.6,6.0,0.0,1.4495,3.5753
2595,5.2,8.0,0.0,1.7013,3.7659
2596,5.2,8.0,0.0,1.5967,3.6126
2597,4.8,6.0,0.0,1.5532,3.6259
2598,4.8,9.0,0.0,1.5928,3.5562
2599,4.0,8.0,0.0,1.3592,3.3976
2600,5.3,8.0,0.0,1.6989,3.5255
2601,3.9,8.0,0.0,1.334,3.5774
2602,3.5,6.0,0.0,1.2278,3.354
2603,3.7,6.0,0.0,1.2859,3.18
2604,3.6,5.0,0.0,1.1638,3.2889
2605,4.4,6.0,0.0,1.4765,3.323
2606,4.3,7.0,0.0,1.4317,3.1812
2607,4.7,7.0,0.0,1.5851,3.4806
2608,3.6,5.0,0.0,1.1948,3.4439
2609,4.1,8.0,0.0,1.419,3.3799
2610,3.9,7.0,0.0,1.3245,3.3484
2611,4.6,8.0,0.0,1.5132,3.3789
2612,4.3,6.0,0.0,1.3803,3.377
2613,3.9,6.0,0.0,1.2845,3.6061
2614,4.6,9.0,0.0,1.5471,3.4539
2615,5.5,8.0,0.0,1.7568,3.4072
2616,5.6,9.0,0.0,1.8191,3.4441
2617,5.4,7.0,0.0,1.7185,3.4263
2618,4.8,7.0,0.0,1.5547,3.3944
2619,4.0,9.0,0.0,1.3698,3.4838
2620,6.1,9.0,0.0,1.8521,3.6764
2621,4.9,8.0,0.0,1.5835,3.606
2622,4.5,7.0,0.0,1.5156,3.4153
2623,6.0,9.0,0.0,1.8873,3.4942
2624,4.4,9.0,0.0,1.4948,3.3908
2625,5.4,7.0,0.0,1.7161,3.6626
2626,6.6,11.0,0.0,2.061,3.5023
2627,6.3,14.0,0.0,2.1024,3.6483
2628,6.0,10.0,0.0,1.8779,3.6545
2629,4.7,6.0,0.0,1.5335,3.3853
2630,5.8,10.0,0.0,1.8413,3.4831
2631,4.8,9.0,0.0,1.5976,3.5008
2632,5.1,8.0,0.0,1.6528,3.5682
2633,5.1,10.0,0.0,1.6846,3.7058
2634,4.5,10.0,0.0,1.5239,3.4753
2635,6.5,11.0,0.0,2.115,3.7277
2636,5.9,10.0,0.0,1.8987,3.4369
2637,5.7,8.0,0.0,1.8356,3.4053
2638,4.6,7.0,0.0,1.4687,3.4634
2639,5.8,14.0,0.0,1.9802,3.497
2640,5.1,7.0,0.0,1.6423,3.4171
2641,5.5,8.0,0.0,1.8079,3.4716
2642,6.4,12.0,0.0,2.1581,3.4134
2643,6.1,10.0,0.0,1.9203,3.4573
2644,5.4,7.0,0.0,1.7022,3.4592
2645,4.9,6.0,0.0,1.5558,3.4089
2646,4.4,10.0,0.0,1.5052,3.3983
2647,6.7,13.0,0.0,2.1866,3.5621
2648,4.7,6.0,0.0,1.5185,3.4355
2649,6.0,15.0,0.0,2.0857,3.5853
2650,3.4,5.0,0.0,1.0724,3.4807
2651,5.7,13.0,0.0,1.9692,3.5046
2652,4.8,7.0,0.0,1.6067,3.3911
2653,6.6,16.0,0.0,2.2293,3.5477
2654,4.9,7.0,0.0,1.6148,3.3969
2655,5.3,11.0,0.0,1.7748,3.3916
2656,4.6,6.0,0.0,1.4722,3.3916
2657,4.5,7.0,0.0,1.4784,3.3752
2658,4.0,6.0,0.0,1.2835,3.2862
2659,4.4,7.0,0.0,1.4231,3.4505
2660,4.7,6.0,0.0,1.5174,3.4123
2661,4.5,7.0,0.0,1.4941,3.4242
2662,3.5,6.0,0.0,1.1705,3.5319
2663,4.4,6.0,0.0,1.3771,3.4048
2664,4.6,8.0,0.0,1.5032,3.3313
2665,3.5,6.0,0.0,1.1921,3.3951
2666,4.3,8.0,0.0,1.4,3.3828
2667,5.0,7.0,0.0,1.6515,3.4363
2668,6.0,9.0,0.0,1.8601,3.4122
2669,6.5,12.0,0.0,2.0251,3.4303
2670,7.6,14.0,0.0,2.5522,3.5156
2671,5.8,8.0,0.0,1.8488,3.3944
2672,6.6,8.0,0.0,2.1336,3.4692
2673,5.1,7.0,0.0,1.6821,3.3707
2674,5.9,13.0,0.0,1.9615,3.4809
2675,4.4,6.0,0.0,1.4903,3.3962
2676,4.7,9.0,0.0,1.5882,3.5344
2677,7.2,9.0,0.0,2.2388,3.6307
2678,4.3,6.0,0.0,1.4379,3.4982
2679,4.7,7.0,0.0,1.5368,3.4213
2680,4.9,8.0,0.0,1.5898,3.4755
2681,5.1,12.0,0.0,1.7448,3.3687
2682,4.8,7.0,0.0,1.519,3.4149
2683,6.5,11.0,0.0,2.0516,3.4434
2684,4.6,6.0,0.0,1.4903,3.4129
2685,4.1,5.0,0.0,1.4041,3.5192
2686,4.0,6.0,0.0,1.341,3.3176
2687,4.7,8.0,0.0,1.5756,3.3123
2688,4.6,6.0,0.0,1.5474,3.282
2689,4.8,8.0,0.0,1.5432,3.4672
2690,3.6,6.0,0.0,1.2139,3.3901
2691,4.0,6.0,0.0,1.3198,3.3303
2692,3.3,4.0,0.0,1.1338,3.3208
2693,4.4,7.0,0.0,1.4424,3.3237
2694,4.9,7.0,0.0,1.5058,3.3176
2695,4.1,7.0,0.0,1.3415,3.2353
2696,3.8,7.0,0.0,1.2714,3.3825
2697,4.4,8.0,0.0,1.3955,3.3994
2698,3.8,7.0,0.0,1.2688,3.3728
2699,3.9,5.0,0.0,1.3032,3.3982
2700,3.6,5.0,0.0,1.2482,3.4151
2701,4.9,9.0,0.0,1.5835,3.3558
2702,3.9,5.0,0.0,1.3025,3.2911
2703,4.1,6.0,0.0,1.3834,3.2969
2704,4.2,6.0,0.0,1.3791,3.2695
2705,5.5,11.0,0.0,1.865,3.2324
2706,4.5,9.0,0.0,1.5516,3.2568
2707,4.5,7.0,0.0,1.5015,3.239
2708,4.6,8.0,0.0,1.4753,3.2407
2709,2.8,5.0,0.0,0.9622,3.3397
2710,3.9,7.0,0.0,1.296,3.3154
2711,3.5,4.0,0.0,1.1336,3.4055
2712,3.8,6.0,0.0,1.2891,3.2891
2713,3.6,6.0,0.0,1.1718,3.3236
2714,4.3,7.0,0.0,1.3836,3.2797
2715,4.7,9.0,0.0,1.5341,3.2333
2716,4.0,6.0,0.0,1.3286,3.2119
2717,4.2,8.0,0.0,1.3415,3.2409
2718,4.9,9.0,0.0,1.5931,3.2481
2719,3.9,6.0,0.0,1.2983,3.2115
2720,3.6,6.0,0.0,1.1871,3.2152
2721,4.6,6.0,0.0,1.4722,3.3886
2722,3.9,6.0,0.0,1.3235,3.3379
2723,3.9,7.0,0.0,1.2913,3.3127
2724,4.6,8.0,0.0,1.519,3.3355
2725,5.2,14.0,0.0,1.8388,3.5375
2726,5.8,11.0,0.0,1.965,3.386
2727,4.7,10.0,0.0,1.6394,3.5615
2728,6.3,10.0,0.0,2.0469,3.6106
2729,6.4,9.0,0.0,2.018,3.5886
2730,6.8,10.0,0.0,2.1562,3.617
2731,6.0,9.0,0.0,1.8773,3.7094
2732,6.0,9.0,0.0,1.9261,3.7068
2733,5.7,10.0,0.0,1.9375,3.7053
2734,5.3,7.0,0.0,1.704,3.5287
2735,5.8,7.0,0.0,1.9092,3.5485
2736,4.8,8.0,0.0,1.6068,3.1624
2737,6.6,10.0,0.0,2.0808,3.3221
2738,7.7,13.0,0.0,2.4159,3.4603
2739,7.2,16.0,0.0,2.4367,3.3953
2740,5.0,8.0,0.0,1.659,3.2626
2741,4.5,8.0,0.0,1.5362,3.2541
2742,5.9,9.0,0.0,1.9247,3.3516
2743,6.1,10.0,0.0,1.9767,3.4962
2744,5.6,10.0,0.0,1.8873,3.5057
2745,5.3,10.0,0.0,1.7633,3.2759
2746,6.1,11.0,0.0,1.9919,3.288
2747,5.6,9.0,0.0,1.7916,3.276
2748,4.0,7.0,0.0,1.3528,3.3688
2749,7.4,18.0,0.0,2.5067,3.4377
2750,5.7,12.0,0.0,1.9385,3.3946
2751,5.6,7.0,0.0,1.8083,3.4955
2752,5.6,8.0,0.0,1.797,3.4724
2753,5.3,11.0,0.0,1.8268,3.403
2754,4.5,8.0,0.0,1.4685,3.1531
2755,5.9,11.0,0.0,1.9792,3.2707
2756,4.6,10.0,0.0,1.548,3.3321
2757,3.6,5.0,0.0,1.1747,3.275
2758,4.5,7.0,0.0,1.4696,3.4558
2759,4.1,6.0,0.0,1.3321,3.3361
2760,4.9,13.0,0.0,1.7431,3.4548
2761,5.3,8.0,0.0,1.6934,3.4111
2762,3.8,6.0,0.0,1.1938,3.3662
2763,4.5,6.0,0.0,1.4939,3.4562
2764,4.1,8.0,0.0,1.3849,3.3783
2765,5.2,13.0,0.0,1.7725,3.229
2766,4.2,6.0,0.0,1.3855,3.3005
2767,3.6,6.0,0.0,1.2088,3.2908
2768,4.4,8.0,0.0,1.4758,3.2642
2769,4.4,6.0,0.0,1.4345,3.3318
2770,4.3,5.0,0.0,1.3759,3.3187
2771,3.7,6.0,0.0,1.1958,3.3304
2772,3.9,9.0,0.0,1.3637,3.3153
2773,4.3,8.0,0.0,1.4035,3.3082
2774,3.9,5.0,0.0,1.2671,3.2922
2775,4.4,8.0,0.0,1.4217,3.3377
2776,4.0,8.0,0.0,1.3403,3.3422
2777,4.1,9.0,0.0,1.4035,3.4149
2778,4.4,5.0,0.0,1.4058,3.3252
2779,3.3,4.0,0.0,1.1619,3.3736
2780,3.8,6.0,0.0,1.244,3.3217
2781,4.3,6.0,0.0,1.4245,3.2886
2782,4.2,6.0,0.0,1.3637,3.3529
2783,3.8,8.0,0.0,1.382,3.3611
2784,4.5,6.0,0.0,1.4858,3.4806
2785,3.3,5.0,0.0,1.108,3.318
2786,3.8,7.0,0.0,1.2285,3.2452
2787,3.9,7.0,0.0,1.3067,3.2586
2788,3.7,5.0,0.0,1.2042,3.2611
2789,4.1,7.0,0.0,1.3718,3.3685
2790,4.1,6.0,0.0,1.3849,3.3295
2791,4.2,6.0,0.0,1.3259,3.3398
2792,5.7,14.0,0.0,1.8991,3.3399
2793,5.0,9.0,0.0,1.6219,3.3732
2794,3.7,5.0,0.0,1.2124,3.3055
2795,4.9,7.0,0.0,1.5405,3.3021
2796,3.8,7.0,0.0,1.2728,3.2635
2797,4.3,9.0,0.0,1.4685,3.2331
2798,4.0,5.0,0.0,1.2408,3.2599
2799,4.0,5.0,0.0,1.2922,3.2938
2800,3.4,6.0,0.0,1.1098,3.2319
2801,4.5,8.0,0.0,1.4523,3.2819
2802,3.2,4.0,0.0,1.0486,3.223
2803,4.3,8.0,0.0,1.4525,3.2706
2804,4.4,8.0,0.0,1.4302,3.2632
2805,4.5,10.0,0.0,1.5624,3.3791
2806,4.7,10.0,0.0,1.5628,3.3628
2807,6.6,9.0,0.0,2.1498,3.3641
2808,6.7,9.0,0.0,2.1214,3.4381
2809,5.0,7.0,0.0,1.7022,3.4135
2810,5.5,9.0,0.0,1.7839,3.332
2811,4.6,7.0,0.0,1.497,3.3948
2812,5.7,9.0,0.0,1.7787,3.5141
2813,7.6,16.0,0.0,2.527,3.5072
2814,6.1,9.0,0.0,1.8896,3.4795
2815,4.5,7.0,0.0,1.5146,3.3402
2816,5.6,10.0,0.0,1.8574,3.5259
2817,4.9,9.0,0.0,1.583,3.4392
2818,4.9,7.0,0.0,1.5172,3.3968
2819,4.5,7.0,0.0,1.4567,3.3851
2820,3.5,5.0,0.0,1.2352,3.3782
2821,4.7,6.0,0.0,1.4579,3.3468
2822,3.7,5.0,0.0,1.2304,3.2801
2823,3.9,8.0,0.0,1.3134,3.2786
2824,5.3,12.0,0.0,1.7904,3.3493
2825,4.3,7.0,0.0,1.426,3.2893
2826,4.2,6.0,0.0,1.4073,3.3296
2827,5.2,8.0,0.0,1.6927,3.3216
2828,3.2,5.0,0.0,1.0744,3.3267
2829,4.4,7.0,0.0,1.4509,3.2675
2830,4.8,6.0,0.0,1.5119,3.2261
2831,5.6,9.0,0.0,1.8477,3.2079
2832,4.2,8.0,0.0,1.4098,3.1827
2833,2.9,4.0,0.0,0.9783,3.1385
2834,4.1,5.0,0.0,1.3524,3.1814
2835,3.5,4.0,0.0,1.1916,3.1512
2836,4.3,7.0,0.0,1.4217,3.2613
2837,4.8,6.0,0.0,1.6163,3.4566
2838,3.6,7.0,0.0,1.2542,3.4727
2839,5.4,7.0,0.0,1.7009,3.4851
2840,3.8,7.0,0.0,1.3094,3.4805
2841,5.9,11.0,0.0,1.9418,3.5214
2842,7.1,17.0,0.0,2.4515,3.5401
2843,5.3,8.0,0.0,1.7457,3.5135
2844,4.7,7.0,0.0,1.5078,3.4114
2845,3.7,6.0,0.0,1.232,3.3519
2846,4.7,9.0,0.0,1.5678,3.3681
2847,4.7,8.0,0.0,1.5596,3.563
2848,3.3,6.0,0.0,1.1459,3.3936
2849,4.6,8.0,0.0,1.5644,3.498
2850,3.7,6.0,0.0,1.2241,3.4994
2851,4.3,7.0,0.0,1.4347,3.5409
2852,3.8,7.0,0.0,1.2173,3.334
2853,4.5,8.0,0.0,1.4691,3.3971
2854,4.2,8.0,0.0,1.4027,3.5113
2855,4.1,7.0,0.0,1.3572,3.2138
2856,4.0,6.0,0.0,1.3017,3.4304
2857,4.0,7.0,0.0,1.3213,3.4096
2858,4.2,6.0,0.0,1.3416,3.3345
2859,4.3,10.0,0.0,1.496,3.3771
2860,3.4,5.0,0.0,1.1038,3.3707
2861,3.9,5.0,0.0,1.2669,3.2836
2862,4.3,6.0,0.0,1.4,3.2934
2863,4.1,8.0,0.0,1.3598,3.3304
2864,4.8,7.0,0.0,1.5586,3.3116
2865,5.6,7.0,0.0,1.8154,3.4098
2866,5.7,11.0,0.0,1.8525,3.3495
2867,3.4,6.0,0.0,1.1595,3.296
2868,4.5,7.0,0.0,1.5064,3.3053
2869,4.9,9.0,0.0,1.6031,3.3045
2870,4.9,9.0,0.0,1.6066,3.3662
2871,3.7,6.0,0.0,1.2285,3.3435
2872,4.6,7.0,0.0,1.5117,3.3077
2873,4.9,8.0,0.0,1.5658,3.4499
2874,4.3,7.0,0.0,1.399,3.5837
2875,4.9,9.0,0.0,1.634,3.5649
2876,5.9,8.0,0.0,1.8204,3.4866
2877,3.9,5.0,0.0,1.252,3.365
2878,4.6,8.0,0.0,1.5078,3.4725
2879,4.0,7.0,0.0,1.309,3.5358
2880,4.1,5.0,0.0,1.371,3.5026
2881,5.9,9.0,0.0,1.8496,3.5269
2882,5.1,6.0,0.0,1.6559,3.7763
2883,5.4,8.0,0.0,1.721,3.6823
2884,4.4,6.0,0.0,1.4148,3.5384
2885,6.1,10.0,0.0,1.9569,3.6189
2886,4.9,6.0,0.0,1.5454,3.5272
2887,5.2,10.0,0.0,1.6775,3.5045
2888,5.9,7.0,0.0,1.9546,3.5466
2889,5.6,7.0,0.0,1.748,3.5075
2890,6.0,12.0,0.0,1.9971,3.5455
2891,5.5,10.0,0.0,1.8439,3.4606
2892,4.9,7.0,0.0,1.5865,3.4518
2893,5.8,12.0,0.0,1.9921,3.548
2894,3.6,5.0,0.0,1.2322,3.5382
2895,5.5,10.0,0.0,1.7923,3.409
2896,4.0,7.0,0.0,1.2955,3.4641
2897,4.9,7.0,0.0,1.5766,3.5022
2898,4.4,6.0,0.0,1.4428,3.3855
2899,3.3,5.0,0.0,1.1079,3.2634
2900,4.3,6.0,0.0,1.3519,3.3283
2901,4.5,7.0,0.0,1.4616,3.385
2902,4.3,6.0,0.0,1.3225,3.3531
2903,3.5,5.0,0.0,1.1786,3.461
2904,3.6,7.0,0.0,1.1857,3.2801
2905,3.8,6.0,0.0,1.249,3.3992
2906,4.0,8.0,0.0,1.3711,3.4734
2907,4.4,9.0,0.0,1.4955,3.3771
2908,3.5,4.0,0.0,1.1269,3.3718
2909,3.2,5.0,0.0,1.0757,3.3117
2910,3.7,5.0,0.0,1.2369,3.3765
2911,4.0,7.0,0.0,1.3159,3.35
2912,3.7,7.0,0.0,1.2714,3.2925
2913,3.3,7.0,0.0,1.1375,3.398
2914,2.9,4.0,0.0,0.9602,3.2635
2915,4.4,6.0,0.0,1.4429,3.3206
2916,3.8,8.0,0.0,1.2514,3.3499
2917,5.1,7.0,0.0,1.6286,3.6166
2918,5.1,8.0,0.0,1.6454,3.4581
2919,6.0,9.0,0.0,1.9188,3.4518
2920,6.3,14.0,0.0,2.1697,3.3458
2921,5.0,8.0,0.0,1.5893,3.4882
2922,5.1,7.0,0.0,1.6922,3.2608
2923,6.1,9.0,0.0,1.8728,3.4115
2924,5.6,8.0,0.0,1.7748,3.4106
2925,6.0,8.0,0.0,1.9564,3.2809
2926,7.3,10.0,0.0,2.3127,3.3586
2927,7.2,10.0,0.0,2.2472,3.5096
2928,5.7,8.0,0.0,1.7923,3.3844
2929,4.4,7.0,0.0,1.4146,3.2986
2930,5.9,10.0,0.0,1.8958,3.2558
2931,4.5,6.0,0.0,1.429,3.1771
2932,5.5,7.0,0.0,1.6636,3.2451
2933,4.7,8.0,0.0,1.5756,3.3865
2934,5.0,6.0,0.0,1.5918,3.4655
2935,4.3,6.0,0.0,1.3804,3.4043
2936,3.6,7.0,0.0,1.2,3.421
2937,3.9,5.0,0.0,1.3632,3.3673
2938,3.8,5.0,0.0,1.3014,3.3362
2939,4.2,6.0,0.0,1.4169,3.4496
2940,5.3,10.0,0.0,1.7578,3.3062
2941,4.3,11.0,0.0,1.593,3.3314
2942,5.0,10.0,0.0,1.6459,3.2414
2943,4.6,6.0,0.0,1.5133,3.3113
2944,4.7,7.0,0.0,1.48,3.3734
2945,4.5,8.0,0.0,1.4431,3.2956
2946,4.4,6.0,0.0,1.4089,3.3145
2947,4.3,8.0,0.0,1.4232,3.2746
2948,5.6,10.0,0.0,1.8359,3.3329
2949,3.9,6.0,0.0,1.3068,3.3056
2950,4.0,5.0,0.0,1.3454,3.3005
2951,4.2,5.0,0.0,1.3245,3.3716
2952,5.1,8.0,0.0,1.6651,3.3242
2953,4.0,8.0,0.0,1.3274,3.2897
2954,4.8,12.0,0.0,1.6869,3.3233
2955,4.8,8.0,0.0,1.6062,3.292
2956,5.7,8.0,0.0,1.7781,3.2941
2957,4.3,6.0,0.0,1.4276,3.2086
2958,3.6,6.0,0.0,1.2767,3.2133
2959,3.5,5.0,0.0,1.2403,3.2677
2960,3.5,5.0,0.0,1.1407,3.1857
2961,4.6,9.0,0.0,1.5652,3.2228
2962,3.6,6.0,0.0,1.2083,3.2275
2963,4.3,7.0,0.0,1.416,3.2651
2964,3.4,5.0,0.0,1.1314,3.2467
2965,3.0,3.0,0.0,0.9902,3.2413
2966,2.6,3.0,0.0,0.859,3.2293
2967,6.9,12.0,0.0,2.1312,3.3543
2968,5.2,9.0,0.0,1.6859,3.232
2969,4.8,8.0,0.0,1.6024,3.3991
2970,5.4,9.0,0.0,1.7612,3.3973
2971,4.5,6.0,0.0,1.3992,3.288
2972,5.8,9.0,0.0,1.8065,3.3755
2973,6.5,10.0,0.0,2.0467,3.3993
2974,6.6,9.0,0.0,2.0414,3.5823
2975,6.2,9.0,0.0,1.9944,3.509
2976,4.7,10.0,0.0,1.6583,3.4087
2977,4.5,8.0,0.0,1.5072,3.2496
2978,6.4,9.0,0.0,2.0401,3.3281
2979,4.9,8.0,0.0,1.6098,3.3857
2980,5.7,10.0,0.0,1.818,3.3227
2981,4.4,6.0,0.0,1.3991,3.543
2982,5.7,15.0,0.0,2.0168,3.4265
2983,4.5,6.0,0.0,1.5048,3.3087
2984,5.0,7.0,0.0,1.583,3.3298
2985,4.0,8.0,0.0,1.3115,3.2873
2986,4.3,5.0,0.0,1.4009,3.3966
2987,5.4,8.0,0.0,1.7453,3.4518
2988,3.2,4.0,0.0,1.0663,3.2817
2989,3.3,5.0,0.0,1.1098,3.2258
2990,4.8,7.0,0.0,1.5444,3.2803
2991,3.7,5.0,0.0,1.1687,3.2862
2992,4.0,7.0,0.0,1.3672,3.3195
2993,4.0,7.0,0.0,1.3212,3.2909
2994,5.5,9.0,0.0,1.8358,3.3961
2995,5.2,9.0,0.0,1.6792,3.3584
2996,4.2,12.0,0.0,1.5492,3.3537
2997,5.4,11.0,0.0,1.7628,3.377
2998,4.1,6.0,0.0,1.3863,3.315
2999,5.4,8.0,0.0,1.6934,3.3875
3000,3.8,6.0,0.0,1.2498,3.2548
3001,3.6,5.0,0.0,1.2247,3.3306
3002,4.1,7.0,0.0,1.3877,3.3391
3003,4.8,8.0,0.0,1.6006,3.3893
3004,4.5,7.0,0.0,1.4654,3.2356
3005,4.3,5.0,0.0,1.4235,3.3381
3006,6.2,14.0,0.0,2.0693,3.3783
3007,4.4,6.0,0.0,1.4755,3.4576
3008,4.5,7.0,0.0,1.4357,3.2898
3009,5.6,10.0,0.0,1.7988,3.3396
3010,4.2,6.0,0.0,1.3681,3.3387
3011,4.1,5.0,0.0,1.3425,3.4874
3012,4.1,7.0,0.0,1.3901,3.2769
3013,5.7,9.0,0.0,1.8996,3.2921
3014,3.5,5.0,0.0,1.1901,3.4104
3015,4.4,7.0,0.0,1.4098,3.402
3016,5.1,7.0,0.0,1.558,3.4424
3017,3.6,5.0,0.0,1.1958,3.4911
3018,5.0,8.0,0.0,1.6136,3.4819
3019,4.0,7.0,0.0,1.3415,3.571
3020,4.6,9.0,0.0,1.5534,3.5229
3021,3.7,7.0,0.0,1.2446,3.4986
3022,5.1,9.0,0.0,1.6239,3.4565
3023,5.0,7.0,0.0,1.5387,3.3625
3024,5.3,8.0,0.0,1.7217,3.3603
3025,5.2,8.0,0.0,1.6993,3.4464
3026,4.6,8.0,0.0,1.519,3.401
3027,4.1,6.0,0.0,1.3165,3.3954
3028,4.0,6.0,0.0,1.3644,3.3867
3029,5.4,7.0,0.0,1.7746,3.4832
3030,6.2,9.0,0.0,1.9743,3.5858
3031,5.6,8.0,0.0,1.7446,3.3663
3032,7.2,11.0,0.0,2.2284,3.4378
3033,6.8,9.0,0.0,2.1161,3.3588
3034,4.6,12.0,0.0,1.6673,3.2245
3035,5.0,8.0,0.0,1.6001,3.2687
3036,2.8,4.0,0.0,0.9759,3.3209
3037,3.4,5.0,0.0,1.1686,3.3892
3038,3.1,5.0,0.0,1.0363,3.3168
3039,4.2,6.0,0.0,1.3058,3.2555
3040,4.3,7.0,0.0,1.3748,3.1965
3041,3.9,9.0,0.0,1.341,3.2909
3042,3.8,5.0,0.0,1.2114,3.2007
3043,4.4,8.0,0.0,1.4741,3.156
3044,2.4,4.0,0.0,0.8306,3.1857
3045,4.0,6.0,0.0,1.309,3.1804
3046,2.9,4.0,0.0,1.0085,3.1494
3047,3.7,6.0,0.0,1.2935,3.1844
3048,3.8,5.0,0.0,1.206,3.1973
3049,3.4,5.0,0.0,1.1053,3.2368
3050,3.9,6.0,0.0,1.2845,3.1886
3051,4.0,6.0,0.0,1.3376,3.2212
3052,3.8,6.0,0.0,1.2285,3.3567
3053,4.7,8.0,0.0,1.4804,3.3077
3054,4.9,8.0,0.0,1.653,3.4029
3055,5.6,8.0,0.0,1.7448,3.334
3056,5.1,10.0,0.0,1.7302,3.4349
3057,4.5,6.0,0.0,1.4908,3.4105
3058,5.4,9.0,0.0,1.7503,3.5081
3059,6.0,8.0,0.0,1.829,3.6485
3060,6.7,10.0,0.0,2.1048,3.589
3061,6.1,9.0,0.0,1.8743,3.7746
3062,8.1,14.0,0.0,2.6287,3.8304
3063,6.4,11.0,0.0,2.1068,3.6896
3064,5.0,8.0,0.0,1.6328,3.3944
3065,6.1,11.0,0.0,1.9364,3.4289
3066,5.0,8.0,0.0,1.6523,3.3614
3067,5.4,9.0,0.0,1.6852,3.4183
3068,5.0,7.0,0.0,1.6091,3.3366
3069,4.7,8.0,0.0,1.5692,3.4301
3070,4.3,8.0,0.0,1.4393,3.3517
3071,4.5,7.0,0.0,1.458,3.3255
3072,4.3,7.0,0.0,1.4075,3.314
3073,4.6,6.0,0.0,1.5,3.2809
3074,5.0,10.0,0.0,1.6449,3.3837
3075,5.4,14.0,0.0,1.9151,3.423
3076,5.3,8.0,0.0,1.695,3.3259
3077,5.7,10.0,0.0,1.9343,3.2719
3078,5.9,10.0,0.0,1.8913,3.3903
3079,5.2,8.0,0.0,1.6756,3.325
3080,4.9,9.0,0.0,1.6509,3.3335
3081,5.1,7.0,0.0,1.6286,3.3119
3082,5.0,11.0,0.0,1.6763,3.2735
3083,3.3,5.0,0.0,1.0853,3.2457
3084,4.2,7.0,0.0,1.3932,3.2117
3085,3.2,5.0,0.0,1.0754,3.2356
3086,4.3,6.0,0.0,1.4007,3.2241
3087,3.7,6.0,0.0,1.2268,3.2363
3088,4.0,5.0,0.0,1.2417,3.2157
3089,5.1,7.0,0.0,1.5891,3.3269
3090,4.7,7.0,0.0,1.5251,3.2131
3091,5.5,7.0,0.0,1.7571,3.2824
3092,6.4,10.0,0.0,2.0755,3.3782
3093,6.5,11.0,0.0,2.1556,3.315
3094,5.4,8.0,0.0,1.7793,3.3138
3095,5.3,9.0,0.0,1.7837,3.2918
3096,4.0,5.0,0.0,1.3376,3.211
3097,5.1,9.0,0.0,1.6993,3.2824
3098,4.7,7.0,0.0,1.5341,3.2237
3099,3.5,5.0,0.0,1.1749,3.1903
3100,4.6,8.0,0.0,1.5088,3.2062
3101,4.5,7.0,0.0,1.449,3.213
3102,3.8,6.0,0.0,1.2798,3.2635
3103,4.0,6.0,0.0,1.2955,3.2842
3104,3.4,9.0,0.0,1.2748,3.2248
3105,4.2,6.0,0.0,1.3688,3.2451
3106,5.0,8.0,0.0,1.5911,3.3076
3107,3.6,5.0,0.0,1.2484,3.2671
3108,5.1,7.0,0.0,1.5861,3.2569
3109,4.3,7.0,0.0,1.3915,3.3048
3110,4.7,7.0,0.0,1.5037,3.2402
3111,3.5,5.0,0.0,1.183,3.2026
3112,4.2,6.0,0.0,1.3932,3.2296
3113,3.8,5.0,0.0,1.244,3.174
3114,3.9,5.0,0.0,1.3198,3.2379
3115,4.4,7.0,0.0,1.4495,3.2725
3116,4.6,8.0,0.0,1.5485,3.2073
3117,5.3,8.0,0.0,1.6806,3.2699
3118,3.8,6.0,0.0,1.2828,3.2057
3119,3.8,6.0,0.0,1.2845,3.2483
3120,4.6,6.0,0.0,1.395,3.2693
3121,6.5,12.0,0.0,2.0949,3.2898
3122,5.6,9.0,0.0,1.818,3.3223
3123,3.5,6.0,0.0,1.1365,3.2981
3124,4.3,7.0,0.0,1.371,3.2696
3125,4.8,10.0,0.0,1.6388,3.5081
3126,5.7,12.0,0.0,1.905,3.4073
3127,5.1,6.0,0.0,1.5741,3.4695
3128,5.7,8.0,0.0,1.8003,3.5097
3129,4.4,6.0,0.0,1.4051,3.4002
3130,3.9,5.0,0.0,1.2638,3.2529
3131,4.5,5.0,0.0,1.4358,3.5032
3132,5.0,6.0,0.0,1.651,3.2727
3133,4.1,7.0,0.0,1.3739,3.3742
3134,4.3,6.0,0.0,1.4036,3.2822
3135,4.0,7.0,0.0,1.3067,3.2533
3136,4.1,6.0,0.0,1.3556,3.2608
3137,4.3,7.0,0.0,1.4256,3.322
3138,4.4,9.0,0.0,1.5124,3.2435
3139,5.8,9.0,0.0,1.8567,3.402
3140,6.5,10.0,0.0,2.0512,3.4836
3141,5.0,10.0,0.0,1.6394,3.398
3142,6.6,13.0,0.0,2.178,3.2404
3143,5.5,9.0,0.0,1.8405,3.3528
3144,4.7,6.0,0.0,1.509,3.3748
3145,4.6,7.0,0.0,1.505,3.3853
3146,5.2,9.0,0.0,1.6423,3.3134
3147,4.2,5.0,0.0,1.3592,3.3206
3148,5.1,11.0,0.0,1.7047,3.2301
3149,3.2,6.0,0.0,1.0865,3.2045
3150,4.4,6.0,0.0,1.4253,3.2429
3151,4.1,6.0,0.0,1.3898,3.3945
3152,4.0,6.0,0.0,1.3883,3.3896
3153,5.5,9.0,0.0,1.7836,3.3275
3154,4.9,7.0,0.0,1.5525,3.264
3155,7.6,14.0,0.0,2.4252,3.3097
3156,5.9,8.0,0.0,1.8443,3.3699
3157,6.1,8.0,0.0,1.9339,3.4522
3158,5.7,8.0,0.0,1.8128,3.4807
3159,5.1,14.0,0.0,1.8368,3.2763
3160,4.7,10.0,0.0,1.6086,3.4159
3161,4.6,9.0,0.0,1.5,3.4219
3162,4.7,7.0,0.0,1.4945,3.453
3163,3.4,4.0,0.0,1.1779,3.3321
3164,5.5,9.0,0.0,1.7284,3.3368
3165,4.9,6.0,0.0,1.5726,3.3297
3166,5.0,8.0,0.0,1.6026,3.3296
3167,4.4,6.0,0.0,1.3759,3.2149
3168,5.0,6.0,0.0,1.6125,3.2028
3169,6.0,11.0,0.0,1.99,3.1514
3170,4.1,8.0,0.0,1.3601,3.2319
3171,3.9,7.0,0.0,1.2935,3.2128
3172,5.1,8.0,0.0,1.6523,3.1953
3173,3.9,6.0,0.0,1.304,3.1806
3174,3.5,6.0,0.0,1.2131,3.2087
3175,4.1,7.0,0.0,1.3253,3.288
3176,4.6,9.0,0.0,1.5708,3.2278
3177,4.1,10.0,0.0,1.4678,3.2413
3178,4.6,6.0,0.0,1.4239,3.3066
3179,5.3,11.0,0.0,1.7645,3.3124
3180,5.7,10.0,0.0,1.888,3.3166
3181,4.4,9.0,0.0,1.4635,3.2833
3182,4.6,10.0,0.0,1.5619,3.2472
3183,4.9,8.0,0.0,1.5943,3.2894
3184,6.1,10.0,0.0,1.8968,3.3257
3185,6.3,9.0,0.0,2.0302,3.343
3186,4.7,8.0,0.0,1.5387,3.312
3187,4.1,6.0,0.0,1.3666,3.2575
3188,5.1,8.0,0.0,1.6571,3.1362
3189,4.5,7.0,0.0,1.4511,3.223
3190,3.9,7.0,0.0,1.26,3.1678
3191,4.2,5.0,0.0,1.3834,3.3019
3192,4.0,5.0,0.0,1.2703,3.225
3193,4.9,9.0,0.0,1.6412,3.2481
3194,4.6,7.0,0.0,1.529,3.2006
3195,3.7,5.0,0.0,1.2382,3.2692
3196,4.6,8.0,0.0,1.5094,3.2463
3197,4.0,6.0,0.0,1.3877,3.2817
3198,4.7,10.0,0.0,1.5953,3.3563
3199,5.4,11.0,0.0,1.7457,3.525
3200,5.3,7.0,0.0,1.7441,3.4888
3201,5.2,8.0,0.0,1.6703,3.5571
3202,5.9,11.0,0.0,1.9394,3.3646
3203,4.1,7.0,0.0,1.3739,3.4619
3204,5.4,8.0,0.0,1.7514,3.3971
3205,4.3,7.0,0.0,1.3892,3.3197
3206,5.9,7.0,0.0,1.9082,3.3734
3207,5.0,7.0,0.0,1.5815,3.3243
3208,4.1,6.0,0.0,1.3805,3.2675
3209,5.0,7.0,0.0,1.6151,3.2992
3210,4.5,6.0,0.0,1.4527,3.319
3211,5.3,8.0,0.0,1.6953,3.3625
3212,5.6,8.0,0.0,1.7171,3.3406
3213,5.1,10.0,0.0,1.6925,3.3523
3214,3.5,5.0,0.0,1.246,3.3498
3215,5.2,8.0,0.0,1.6296,3.2978
3216,4.5,8.0,0.0,1.4722,3.2815
3217,4.8,7.0,0.0,1.574,3.2719
3218,3.6,5.0,0.0,1.183,3.3995
3219,4.2,6.0,0.0,1.3774,3.3006
3220,4.0,6.0,0.0,1.3165,3.2857
3221,4.3,5.0,0.0,1.3863,3.3768
3222,5.3,8.0,0.0,1.6624,3.2465
3223,4.5,7.0,0.0,1.4634,3.2588
3224,6.0,11.0,0.0,1.8765,3.2882
3225,4.4,7.0,0.0,1.4021,3.253
3226,4.5,6.0,0.0,1.3906,3.2412
3227,4.3,7.0,0.0,1.4009,3.2622
3228,4.1,9.0,0.0,1.4071,3.244
3229,4.2,6.0,0.0,1.3554,3.2214
3230,4.0,7.0,0.0,1.2997,3.2725
3231,4.1,7.0,0.0,1.296,3.2244
3232,4.0,8.0,0.0,1.2955,3.2656
3233,4.6,6.0,0.0,1.5474,3.2672
3234,4.5,9.0,0.0,1.4728,3.255
3235,5.0,9.0,0.0,1.5848,3.2975
3236,3.3,7.0,0.0,1.191,3.2351
3237,4.4,6.0,0.0,1.4668,3.2469
3238,4.3,6.0,0.0,1.4493,3.2742
3239,4.4,9.0,0.0,1.4586,3.3588
3240,3.7,5.0,0.0,1.1779,3.2617
3241,5.3,11.0,0.0,1.8072,3.2964
3242,4.1,7.0,0.0,1.3153,3.2597
3243,4.5,6.0,0.0,1.4239,3.2454
3244,3.8,8.0,0.0,1.3136,3.2172
3245,4.0,9.0,0.0,1.3698,3.2472
3246,4.0,6.0,0.0,1.299,3.2453
3247,3.5,5.0,0.0,1.1289,3.2725
3248,3.8,6.0,0.0,1.257,3.2905
3249,4.3,7.0,0.0,1.4213,3.2958
3250,4.6,10.0,0.0,1.5678,3.2936
3251,4.3,7.0,0.0,1.4144,3.2964
3252,3.5,6.0,0.0,1.1298,3.245
3253,3.0,7.0,0.0,1.055,3.2023
3254,4.0,6.0,0.0,1.3391,3.2301
3255,4.0,9.0,0.0,1.364,3.2532
3256,3.6,5.0,0.0,1.3153,3.2503
3257,4.4,6.0,0.0,1.3811,3.2742
3258,3.5,5.0,0.0,1.1549,3.2351
3259,5.1,8.0,0.0,1.711,3.2681
3260,4.2,8.0,0.0,1.3688,3.2464
3261,3.6,6.0,0.0,1.1832,3.2567
3262,3.8,6.0,0.0,1.2706,3.2657
3263,5.0,11.0,0.0,1.6655,3.2937
3264,3.8,5.0,0.0,1.2464,3.3992
3265,3.4,5.0,0.0,1.1198,3.3326
3266,4.2,6.0,0.0,1.3904,3.2508
3267,3.3,5.0,0.0,1.1011,3.2246
3268,4.0,7.0,0.0,1.3415,3.2536
3269,4.1,8.0,0.0,1.3519,3.3111
3270,4.1,6.0,0.0,1.3485,3.1367
3271,3.1,5.0,0.0,1.0585,3.1917
3272,5.3,12.0,0.0,1.8221,3.3004
3273,4.7,8.0,0.0,1.5627,3.259
3274,4.5,7.0,0.0,1.4731,3.2363
3275,6.1,18.0,0.0,2.2028,3.2855
3276,4.1,7.0,0.0,1.3304,3.2924
3277,5.7,8.0,0.0,1.7589,3.322
3278,2.9,5.0,0.0,0.9767,3.3011
3279,3.6,4.0,0.0,1.1529,3.2878
3280,4.4,8.0,0.0,1.4866,3.2913
3281,4.4,7.0,0.0,1.4177,3.2347
3282,3.9,6.0,0.0,1.2268,3.26
3283,3.9,5.0,0.0,1.3393,3.2642
3284,4.2,6.0,0.0,1.3491,3.3423
3285,3.7,6.0,0.0,1.2288,3.2378
3286,4.6,9.0,0.0,1.5081,3.2868
3287,4.1,8.0,0.0,1.4309,3.3
3288,3.9,6.0,0.0,1.2606,3.3149
3289,4.3,6.0,0.0,1.3921,3.4477
3290,4.7,7.0,0.0,1.5171,3.5247
3291,9.2,14.0,0.0,2.7906,3.6585
3292,6.8,11.0,0.0,2.1525,3.466
3293,7.5,15.0,0.0,2.5096,3.6543
3294,6.0,15.0,0.0,2.0321,3.3792
3295,5.0,8.0,0.0,1.5875,3.4183
3296,6.0,10.0,0.0,1.9105,3.2559
3297,5.4,8.0,0.0,1.7486,3.3168
3298,4.5,6.0,0.0,1.4146,3.2761
3299,4.8,8.0,0.0,1.5457,3.3152
3300,5.4,13.0,0.0,1.8322,3.2067
3301,4.1,6.0,0.0,1.3058,3.2994
3302,6.3,9.0,0.0,1.9911,3.4522
3303,7.0,10.0,0.0,2.2489,3.4109
3304,5.1,9.0,0.0,1.7103,3.4453
3305,6.0,8.0,0.0,1.8762,3.4139
3306,5.2,11.0,0.0,1.7497,3.4344
3307,5.1,6.0,0.0,1.6043,3.3918
3308,4.7,6.0,0.0,1.4741,3.4129
3309,4.6,8.0,0.0,1.5708,3.3032
3310,4.3,5.0,0.0,1.3754,3.2664
3311,5.4,7.0,0.0,1.7081,3.2802
3312,5.5,8.0,0.0,1.7349,3.2216
3313,4.4,8.0,0.0,1.4512,3.285
3314,4.3,8.0,0.0,1.3964,3.3909
3315,4.5,7.0,0.0,1.4986,3.1416
3316,3.8,6.0,0.0,1.2729,3.288
3317,3.9,8.0,0.0,1.3336,3.2489
3318,4.2,7.0,0.0,1.4146,3.2711
3319,3.7,6.0,0.0,1.2622,3.2402
3320,4.6,8.0,0.0,1.479,3.284
3321,3.7,5.0,0.0,1.2643,3.4595
3322,3.5,6.0,0.0,1.2408,3.4916
3323,4.3,9.0,0.0,1.4906,3.5364
3324,3.9,7.0,0.0,1.3349,3.5163
3325,3.9,5.0,0.0,1.2196,3.5181
3326,4.7,7.0,0.0,1.5143,3.497
3327,3.5,6.0,0.0,1.1632,3.6067
3328,4.3,6.0,0.0,1.3245,3.678
3329,4.7,6.0,0.0,1.4736,3.6575
3330,3.9,7.0,0.0,1.3379,3.6241
3331,4.8,6.0,0.0,1.4703,3.7554
3332,5.5,9.0,0.0,1.8224,3.6244
3333,4.8,6.0,0.0,1.4893,3.3614
3334,4.6,7.0,0.0,1.5124,3.4702
3335,6.0,8.0,0.0,1.8775,3.4659
3336,5.8,10.0,0.0,1.8946,3.4142
3337,4.9,7.0,0.0,1.5644,3.3694
3338,4.3,7.0,0.0,1.4387,3.4864
3339,4.6,7.0,0.0,1.4697,3.3829
3340,5.3,8.0,0.0,1.7217,3.3676
3341,3.9,4.0,0.0,1.2653,3.2621
3342,3.9,5.0,0.0,1.303,3.5427
3343,6.2,17.0,0.0,2.2243,3.661
3344,4.8,6.0,0.0,1.5628,3.6211
3345,7.4,10.0,0.0,2.2249,3.7921
3346,4.5,8.0,0.0,1.5005,3.6168
3347,5.2,8.0,0.0,1.6762,3.6734
3348,7.1,11.0,0.0,2.1767,3.6889
3349,6.5,13.0,0.0,2.1372,3.9421
3350,5.2,11.0,0.0,1.764,3.7289
3351,7.1,9.0,0.0,2.205,3.721
3352,4.9,7.0,0.0,1.5978,3.7076
3353,4.0,7.0,0.0,1.3672,3.5849
3354,4.3,5.0,0.0,1.4472,3.6192
3355,4.7,7.0,0.0,1.4483,3.7077
3356,5.3,8.0,0.0,1.6725,3.6796
3357,5.2,8.0,0.0,1.6844,3.5227
3358,4.8,7.0,0.0,1.5654,3.4072
3359,4.1,7.0,0.0,1.363,3.3867
3360,3.9,6.0,0.0,1.3046,3.3077
3361,4.6,7.0,0.0,1.4731,3.3714
3362,4.0,6.0,0.0,1.3645,3.4758
3363,5.5,14.0,0.0,1.9332,3.5071
3364,4.2,7.0,0.0,1.3784,3.5249
3365,3.6,6.0,0.0,1.1723,3.5914
3366,3.9,7.0,0.0,1.3704,3.5177
3367,4.5,10.0,0.0,1.5296,3.4698
3368,5.3,9.0,0.0,1.7657,3.5024
3369,4.7,6.0,0.0,1.5264,3.4471
3370,4.2,6.0,0.0,1.371,3.446
3371,4.6,8.0,0.0,1.4925,3.3894
3372,4.3,7.0,0.0,1.4629,3.5292
3373,5.8,12.0,0.0,1.9046,3.6126
3374,5.2,7.0,0.0,1.6953,3.6316
3375,4.5,6.0,0.0,1.44,3.7288
3376,4.1,6.0,0.0,1.3906,3.5209
3377,4.4,6.0,0.0,1.3848,3.3624
3378,3.6,6.0,0.0,1.2124,3.3561
3379,3.9,6.0,0.0,1.296,3.2841
3380,4.8,6.0,0.0,1.5145,3.4017
3381,4.3,7.0,0.0,1.4027,3.5252
3382,5.2,10.0,0.0,1.7138,3.393
3383,4.8,7.0,0.0,1.519,3.3643
3384,4.3,6.0,0.0,1.3855,3.3202
3385,4.5,12.0,0.0,1.6091,3.3421
3386,3.4,6.0,0.0,1.1389,3.3721
3387,4.4,7.0,0.0,1.4119,3.3197
3388,3.8,6.0,0.0,1.2689,3.2359
3389,2.9,5.0,0.0,0.961,3.2955
3390,4.1,6.0,0.0,1.3067,3.33
3391,4.3,7.0,0.0,1.4104,3.3421
3392,4.4,6.0,0.0,1.4663,3.2936
3393,2.7,3.0,0.0,0.9119,3.2494
3394,3.0,5.0,0.0,1.0356,3.3163
3395,3.4,7.0,0.0,1.1857,3.2717
3396,3.6,4.0,0.0,1.2159,3.1301
3397,3.0,6.0,0.0,1.0477,3.211
3398,3.8,5.0,0.0,1.2352,3.3296
3399,3.6,5.0,0.0,1.1563,3.3938
3400,3.0,4.0,0.0,1.0381,3.3471
3401,3.3,6.0,0.0,1.1146,3.2801
3402,3.3,8.0,0.0,1.1687,3.2576
3403,2.7,4.0,0.0,0.9404,3.2468
3404,2.6,3.0,0.0,0.9113,3.2454
3405,3.7,6.0,0.0,1.2779,3.201
3406,4.1,7.0,0.0,1.3791,3.2245
3407,2.9,4.0,0.0,0.9937,3.17
3408,4.3,7.0,0.0,1.4,3.2271
3409,3.5,5.0,0.0,1.134,3.1795
3410,2.6,4.0,0.0,0.8906,3.19
3411,4.1,7.0,0.0,1.3923,3.2539
3412,3.4,6.0,0.0,1.1552,3.2696
3413,4.0,6.0,0.0,1.2728,3.1542
3414,3.9,9.0,0.0,1.3058,3.3582
3415,4.3,8.0,0.0,1.4678,3.2701
3416,4.0,7.0,0.0,1.3265,3.3767
3417,4.7,7.0,0.0,1.482,3.2312
3418,4.2,6.0,0.0,1.4058,3.4218
3419,3.8,5.0,0.0,1.2792,3.4699
3420,4.5,7.0,0.0,1.5495,3.5298
3421,4.6,7.0,0.0,1.46,3.4095
3422,5.6,7.0,0.0,1.7397,3.4202
3423,4.6,6.0,0.0,1.5626,3.5596
3424,4.7,6.0,0.0,1.4798,3.537
3425,3.4,4.0,0.0,1.1871,3.5115
3426,4.3,8.0,0.0,1.4281,3.5103
3427,3.8,6.0,0.0,1.3572,3.5439
3428,5.7,12.0,0.0,1.9111,3.6017
3429,5.8,11.0,0.0,1.9259,3.6479
3430,6.4,9.0,0.0,1.9832,3.4679
3431,5.5,8.0,0.0,1.7082,3.4816
3432,5.7,8.0,0.0,1.8679,3.4586
3433,5.5,8.0,0.0,1.7407,3.5086
3434,4.2,8.0,0.0,1.3855,3.2844
3435,4.9,7.0,0.0,1.5638,3.3801
3436,5.3,8.0,0.0,1.7051,3.581
3437,4.9,7.0,0.0,1.6036,3.5905
3438,5.3,7.0,0.0,1.6768,3.3362
3439,3.1,5.0,0.0,1.0167,3.2604
3440,4.0,5.0,0.0,1.3073,3.4414
3441,4.6,7.0,0.0,1.4343,3.2848
3442,4.6,10.0,0.0,1.5387,3.2979
3443,3.5,5.0,0.0,1.1789,3.2633
3444,3.8,6.0,0.0,1.1901,3.2749
3445,3.7,7.0,0.0,1.1965,3.4854
3446,3.8,5.0,0.0,1.245,3.4478
3447,2.8,5.0,0.0,0.9775,3.3461
3448,3.9,7.0,0.0,1.2913,3.2428
3449,3.8,8.0,0.0,1.3349,3.2505
3450,3.1,5.0,0.0,1.0168,3.268
3451,3.2,4.0,0.0,1.0731,3.2743
3452,3.7,5.0,0.0,1.2369,3.2351
3453,5.0,7.0,0.0,1.6016,3.3301
3454,5.0,11.0,0.0,1.6515,3.2809
3455,5.7,11.0,0.0,1.8514,3.3743
3456,4.0,6.0,0.0,1.3421,3.3284
3457,3.9,5.0,0.0,1.3113,3.311
3458,3.8,5.0,0.0,1.2498,3.303
3459,4.0,5.0,0.0,1.2929,3.3563
3460,5.0,7.0,0.0,1.5843,3.3078
3461,5.0,11.0,0.0,1.6806,3.3763
3462,5.3,12.0,0.0,1.7764,3.1728
3463,4.6,8.0,0.0,1.5918,3.1916
3464,5.3,9.0,0.0,1.7263,3.334
3465,5.4,7.0,0.0,1.6915,3.3525
3466,6.4,9.0,0.0,2.0597,3.415
3467,5.2,7.0,0.0,1.6191,3.3788
3468,7.4,10.0,0.0,2.3085,3.5424
3469,4.6,6.0,0.0,1.4744,3.4998
3470,4.7,6.0,0.0,1.493,3.257
3471,3.7,7.0,0.0,1.2512,3.246
3472,3.9,8.0,0.0,1.2906,3.2105
3473,3.6,6.0,0.0,1.2088,3.2214
3474,3.0,3.0,0.0,0.9865,3.2575
3475,4.3,9.0,0.0,1.4449,3.2675
3476,4.5,7.0,0.0,1.4261,3.2727
3477,5.0,9.0,0.0,1.6286,3.2146
3478,4.5,6.0,0.0,1.4205,3.3386
3479,3.8,5.0,0.0,1.3115,3.3775
3480,4.7,6.0,0.0,1.5322,3.4415
3481,3.1,5.0,0.0,1.0471,3.3127
3482,5.5,9.0,0.0,1.7648,3.3121
3483,4.9,7.0,0.0,1.5978,3.3917
3484,3.9,6.0,0.0,1.252,3.3646
3485,5.2,7.0,0.0,1.6845,3.4244
3486,8.1,12.0,0.0,2.4739,3.7433
3487,7.5,10.0,0.0,2.3211,3.8822
3488,6.0,8.0,0.0,1.9824,3.5016
3489,5.1,7.0,0.0,1.6687,3.365
3490,4.3,7.0,0.0,1.4018,3.2976
3491,5.5,11.0,0.0,1.8117,3.2979
3492,5.2,7.0,0.0,1.7635,3.3949
3493,4.1,6.0,0.0,1.3921,3.3008
3494,3.6,10.0,0.0,1.3243,3.2634
3495,4.6,6.0,0.0,1.4728,3.3115
3496,4.5,6.0,0.0,1.5362,3.3574
3497,3.7,6.0,0.0,1.2706,3.3371
3498,3.1,6.0,0.0,1.0712,3.3689
3499,3.9,8.0,0.0,1.3961,3.3042
3500,4.4,6.0,0.0,1.4066,3.2677
3501,3.9,5.0,0.0,1.257,3.2492
3502,3.6,5.0,0.0,1.2236,3.2304
3503,4.3,7.0,0.0,1.4277,3.2441
3504,4.3,6.0,0.0,1.3718,3.4521
3505,5.3,13.0,0.0,1.8496,3.3803
3506,3.9,5.0,0.0,1.3116,3.3274
3507,5.1,10.0,0.0,1.7335,3.5159
3508,3.7,8.0,0.0,1.2792,3.3577
3509,3.5,6.0,0.0,1.1402,3.3954
3510,3.4,5.0,0.0,1.1649,3.4747
3511,3.5,6.0,0.0,1.2196,3.4284
3512,3.8,5.0,0.0,1.2268,3.3687
3513,4.2,5.0,0.0,1.4213,3.2223
3514,3.9,6.0,0.0,1.2981,3.2775
3515,4.8,8.0,0.0,1.5601,3.4781
3516,3.9,7.0,0.0,1.3143,3.3816
3517,4.7,8.0,0.0,1.5658,3.5054
3518,5.6,11.0,0.0,1.8061,3.3754
3519,4.9,11.0,0.0,1.6424,3.5664
3520,4.1,8.0,0.0,1.3937,3.4359
3521,3.9,7.0,0.0,1.3883,3.2866
3522,4.5,7.0,0.0,1.482,3.3737
3523,4.5,8.0,0.0,1.5,3.2341
3524,4.0,7.0,0.0,1.3551,3.3031
3525,5.7,11.0,0.0,1.8205,3.2482
3526,3.9,6.0,0.0,1.2937,3.2297
3527,3.5,5.0,0.0,1.15,3.2491
3528,4.6,7.0,0.0,1.4973,3.2407
3529,3.8,6.0,0.0,1.2685,3.2355
3530,3.7,5.0,0.0,1.2246,3.2294
3531,3.2,4.0,0.0,1.0775,3.4436
3532,4.4,7.0,0.0,1.4429,3.2477
3533,4.6,8.0,0.0,1.523,3.2276
3534,4.4,8.0,0.0,1.4858,3.1968
3535,4.1,5.0,0.0,1.3774,3.2197
3536,3.1,5.0,0.0,1.0137,3.1871
3537,5.7,10.0,0.0,1.8314,3.1596
3538,4.1,6.0,0.0,1.3467,3.2428
3539,3.9,5.0,0.0,1.2859,3.1954
3540,3.6,5.0,0.0,1.2488,3.1979
3541,4.4,7.0,0.0,1.4326,3.2924
3542,4.3,7.0,0.0,1.4245,3.2183
3543,3.6,8.0,0.0,1.2432,3.2309
3544,2.5,4.0,0.0,0.8928,3.2011
3545,3.8,8.0,0.0,1.3,3.2196
3546,3.1,5.0,0.0,1.0557,3.2729
3547,3.4,6.0,0.0,1.1522,3.2371
3548,3.6,7.0,0.0,1.2387,3.4495
3549,3.9,9.0,0.0,1.3295,3.314
3550,3.3,5.0,0.0,1.1072,3.4071
3551,4.0,6.0,0.0,1.2679,3.403
3552,3.3,6.0,0.0,1.1424,3.3113
3553,4.8,8.0,0.0,1.5683,3.3653
3554,4.0,7.0,0.0,1.3336,3.3294
3555,4.6,7.0,0.0,1.4878,3.2717
3556,4.8,8.0,0.0,1.5772,3.2912
3557,3.3,4.0,0.0,1.0927,3.2633
3558,3.9,11.0,0.0,1.433,3.3317
3559,3.6,5.0,0.0,1.1803,3.2866
3560,5.0,9.0,0.0,1.6315,3.3465
3561,5.9,15.0,0.0,2.0524,3.4201
3562,6.7,12.0,0.0,2.1849,3.5786
3563,7.5,14.0,0.0,2.3837,3.5319
3564,7.9,21.0,0.0,2.7589,3.6068
3565,5.0,8.0,0.0,1.6111,3.5597
3566,6.4,10.0,0.0,2.0401,3.5301
3567,5.1,15.0,0.0,1.8979,3.4805
3568,5.6,11.0,0.0,1.8713,3.5511
3569,4.1,8.0,0.0,1.3492,3.5375
3570,5.6,12.0,0.0,1.8459,3.4855
3571,4.1,5.0,0.0,1.296,3.4328
3572,5.6,8.0,0.0,1.7676,3.6135
3573,6.2,9.0,0.0,1.9307,3.4493
3574,5.6,8.0,0.0,1.7909,3.4209
3575,5.3,7.0,0.0,1.7235,3.3515
3576,6.1,10.0,0.0,1.9802,3.3876
3577,6.0,10.0,0.0,1.9435,3.4184
3578,4.0,7.0,0.0,1.4118,3.3546
3579,5.8,9.0,0.0,1.7806,3.087
3580,5.1,8.0,0.0,1.6253,3.0986
3581,5.0,10.0,0.0,1.6515,3.022
3582,4.8,11.0,0.0,1.6454,3.0518
3583,5.5,8.0,0.0,1.7804,3.0873
3584,6.4,11.0,0.0,2.0806,3.0508
3585,3.6,5.0,0.0,1.1732,3.0324
3586,3.7,7.0,0.0,1.2449,3.0545
3587,4.2,6.0,0.0,1.3817,3.1116
3588,4.8,7.0,0.0,1.5684,3.147
3589,5.0,13.0,0.0,1.8388,3.1334
3590,4.0,6.0,0.0,1.3115,3.0603
3591,4.3,7.0,0.0,1.3947,3.1028
3592,4.3,6.0,0.0,1.4634,3.0785
3593,4.7,9.0,0.0,1.5906,3.0949
3594,5.1,7.0,0.0,1.6454,3.0904
3595,4.7,6.0,0.0,1.4796,3.1105
3596,5.0,7.0,0.0,1.65,3.1941
3597,4.1,6.0,0.0,1.326,3.1106
3598,4.8,8.0,0.0,1.5708,3.0836
3599,5.3,9.0,0.0,1.7521,3.1012
3600,3.9,6.0,0.0,1.2679,3.0184
3601,4.6,6.0,0.0,1.4866,3.0574
3602,3.9,5.0,0.0,1.2891,3.0439
3603,3.9,5.0,0.0,1.2561,3.0255
3604,5.2,12.0,0.0,1.7704,3.0632
3605,3.6,6.0,0.0,1.178,3.0403
3606,4.1,6.0,0.0,1.3681,3.0465
3607,5.2,8.0,0.0,1.6993,3.0668
3608,4.0,8.0,0.0,1.3618,3.0727
3609,5.3,7.0,0.0,1.714,3.0784
3610,4.4,7.0,0.0,1.4596,3.0505
3611,6.0,8.0,0.0,1.8333,3.0657
3612,5.0,8.0,0.0,1.6462,3.1017
3613,6.1,7.0,0.0,1.9113,3.0885
3614,5.3,9.0,0.0,1.6964,3.072
3615,5.6,10.0,0.0,1.8288,3.165
3616,6.6,14.0,0.0,2.2472,3.2072
3617,5.1,10.0,0.0,1.7691,3.1286
3618,5.1,7.0,0.0,1.5843,3.227
3619,6.5,9.0,0.0,2.0292,3.2093
3620,6.8,11.0,0.0,2.1517,3.3318
3621,5.9,9.0,0.0,1.9006,3.3066
3622,5.8,11.0,0.0,1.9385,3.2258
3623,7.4,13.0,0.0,2.3734,3.3782
3624,5.1,7.0,0.0,1.6253,3.2092
3625,5.1,9.0,0.0,1.707,3.1123
3626,5.4,9.0,0.0,1.7066,3.2526
3627,5.1,8.0,0.0,1.6824,3.2428
3628,6.6,14.0,0.0,2.1849,3.1909
3629,4.0,6.0,0.0,1.3877,3.1824
3630,3.2,4.0,0.0,1.0421,3.1585
3631,4.1,8.0,0.0,1.4035,3.1567
3632,5.1,8.0,0.0,1.6608,3.2886
3633,4.3,6.0,0.0,1.456,3.1577
3634,6.3,10.0,0.0,1.9534,3.4601
3635,6.1,9.0,0.0,1.9843,3.305
3636,6.4,9.0,0.0,1.9849,3.2855
3637,7.3,12.0,0.0,2.2573,3.3703
3638,4.0,6.0,0.0,1.3295,3.3431
3639,4.8,10.0,0.0,1.6217,3.1739
3640,5.3,11.0,0.0,1.7611,3.2527
3641,3.9,5.0,0.0,1.296,3.2881
3642,4.7,8.0,0.0,1.5103,3.336
3643,5.6,11.0,0.0,1.9281,3.3166
3644,4.7,7.0,0.0,1.5159,3.3077
3645,4.1,6.0,0.0,1.3565,3.3691
3646,4.6,6.0,0.0,1.5119,3.4374
3647,4.1,8.0,0.0,1.3833,3.3022
3648,3.7,7.0,0.0,1.2649,3.1261
3649,4.6,7.0,0.0,1.4703,3.0504
3650,4.2,7.0,0.0,1.4205,3.2239
3651,4.5,6.0,0.0,1.4743,3.3764
3652,5.2,7.0,0.0,1.6857,3.3729
3653,3.6,7.0,0.0,1.2074,3.3004
3654,4.1,5.0,0.0,1.3266,3.2588
3655,3.9,7.0,0.0,1.2997,3.3287
3656,3.6,5.0,0.0,1.1856,3.3984
3657,4.8,10.0,0.0,1.6629,3.2029
3658,4.9,7.0,0.0,1.5407,3.257
3659,4.8,11.0,0.0,1.6165,3.2107
3660,3.7,5.0,0.0,1.2306,3.354
3661,5.8,10.0,0.0,1.8858,3.1887
3662,4.4,7.0,0.0,1.4498,3.3248
3663,3.9,5.0,0.0,1.2913,3.1933
3664,6.1,10.0,0.0,1.9134,3.2046
3665,4.7,6.0,0.0,1.5053,3.1563
3666,4.6,7.0,0.0,1.537,3.1964
3667,4.3,6.0,0.0,1.4018,3.331
3668,3.7,5.0,0.0,1.2349,3.3782
3669,5.4,8.0,0.0,1.7322,3.3932
3670,6.4,11.0,0.0,2.1227,3.4295
3671,4.6,7.0,0.0,1.5212,3.3857
3672,5.3,8.0,0.0,1.6806,3.3986
3673,5.2,7.0,0.0,1.6011,3.6018
3674,5.8,7.0,0.0,1.8134,3.4289
3675,4.6,6.0,0.0,1.5048,3.1425
3676,4.4,7.0,0.0,1.4302,3.1676
3677,4.2,8.0,0.0,1.3915,3.103
3678,4.0,5.0,0.0,1.3185,3.075
3679,4.9,10.0,0.0,1.6508,3.1287
3680,3.7,5.0,0.0,1.2074,3.1301
3681,3.9,5.0,0.0,1.2913,3.114
3682,4.6,7.0,0.0,1.4992,3.1252
3683,5.0,7.0,0.0,1.6053,3.1249
3684,5.1,7.0,0.0,1.6064,3.1391
3685,6.1,9.0,0.0,1.9048,3.132
3686,5.8,10.0,0.0,1.8459,3.1228
3687,4.3,8.0,0.0,1.4331,3.1567
3688,4.9,8.0,0.0,1.6018,3.1041
3689,4.2,6.0,0.0,1.3351,3.0581
3690,3.6,6.0,0.0,1.1975,3.0764
3691,3.7,6.0,0.0,1.2688,3.1002
3692,4.1,7.0,0.0,1.3361,2.9987
3693,4.2,8.0,0.0,1.4078,3.0226
3694,4.1,6.0,0.0,1.337,2.9927
3695,3.0,6.0,0.0,1.0805,3.0041
3696,3.8,6.0,0.0,1.2278,3.0131
3697,3.8,7.0,0.0,1.2352,3.038
3698,4.5,7.0,0.0,1.4668,3.084
3699,3.2,6.0,0.0,1.0956,3.0372
3700,3.3,5.0,0.0,1.0742,3.0254
3701,3.8,6.0,0.0,1.2233,3.0578
3702,3.8,5.0,0.0,1.2384,3.0435
3703,4.1,8.0,0.0,1.3705,3.1072
3704,3.8,5.0,0.0,1.2241,3.0848
3705,4.7,6.0,0.0,1.5119,3.0618
3706,3.9,6.0,0.0,1.2878,3.082
3707,4.9,8.0,0.0,1.6584,3.0976
3708,4.1,5.0,0.0,1.3058,3.0737
3709,4.6,6.0,0.0,1.4649,3.0874
3710,4.2,6.0,0.0,1.3565,3.0385
3711,4.5,8.0,0.0,1.4701,3.0724
3712,4.0,5.0,0.0,1.3544,3.0403
3713,4.2,6.0,0.0,1.3061,3.049
3714,4.3,8.0,0.0,1.4566,3.0307
3715,3.9,6.0,0.0,1.2878,3.0169
3716,4.8,7.0,0.0,1.4992,3.0456
3717,3.2,4.0,0.0,1.1079,3.0444
3718,4.4,9.0,0.0,1.4866,3.0234
3719,4.3,6.0,0.0,1.3704,3.0443
3720,4.9,6.0,0.0,1.5678,3.0325
3721,4.0,6.0,0.0,1.3559,3.0225
3722,3.7,6.0,0.0,1.1954,3.0109
3723,3.7,7.0,0.0,1.2482,3.0204
3724,5.1,6.0,0.0,1.6271,3.0601
3725,4.5,8.0,0.0,1.5351,3.0376
3726,5.0,8.0,0.0,1.6103,3.0365
3727,3.8,5.0,0.0,1.2206,3.0413
3728,4.8,7.0,0.0,1.5058,3.0696
3729,3.4,6.0,0.0,1.1548,3.0553
3730,3.8,5.0,0.0,1.2083,3.0343
3731,3.6,6.0,0.0,1.1529,3.0781
3732,4.4,6.0,0.0,1.4149,3.034
3733,3.7,6.0,0.0,1.2157,3.0532
3734,5.6,11.0,0.0,1.8477,3.0446
3735,3.4,4.0,0.0,1.179,3.0088
3736,4.4,9.0,0.0,1.4906,3.0203
3737,3.5,6.0,0.0,1.2207,2.9868
3738,4.3,7.0,0.0,1.3883,3.0069
3739,3.8,6.0,0.0,1.2669,3.0207
3740,3.8,6.0,0.0,1.233,2.9908
3741,4.4,7.0,0.0,1.4586,3.0265
3742,3.9,6.0,0.0,1.3225,3.0188
3743,3.5,5.0,0.0,1.1315,3.0522
3744,3.5,6.0,0.0,1.1805,2.9998
3745,4.4,8.0,0.0,1.4214,3.0125
3746,3.5,5.0,0.0,1.166,3.0294
3747,3.2,7.0,0.0,1.0954,3.029
3748,4.0,6.0,0.0,1.3119,3.0309
3749,4.6,8.0,0.0,1.4784,3.0464
3750,4.2,6.0,0.0,1.3328,3.0156
3751,3.4,5.0,0.0,1.1314,3.0469
3752,4.3,5.0,0.0,1.3955,3.0393
3753,4.5,6.0,0.0,1.4018,3.016
3754,3.3,6.0,0.0,1.1236,2.9735
3755,3.7,5.0,0.0,1.2314,2.9865
3756,3.8,6.0,0.0,1.2732,2.9874
3757,3.8,5.0,0.0,1.2606,2.9964
3758,3.1,4.0,0.0,1.0282,3.0121
3759,3.8,7.0,0.0,1.2408,3.0195
3760,4.9,9.0,0.0,1.6643,3.0447
3761,3.1,4.0,0.0,1.0266,3.0048
3762,4.4,11.0,0.0,1.5708,3.033
3763,4.4,11.0,0.0,1.5743,3.0255
3764,4.3,7.0,0.0,1.4284,3.0212
3765,3.3,6.0,0.0,1.1453,3.0002
3766,3.6,5.0,0.0,1.2151,2.9944
3767,4.2,7.0,0.0,1.3444,3.0045
3768,4.0,5.0,0.0,1.2748,3.0205
3769,4.5,8.0,0.0,1.5166,3.0195
3770,4.2,8.0,0.0,1.4135,3.0203
3771,3.8,5.0,0.0,1.2798,3.0229
3772,3.5,4.0,0.0,1.1973,3.044
3773,3.8,6.0,0.0,1.2207,3.0266
3774,4.2,5.0,0.0,1.3666,3.0572
3775,3.9,5.0,0.0,1.2878,3.0254
3776,4.1,6.0,0.0,1.3744,3.0462
3777,3.4,5.0,0.0,1.111,3.034
3778,3.5,5.0,0.0,1.1948,3.0409
3779,4.3,7.0,0.0,1.4309,3.0575
3780,4.0,6.0,0.0,1.3058,3.0397
3781,5.2,13.0,0.0,1.8257,3.0537
3782,4.9,9.0,0.0,1.631,3.0329
3783,4.2,6.0,0.0,1.3363,3.0234
3784,3.4,5.0,0.0,1.1319,3.0034
3785,4.0,7.0,0.0,1.3598,2.9772
3786,3.7,7.0,0.0,1.2233,3.0124
3787,4.2,5.0,0.0,1.4211,3.0319
3788,3.1,4.0,0.0,1.0554,2.997
3789,3.8,6.0,0.0,1.2826,2.9978
3790,3.4,4.0,0.0,1.1314,3.002
3791,3.2,7.0,0.0,1.1251,3.0154
3792,4.9,9.0,0.0,1.5811,3.0254
3793,3.6,6.0,0.0,1.1805,2.9923
3794,3.7,5.0,0.0,1.1924,3.0126
3795,5.9,11.0,0.0,1.9299,3.0646
3796,3.4,5.0,0.0,1.1511,3.0795
3797,3.8,6.0,0.0,1.2074,3.0358
3798,4.4,6.0,0.0,1.4193,3.0394
3799,4.2,8.0,0.0,1.4193,3.058
3800,5.1,11.0,0.0,1.8182,3.0586
3801,5.2,8.0,0.0,1.6796,3.0408
3802,4.4,6.0,0.0,1.437,3.0269
3803,3.7,5.0,0.0,1.1908,3.0101
3804,4.4,8.0,0.0,1.504,3.036
3805,4.0,7.0,0.0,1.2685,3.0183
3806,3.4,5.0,0.0,1.1315,3.0286
3807,4.8,7.0,0.0,1.5835,3.0388
3808,5.0,9.0,0.0,1.6062,3.07
3809,3.8,6.0,0.0,1.2239,3.0561
3810,4.1,6.0,0.0,1.3467,3.0224
3811,4.0,5.0,0.0,1.2913,3.0186
3812,3.9,5.0,0.0,1.2767,3.0563
3813,3.7,6.0,0.0,1.252,3.06
3814,3.8,13.0,0.0,1.5322,2.9989
3815,4.2,8.0,0.0,1.3875,3.0399
3816,3.9,6.0,0.0,1.3225,3.013
3817,2.9,4.0,0.0,0.9965,3.003
3818,3.5,7.0,0.0,1.2002,3.0256
3819,4.2,9.0,0.0,1.4379,3.0246
3820,3.8,6.0,0.0,1.2369,3.0644
3821,4.9,11.0,0.0,1.6636,3.0282
3822,4.0,7.0,0.0,1.3198,3.0324
3823,4.1,8.0,0.0,1.4149,3.0427
3824,4.9,6.0,0.0,1.504,3.0269
3825,4.0,5.0,0.0,1.2922,3.0019
3826,3.9,6.0,0.0,1.2526,3.0127
3827,3.2,5.0,0.0,1.0781,3.001
3828,2.6,4.0,0.0,0.8986,2.9922
3829,3.7,6.0,0.0,1.2249,3.0429
3830,4.0,6.0,0.0,1.3185,3.0138
3831,4.7,7.0,0.0,1.537,3.08
3832,4.0,7.0,0.0,1.337,3.0634
3833,3.7,7.0,0.0,1.2922,3.0699
3834,4.6,9.0,0.0,1.5721,3.0616
3835,2.8,5.0,0.0,0.9734,3.0045
3836,3.6,7.0,0.0,1.1864,3.0455
3837,4.2,8.0,0.0,1.3883,3.0709
3838,4.2,6.0,0.0,1.3421,3.0613
3839,3.1,6.0,0.0,1.089,3.0447
3840,4.0,6.0,0.0,1.3791,3.1402
3841,3.2,5.0,0.0,1.0805,3.1058
3842,4.2,6.0,0.0,1.4387,3.1577
3843,5.2,9.0,0.0,1.7372,3.1079
3844,4.4,7.0,0.0,1.3892,3.0929
3845,5.4,11.0,0.0,1.7915,3.1224
3846,5.2,8.0,0.0,1.7217,3.1285
3847,5.5,7.0,0.0,1.7658,3.1554
3848,6.8,12.0,0.0,2.1423,3.1935
3849,6.8,11.0,0.0,2.1499,3.3212
3850,7.8,14.0,0.0,2.4799,3.2549
3851,4.5,6.0,0.0,1.4412,3.2344
3852,3.5,5.0,0.0,1.253,3.1394
3853,5.9,7.0,0.0,1.8488,3.2108
3854,5.5,15.0,0.0,1.9881,3.265
3855,5.8,9.0,0.0,1.8985,3.3058
3856,4.7,8.0,0.0,1.5387,3.1589
3857,5.6,8.0,0.0,1.8014,3.3687
3858,5.4,8.0,0.0,1.7797,3.2577
3859,5.8,10.0,0.0,1.8557,3.1816
3860,6.5,10.0,0.0,2.0503,3.2463
3861,4.8,6.0,0.0,1.5246,3.2589
3862,4.9,10.0,0.0,1.6497,3.156
3863,4.6,7.0,0.0,1.5092,3.107
3864,4.6,8.0,0.0,1.5146,3.0912
3865,4.9,8.0,0.0,1.5791,3.0363
3866,4.5,6.0,0.0,1.4836,3.1212
3867,5.1,8.0,0.0,1.6376,3.0752
3868,5.0,8.0,0.0,1.6143,3.11
3869,4.7,7.0,0.0,1.5067,3.142
3870,4.1,5.0,0.0,1.2983,3.0741
3871,4.6,7.0,0.0,1.4992,3.0716
3872,4.2,6.0,0.0,1.3686,3.0823
3873,4.1,6.0,0.0,1.3058,3.0847
3874,3.1,6.0,0.0,1.1032,3.041
3875,5.1,9.0,0.0,1.6165,3.0969
3876,3.7,5.0,0.0,1.2395,3.1025
3877,5.6,7.0,0.0,1.764,3.1933
3878,5.5,7.0,0.0,1.7676,3.3739
3879,5.8,8.0,0.0,1.8121,3.4199
3880,4.4,6.0,0.0,1.4714,3.3645
3881,4.3,6.0,0.0,1.3934,3.2578
3882,5.9,9.0,0.0,1.8978,3.2801
3883,5.2,7.0,0.0,1.583,3.1823
3884,5.0,7.0,0.0,1.6165,3.1418
3885,4.9,7.0,0.0,1.4771,3.0719
3886,5.0,11.0,0.0,1.6889,3.1355
3887,4.8,6.0,0.0,1.4744,3.1192
3888,4.4,6.0,0.0,1.3856,3.0905
3889,4.6,10.0,0.0,1.6098,3.0796
3890,4.4,6.0,0.0,1.4149,3.0267
3891,4.6,7.0,0.0,1.4881,3.0621
3892,4.2,7.0,0.0,1.3637,3.0559
3893,4.5,6.0,0.0,1.5272,3.091
3894,6.7,11.0,0.0,2.096,3.0646
3895,4.8,10.0,0.0,1.6186,3.0377
3896,4.3,6.0,0.0,1.4343,3.0673
3897,4.9,8.0,0.0,1.5708,3.1025
3898,5.1,10.0,0.0,1.7338,3.0637
3899,4.5,7.0,0.0,1.4948,3.0486
3900,4.3,6.0,0.0,1.3689,3.0988
3901,4.4,9.0,0.0,1.4831,3.0738
3902,2.9,4.0,0.0,1.0065,3.0445
3903,3.5,5.0,0.0,1.1402,3.0286
3904,4.5,7.0,0.0,1.479,3.03
3905,4.4,8.0,0.0,1.4448,3.0266
3906,4.3,8.0,0.0,1.4595,3.02
3907,4.2,7.0,0.0,1.3732,3.082
3908,5.2,10.0,0.0,1.6915,3.0548
3909,3.7,6.0,0.0,1.2058,3.0241
3910,4.8,7.0,0.0,1.5551,3.0864
3911,4.3,8.0,0.0,1.4539,3.079
3912,4.4,6.0,0.0,1.4021,3.1173
3913,3.4,6.0,0.0,1.1948,3.033
3914,4.3,8.0,0.0,1.4283,3.0325
3915,4.3,9.0,0.0,1.4649,3.0967
3916,4.3,7.0,0.0,1.419,3.0788
3917,4.7,13.0,0.0,1.7289,3.092
3918,5.9,8.0,0.0,1.9158,3.2257
3919,5.8,8.0,0.0,1.8511,3.1252
3920,7.6,16.0,0.0,2.4687,3.352
3921,5.8,10.0,0.0,1.8722,3.2599
3922,6.7,12.0,0.0,2.116,3.2949
3923,5.7,11.0,0.0,1.9195,3.1998
3924,6.7,17.0,0.0,2.4062,3.2592
3925,6.7,14.0,0.0,2.222,3.2885
3926,7.2,15.0,0.0,2.4054,3.3597
3927,7.1,16.0,0.0,2.4034,3.2795
3928,7.9,15.0,0.0,2.6409,3.2318
3929,6.3,11.0,0.0,2.095,3.1747
3930,5.0,6.0,0.0,1.6125,3.1289
3931,5.6,8.0,0.0,1.8123,3.2223
3932,3.9,7.0,0.0,1.3032,3.1115
3933,5.8,12.0,0.0,1.9462,3.2656
3934,5.0,7.0,0.0,1.6606,3.1065
3935,5.0,9.0,0.0,1.6179,3.1445
3936,5.7,8.0,0.0,1.8498,3.1152
3937,5.0,8.0,0.0,1.6775,3.1177
3938,5.6,7.0,0.0,1.8065,3.0958
3939,4.0,5.0,0.0,1.2726,3.0701
3940,3.3,4.0,0.0,1.0744,3.0588
3941,4.8,7.0,0.0,1.5684,3.1412
3942,4.2,6.0,0.0,1.3892,3.0537
3943,5.1,10.0,0.0,1.6836,3.1378
3944,5.1,7.0,0.0,1.634,3.189
3945,5.5,9.0,0.0,1.8076,3.1189
3946,5.2,11.0,0.0,1.7901,3.1078
3947,6.1,13.0,0.0,2.1096,3.1284
3948,4.0,6.0,0.0,1.3225,3.1213
3949,5.5,10.0,0.0,1.7792,3.216
3950,4.1,6.0,0.0,1.3698,3.1319
3951,4.5,8.0,0.0,1.4539,3.1752
3952,4.9,8.0,0.0,1.6106,3.1975
3953,4.8,7.0,0.0,1.5276,3.12
3954,4.8,8.0,0.0,1.6227,3.1184
3955,5.9,8.0,0.0,1.8894,3.1512
3956,5.1,7.0,0.0,1.6192,3.1506
3957,4.8,8.0,0.0,1.5329,3.1563
3958,4.3,6.0,0.0,1.4047,3.1642
3959,3.6,5.0,0.0,1.2252,3.1289
3960,5.3,10.0,0.0,1.7475,3.1246
3961,6.5,13.0,0.0,2.1597,3.2041
3962,5.2,8.0,0.0,1.6148,3.2985
3963,6.1,8.0,0.0,1.9892,3.3316
3964,7.6,15.0,0.0,2.4928,3.394
3965,7.4,10.0,0.0,2.3733,3.4847
3966,7.3,12.0,0.0,2.3818,3.5119
3967,6.2,13.0,0.0,2.0885,3.3621
3968,7.5,11.0,0.0,2.3795,3.3619
3969,6.4,10.0,0.0,2.1858,3.3124
3970,6.3,13.0,0.0,2.0999,3.2328
3971,5.2,8.0,0.0,1.7284,3.1913
3972,5.2,7.0,0.0,1.6929,3.1306
3973,5.0,7.0,0.0,1.6103,3.2538
3974,5.7,8.0,0.0,1.8775,3.1152
3975,5.2,7.0,0.0,1.653,3.0698
3976,3.8,6.0,0.0,1.2446,3.0876
3977,3.5,5.0,0.0,1.1655,3.0711
3978,3.2,5.0,0.0,1.0757,3.075
3979,4.3,8.0,0.0,1.4448,3.0688
3980,4.7,9.0,0.0,1.5196,3.1081
3981,4.1,5.0,0.0,1.3318,3.0707
3982,3.5,7.0,0.0,1.1667,3.0976
3983,3.9,8.0,0.0,1.393,3.1207
3984,4.0,5.0,0.0,1.3301,3.2417
3985,4.7,8.0,0.0,1.6006,3.1471
3986,4.4,14.0,0.0,1.6938,3.1735
3987,5.1,8.0,0.0,1.6492,3.3052
3988,4.8,8.0,0.0,1.558,3.2882
3989,5.3,9.0,0.0,1.7587,3.2038
3990,5.8,13.0,0.0,2.0025,3.2704
3991,6.5,12.0,0.0,2.1499,3.3535
3992,5.8,10.0,0.0,1.8617,3.2678
3993,4.0,5.0,0.0,1.386,3.2316
3994,5.9,9.0,0.0,1.8993,3.4178
3995,5.9,11.0,0.0,1.9021,3.3334
3996,6.1,10.0,0.0,1.9358,3.2529
3997,4.2,8.0,0.0,1.4495,3.2358
3998,5.6,12.0,0.0,1.8835,3.337
3999,4.6,9.0,0.0,1.5647,3.2058
4000,5.6,11.0,0.0,1.8235,3.2245
4001,5.2,7.0,0.0,1.7268,3.2211
4002,5.7,14.0,0.0,1.929,3.1679
4003,4.1,6.0,0.0,1.3498,3.1343
4004,3.8,6.0,0.0,1.2352,3.112
4005,4.1,8.0,0.0,1.3992,3.1808
4006,5.1,8.0,0.0,1.6357,3.3756
4007,5.7,10.0,0.0,1.8353,3.3233
4008,4.3,6.0,0.0,1.3848,3.3707
4009,5.5,8.0,0.0,1.7507,3.4058
4010,5.6,11.0,0.0,1.7861,3.2376
4011,5.3,11.0,0.0,1.711,3.1851
4012,4.8,6.0,0.0,1.5305,3.2697
4013,6.0,11.0,0.0,1.9671,3.4539
4014,5.0,6.0,0.0,1.6475,3.4369
4015,3.5,5.0,0.0,1.1856,3.1007
4016,5.5,11.0,0.0,1.8388,3.3418
4017,6.4,12.0,0.0,2.096,3.3276
4018,4.6,6.0,0.0,1.4753,3.1667
4019,4.1,5.0,0.0,1.3167,3.192
4020,4.3,10.0,0.0,1.5366,3.0981
4021,3.5,5.0,0.0,1.1705,3.1716
4022,3.6,7.0,0.0,1.244,3.1223
4023,4.0,8.0,0.0,1.3453,3.2565
4024,4.5,6.0,0.0,1.5166,3.362
4025,3.7,7.0,0.0,1.252,3.2286
4026,3.8,6.0,0.0,1.272,3.2428
4027,4.3,6.0,0.0,1.4141,3.3201
4028,4.7,8.0,0.0,1.5066,3.2591
4029,3.8,5.0,0.0,1.2643,3.0924
4030,2.9,5.0,0.0,0.9937,3.1864
4031,3.2,5.0,0.0,1.092,3.2655
4032,4.1,7.0,0.0,1.3778,3.2978
4033,4.2,7.0,0.0,1.3718,3.1831
4034,3.8,7.0,0.0,1.2757,3.3836
4035,4.5,7.0,0.0,1.4379,3.36
4036,4.4,5.0,0.0,1.4758,3.2734
4037,4.4,7.0,0.0,1.4233,3.2207
4038,4.6,7.0,0.0,1.5276,3.2915
4039,5.4,10.0,0.0,1.8293,3.155
4040,4.6,6.0,0.0,1.5053,3.4093
4041,4.8,10.0,0.0,1.6605,3.3321
4042,5.5,10.0,0.0,1.8368,3.2645
4043,4.4,7.0,0.0,1.5024,3.2795
4044,5.6,7.0,0.0,1.761,3.202
4045,5.8,8.0,0.0,1.8514,3.2918
4046,5.2,8.0,0.0,1.6515,3.1759
4047,5.7,9.0,0.0,1.8193,3.3019
4048,5.0,7.0,0.0,1.6327,3.4232
4049,5.6,9.0,0.0,1.8231,3.5768
4050,5.9,12.0,0.0,1.9641,3.5427
4051,5.4,8.0,0.0,1.7553,3.494
4052,4.8,7.0,0.0,1.5627,3.5165
4053,4.2,6.0,0.0,1.4027,3.2958
4054,5.5,9.0,0.0,1.7947,3.234
4055,5.6,9.0,0.0,1.7909,3.4951
4056,6.4,9.0,0.0,2.0051,3.5211
4057,5.1,7.0,0.0,1.6328,3.4372
4058,4.8,6.0,0.0,1.5074,3.2641
4059,4.1,8.0,0.0,1.4098,3.2218
4060,5.6,8.0,0.0,1.7787,3.2454
4061,6.8,14.0,0.0,2.2732,3.5153
4062,4.5,5.0,0.0,1.4654,3.406
4063,5.1,7.0,0.0,1.6024,3.2315
4064,6.3,9.0,0.0,1.9513,3.2841
4065,4.9,9.0,0.0,1.6354,3.239
4066,4.1,6.0,0.0,1.3183,3.2853
4067,4.3,6.0,0.0,1.4169,3.3646
4068,4.9,8.0,0.0,1.5665,3.3125
4069,3.7,7.0,0.0,1.252,3.0612
4070,5.4,9.0,0.0,1.7497,3.3068
4071,4.5,7.0,0.0,1.4671,3.2226
4072,4.0,7.0,0.0,1.3376,3.1776
4073,3.9,6.0,0.0,1.3253,3.3026
4074,4.7,6.0,0.0,1.5024,3.33
4075,4.4,6.0,0.0,1.3858,3.2627
4076,5.2,8.0,0.0,1.614,3.2116
4077,4.8,8.0,0.0,1.5811,3.1682
4078,3.4,4.0,0.0,1.1832,3.1127
4079,4.3,9.0,0.0,1.4104,3.1712
4080,4.0,7.0,0.0,1.3077,3.274
4081,4.1,8.0,0.0,1.407,3.2193
4082,4.1,7.0,0.0,1.3304,3.2388
4083,5.2,10.0,0.0,1.7589,3.2632
4084,3.3,4.0,0.0,1.0805,3.2549
4085,4.4,6.0,0.0,1.3836,3.2338
4086,3.7,5.0,0.0,1.2366,3.02
4087,4.0,6.0,0.0,1.3195,3.083
4088,3.7,5.0,0.0,1.1973,3.0554
4089,3.8,6.0,0.0,1.243,3.035
4090,3.6,6.0,0.0,1.2173,3.0498
4091,4.3,8.0,0.0,1.4422,3.0316
4092,4.0,6.0,0.0,1.2688,3.0643
4093,4.9,8.0,0.0,1.6078,3.0611
4094,4.4,8.0,0.0,1.4866,3.0554
4095,5.2,9.0,0.0,1.742,3.039
4096,4.1,8.0,0.0,1.3889,3.0681
4097,4.8,8.0,0.0,1.6106,3.0498
4098,4.4,6.0,0.0,1.4498,3.1377
4099,3.7,5.0,0.0,1.2669,3.1532
4100,4.3,7.0,0.0,1.4697,3.1073
4101,5.0,10.0,0.0,1.6484,3.0487
4102,4.7,7.0,0.0,1.5645,3.0501
4103,6.3,13.0,0.0,2.0692,3.0387
4104,3.6,5.0,0.0,1.2164,3.0691
4105,4.8,6.0,0.0,1.4836,3.0457
4106,3.6,5.0,0.0,1.2239,2.9983
4107,4.1,6.0,0.0,1.3833,3.0058
4108,3.8,6.0,0.0,1.2492,3.0397
4109,4.8,9.0,0.0,1.5928,3.077
4110,4.3,6.0,0.0,1.4345,3.0559
4111,4.6,9.0,0.0,1.5114,3.0495
4112,3.6,5.0,0.0,1.2104,3.0058
4113,4.4,6.0,0.0,1.3928,2.9935
4114,4.6,8.0,0.0,1.5035,2.9959
4115,4.5,7.0,0.0,1.4619,2.9993
4116,4.2,9.0,0.0,1.4277,2.9838
4117,4.6,12.0,0.0,1.6185,2.9938
4118,4.3,7.0,0.0,1.4144,2.9937
4119,4.6,9.0,0.0,1.5615,3.022
4120,4.5,7.0,0.0,1.4758,2.9902
4121,3.9,6.0,0.0,1.3109,2.9919
4122,3.8,6.0,0.0,1.2878,3.0021
4123,4.4,8.0,0.0,1.437,3.0167
4124,3.6,4.0,0.0,1.1874,3.0263
4125,3.8,6.0,0.0,1.2878,3.0257
4126,5.1,10.0,0.0,1.7372,3.0226
4127,3.8,9.0,0.0,1.3143,3.0759
4128,4.4,6.0,0.0,1.4135,3.0525
4129,4.5,7.0,0.0,1.4517,3.1354
4130,4.5,9.0,0.0,1.5191,3.1368
4131,4.4,9.0,0.0,1.4594,3.1021
4132,4.4,7.0,0.0,1.4379,3.0798
4133,4.3,7.0,0.0,1.4036,3.1183
4134,4.3,8.0,0.0,1.4517,3.0494
4135,4.2,7.0,0.0,1.398,3.0451
4136,4.0,6.0,0.0,1.2767,3.0057
4137,4.4,9.0,0.0,1.5118,2.9813
4138,3.4,4.0,0.0,1.1741,2.9736
4139,4.5,7.0,0.0,1.4276,3.005
4140,3.9,7.0,0.0,1.3271,2.9756
4141,4.3,7.0,0.0,1.3747,2.9964
4142,4.0,7.0,0.0,1.2935,2.9945
4143,4.4,12.0,0.0,1.612,3.0221
4144,5.0,7.0,0.0,1.5817,3.0019
4145,4.0,7.0,0.0,1.3376,3.0421
4146,3.9,7.0,0.0,1.3566,3.0063
4147,4.7,6.0,0.0,1.5407,3.0024
4148,3.5,5.0,0.0,1.1636,3.031
4149,5.2,8.0,0.0,1.6715,3.0486
4150,4.3,6.0,0.0,1.4169,2.9878
4151,4.3,7.0,0.0,1.4018,2.9982
4152,4.9,7.0,0.0,1.5264,2.9892
4153,4.9,7.0,0.0,1.592,2.9996
4154,4.5,8.0,0.0,1.4616,3.0226
4155,4.4,8.0,0.0,1.469,2.9597
4156,3.7,6.0,0.0,1.2322,2.9992
4157,4.0,9.0,0.0,1.3748,2.9924
4158,6.0,12.0,0.0,1.976,3.1047
4159,4.2,6.0,0.0,1.3467,3.0094
4160,3.5,5.0,0.0,1.1954,2.9876
4161,3.6,7.0,0.0,1.2288,2.9872
4162,3.2,6.0,0.0,1.0989,2.9844
4163,3.7,5.0,0.0,1.2414,3.042
4164,3.5,5.0,0.0,1.1823,3.0056
4165,4.5,8.0,0.0,1.4903,3.0302
4166,4.0,7.0,0.0,1.3046,3.0597
4167,3.9,7.0,0.0,1.3032,2.9945
4168,4.0,6.0,0.0,1.3342,3.0095
4169,3.5,5.0,0.0,1.1608,2.9964
4170,3.6,5.0,0.0,1.2186,2.9973
4171,3.5,5.0,0.0,1.1803,2.9673
4172,4.1,8.0,0.0,1.3524,2.9913
4173,4.8,9.0,0.0,1.5431,3.0259
4174,6.0,13.0,0.0,1.9919,2.9997
4175,3.8,5.0,0.0,1.253,2.9808
4176,3.9,9.0,0.0,1.3465,2.9894
4177,4.0,7.0,0.0,1.3715,2.9937
4178,4.0,6.0,0.0,1.287,3.0476
4179,2.9,4.0,0.0,0.9836,3.0299
4180,3.6,5.0,0.0,1.2468,3.0095
4181,4.5,7.0,0.0,1.3928,2.9763
4182,4.9,9.0,0.0,1.5766,2.9934
4183,5.0,8.0,0.0,1.6264,3.0439
4184,5.0,7.0,0.0,1.5777,2.9921
4185,3.6,5.0,0.0,1.2446,2.9934
4186,4.2,5.0,0.0,1.3698,3.0009
4187,4.2,6.0,0.0,1.3771,2.9844
4188,5.3,10.0,0.0,1.7758,2.9809
4189,2.7,4.0,0.0,0.9472,2.9701
4190,4.8,6.0,0.0,1.5106,2.9796
4191,4.5,8.0,0.0,1.5058,2.9823
4192,3.6,5.0,0.0,1.1304,2.9671
4193,4.5,6.0,0.0,1.4098,2.9674
4194,3.5,5.0,0.0,1.1532,2.974
4195,3.6,5.0,0.0,1.1732,2.9833
4196,5.0,11.0,0.0,1.7231,2.9748
4197,3.9,5.0,0.0,1.2835,2.9504
4198,4.4,6.0,0.0,1.4387,2.9925
4199,4.2,9.0,0.0,1.4188,2.9802
4200,4.1,6.0,0.0,1.3559,2.9828
4201,3.8,7.0,0.0,1.3037,2.9587
4202,3.4,5.0,0.0,1.0898,2.9785
4203,3.7,6.0,0.0,1.2757,2.9868
4204,4.4,7.0,0.0,1.433,3.009
4205,3.4,4.0,0.0,1.1578,3.013
4206,4.3,6.0,0.0,1.3739,2.9905
4207,3.8,7.0,0.0,1.3012,3.0197
4208,4.4,7.0,0.0,1.4129,3.0301
4209,4.9,10.0,0.0,1.6796,3.0095
4210,3.6,5.0,0.0,1.2359,3.0245
4211,4.0,6.0,0.0,1.3318,3.1722
4212,4.5,7.0,0.0,1.4655,3.0573
4213,4.8,6.0,0.0,1.5596,3.2499
4214,4.0,8.0,0.0,1.3318,3.1483
4215,3.5,5.0,0.0,1.1667,3.1863
4216,4.5,8.0,0.0,1.5232,3.1051
4217,4.5,6.0,0.0,1.441,3.1146
4218,4.2,5.0,0.0,1.3688,3.0429
4219,3.9,9.0,0.0,1.3396,3.0746
4220,3.1,4.0,0.0,1.0583,3.0301
4221,4.0,5.0,0.0,1.2767,3.1291
4222,3.8,6.0,0.0,1.2301,3.1885
4223,3.5,5.0,0.0,1.1248,3.1298
4224,3.5,6.0,0.0,1.1817,3.2599
4225,3.6,5.0,0.0,1.1864,3.2224
4226,4.1,7.0,0.0,1.3037,3.0212
4227,4.3,6.0,0.0,1.3927,3.0548
4228,3.0,4.0,0.0,1.01,3.0585
4229,3.8,10.0,0.0,1.3572,3.0706
4230,3.8,8.0,0.0,1.2835,3.0892
4231,4.1,7.0,0.0,1.3444,3.1988
4232,4.4,9.0,0.0,1.516,3.0213
4233,3.5,5.0,0.0,1.1465,3.0348
4234,3.6,6.0,0.0,1.1715,3.0914
4235,3.4,5.0,0.0,1.0886,3.1023
4236,4.6,6.0,0.0,1.4728,3.0883
4237,3.5,4.0,0.0,1.1461,3.0271
4238,5.0,9.0,0.0,1.657,3.0635
4239,3.0,5.0,0.0,0.9885,3.0236
4240,4.7,9.0,0.0,1.523,3.0541
4241,2.8,3.0,0.0,0.8958,3.0458
4242,3.9,6.0,0.0,1.2923,3.093
4243,4.3,7.0,0.0,1.3975,3.0803
4244,4.2,6.0,0.0,1.3791,3.112
4245,4.3,6.0,0.0,1.371,3.0804
4246,3.4,5.0,0.0,1.1086,3.1127
4247,4.4,10.0,0.0,1.4798,3.0654
4248,4.1,5.0,0.0,1.3616,3.0732
4249,4.1,6.0,0.0,1.2955,3.0401
4250,4.3,6.0,0.0,1.3915,3.108
4251,4.8,8.0,0.0,1.5638,3.1045
4252,5.4,10.0,0.0,1.7783,3.09
4253,3.2,5.0,0.0,1.0679,3.0882
4254,3.7,6.0,0.0,1.2476,3.0694
4255,5.0,8.0,0.0,1.6566,3.0974
4256,4.5,8.0,0.0,1.4809,3.0673
4257,4.0,6.0,0.0,1.2913,3.1479
4258,4.0,8.0,0.0,1.3785,3.0687
4259,4.3,7.0,0.0,1.3964,3.0439
4260,4.3,8.0,0.0,1.3955,3.0657
4261,3.9,5.0,0.0,1.2906,3.0654
4262,5.5,12.0,0.0,1.8809,3.1816
4263,6.1,8.0,0.0,1.9257,3.134
4264,4.1,8.0,0.0,1.334,3.0651
4265,3.3,4.0,0.0,1.0956,3.0698
4266,4.1,9.0,0.0,1.4417,3.0574
4267,5.6,10.0,0.0,1.7909,3.0427
4268,3.4,6.0,0.0,1.1549,3.0517
4269,3.6,5.0,0.0,1.1958,3.0652
4270,3.5,6.0,0.0,1.1515,3.0648
4271,3.4,5.0,0.0,1.1047,3.0062
4272,4.0,6.0,0.0,1.2625,3.0599
4273,3.6,5.0,0.0,1.2054,3.0687
4274,3.9,5.0,0.0,1.2722,3.0778
4275,4.8,8.0,0.0,1.5995,3.0693
4276,4.5,8.0,0.0,1.4207,3.0635
4277,4.8,7.0,0.0,1.5416,3.0608
4278,3.3,5.0,0.0,1.0667,3.0612
4279,2.8,5.0,0.0,0.9604,3.034
4280,4.3,6.0,0.0,1.4058,3.068
4281,3.8,8.0,0.0,1.3083,3.0386
4282,3.3,6.0,0.0,1.1375,3.06
4283,4.0,6.0,0.0,1.3032,3.099
4284,3.3,5.0,0.0,1.0772,3.0259
4285,3.8,6.0,0.0,1.2303,3.0261
4286,3.0,5.0,0.0,1.0398,3.0303
4287,3.9,6.0,0.0,1.2408,3.0931
4288,3.6,7.0,0.0,1.2568,3.1658
4289,3.9,5.0,0.0,1.2359,3.0617
4290,4.9,8.0,0.0,1.6568,3.0855
4291,4.0,8.0,0.0,1.3783,3.1234
4292,3.7,6.0,0.0,1.2512,3.0317
4293,4.7,7.0,0.0,1.527,3.054
4294,4.1,5.0,0.0,1.3438,3.0557
4295,2.6,3.0,0.0,0.9228,3.1025
4296,3.2,5.0,0.0,1.0724,2.9609
4297,3.4,5.0,0.0,1.1424,3.0515
4298,3.4,6.0,0.0,1.1973,3.0306
4299,4.4,7.0,0.0,1.4315,2.9658
4300,4.0,8.0,0.0,1.3444,2.9496
4301,4.0,6.0,0.0,1.2701,2.978
4302,4.3,6.0,0.0,1.4141,2.9839
4303,4.0,5.0,0.0,1.309,2.991
4304,3.9,7.0,0.0,1.2948,2.9891
4305,4.9,8.0,0.0,1.556,2.9724
4306,3.9,6.0,0.0,1.2651,2.9718
4307,3.3,5.0,0.0,1.0989,2.9918
4308,4.0,7.0,0.0,1.4213,2.9857
4309,3.1,4.0,0.0,1.0478,2.9676
4310,3.8,6.0,0.0,1.2322,2.99
4311,4.2,7.0,0.0,1.3544,3.0564
4312,3.3,4.0,0.0,1.0712,3.1023
4313,4.0,6.0,0.0,1.287,3.1023
4314,2.4,5.0,0.0,0.8393,3.1085
4315,4.4,7.0,0.0,1.4417,3.1058
4316,3.9,9.0,0.0,1.3618,3.085
4317,4.3,8.0,0.0,1.427,3.0542
4318,5.3,11.0,0.0,1.7612,3.0391
4319,4.4,7.0,0.0,1.4622,3.0648
4320,3.6,6.0,0.0,1.2032,3.0489
4321,4.7,7.0,0.0,1.4925,3.0676
4322,5.0,10.0,0.0,1.6636,3.0406
4323,3.3,4.0,0.0,1.1018,3.0451
4324,4.0,7.0,0.0,1.3513,3.149
4325,4.2,6.0,0.0,1.337,3.0667
4326,3.6,8.0,0.0,1.2706,3.018
4327,3.1,6.0,0.0,1.0775,3.03
4328,2.5,3.0,0.0,0.889,3.0382
4329,3.5,5.0,0.0,1.1667,3.0502
4330,3.6,6.0,0.0,1.1891,3.0362
4331,4.8,9.0,0.0,1.6406,3.0684
4332,4.2,8.0,0.0,1.393,3.0589
4333,5.0,8.0,0.0,1.6204,3.054
4334,3.7,5.0,0.0,1.26,3.0775
4335,4.1,6.0,0.0,1.2826,3.1318
4336,4.8,8.0,0.0,1.5906,3.0892
4337,5.0,7.0,0.0,1.5805,3.0808
4338,4.1,7.0,0.0,1.3778,3.1227
4339,5.8,9.0,0.0,1.8466,3.2102
4340,5.2,7.0,0.0,1.6225,3.1542
4341,4.6,9.0,0.0,1.5381,3.1725
4342,5.5,9.0,0.0,1.7578,3.1743
4343,5.1,8.0,0.0,1.6595,3.1392
4344,6.7,16.0,0.0,2.2781,3.2338
4345,4.8,6.0,0.0,1.5387,3.2003
4346,3.8,6.0,0.0,1.2464,3.0649
4347,5.4,8.0,0.0,1.7496,3.1252
4348,4.0,5.0,0.0,1.3331,3.0955
4349,3.5,5.0,0.0,1.2085,3.131
4350,3.9,6.0,0.0,1.382,3.0985
4351,4.9,7.0,0.0,1.5534,3.0721
4352,4.1,7.0,0.0,1.3618,3.0783
4353,4.2,7.0,0.0,1.4347,3.0629
4354,4.2,6.0,0.0,1.3889,3.0766
4355,3.4,6.0,0.0,1.1107,3.0353
4356,4.0,6.0,0.0,1.306,3.053
4357,3.9,6.0,0.0,1.324,3.0695
4358,3.9,9.0,0.0,1.3585,3.0504
4359,4.6,6.0,0.0,1.458,3.0473
4360,3.6,6.0,0.0,1.2526,3.0632
4361,4.3,7.0,0.0,1.4089,3.079
4362,4.5,9.0,0.0,1.4782,3.0596
4363,3.5,9.0,0.0,1.2757,3.0361
4364,3.9,7.0,0.0,1.2859,3.0484
4365,3.8,7.0,0.0,1.2757,3.0602
4366,3.0,4.0,0.0,1.0198,3.0502
4367,3.6,6.0,0.0,1.2114,3.0504
4368,3.5,5.0,0.0,1.1576,3.1305
4369,4.5,6.0,0.0,1.4678,3.0933
4370,5.6,10.0,0.0,1.8604,3.138
4371,5.2,10.0,0.0,1.7009,3.0838
4372,5.3,7.0,0.0,1.6546,3.1258
4373,3.3,6.0,0.0,1.0805,3.1039
4374,3.7,7.0,0.0,1.2969,3.1435
4375,4.0,6.0,0.0,1.3559,3.0454
4376,3.6,5.0,0.0,1.2239,3.0361
4377,4.3,7.0,0.0,1.3964,3.0377
4378,3.7,6.0,0.0,1.2301,3.0405
4379,4.2,9.0,0.0,1.4517,3.0407
4380,3.8,9.0,0.0,1.3198,3.0422
4381,3.5,4.0,0.0,1.1653,3.0385
4382,3.4,6.0,0.0,1.125,3.0475
4383,3.8,5.0,0.0,1.2859,3.1721
4384,4.4,9.0,0.0,1.5588,3.0317
4385,3.3,6.0,0.0,1.1319,3.0651
4386,3.4,6.0,0.0,1.1864,3.059
4387,5.2,8.0,0.0,1.715,3.0595
4388,3.1,5.0,0.0,1.0536,3.032
4389,4.6,9.0,0.0,1.5683,3.0133
4390,3.7,5.0,0.0,1.1889,3.0575
4391,3.7,6.0,0.0,1.1823,3.0723
4392,2.9,4.0,0.0,0.9457,3.0432
4393,4.9,8.0,0.0,1.6066,3.08
4394,3.5,5.0,0.0,1.15,3.0512
4395,3.5,9.0,0.0,1.2376,3.072
4396,3.9,8.0,0.0,1.3379,3.0539
4397,3.1,4.0,0.0,1.0137,3.059
4398,4.4,6.0,0.0,1.4163,3.064
4399,2.6,4.0,0.0,0.8738,3.0191
4400,3.9,8.0,0.0,1.346,3.0401
4401,4.2,6.0,0.0,1.3875,3.0791
4402,4.1,5.0,0.0,1.3759,3.0406
4403,3.8,6.0,0.0,1.2635,3.014
4404,3.6,6.0,0.0,1.1971,3.0618
4405,5.6,10.0,0.0,1.8092,3.1525
4406,3.9,5.0,0.0,1.2997,3.1709
4407,4.5,8.0,0.0,1.4627,3.1596
4408,4.1,7.0,0.0,1.3453,3.1935
4409,3.5,6.0,0.0,1.1646,3.1435
4410,3.5,7.0,0.0,1.227,3.0552
4411,3.4,7.0,0.0,1.1772,3.0517
4412,3.5,6.0,0.0,1.1803,3.0421
4413,6.4,12.0,0.0,2.0883,3.136
4414,3.8,6.0,0.0,1.3198,3.0351
4415,4.2,9.0,0.0,1.4417,3.2022
4416,3.5,6.0,0.0,1.1771,3.1234
4417,3.8,6.0,0.0,1.253,3.1133
4418,3.5,5.0,0.0,1.1489,3.0659
4419,4.2,8.0,0.0,1.4211,3.1054
4420,4.3,7.0,0.0,1.4027,3.1061
4421,3.3,6.0,0.0,1.118,3.0353
4422,4.5,6.0,0.0,1.5079,3.074
4423,3.8,6.0,0.0,1.243,3.1258
4424,5.0,8.0,0.0,1.5914,3.0502
4425,5.1,8.0,0.0,1.6045,3.0558
4426,4.3,8.0,0.0,1.4523,3.082
4427,4.1,8.0,0.0,1.3923,3.1067
4428,3.4,6.0,0.0,1.125,3.0233
4429,3.6,6.0,0.0,1.1786,3.0864
4430,4.1,5.0,0.0,1.3295,3.1118
4431,3.7,5.0,0.0,1.2384,3.0459
4432,4.1,8.0,0.0,1.3863,3.0681
4433,4.7,9.0,0.0,1.6398,3.1035
4434,4.2,7.0,0.0,1.3642,3.0647
4435,3.8,7.0,0.0,1.2104,3.1028
4436,4.3,6.0,0.0,1.4098,3.0935
4437,3.5,4.0,0.0,1.1395,3.1134
4438,3.4,5.0,0.0,1.1056,3.0522
4439,4.0,6.0,0.0,1.2826,3.0471
4440,4.5,6.0,0.0,1.4317,3.0662
4441,3.1,4.0,0.0,1.0352,3.0422
4442,4.1,9.0,0.0,1.419,3.0748
4443,3.5,4.0,0.0,1.1948,3.0265
4444,4.7,7.0,0.0,1.4791,3.082
4445,3.9,7.0,0.0,1.2679,3.0575
4446,4.4,6.0,0.0,1.3927,3.0535
4447,4.0,6.0,0.0,1.3489,3.0411
4448,4.9,7.0,0.0,1.5392,3.1257
4449,3.2,5.0,0.0,1.044,3.0285
4450,3.9,6.0,0.0,1.2857,3.0652
4451,3.7,4.0,0.0,1.1975,3.0601
4452,4.7,7.0,0.0,1.5028,3.0309
4453,3.8,7.0,0.0,1.2462,3.0951
4454,4.1,7.0,0.0,1.3195,3.0357
4455,3.9,7.0,0.0,1.2886,3.0437
4456,3.9,5.0,0.0,1.2627,3.1087
4457,3.9,7.0,0.0,1.2395,3.0982
4458,3.6,5.0,0.0,1.1619,3.0243
4459,4.7,7.0,0.0,1.5028,3.0658
4460,4.4,7.0,0.0,1.4479,3.0594
4461,4.9,7.0,0.0,1.584,3.0823
4462,3.5,5.0,0.0,1.1445,3.0536
4463,2.8,7.0,0.0,1.0052,2.9955
4464,3.9,6.0,0.0,1.244,3.0539
4465,4.0,7.0,0.0,1.3189,3.0232
4466,3.7,5.0,0.0,1.2159,3.0124
4467,3.9,6.0,0.0,1.2688,3.0328
4468,3.5,5.0,0.0,1.1712,3.1351
4469,4.3,6.0,0.0,1.3851,3.1698
4470,3.3,4.0,0.0,1.105,3.2196
4471,4.6,6.0,0.0,1.519,3.0348
4472,4.1,6.0,0.0,1.2792,3.0388
4473,3.6,6.0,0.0,1.1687,3.0256
4474,5.0,6.0,0.0,1.5721,3.0535
4475,4.0,6.0,0.0,1.2649,3.0765
4476,5.2,11.0,0.0,1.7519,3.0506
4477,3.9,6.0,0.0,1.2835,3.0244
4478,3.5,5.0,0.0,1.2159,3.0469
4479,3.8,5.0,0.0,1.2417,3.0414
4480,5.3,7.0,0.0,1.7418,3.0199
4481,4.5,7.0,0.0,1.49,3.0351
4482,4.4,8.0,0.0,1.4232,3.0521
4483,3.8,5.0,0.0,1.2706,3.0345
4484,4.6,8.0,0.0,1.5035,3.0727
4485,3.4,5.0,0.0,1.1216,3.0866
4486,2.6,5.0,0.0,0.96,3.0786
4487,3.3,5.0,0.0,1.1269,3.0944
4488,3.1,6.0,0.0,1.0332,3.086
4489,5.7,13.0,0.0,1.901,3.0971
4490,4.9,10.0,0.0,1.6328,3.0834
4491,4.6,10.0,0.0,1.5405,3.0558
4492,4.4,7.0,0.0,1.4578,3.0419
4493,3.1,5.0,0.0,1.0557,3.0551
4494,3.7,6.0,0.0,1.2703,3.0433
4495,4.4,6.0,0.0,1.416,3.0597
4496,3.4,6.0,0.0,1.156,3.0236
4497,3.7,6.0,0.0,1.2038,3.0658
4498,4.1,6.0,0.0,1.3498,3.0686
4499,4.2,5.0,0.0,1.3747,3.0658
4500,3.9,5.0,0.0,1.2714,3.0623
