generation,top_mean_fitness,max_fitness,min_fitness,std_fitness,elapsed_time_sec
1,2.3,3.0,0.0,0.7675,3.2391
2,3.3,5.0,0.0,1.0923,3.3077
3,4.3,6.0,0.0,1.3601,3.2688
4,3.2,5.0,0.0,1.0488,3.3506
5,3.5,5.0,0.0,1.1705,3.4957
6,3.1,5.0,0.0,1.0712,3.2103
7,3.3,5.0,0.0,1.0855,3.2192
8,4.2,6.0,0.0,1.3,3.4437
9,3.5,5.0,0.0,1.1684,3.4349
10,3.4,6.0,0.0,1.1126,3.2348
11,3.4,5.0,0.0,1.1404,3.3695
12,3.9,6.0,0.0,1.2488,3.4688
13,3.7,8.0,0.0,1.2737,3.4315
14,3.1,4.0,0.0,1.0332,3.4476
15,4.4,6.0,0.0,1.3783,3.2552
16,3.4,4.0,0.0,1.1269,3.1338
17,4.2,6.0,0.0,1.3225,3.1723
18,3.7,5.0,0.0,1.2303,3.219
19,3.4,4.0,0.0,1.1258,3.2777
20,4.0,6.0,0.0,1.3219,3.1889
21,3.7,5.0,0.0,1.2303,3.1914
22,4.5,9.0,0.0,1.5124,3.1938
23,4.7,10.0,0.0,1.6185,3.1621
24,3.6,5.0,0.0,1.2042,3.218
25,3.6,6.0,0.0,1.1916,3.2624
26,5.5,12.0,0.0,1.8835,3.2731
27,3.5,5.0,0.0,1.1834,3.2451
28,4.2,10.0,0.0,1.3994,3.2433
29,3.2,5.0,0.0,1.1212,3.1935
30,3.1,5.0,0.0,1.0583,3.2446
31,3.8,6.0,0.0,1.2757,3.2642
32,3.8,5.0,0.0,1.2657,3.4079
33,2.9,5.0,0.0,0.9942,3.331
34,3.3,6.0,0.0,1.1143,3.4428
35,3.0,5.0,0.0,1.0421,3.4816
36,3.8,6.0,0.0,1.2494,3.3871
37,3.2,5.0,0.0,1.0428,3.5023
38,2.7,4.0,0.0,0.8843,3.3886
39,3.6,6.0,0.0,1.2058,3.3898
40,4.6,12.0,0.0,1.6728,3.4111
41,5.9,13.0,0.0,2.0518,3.501
42,3.6,7.0,0.0,1.2104,3.4468
43,5.3,7.0,0.0,1.6402,3.645
44,6.6,12.0,0.0,2.2105,3.4747
45,6.1,10.0,0.0,1.9861,3.3843
46,5.0,7.0,0.0,1.533,3.4658
47,5.6,11.0,0.0,1.8399,3.4389
48,5.6,10.0,0.0,1.8385,3.2852
49,4.1,6.0,0.0,1.3243,3.3842
50,5.2,8.0,0.0,1.6262,3.4231
51,5.0,8.0,0.0,1.6553,3.3872
52,3.2,5.0,0.0,1.0679,3.4918
53,4.1,5.0,0.0,1.3423,3.4729
54,2.7,4.0,0.0,0.922,3.3597
55,3.7,6.0,0.0,1.2329,3.4765
56,3.7,7.0,0.0,1.3037,3.46
57,3.9,6.0,0.0,1.3185,3.3649
58,3.5,5.0,0.0,1.1549,3.4
59,3.7,6.0,0.0,1.2114,3.3762
60,3.9,9.0,0.0,1.4092,3.3502
61,4.5,9.0,0.0,1.5743,3.4843
62,5.2,10.0,0.0,1.6893,3.4684
63,3.1,6.0,0.0,1.1365,3.4491
64,4.4,7.0,0.0,1.4144,3.3265
65,3.5,5.0,0.0,1.1552,3.3905
66,3.8,6.0,0.0,1.2329,3.4868
67,4.3,7.0,0.0,1.4555,3.4434
68,3.3,5.0,0.0,1.1101,3.3131
69,3.2,5.0,0.0,1.1054,3.4597
70,4.5,8.0,0.0,1.4759,3.5054
71,4.5,8.0,0.0,1.4538,3.54
72,2.6,4.0,0.0,0.892,3.4463
73,3.6,5.0,0.0,1.1779,3.2869
74,3.5,7.0,0.0,1.184,3.4351
75,4.0,7.0,0.0,1.3153,3.5742
76,4.2,6.0,0.0,1.3908,3.4534
77,3.9,7.0,0.0,1.3067,3.459
78,4.6,7.0,0.0,1.5315,3.4659
79,3.6,5.0,0.0,1.1456,3.4155
80,3.3,6.0,0.0,1.1225,3.2635
81,3.2,4.0,0.0,1.0701,3.2511
82,4.1,8.0,0.0,1.3704,3.2208
83,4.4,7.0,0.0,1.4415,3.2522
84,3.7,6.0,0.0,1.1924,3.3372
85,3.8,7.0,0.0,1.3301,3.485
86,4.5,7.0,0.0,1.4559,3.5476
87,3.3,4.0,0.0,1.1374,3.4818
88,3.2,4.0,0.0,1.1036,3.4877
89,4.3,6.0,0.0,1.4211,3.4793
90,3.2,4.0,0.0,1.0805,3.4941
91,4.4,7.0,0.0,1.4866,3.4881
92,4.0,7.0,0.0,1.2906,3.5499
93,4.4,7.0,0.0,1.4245,3.3224
94,6.4,18.0,0.0,2.3609,3.5331
95,4.5,6.0,0.0,1.4796,3.5834
96,5.9,17.0,0.0,2.1007,3.5601
97,5.0,8.0,0.0,1.6076,3.4898
98,4.3,7.0,0.0,1.372,3.27
99,6.0,9.0,0.0,1.8595,3.2524
100,4.5,6.0,0.0,1.4412,3.3829
101,3.6,7.0,0.0,1.167,3.3364
102,3.5,5.0,0.0,1.1322,3.4566
103,3.9,6.0,0.0,1.3104,3.5401
104,4.7,8.0,0.0,1.5067,3.4079
105,4.4,7.0,0.0,1.4219,3.5024
106,4.0,6.0,0.0,1.3113,3.5289
107,4.9,7.0,0.0,1.5151,3.6101
108,3.6,6.0,0.0,1.1901,3.5529
109,3.6,5.0,0.0,1.252,3.3158
110,5.1,8.0,0.0,1.6086,3.372
111,5.0,7.0,0.0,1.603,3.4668
112,5.4,8.0,0.0,1.7682,3.512
113,3.6,5.0,0.0,1.16,3.4103
114,4.8,8.0,0.0,1.5961,3.4812
115,5.5,8.0,0.0,1.8116,3.5383
116,6.0,13.0,0.0,1.9699,3.5929
117,7.9,13.0,0.0,2.4331,3.7142
118,10.8,24.0,0.0,3.6077,3.8726
119,11.2,21.0,0.0,3.5718,4.0117
120,12.4,30.0,0.0,4.1219,4.0258
121,18.0,28.0,0.0,5.7579,4.6609
122,25.2,34.0,0.0,7.4796,4.983
123,27.4,49.0,0.0,7.9955,5.1042
124,23.3,33.0,0.0,6.7212,5.1199
125,22.1,28.0,0.0,6.3364,4.8562
126,18.9,26.0,0.0,5.2078,4.5708
127,22.7,45.0,0.0,6.7485,4.5436
128,24.3,39.0,0.0,7.0857,4.7661
129,25.4,41.0,0.0,7.3258,4.8424
130,21.3,29.0,0.0,5.9814,4.4494
131,19.1,26.0,0.0,5.6811,4.4159
132,17.7,23.0,0.0,5.0255,4.1644
133,16.4,28.0,0.0,4.8959,4.133
134,19.4,37.0,0.0,5.9619,4.6638
135,16.3,24.0,0.0,4.956,4.4834
136,21.7,32.0,0.0,6.6256,4.1793
137,18.9,30.0,0.0,5.7812,4.0631
138,17.8,32.0,0.0,5.2833,4.1189
139,19.2,32.0,0.0,5.9574,4.0485
140,17.7,26.0,0.0,5.5014,3.9608
141,13.9,22.0,0.0,4.2963,3.7183
142,15.8,27.0,0.0,4.8958,3.8779
143,18.4,30.0,0.0,5.7509,3.9642
144,17.7,26.0,0.0,5.3105,3.9613
145,15.9,21.0,0.0,4.8334,3.9389
146,7.2,14.0,0.0,2.3793,3.4993
147,6.1,11.0,0.0,1.9682,3.5363
148,5.1,8.0,0.0,1.635,3.3485
149,5.6,8.0,0.0,1.7628,3.3653
150,5.4,9.0,0.0,1.6484,3.3054
151,3.9,5.0,0.0,1.2126,3.4441
152,5.1,9.0,0.0,1.6764,3.4107
153,4.7,8.0,0.0,1.5556,3.3747
154,4.9,7.0,0.0,1.5684,3.2089
155,4.6,6.0,0.0,1.5322,3.1825
156,5.5,8.0,0.0,1.7291,3.2031
157,4.9,6.0,0.0,1.6086,3.1797
158,5.1,9.0,0.0,1.6248,3.2021
159,5.7,12.0,0.0,1.8779,3.2383
160,6.1,8.0,0.0,1.9255,3.2565
161,5.3,9.0,0.0,1.6641,3.2935
162,5.4,7.0,0.0,1.7231,3.2895
163,5.3,6.0,0.0,1.7406,3.3177
164,5.8,11.0,0.0,1.922,3.2727
165,5.7,9.0,0.0,1.8166,3.3079
166,6.7,10.0,0.0,2.1288,3.3522
167,7.5,11.0,0.0,2.2991,3.4296
168,5.3,8.0,0.0,1.6976,3.3143
169,5.3,9.0,0.0,1.7397,3.3233
170,5.2,8.0,0.0,1.8082,3.4079
171,5.6,9.0,0.0,1.889,3.4674
172,9.2,29.0,0.0,3.4798,3.6097
173,8.2,15.0,0.0,2.588,3.4613
174,7.8,13.0,0.0,2.4564,3.609
175,5.1,14.0,0.0,1.8364,3.3464
176,7.0,13.0,0.0,2.3108,3.4349
177,7.2,12.0,0.0,2.3099,3.4356
178,9.1,18.0,0.0,2.9427,3.6171
179,11.1,27.0,0.0,3.8486,3.8255
180,14.8,18.0,0.0,4.381,3.8993
181,14.9,26.0,0.0,4.4989,4.049
182,16.1,19.0,0.0,4.9158,4.3432
183,20.7,25.0,0.0,6.2241,4.5864
184,20.4,28.0,0.0,6.0975,4.4255
185,16.4,24.0,0.0,4.7147,4.2867
186,19.2,26.0,0.0,5.6752,4.4555
187,16.8,22.0,0.0,5.2794,4.2644
188,16.8,26.0,0.0,5.1187,4.0458
189,16.0,26.0,0.0,4.9626,4.0652
190,18.7,27.0,0.0,5.7388,4.0147
191,17.1,27.0,0.0,5.1964,3.9353
192,15.0,27.0,0.0,4.7288,3.9065
193,12.9,23.0,0.0,4.0131,3.7577
194,15.1,23.0,0.0,4.7655,3.7959
195,13.8,22.0,0.0,4.2157,3.6311
196,12.3,24.0,0.0,3.9264,3.8081
197,15.1,32.0,0.0,4.8913,3.7444
198,14.3,18.0,0.0,4.4941,3.562
199,13.4,23.0,0.0,4.1946,3.7292
200,12.3,18.0,0.0,3.7691,3.8297
201,9.3,17.0,0.0,2.9191,3.589
202,7.3,11.0,0.0,2.2966,3.5322
203,4.1,7.0,0.0,1.3642,3.3935
204,4.4,8.0,0.0,1.3826,3.3916
205,3.9,6.0,0.0,1.2878,3.5044
206,3.7,5.0,0.0,1.1854,3.4419
207,4.1,8.0,0.0,1.4104,3.388
208,3.6,7.0,0.0,1.2025,3.3055
209,4.3,10.0,0.0,1.5033,3.2771
210,2.6,4.0,0.0,0.9119,3.2969
211,3.3,5.0,0.0,1.1014,3.2735
212,4.3,7.0,0.0,1.3923,3.267
213,3.7,6.0,0.0,1.1938,3.353
214,5.1,8.0,0.0,1.7019,3.3249
215,3.0,4.0,0.0,0.9734,3.1767
216,4.8,8.0,0.0,1.5322,3.1953
217,5.3,23.0,0.0,2.4691,3.2573
218,4.0,6.0,0.0,1.2883,3.2457
219,4.6,9.0,0.0,1.5226,3.258
220,6.5,14.0,0.0,2.1512,3.3684
221,4.5,7.0,0.0,1.5301,3.4535
222,6.4,10.0,0.0,1.9569,3.3545
223,5.2,7.0,0.0,1.6812,3.4088
224,5.5,8.0,0.0,1.711,3.3674
225,4.6,9.0,0.0,1.5357,3.2003
226,4.7,8.0,0.0,1.5013,3.1947
227,5.2,7.0,0.0,1.6177,3.2083
228,5.7,10.0,0.0,1.8679,3.326
229,7.2,16.0,0.0,2.354,3.33
230,8.6,16.0,0.0,2.7659,3.5515
231,10.1,20.0,0.0,3.2289,3.7052
232,6.5,10.0,0.0,2.0694,3.3727
233,8.8,19.0,0.0,2.8823,3.5071
234,13.1,27.0,0.0,4.1937,3.6068
235,8.5,11.0,0.0,2.6702,3.5547
236,7.6,19.0,0.0,2.6835,3.485
237,5.6,14.0,0.0,1.9247,3.3098
238,4.6,7.0,0.0,1.501,3.3045
239,4.9,7.0,0.0,1.5603,3.1984
240,5.2,9.0,0.0,1.7183,3.3205
241,3.3,4.0,0.0,1.1223,3.3383
242,4.2,8.0,0.0,1.4903,3.3026
243,3.7,6.0,0.0,1.2166,3.2265
244,4.9,7.0,0.0,1.5772,3.3594
245,5.1,9.0,0.0,1.6364,3.2215
246,3.7,6.0,0.0,1.2159,3.2029
247,4.6,7.0,0.0,1.5101,3.2578
248,4.9,9.0,0.0,1.5652,3.2433
249,4.5,7.0,0.0,1.4782,3.2262
250,4.4,8.0,0.0,1.4798,3.2097
251,5.4,14.0,0.0,1.9493,3.2317
252,4.1,6.0,0.0,1.3739,3.2658
253,5.4,13.0,0.0,1.8543,3.2279
254,2.6,3.0,0.0,0.8797,3.2139
255,5.2,8.0,0.0,1.6374,3.2233
256,4.5,10.0,0.0,1.5298,3.2966
257,4.0,6.0,0.0,1.286,3.2377
258,4.6,8.0,0.0,1.5124,3.2922
259,3.7,6.0,0.0,1.2189,3.354
260,4.8,6.0,0.0,1.5146,3.3938
261,4.9,7.0,0.0,1.5993,3.3784
262,4.5,9.0,0.0,1.556,3.4067
263,5.9,8.0,0.0,1.8408,3.3884
264,4.3,6.0,0.0,1.4242,3.3635
265,4.6,7.0,0.0,1.469,3.3434
266,5.1,6.0,0.0,1.631,3.337
267,4.6,6.0,0.0,1.4769,3.3276
268,4.5,7.0,0.0,1.4701,3.3782
269,3.9,6.0,0.0,1.345,3.3724
270,4.3,10.0,0.0,1.504,3.3194
271,3.5,6.0,0.0,1.1445,3.2905
272,3.6,5.0,0.0,1.16,3.3193
273,5.0,11.0,0.0,1.6473,3.3086
274,3.3,5.0,0.0,1.098,3.3167
275,5.2,9.0,0.0,1.6657,3.2998
276,4.8,9.0,0.0,1.5726,3.3687
277,4.8,7.0,0.0,1.5675,3.3672
278,5.6,8.0,0.0,1.7678,3.3913
279,4.2,6.0,0.0,1.408,3.3862
280,4.4,7.0,0.0,1.4635,3.3262
281,3.0,5.0,0.0,1.0203,3.2581
282,4.3,8.0,0.0,1.4731,3.3422
283,3.9,7.0,0.0,1.3228,3.3279
284,6.2,13.0,0.0,2.169,3.4665
285,5.4,9.0,0.0,1.6986,3.5148
286,4.8,7.0,0.0,1.5013,3.3206
287,3.8,5.0,0.0,1.252,3.3668
288,3.6,5.0,0.0,1.1752,3.3875
289,4.0,6.0,0.0,1.3331,3.3251
290,3.6,5.0,0.0,1.1584,3.2917
291,4.7,7.0,0.0,1.4992,3.1636
292,4.9,7.0,0.0,1.5322,3.2318
293,4.8,9.0,0.0,1.5811,3.4852
294,4.1,6.0,0.0,1.3756,3.528
295,6.0,8.0,0.0,1.9165,3.645
296,3.6,5.0,0.0,1.2568,3.6302
297,4.6,7.0,0.0,1.4981,3.6994
298,4.7,9.0,0.0,1.6155,3.5214
299,5.2,8.0,0.0,1.7361,3.4738
300,4.1,6.0,0.0,1.3076,3.4316
301,5.4,9.0,0.0,1.6784,3.237
302,5.5,10.0,0.0,1.7797,3.2733
303,8.4,16.0,0.0,2.7251,3.5352
304,8.9,13.0,0.0,2.7831,3.7919
305,12.5,24.0,0.0,3.8535,4.3187
306,13.4,20.0,0.0,4.0414,4.2471
307,19.3,25.0,0.0,5.8998,5.0202
308,20.9,36.0,0.0,6.416,4.6407
309,14.7,20.0,0.0,4.3952,4.208
310,18.8,32.0,0.0,5.8041,4.5211
311,16.5,26.0,0.0,4.9695,4.3673
312,14.5,20.0,0.0,4.2729,4.0616
313,18.3,34.0,0.0,5.715,4.2162
314,19.3,25.0,0.0,5.8681,4.1624
315,17.4,31.0,0.0,5.2961,4.0447
316,15.5,33.0,0.0,4.9496,3.7507
317,16.8,26.0,0.0,5.1599,3.8894
318,18.1,28.0,0.0,5.5252,3.721
319,15.5,34.0,0.0,4.995,3.7215
320,16.0,30.0,0.0,5.1447,3.7522
321,14.1,19.0,0.0,4.1353,3.7681
322,14.3,20.0,0.0,4.4463,3.6181
323,14.7,25.0,0.0,4.6933,3.62
324,16.7,22.0,0.0,4.8954,3.8042
325,19.6,32.0,0.0,5.9656,4.0064
326,16.4,19.0,0.0,4.6923,3.8561
327,16.8,29.0,0.0,5.3053,3.7738
328,19.1,30.0,0.0,5.8794,4.0447
329,20.0,28.0,0.0,6.2637,4.1445
330,12.1,22.0,0.0,3.7065,3.5812
331,9.0,18.0,0.0,2.909,3.3646
332,4.1,6.0,0.0,1.3029,3.4869
333,6.0,10.0,0.0,1.8983,3.4171
334,3.7,6.0,0.0,1.2268,3.4807
335,5.6,11.0,0.0,1.8442,3.6501
336,3.8,6.0,0.0,1.3067,3.3351
337,3.9,5.0,0.0,1.3067,3.3438
338,4.5,8.0,0.0,1.5183,3.5196
339,4.3,7.0,0.0,1.4831,3.472
340,5.2,10.0,0.0,1.7268,3.5713
341,4.2,7.0,0.0,1.3833,3.5044
342,4.9,8.0,0.0,1.5627,3.4423
343,5.9,10.0,0.0,1.9178,3.6665
344,4.6,6.0,0.0,1.4785,3.5585
345,4.2,7.0,0.0,1.3528,3.5226
346,4.2,7.0,0.0,1.3688,3.5689
347,3.7,5.0,0.0,1.191,3.3057
348,4.5,7.0,0.0,1.419,3.3037
349,3.7,5.0,0.0,1.2166,3.5183
350,4.1,6.0,0.0,1.3189,3.4441
351,3.9,6.0,0.0,1.3177,3.242
352,4.4,6.0,0.0,1.419,3.2994
353,3.7,7.0,0.0,1.2333,3.2455
354,4.7,9.0,0.0,1.5431,3.2423
355,5.2,12.0,0.0,1.7813,3.3091
356,3.6,5.0,0.0,1.1412,3.2998
357,5.2,9.0,0.0,1.7494,3.287
358,4.8,13.0,0.0,1.7303,3.301
359,4.0,6.0,0.0,1.3107,3.3074
360,4.5,8.0,0.0,1.4809,3.3356
361,5.6,9.0,0.0,1.8455,3.3781
362,4.6,7.0,0.0,1.4866,3.2884
363,3.8,7.0,0.0,1.2561,3.3234
364,4.5,6.0,0.0,1.4678,3.339
365,7.7,10.0,0.0,2.3862,3.5198
366,7.2,12.0,0.0,2.2108,3.5557
367,6.5,8.0,0.0,2.1465,3.5395
368,4.5,5.0,0.0,1.4106,3.3636
369,5.1,8.0,0.0,1.6339,3.2957
370,4.9,8.0,0.0,1.6117,3.2945
371,4.6,8.0,0.0,1.4484,3.1763
372,4.0,7.0,0.0,1.334,3.3757
373,4.8,6.0,0.0,1.6264,3.469
374,7.9,13.0,0.0,2.5522,3.4757
375,8.3,13.0,0.0,2.6708,3.5839
376,8.6,19.0,0.0,2.8379,3.5052
377,7.0,9.0,0.0,2.2293,3.582
378,8.4,12.0,0.0,2.6924,3.7321
379,6.2,9.0,0.0,1.8905,3.5743
380,5.1,7.0,0.0,1.64,3.6221
381,6.9,10.0,0.0,2.2247,3.5008
382,4.4,7.0,0.0,1.4379,3.456
383,5.2,8.0,0.0,1.6524,3.4533
384,7.2,15.0,0.0,2.2953,3.3696
385,5.2,9.0,0.0,1.6844,3.6095
386,6.0,9.0,0.0,1.8647,3.5148
387,4.5,10.0,0.0,1.5013,3.5362
388,7.4,13.0,0.0,2.3553,3.689
389,5.4,10.0,0.0,1.755,3.7504
390,6.6,9.0,0.0,2.1312,3.7666
391,6.4,10.0,0.0,2.0915,3.7164
392,6.3,9.0,0.0,1.9794,3.7855
393,9.4,13.0,0.0,2.9136,3.7439
394,8.5,14.0,0.0,2.7867,3.8702
395,19.6,23.0,0.0,5.9019,4.3967
396,20.0,30.0,0.0,6.1144,4.5903
397,26.3,47.0,0.0,8.0259,5.7193
398,27.3,47.0,0.0,8.0591,5.5183
399,13.1,20.0,0.0,4.0042,4.049
400,14.6,18.0,0.0,4.5749,4.3012
401,19.1,25.0,0.0,5.6383,4.3817
402,16.5,29.0,0.0,5.0319,4.5235
403,17.7,31.0,0.0,5.2209,4.3486
404,21.9,44.0,0.0,6.8679,4.2858
405,18.1,28.0,0.0,5.4305,4.5246
406,24.0,33.0,0.0,7.1012,4.9924
407,19.4,27.0,0.0,5.9266,5.1921
408,23.4,32.0,0.0,6.9819,5.348
409,17.3,19.0,0.0,5.3222,4.756
410,30.0,39.0,0.0,8.8262,5.1481
411,18.8,25.0,0.0,5.4268,4.4552
412,25.0,45.0,0.0,7.57,4.7334
413,22.0,36.0,0.0,6.627,4.7457
414,25.6,40.0,0.0,7.4944,5.0829
415,21.9,39.0,0.0,6.6143,4.4535
416,17.5,36.0,0.0,5.2614,4.3661
417,17.2,24.0,0.0,5.4204,4.4558
418,15.7,26.0,0.0,4.6906,4.1279
419,14.6,21.0,0.0,4.4001,4.0673
420,18.2,25.0,0.0,5.3786,3.98
421,17.8,37.0,0.0,5.6742,4.1296
422,15.2,22.0,0.0,4.5484,3.7034
423,14.4,26.0,0.0,4.5335,3.6362
424,16.7,21.0,0.0,5.1352,3.7469
425,14.8,22.0,0.0,4.5665,3.6935
426,12.6,21.0,0.0,3.9579,3.7146
427,14.3,30.0,0.0,4.628,3.704
428,13.5,26.0,0.0,4.4251,3.8066
429,19.9,30.0,0.0,5.8694,3.9347
430,11.2,16.0,0.0,3.6488,3.6089
431,12.0,19.0,0.0,3.7934,3.5425
432,10.8,17.0,0.0,3.3528,3.5769
433,10.0,18.0,0.0,3.1033,3.5785
434,10.6,17.0,0.0,3.2936,3.6111
435,13.6,22.0,0.0,4.2058,3.864
436,12.1,16.0,0.0,3.7075,3.6902
437,12.9,39.0,0.0,4.6586,3.5304
438,8.5,14.0,0.0,2.6903,3.4766
439,16.8,29.0,0.0,5.1175,3.6944
440,15.9,28.0,0.0,5.1025,3.7837
441,14.6,26.0,0.0,4.5768,3.7238
442,12.7,21.0,0.0,3.9705,3.617
443,12.9,16.0,0.0,3.9534,3.6689
444,12.2,18.0,0.0,3.8429,3.6489
445,13.9,18.0,0.0,4.1482,3.7129
446,13.1,29.0,0.0,4.307,3.5444
447,14.0,18.0,0.0,4.3559,3.6729
448,12.9,23.0,0.0,4.2584,3.6745
449,9.8,16.0,0.0,3.0728,3.4351
450,12.4,24.0,0.0,4.1911,3.5575
451,12.8,21.0,0.0,3.9859,3.5265
452,12.2,23.0,0.0,3.755,3.6392
453,9.4,12.0,0.0,2.8824,3.5683
454,6.4,9.0,0.0,2.0556,3.428
455,3.2,4.0,0.0,1.0323,3.2219
456,3.9,7.0,0.0,1.3376,3.2682
457,4.3,7.0,0.0,1.45,3.3464
458,5.1,7.0,0.0,1.6128,3.4242
459,5.2,6.0,0.0,1.6398,3.5406
460,7.6,13.0,0.0,2.3711,3.5397
461,8.7,14.0,0.0,2.6513,3.5267
462,7.5,18.0,0.0,2.5142,3.3702
463,6.3,8.0,0.0,1.9249,3.4837
464,6.8,12.0,0.0,2.0731,3.4569
465,8.4,15.0,0.0,2.6344,3.5926
466,7.8,11.0,0.0,2.4223,3.5575
467,5.8,7.0,0.0,1.6966,3.5566
468,5.8,7.0,0.0,1.8248,3.5593
469,6.1,12.0,0.0,1.8638,3.4776
470,4.7,9.0,0.0,1.539,3.3326
471,5.9,11.0,0.0,1.8358,3.4484
472,6.1,10.0,0.0,1.9151,3.3871
473,5.1,8.0,0.0,1.6274,3.3435
474,5.3,10.0,0.0,1.7146,3.3544
475,7.6,12.0,0.0,2.4044,3.4697
476,8.9,12.0,0.0,2.7426,3.6793
477,9.2,18.0,0.0,3.0119,3.5174
478,5.9,10.0,0.0,1.9462,3.3901
479,3.8,6.0,0.0,1.243,3.2758
480,4.0,6.0,0.0,1.3613,3.258
481,3.3,4.0,0.0,1.1377,3.2909
482,4.2,8.0,0.0,1.3858,3.2519
483,3.9,5.0,0.0,1.304,3.3375
484,4.9,12.0,0.0,1.7161,3.3236
485,5.0,11.0,0.0,1.7381,3.3725
486,3.3,5.0,0.0,1.0923,3.3433
487,7.5,13.0,0.0,2.3281,3.5685
488,6.9,14.0,0.0,2.3345,3.6786
489,12.9,27.0,0.0,4.0482,3.8728
490,15.9,20.0,0.0,4.8863,4.85
491,17.4,27.0,0.0,5.0116,4.4984
492,22.0,42.0,0.0,6.8294,4.2295
493,13.7,19.0,0.0,4.2471,3.8581
494,16.9,36.0,0.0,5.3949,3.8571
495,21.8,26.0,0.0,6.5178,4.4964
496,22.4,28.0,0.0,6.7187,4.6142
497,23.0,46.0,0.0,7.2019,4.5379
498,16.9,23.0,0.0,5.3295,4.5509
499,25.4,37.0,0.0,7.7492,4.7025
500,24.5,35.0,0.0,7.3952,4.7762
501,27.2,34.0,0.0,8.038,5.253
502,26.7,34.0,0.0,7.9361,5.0047
503,24.3,33.0,0.0,6.9867,5.2732
504,24.7,30.0,0.0,7.2961,5.1068
505,25.0,35.0,0.0,7.4569,5.2285
506,22.6,28.0,0.0,6.4537,5.0333
507,23.4,29.0,0.0,7.0133,4.5707
508,17.9,26.0,0.0,5.4791,4.0364
509,17.4,26.0,0.0,5.1137,4.5126
510,17.6,24.0,0.0,5.4477,4.9848
511,15.5,32.0,0.0,5.1717,3.9861
512,15.7,20.0,0.0,4.7332,3.9663
513,18.3,31.0,0.0,5.769,4.0687
514,10.6,21.0,0.0,3.3508,3.8112
515,10.3,21.0,0.0,3.332,3.5889
516,16.2,22.0,0.0,4.9009,3.8247
517,20.4,27.0,0.0,6.1808,4.1001
518,19.3,27.0,0.0,5.49,4.2153
519,14.7,23.0,0.0,4.3102,4.1193
520,11.9,15.0,0.0,3.547,4.2141
521,12.4,15.0,0.0,3.7221,3.827
522,15.4,24.0,0.0,4.7423,3.8989
523,17.2,25.0,0.0,5.4081,4.4441
524,4.9,10.0,0.0,1.6148,3.4684
525,5.2,7.0,0.0,1.681,3.4223
526,4.5,5.0,0.0,1.469,3.4386
527,5.5,8.0,0.0,1.7001,3.4687
528,4.8,10.0,0.0,1.5853,3.4455
529,4.3,6.0,0.0,1.3684,3.3389
530,3.8,8.0,0.0,1.2779,3.247
531,3.8,5.0,0.0,1.2748,3.2732
532,4.1,5.0,0.0,1.3444,3.1845
533,3.8,8.0,0.0,1.3012,3.2101
534,3.6,6.0,0.0,1.1723,3.2265
535,5.4,10.0,0.0,1.7564,3.2486
536,4.5,8.0,0.0,1.4635,3.2909
537,3.6,5.0,0.0,1.1636,3.2744
538,3.9,5.0,0.0,1.2592,3.2788
539,4.0,9.0,0.0,1.4741,3.283
540,4.4,7.0,0.0,1.3992,3.2256
541,5.2,8.0,0.0,1.6941,3.3822
542,4.3,7.0,0.0,1.4158,3.4037
543,5.5,8.0,0.0,1.7113,3.3664
544,3.9,5.0,0.0,1.261,3.2377
545,4.0,7.0,0.0,1.3015,3.166
546,4.1,6.0,0.0,1.3331,3.1745
547,4.2,8.0,0.0,1.3892,3.1744
548,4.8,7.0,0.0,1.5288,3.2881
549,5.3,8.0,0.0,1.7075,3.4028
550,5.4,8.0,0.0,1.6503,4.036
551,6.9,13.0,0.0,2.2427,3.6183
552,5.9,11.0,0.0,1.8401,3.4029
553,4.8,7.0,0.0,1.5,3.2823
554,5.1,6.0,0.0,1.5713,3.2596
555,4.8,8.0,0.0,1.4731,3.3003
556,5.0,7.0,0.0,1.6217,3.2932
557,5.0,9.0,0.0,1.6091,3.3077
558,4.1,6.0,0.0,1.2735,3.2751
559,4.2,5.0,0.0,1.3592,3.3292
560,5.7,8.0,0.0,1.7555,3.29
561,4.2,6.0,0.0,1.4134,3.3056
562,5.4,8.0,0.0,1.7571,3.3117
563,5.6,8.0,0.0,1.7103,3.4948
564,5.1,8.0,0.0,1.6523,3.4882
565,6.8,10.0,0.0,2.1047,3.3653
566,4.6,7.0,0.0,1.5272,3.3963
567,4.9,6.0,0.0,1.5318,3.3991
568,5.4,8.0,0.0,1.7164,3.4071
569,4.7,8.0,0.0,1.5353,3.348
570,3.9,5.0,0.0,1.3,3.2648
571,5.0,7.0,0.0,1.5627,3.3341
572,3.6,6.0,0.0,1.1948,3.2682
573,3.9,5.0,0.0,1.2568,3.4013
574,4.8,8.0,0.0,1.5058,3.409
575,4.3,9.0,0.0,1.4379,3.4275
576,5.6,9.0,0.0,1.7624,3.4271
577,4.0,9.0,0.0,1.3855,3.2607
578,5.1,7.0,0.0,1.6292,3.2751
579,3.9,6.0,0.0,1.2919,3.3966
580,3.5,6.0,0.0,1.1347,3.3372
581,3.8,7.0,0.0,1.2732,3.3727
582,5.2,10.0,0.0,1.6895,3.4146
583,5.7,8.0,0.0,1.782,3.5918
584,4.5,8.0,0.0,1.5452,3.5775
585,5.2,7.0,0.0,1.752,3.4956
586,5.2,8.0,0.0,1.7099,3.4866
587,4.4,9.0,0.0,1.51,3.4316
588,4.1,5.0,0.0,1.3192,3.4838
589,4.7,7.0,0.0,1.4858,3.4017
590,4.3,10.0,0.0,1.5256,3.4096
591,4.3,7.0,0.0,1.4373,3.5168
592,4.8,6.0,0.0,1.5048,3.5006
593,4.7,8.0,0.0,1.5322,3.5218
594,4.3,8.0,0.0,1.4107,3.5193
595,4.6,8.0,0.0,1.4627,3.4367
596,5.4,10.0,0.0,1.7826,3.2923
597,6.6,9.0,0.0,2.096,3.5481
598,6.2,9.0,0.0,1.9365,3.5453
599,8.9,20.0,0.0,2.9508,3.5582
600,16.4,25.0,0.0,5.1136,4.3846
601,18.6,25.0,0.0,5.7676,4.7414
602,19.2,25.0,0.0,5.5989,4.4552
603,16.8,27.0,0.0,5.0596,4.2287
604,17.9,26.0,0.0,5.5166,4.0812
605,14.3,22.0,0.0,4.3829,3.798
606,12.2,23.0,0.0,3.8953,3.6523
607,10.2,22.0,0.0,3.3503,3.4186
608,10.4,15.0,0.0,3.154,3.5558
609,8.4,13.0,0.0,2.5826,3.4223
610,7.4,14.0,0.0,2.3902,3.3782
611,8.4,13.0,0.0,2.7251,3.6433
612,7.8,11.0,0.0,2.5307,3.6088
613,7.6,11.0,0.0,2.3596,3.3475
614,6.6,9.0,0.0,2.1679,3.3633
615,6.2,11.0,0.0,1.9778,3.5694
616,6.3,13.0,0.0,2.0567,3.5019
617,7.6,14.0,0.0,2.4847,3.507
618,6.7,10.0,0.0,2.161,3.3836
619,6.8,17.0,0.0,2.3707,3.4716
620,11.6,30.0,0.0,3.9959,3.5527
621,11.7,22.0,0.0,3.7875,3.62
622,16.2,22.0,0.0,5.0105,4.1167
623,13.9,16.0,0.0,4.232,4.157
624,19.7,29.0,0.0,5.8547,4.587
625,17.2,24.0,0.0,5.1803,4.5399
626,16.4,21.0,0.0,5.1155,4.5801
627,16.1,23.0,0.0,5.0543,4.2137
628,18.2,32.0,0.0,5.9473,4.1123
629,8.0,17.0,0.0,2.652,3.5957
630,11.7,19.0,0.0,3.6444,3.6398
631,4.9,8.0,0.0,1.5772,3.4593
632,4.1,7.0,0.0,1.363,3.3566
633,5.5,14.0,0.0,1.929,3.3411
634,4.5,11.0,0.0,1.6148,3.2459
635,6.3,11.0,0.0,2.005,3.3903
636,9.6,23.0,0.0,3.3106,3.5578
637,19.6,49.0,0.0,6.7373,4.0182
638,17.8,33.0,0.0,5.4737,4.084
639,18.3,25.0,0.0,5.2518,4.0544
640,14.5,24.0,0.0,4.4161,3.8861
641,13.9,22.0,0.0,4.44,3.9422
642,14.0,20.0,0.0,4.2951,3.8166
643,13.3,22.0,0.0,4.1842,3.8357
644,12.1,21.0,0.0,3.6436,3.7
645,12.8,23.0,0.0,4.0384,3.6594
646,11.3,17.0,0.0,3.3823,3.782
647,15.0,19.0,0.0,4.3856,4.0616
648,14.3,32.0,0.0,4.6409,3.8771
649,15.4,21.0,0.0,4.8381,3.7198
650,12.0,15.0,0.0,3.6647,3.8711
651,10.9,18.0,0.0,3.4516,3.6878
652,10.3,15.0,0.0,3.2542,3.6401
653,12.6,18.0,0.0,3.7719,3.5741
654,11.4,22.0,0.0,3.7395,3.4322
655,6.0,12.0,0.0,1.9605,3.2043
656,3.7,5.0,0.0,1.1825,3.1945
657,5.2,7.0,0.0,1.6305,3.2907
658,5.4,9.0,0.0,1.7972,3.3063
659,3.9,8.0,0.0,1.3165,3.2628
660,5.1,8.0,0.0,1.6793,3.3244
661,5.9,9.0,0.0,1.9358,3.4684
662,6.0,10.0,0.0,2.0069,3.4727
663,8.1,17.0,0.0,2.7606,3.5579
664,12.3,17.0,0.0,3.8158,3.8721
665,15.8,24.0,0.0,4.8958,3.9799
666,15.3,21.0,0.0,4.5677,4.1174
667,21.0,36.0,0.0,6.2608,4.6656
668,20.6,33.0,0.0,6.1522,4.4324
669,18.5,21.0,0.0,5.433,4.9071
670,22.3,33.0,0.0,6.6295,4.4803
671,19.1,25.0,0.0,5.4045,4.4719
672,15.3,30.0,0.0,4.6019,4.2929
673,17.4,24.0,0.0,5.1049,4.556
674,20.8,29.0,0.0,6.3901,4.3267
675,19.1,32.0,0.0,5.9488,4.6999
676,25.7,38.0,0.0,7.7361,5.0963
677,19.3,30.0,0.0,5.7879,4.6525
678,30.4,37.0,0.0,8.7182,5.822
679,31.8,41.0,0.0,9.4052,6.0633
680,34.9,49.0,0.0,9.9421,6.2631
681,23.5,28.0,0.0,6.8064,5.0385
682,25.1,38.0,0.0,7.3965,5.178
683,26.7,33.0,0.0,7.5303,5.0545
684,18.5,29.0,0.0,5.3647,4.3673
685,14.5,18.0,0.0,4.2734,4.2568
686,15.9,21.0,0.0,4.4468,4.2737
687,15.3,22.0,0.0,4.5004,4.2048
688,17.3,23.0,0.0,5.0217,4.335
689,20.8,26.0,0.0,6.0189,4.6998
690,19.1,28.0,0.0,5.8017,4.8756
691,19.0,27.0,0.0,5.7038,4.4151
692,18.7,22.0,0.0,5.7915,4.7309
693,18.0,33.0,0.0,5.5156,4.2264
694,12.8,19.0,0.0,3.8455,3.8577
695,10.4,22.0,0.0,3.3455,3.8525
696,5.6,8.0,0.0,1.7095,3.5174
697,5.9,8.0,0.0,1.8241,3.3312
698,5.1,8.0,0.0,1.6302,3.3411
699,5.4,13.0,0.0,1.8575,3.3268
700,5.8,7.0,0.0,1.8782,3.4129
701,6.0,9.0,0.0,1.9179,3.4802
702,6.3,9.0,0.0,2.0361,3.5299
703,5.3,9.0,0.0,1.6953,3.4672
704,5.4,8.0,0.0,1.7233,3.4416
705,5.3,9.0,0.0,1.7611,3.4536
706,4.0,8.0,0.0,1.3511,3.2733
707,4.3,6.0,0.0,1.4169,3.2405
708,4.2,7.0,0.0,1.419,3.2289
709,4.4,7.0,0.0,1.4177,3.2374
710,4.2,9.0,0.0,1.429,3.2974
711,6.6,15.0,0.0,2.3216,3.521
712,10.7,22.0,0.0,3.475,3.7233
713,16.2,21.0,0.0,5.0344,4.2929
714,18.2,23.0,0.0,5.3691,4.5062
715,16.0,24.0,0.0,4.8939,4.5188
716,16.8,29.0,0.0,5.2576,4.5855
717,19.7,29.0,0.0,6.1322,4.7988
718,21.4,34.0,0.0,6.5371,4.9769
719,29.6,39.0,0.0,8.8152,5.9345
720,24.2,39.0,0.0,7.5027,5.0939
721,22.1,25.0,0.0,7.0556,5.1079
722,29.4,66.0,0.0,9.3535,5.4406
723,22.4,36.0,0.0,6.8702,4.9653
724,20.9,30.0,0.0,6.3973,4.6485
725,18.5,25.0,0.0,5.4869,4.7972
726,23.7,40.0,0.0,7.4108,5.2179
727,22.2,27.0,0.0,6.6746,5.4998
728,19.2,26.0,0.0,5.7723,4.8739
729,22.3,34.0,0.0,6.8877,5.2755
730,20.5,31.0,0.0,6.1701,4.4332
731,13.8,22.0,0.0,4.3517,3.9649
732,13.8,20.0,0.0,4.2713,3.7835
733,16.8,41.0,0.0,5.6803,3.9213
734,17.2,42.0,0.0,5.8658,4.1931
735,16.0,21.0,0.0,4.8701,4.3444
736,19.7,28.0,0.0,5.9638,4.4379
737,23.2,37.0,0.0,7.2364,4.472
738,16.8,24.0,0.0,5.1658,4.1263
739,12.9,31.0,0.0,4.2462,3.7486
740,9.5,16.0,0.0,3.0508,3.696
741,6.8,14.0,0.0,2.2445,3.3798
742,4.4,5.0,0.0,1.4309,3.3593
743,4.6,6.0,0.0,1.5037,3.3415
744,3.9,5.0,0.0,1.2653,3.2997
745,2.9,4.0,0.0,0.9968,3.2966
746,3.9,6.0,0.0,1.3975,3.2098
747,4.6,7.0,0.0,1.5212,3.2117
748,4.9,7.0,0.0,1.5865,3.2732
749,4.1,8.0,0.0,1.3143,3.3536
750,3.9,5.0,0.0,1.2835,3.3002
751,4.9,11.0,0.0,1.6454,3.4253
752,4.0,6.0,0.0,1.3116,3.5764
753,3.4,4.0,0.0,1.1161,3.5108
754,5.7,12.0,0.0,1.9631,3.5431
755,4.2,6.0,0.0,1.3748,3.3562
756,7.7,14.0,0.0,2.4952,3.5437
757,12.6,20.0,0.0,3.9787,4.2395
758,19.1,29.0,0.0,5.8472,4.8835
759,19.9,28.0,0.0,6.064,5.2276
760,16.7,20.0,0.0,5.016,5.1373
761,18.0,31.0,0.0,5.4451,4.7589
762,15.7,32.0,0.0,4.7346,4.562
763,13.8,17.0,0.0,4.1602,4.12
764,16.3,20.0,0.0,5.0024,3.8421
765,19.8,30.0,0.0,6.0399,4.2401
766,18.0,35.0,0.0,5.5377,3.9817
767,23.6,37.0,0.0,7.3041,4.4764
768,16.6,25.0,0.0,5.026,4.1532
769,11.0,14.0,0.0,3.3959,3.6709
770,13.3,17.0,0.0,3.9932,3.8896
771,5.1,7.0,0.0,1.6377,3.3418
772,3.5,5.0,0.0,1.1412,3.34
773,3.4,5.0,0.0,1.1738,3.2447
774,3.8,5.0,0.0,1.2068,3.1821
775,4.1,7.0,0.0,1.345,3.2162
776,3.5,6.0,0.0,1.1825,3.2032
777,3.0,4.0,0.0,1.0352,3.2629
778,3.0,5.0,0.0,1.0585,3.2388
779,3.0,4.0,0.0,1.0105,3.2683
780,4.6,7.0,0.0,1.4717,3.1691
781,2.2,3.0,0.0,0.7732,3.1276
782,4.0,7.0,0.0,1.3342,3.1492
783,4.8,10.0,0.0,1.578,3.2155
784,4.8,9.0,0.0,1.5724,3.3167
785,5.2,8.0,0.0,1.6936,3.4125
786,12.2,19.0,0.0,3.9599,3.8673
787,15.9,26.0,0.0,5.0559,4.4515
788,20.9,30.0,0.0,6.4264,4.7388
789,15.4,21.0,0.0,4.6603,4.6209
790,15.6,26.0,0.0,4.8573,4.0685
791,10.0,17.0,0.0,3.269,3.6544
792,7.8,13.0,0.0,2.4401,3.4434
793,13.2,16.0,0.0,4.0686,3.6886
794,13.2,20.0,0.0,4.0969,3.7251
795,16.7,27.0,0.0,5.1426,3.9361
796,18.1,23.0,0.0,5.3981,4.2504
797,16.8,24.0,0.0,5.0177,4.2263
798,17.3,30.0,0.0,5.383,4.2135
799,19.1,27.0,0.0,5.5221,4.2443
800,16.9,32.0,0.0,5.1008,4.0748
801,8.1,17.0,0.0,2.4942,3.5614
802,13.6,25.0,0.0,4.2379,3.6428
803,13.5,24.0,0.0,4.1974,3.88
804,11.3,16.0,0.0,3.3842,3.7009
805,17.1,32.0,0.0,5.2336,3.9564
806,16.5,38.0,0.0,5.4245,3.9874
807,15.2,20.0,0.0,4.778,3.9054
808,16.5,26.0,0.0,5.1029,3.8694
809,16.5,25.0,0.0,4.8278,4.0462
810,13.6,24.0,0.0,4.3292,3.9757
811,11.1,19.0,0.0,3.3569,3.8348
812,17.5,27.0,0.0,5.3597,3.9924
813,17.8,33.0,0.0,5.5257,4.068
814,18.4,25.0,0.0,5.6662,4.2116
815,17.3,22.0,0.0,5.3439,4.0594
816,22.2,31.0,0.0,6.5589,4.3086
817,19.9,32.0,0.0,6.2895,4.3016
818,22.8,35.0,0.0,6.9086,4.1681
819,19.0,37.0,0.0,6.0539,4.0423
820,22.3,35.0,0.0,6.7858,4.2938
821,20.6,27.0,0.0,6.129,4.2152
822,19.0,32.0,0.0,5.7306,4.3591
823,20.8,46.0,0.0,6.8465,4.2922
824,15.8,24.0,0.0,4.828,4.0566
825,13.5,24.0,0.0,4.2811,3.6909
826,8.5,22.0,0.0,2.9688,3.5066
827,5.6,10.0,0.0,1.8351,3.3435
828,13.7,23.0,0.0,4.4393,3.5877
829,7.9,21.0,0.0,2.8278,3.6026
830,12.1,20.0,0.0,3.7912,3.7035
831,12.6,16.0,0.0,3.9184,3.8984
832,18.9,25.0,0.0,5.6487,4.0726
833,13.7,23.0,0.0,4.1581,4.0722
834,13.3,20.0,0.0,4.1988,3.8819
835,13.2,23.0,0.0,4.1119,3.7558
836,16.0,20.0,0.0,4.744,3.9694
837,16.3,27.0,0.0,5.1447,4.4167
838,14.4,24.0,0.0,4.5275,4.2091
839,17.9,31.0,0.0,5.5235,4.2432
840,14.4,38.0,0.0,4.9304,4.2471
841,13.0,20.0,0.0,4.0817,4.1222
842,15.7,22.0,0.0,4.7667,4.0927
843,13.3,19.0,0.0,4.1413,4.1803
844,13.4,20.0,0.0,4.1364,4.1967
845,15.0,22.0,0.0,4.3906,4.2622
846,16.4,27.0,0.0,5.0854,4.4256
847,19.3,23.0,0.0,5.8905,4.6851
848,20.7,27.0,0.0,6.2671,5.24
849,21.6,33.0,0.0,6.3364,5.4633
850,24.3,47.0,0.0,7.4168,5.6573
851,23.0,45.0,0.0,7.0265,5.4588
852,18.1,25.0,0.0,5.1901,5.1505
853,20.0,31.0,0.0,5.698,5.5292
854,31.1,42.0,0.0,8.8809,5.9654
855,17.7,24.0,0.0,5.0748,5.1527
856,21.6,34.0,0.0,6.3529,5.2986
857,25.1,50.0,0.0,7.7647,4.9782
858,24.8,37.0,0.0,7.151,5.0007
859,26.0,48.0,1.0,7.4403,5.2493
860,26.0,31.0,0.0,7.5829,5.1034
861,19.1,31.0,0.0,5.735,5.0552
862,23.8,37.0,0.0,6.936,5.0627
863,19.9,32.0,0.0,5.7108,4.4949
864,17.1,24.0,0.0,5.1236,4.6731
865,18.7,23.0,0.0,5.3928,4.92
866,19.4,31.0,0.0,5.7929,4.6971
867,16.6,35.0,0.0,5.0325,4.2074
868,17.7,24.0,0.0,5.1719,4.4538
869,16.0,25.0,0.0,4.9182,4.5905
870,17.5,24.0,0.0,5.1132,4.5301
871,14.8,17.0,0.0,4.4752,4.2799
872,16.1,31.0,0.0,5.2048,4.0487
873,23.2,39.0,0.0,7.3027,4.514
874,20.5,34.0,0.0,6.0459,4.7346
875,17.9,27.0,0.0,5.2655,4.1956
876,16.7,33.0,0.0,5.3607,4.2128
877,16.6,25.0,0.0,5.2961,3.9981
878,13.9,19.0,0.0,4.15,3.7112
879,18.2,26.0,0.0,5.6132,3.9292
880,11.7,28.0,0.0,4.0057,3.5947
881,10.7,17.0,0.0,3.3903,3.7855
882,7.8,11.0,0.0,2.4428,3.6657
883,12.4,21.0,0.0,3.7869,3.7398
884,9.5,15.0,0.0,2.9947,3.7267
885,15.2,39.0,0.0,5.148,3.9694
886,22.4,33.0,0.0,7.0021,4.5058
887,26.2,35.0,0.0,8.5386,5.8187
888,34.5,57.0,0.0,10.8184,6.1486
889,33.9,48.0,0.0,9.8897,6.1454
890,24.3,36.0,0.0,7.351,5.1971
891,22.5,32.0,0.0,6.4991,5.0288
892,19.5,27.0,0.0,5.6313,4.4319
893,25.3,47.0,0.0,7.5682,4.7849
894,20.7,23.0,0.0,6.1097,4.6659
895,23.8,33.0,0.0,6.7607,4.8664
896,17.9,32.0,0.0,5.5765,4.197
897,21.2,34.0,0.0,6.5351,4.6318
898,21.4,29.0,0.0,6.9186,4.8334
899,23.6,36.0,0.0,6.9542,4.4514
900,29.8,42.0,0.0,8.6487,5.3338
901,36.1,58.0,0.0,10.9019,5.9593
902,36.0,51.0,0.0,10.2078,6.0145
903,31.9,51.0,0.0,9.0285,5.2877
904,31.9,52.0,0.0,9.4577,5.4865
905,17.2,21.0,0.0,5.0485,4.5728
906,21.8,44.0,0.0,6.5487,5.0041
907,21.8,29.0,0.0,6.1068,4.9788
908,25.9,43.0,0.0,7.457,5.082
909,26.5,38.0,0.0,7.8029,4.9577
910,21.2,51.0,0.0,6.9983,5.2466
911,22.5,53.0,0.0,7.5649,4.8861
912,11.1,25.0,0.0,3.729,3.8206
913,8.9,13.0,0.0,2.7446,3.6609
914,9.6,15.0,0.0,2.9336,3.468
915,8.0,17.0,0.0,2.5627,3.6413
916,5.3,8.0,0.0,1.6744,3.5982
917,4.6,6.0,0.0,1.4992,3.3729
918,4.4,7.0,0.0,1.4368,3.4907
919,4.8,6.0,0.0,1.4944,3.3594
920,4.1,5.0,0.0,1.3334,3.2443
921,4.0,9.0,0.0,1.3391,3.2729
922,4.4,11.0,0.0,1.5285,3.5419
923,3.7,5.0,0.0,1.1971,3.4969
924,5.5,9.0,0.0,1.7635,3.6173
925,3.1,5.0,0.0,1.0744,3.3461
926,4.2,6.0,0.0,1.3615,3.4973
927,4.2,6.0,0.0,1.3666,3.5386
928,4.1,8.0,0.0,1.3563,3.5494
929,4.4,6.0,0.0,1.3856,3.4659
930,5.0,10.0,0.0,1.6588,3.5283
931,5.3,7.0,0.0,1.694,3.6567
932,4.7,8.0,0.0,1.5729,3.2598
933,5.4,8.0,0.0,1.7048,3.4026
934,4.4,12.0,0.0,1.6415,3.2861
935,4.4,7.0,0.0,1.3805,3.2305
936,4.1,6.0,0.0,1.3918,3.3065
937,4.1,8.0,0.0,1.3219,3.3398
938,4.8,8.0,0.0,1.558,3.4387
939,4.4,8.0,0.0,1.4302,3.3662
940,4.1,5.0,0.0,1.3409,3.4249
941,3.7,5.0,0.0,1.1779,3.316
942,5.3,7.0,0.0,1.66,3.2607
943,4.3,5.0,0.0,1.3831,3.3545
944,5.9,11.0,0.0,1.9406,3.4609
945,5.1,7.0,0.0,1.6394,3.454
946,6.0,7.0,0.0,1.924,3.4729
947,6.1,9.0,0.0,1.9188,3.6096
948,8.3,14.0,0.0,2.5965,3.7403
949,11.3,18.0,0.0,3.4272,3.8696
950,23.5,43.0,0.0,7.2608,4.555
951,21.2,35.0,0.0,6.3467,4.4311
952,24.5,41.0,0.0,7.1595,4.8923
953,15.3,20.0,0.0,4.3924,4.2594
954,17.5,25.0,0.0,5.1317,4.1316
955,19.4,30.0,0.0,5.8269,4.2868
956,16.2,30.0,0.0,5.0956,3.7214
957,15.3,34.0,0.0,5.2377,3.7571
958,14.7,19.0,0.0,4.5541,3.814
959,12.0,17.0,0.0,3.7091,3.5772
960,8.9,23.0,0.0,3.0391,3.4357
961,19.0,40.0,0.0,6.3751,3.8503
962,17.7,24.0,0.0,5.5613,4.0905
963,11.5,21.0,0.0,3.7551,3.7654
964,7.5,12.0,0.0,2.4346,3.4819
965,6.5,13.0,0.0,2.1216,3.4162
966,7.7,16.0,0.0,2.6882,3.4124
967,9.7,15.0,0.0,3.0741,3.5146
968,6.0,9.0,0.0,1.8996,3.4526
969,9.1,14.0,0.0,2.9294,3.4315
970,6.1,11.0,0.0,1.9605,3.4366
971,6.4,12.0,0.0,2.1293,3.4257
972,12.2,26.0,0.0,3.963,3.686
973,15.5,26.0,0.0,5.0801,4.1943
974,15.5,23.0,0.0,4.779,4.0726
975,17.0,28.0,0.0,5.4249,4.3115
976,16.3,20.0,0.0,4.978,4.3662
977,14.5,23.0,0.0,4.4395,3.9707
978,15.2,26.0,0.0,4.6481,4.1081
979,12.8,15.0,0.0,3.9201,4.124
980,14.1,19.0,0.0,4.3011,4.2215
981,14.5,21.0,0.0,4.265,4.0939
982,14.8,24.0,0.0,4.5695,4.0925
983,11.9,15.0,0.0,3.6892,3.8483
984,14.1,26.0,0.0,4.3737,4.0794
985,15.6,21.0,0.0,4.6554,3.9355
986,14.3,26.0,0.0,4.5264,3.9039
987,13.2,29.0,0.0,4.2808,3.6321
988,15.8,28.0,0.0,4.9756,3.8317
989,16.2,30.0,0.0,4.9652,3.9223
990,14.8,27.0,0.0,4.5403,4.0493
991,19.7,30.0,0.0,5.9422,4.3029
992,16.0,29.0,0.0,4.8949,4.2072
993,17.7,24.0,0.0,5.2772,4.3481
994,18.1,29.0,0.0,5.5456,4.1896
995,18.6,29.0,0.0,5.3879,4.3676
996,20.4,27.0,0.0,6.1333,4.5657
997,15.3,27.0,0.0,4.7575,4.3244
998,15.2,42.0,0.0,5.3157,4.0383
999,17.0,27.0,0.0,5.1859,3.9656
1000,12.6,20.0,0.0,3.9304,3.7754
1001,9.3,14.0,0.0,2.9887,3.5841
1002,6.7,12.0,0.0,2.2149,3.6215
1003,10.1,21.0,0.0,3.4056,3.3663
1004,4.2,6.0,0.0,1.3637,3.2179
1005,3.8,7.0,0.0,1.2688,3.2024
1006,5.0,8.0,0.0,1.5911,3.2432
1007,5.2,9.0,0.0,1.7521,3.2218
1008,4.7,8.0,0.0,1.5931,3.4304
1009,4.3,7.0,0.0,1.4281,3.2804
1010,11.3,25.0,0.0,3.8399,3.4659
1011,19.6,29.0,0.0,5.9753,4.4578
1012,19.6,26.0,0.0,6.0622,4.6729
1013,20.5,26.0,0.0,5.9526,5.2516
1014,23.4,43.0,0.0,7.1684,5.2155
1015,24.1,31.0,0.0,7.1474,5.2647
1016,27.1,40.0,0.0,8.0455,5.1348
1017,22.5,28.0,0.0,6.9606,4.8758
1018,15.4,24.0,0.0,4.3738,4.5114
1019,20.3,35.0,0.0,6.1447,4.4615
1020,20.2,39.0,0.0,5.9791,4.5968
1021,20.1,36.0,0.0,6.1444,4.3284
1022,20.7,32.0,0.0,6.1865,4.3321
1023,10.0,17.0,0.0,3.1275,3.4944
1024,7.2,14.0,0.0,2.3568,3.3859
1025,5.7,9.0,0.0,1.9008,3.3496
1026,4.5,7.0,0.0,1.4108,3.4073
1027,4.9,11.0,0.0,1.6474,3.3158
1028,4.5,6.0,0.0,1.4112,3.441
1029,4.8,8.0,0.0,1.5079,3.4579
1030,5.9,11.0,0.0,1.8943,3.3123
1031,5.1,7.0,0.0,1.6689,3.4659
1032,6.5,8.0,0.0,2.0284,3.2694
1033,5.8,8.0,0.0,1.8304,3.2799
1034,7.9,14.0,0.0,2.5313,3.4717
1035,11.6,39.0,0.0,4.7445,3.613
1036,9.3,23.0,0.0,3.2963,3.4335
1037,10.5,20.0,0.0,3.493,3.577
1038,12.2,19.0,0.0,3.9173,3.8855
1039,16.3,21.0,0.0,4.9424,4.2416
1040,20.7,28.0,0.0,6.1195,4.2445
1041,15.8,28.0,0.0,5.0947,3.9259
1042,15.8,29.0,0.0,4.8786,3.959
1043,16.5,38.0,0.0,5.4376,3.9993
1044,14.3,33.0,0.0,4.5863,4.0991
1045,14.1,21.0,0.0,4.4004,3.8729
1046,5.9,8.0,0.0,1.8967,3.2033
1047,5.2,9.0,0.0,1.6582,3.2396
1048,4.8,6.0,0.0,1.5764,3.3475
1049,5.2,7.0,0.0,1.6636,3.3326
1050,6.5,14.0,0.0,2.1623,3.2617
1051,5.2,9.0,0.0,1.6288,3.2714
1052,6.9,20.0,0.0,2.5348,3.2971
1053,7.9,15.0,0.0,2.5947,3.4516
1054,9.4,20.0,0.0,3.1843,3.529
1055,10.4,16.0,0.0,3.3211,3.6195
1056,8.2,15.0,0.0,2.6195,3.4583
1057,7.0,16.0,0.0,2.4251,3.3762
1058,8.7,29.0,0.0,3.4129,3.3415
1059,6.6,11.0,0.0,2.1139,3.3982
1060,10.9,28.0,0.0,3.7658,3.5524
1061,11.4,23.0,0.0,3.6438,3.6326
1062,13.9,22.0,0.0,4.2244,3.7313
1063,13.9,19.0,0.0,4.2253,4.0385
1064,10.4,17.0,0.0,3.0499,3.7873
1065,11.5,20.0,0.0,3.5908,3.6865
1066,7.1,15.0,0.0,2.3,3.5893
1067,12.5,20.0,0.0,3.873,3.9378
1068,12.6,29.0,0.0,4.0961,3.7869
1069,16.2,23.0,0.0,4.9162,4.0936
1070,10.6,17.0,0.0,3.2,3.7991
1071,9.1,13.0,0.0,2.6963,3.8458
1072,8.1,14.0,0.0,2.4958,3.7889
1073,7.7,10.0,0.0,2.3507,3.6219
1074,7.5,11.0,0.0,2.2774,3.7246
1075,10.1,21.0,0.0,3.2301,3.7895
1076,5.7,9.0,0.0,1.8464,3.5036
1077,5.7,7.0,0.0,1.7797,3.6272
1078,6.5,9.0,0.0,1.9984,3.5179
1079,5.5,8.0,0.0,1.7961,3.5351
1080,5.6,7.0,0.0,1.7685,3.5649
1081,5.5,7.0,0.0,1.7103,3.5459
1082,4.5,6.0,0.0,1.4239,3.5047
1083,4.1,5.0,0.0,1.2777,3.4796
1084,4.5,6.0,0.0,1.4799,3.4486
1085,4.6,8.0,0.0,1.4948,3.2691
1086,5.3,8.0,0.0,1.6762,3.3201
1087,5.6,11.0,0.0,1.8166,3.3937
1088,4.0,6.0,0.0,1.2969,3.4544
1089,3.4,5.0,0.0,1.1233,3.4785
1090,3.5,4.0,0.0,1.1407,3.4045
1091,3.0,5.0,0.0,1.0332,3.1249
1092,4.2,9.0,0.0,1.4523,3.2695
1093,4.4,8.0,0.0,1.4205,3.4669
1094,4.0,7.0,0.0,1.3423,3.5585
1095,5.4,14.0,0.0,1.9271,3.6283
1096,4.8,6.0,0.0,1.5991,3.3996
1097,2.8,4.0,0.0,0.9734,3.1907
1098,3.8,8.0,0.0,1.28,3.3847
1099,4.9,7.0,0.0,1.6607,3.257
1100,3.3,7.0,0.0,1.1371,3.4357
1101,6.2,16.0,0.0,2.1877,3.6632
1102,10.9,26.0,0.0,3.6987,4.0513
1103,21.9,32.0,0.0,6.7082,4.9998
1104,18.7,27.0,0.0,5.6657,4.9931
1105,17.4,28.0,0.0,5.3455,4.9337
1106,14.3,21.0,0.0,4.2379,4.7428
1107,16.5,22.0,0.0,4.7875,4.6028
1108,12.0,20.0,0.0,3.5723,3.9772
1109,11.9,17.0,0.0,3.5509,4.099
1110,12.0,26.0,0.0,3.9148,4.1115
1111,8.0,13.0,0.0,2.477,3.7645
1112,7.5,15.0,0.0,2.4212,3.7154
1113,10.4,17.0,0.0,3.1523,3.7362
1114,13.0,19.0,0.0,3.799,4.0526
1115,9.5,17.0,0.0,3.0221,4.0349
1116,6.3,12.0,0.0,2.0512,3.6851
1117,5.1,7.0,0.0,1.6726,3.6893
1118,5.9,10.0,0.0,1.8105,3.5674
1119,5.7,8.0,0.0,1.7457,3.5499
1120,5.4,8.0,0.0,1.7138,3.5929
1121,6.6,9.0,0.0,2.0687,3.5369
1122,6.8,9.0,0.0,2.2511,3.7367
1123,6.4,8.0,0.0,1.9591,3.7748
1124,6.7,11.0,0.0,2.149,3.7995
1125,6.2,9.0,0.0,1.9186,3.7701
1126,7.5,17.0,0.0,2.5937,3.5643
1127,4.9,7.0,0.0,1.5523,3.4299
1128,6.3,9.0,0.0,1.9936,3.4849
1129,8.6,17.0,0.0,2.8471,3.4992
1130,8.6,14.0,0.0,2.6454,3.6576
1131,8.0,22.0,0.0,2.8526,3.4906
1132,15.8,20.0,0.0,5.0127,4.3889
1133,16.5,20.0,0.0,4.8077,4.6844
1134,17.0,21.0,0.0,5.2897,4.7138
1135,17.9,23.0,0.0,5.382,4.9175
1136,18.2,22.0,0.0,5.5021,4.5779
1137,18.5,28.0,0.0,5.5188,4.3584
1138,15.0,22.0,0.0,4.4504,4.128
1139,21.2,30.0,0.0,6.5242,4.5226
1140,18.8,24.0,0.0,5.7888,4.5568
1141,18.6,23.0,0.0,5.4034,4.5923
1142,20.4,33.0,0.0,6.3382,4.4246
1143,22.4,42.0,0.0,6.8774,4.4894
1144,18.1,27.0,0.0,5.4836,4.0385
1145,16.3,29.0,0.0,5.0733,3.8248
1146,17.2,37.0,0.0,5.5592,3.8178
1147,12.8,20.0,0.0,3.9907,3.9532
1148,13.7,25.0,0.0,4.1316,3.8702
1149,15.0,21.0,0.0,4.5607,3.8815
1150,11.4,19.0,0.0,3.6481,3.7252
1151,9.8,19.0,0.0,3.0784,3.6082
1152,11.5,19.0,0.0,3.6619,3.5989
1153,7.3,11.0,0.0,2.2417,3.4316
1154,9.3,17.0,0.0,2.893,3.5174
1155,8.0,14.0,0.0,2.4814,3.3955
1156,7.9,14.0,0.0,2.475,3.4126
1157,6.1,10.0,0.0,1.9464,3.3332
1158,6.2,9.0,0.0,1.9319,3.3428
1159,8.4,12.0,0.0,2.6267,3.3417
1160,4.8,6.0,0.0,1.5842,3.238
1161,4.0,5.0,0.0,1.3438,3.252
1162,4.0,5.0,0.0,1.236,3.3192
1163,3.7,6.0,0.0,1.2076,3.2952
1164,4.0,9.0,0.0,1.3601,3.2823
1165,3.6,5.0,0.0,1.1473,3.3268
1166,3.9,6.0,0.0,1.3304,3.3963
1167,3.4,7.0,0.0,1.1797,3.3283
1168,4.1,6.0,0.0,1.4163,3.3491
1169,4.2,6.0,0.0,1.3955,3.2917
1170,5.2,8.0,0.0,1.6471,3.4623
1171,5.5,7.0,0.0,1.7646,3.5565
1172,4.8,7.0,0.0,1.5588,3.5283
1173,5.5,8.0,0.0,1.7854,3.5558
1174,6.4,10.0,0.0,1.9731,3.6627
1175,13.4,22.0,0.0,4.1239,4.1405
1176,18.4,32.0,0.0,5.4726,4.2668
1177,21.5,34.0,0.0,6.4505,4.1232
1178,17.7,32.0,0.0,5.3938,4.0585
1179,15.0,22.0,0.0,4.7131,3.8498
1180,10.8,16.0,0.0,3.3203,3.5623
1181,7.8,14.0,0.0,2.4995,3.2649
1182,5.9,12.0,0.0,1.9742,3.2478
1183,4.6,7.0,0.0,1.4812,3.1676
1184,3.2,4.0,0.0,1.0831,3.2349
1185,4.5,9.0,0.0,1.4769,3.2559
1186,3.6,5.0,0.0,1.1694,3.2512
1187,5.0,8.0,0.0,1.6066,3.3055
1188,3.7,6.0,0.0,1.1916,3.2746
1189,3.9,6.0,0.0,1.3101,3.3062
1190,7.4,14.0,0.0,2.4658,3.4971
1191,10.3,16.0,0.0,3.2383,3.6862
1192,12.3,16.0,0.0,3.987,4.6624
1193,14.1,25.0,0.0,4.1868,4.5652
1194,12.1,17.0,0.0,3.6305,4.3219
1195,15.5,22.0,0.0,4.5775,4.552
1196,20.7,29.0,0.0,6.004,5.3276
1197,22.9,37.0,0.0,6.9699,4.913
1198,18.3,24.0,0.0,5.6128,5.1912
1199,16.1,22.0,0.0,4.8606,4.5997
1200,15.5,26.0,0.0,4.8718,4.7159
1201,14.9,20.0,0.0,4.4438,4.5363
1202,18.4,40.0,0.0,5.856,4.4057
1203,15.4,23.0,0.0,4.6484,4.2343
1204,18.3,26.0,0.0,5.9647,4.2657
1205,18.3,29.0,0.0,5.6588,4.15
1206,16.3,26.0,0.0,5.0284,4.1711
1207,14.3,25.0,0.0,4.4183,3.8342
1208,7.4,11.0,0.0,2.3614,3.5159
1209,8.1,15.0,0.0,2.6547,3.5275
1210,11.9,16.0,0.0,3.6304,3.8554
1211,11.7,18.0,0.0,3.5707,3.9804
1212,11.8,18.0,0.0,3.6053,3.8761
1213,6.0,12.0,0.0,1.9197,3.7587
1214,8.2,19.0,0.0,2.8371,3.4462
1215,8.1,16.0,0.0,2.652,3.4175
1216,12.5,16.0,0.0,4.0375,3.8431
1217,12.4,18.0,0.0,3.9415,3.8115
1218,11.0,18.0,0.0,3.5185,3.6839
1219,12.4,16.0,0.0,3.7574,3.8162
1220,11.7,16.0,0.0,3.4517,3.6057
1221,14.0,34.0,0.0,4.5419,3.6648
1222,12.1,16.0,0.0,3.7158,3.6924
1223,12.4,25.0,0.0,4.0915,3.5234
1224,6.4,17.0,0.0,2.2561,3.3662
1225,4.4,8.0,0.0,1.4654,3.2773
1226,5.0,7.0,0.0,1.578,3.1362
1227,3.8,6.0,0.0,1.2624,3.1529
1228,3.6,5.0,0.0,1.1938,3.2377
1229,4.7,9.0,0.0,1.5166,3.2067
1230,4.2,5.0,0.0,1.3657,3.2892
1231,5.1,8.0,0.0,1.7284,3.2305
1232,3.8,6.0,0.0,1.251,3.1665
1233,4.7,6.0,0.0,1.5124,3.2777
1234,4.5,8.0,0.0,1.449,3.2158
1235,4.3,7.0,0.0,1.3921,3.1459
1236,3.3,4.0,0.0,1.0583,3.2488
1237,4.7,8.0,0.0,1.5351,3.3519
1238,4.7,6.0,0.0,1.4722,3.2051
1239,4.9,8.0,0.0,1.569,3.3254
1240,4.9,7.0,0.0,1.5813,3.254
1241,5.3,9.0,0.0,1.7254,3.3639
1242,5.6,10.0,0.0,1.761,3.3538
1243,6.5,13.0,0.0,2.1418,3.4581
1244,4.1,5.0,0.0,1.2624,3.4036
1245,4.4,7.0,0.0,1.4586,3.4682
1246,4.8,9.0,0.0,1.6253,3.3279
1247,6.8,10.0,0.0,2.1028,3.5267
1248,7.1,11.0,0.0,2.1656,3.5763
1249,9.0,16.0,0.0,2.8085,3.9901
1250,8.5,16.0,0.0,2.8227,3.6299
1251,10.7,18.0,0.0,3.4968,3.9024
1252,14.8,28.0,0.0,4.6966,4.3734
1253,19.3,30.0,0.0,6.0029,4.7078
1254,20.0,30.0,0.0,6.1764,4.617
1255,20.1,27.0,0.0,5.7402,4.5894
1256,20.7,31.0,0.0,6.0982,4.5302
1257,21.9,28.0,0.0,6.4322,4.8686
1258,22.1,28.0,0.0,6.4627,4.7207
1259,21.1,28.0,0.0,6.1745,4.8278
1260,18.6,33.0,0.0,5.6831,4.5931
1261,17.3,27.0,0.0,5.1417,4.496
1262,21.8,34.0,0.0,6.7526,4.4725
1263,15.0,27.0,0.0,4.626,3.9214
1264,18.0,30.0,0.0,5.6054,4.1083
1265,18.2,23.0,0.0,5.3816,4.0681
1266,14.9,23.0,0.0,4.412,4.0026
1267,13.6,22.0,0.0,4.2057,3.9522
1268,17.8,26.0,0.0,5.3045,3.9162
1269,14.4,23.0,0.0,4.3132,3.8976
1270,10.1,15.0,0.0,3.0551,3.5815
1271,8.9,21.0,0.0,2.9328,3.3846
1272,9.8,24.0,0.0,3.3246,3.3532
1273,9.8,13.0,0.0,3.0408,3.4798
1274,6.9,11.0,0.0,2.1914,3.4539
1275,7.3,15.0,0.0,2.3895,3.4235
1276,5.1,10.0,0.0,1.6912,3.2458
1277,4.0,7.0,0.0,1.3334,3.1938
1278,4.2,7.0,0.0,1.3265,3.2188
1279,3.5,7.0,0.0,1.1615,3.1974
1280,3.7,7.0,0.0,1.2021,3.2749
1281,4.9,9.0,0.0,1.6225,3.236
1282,4.5,6.0,0.0,1.382,3.2486
1283,4.0,5.0,0.0,1.3185,3.2574
1284,5.2,11.0,0.0,1.7284,3.2694
1285,4.9,8.0,0.0,1.5495,3.2976
1286,6.1,8.0,0.0,1.9276,3.3313
1287,15.3,31.0,0.0,5.0432,4.1093
1288,19.4,29.0,0.0,5.8118,4.6131
1289,16.6,23.0,0.0,5.0052,4.6828
1290,13.6,21.0,0.0,4.0999,3.9725
1291,12.0,18.0,0.0,3.6729,3.8117
1292,7.9,11.0,0.0,2.465,3.4539
1293,7.5,14.0,0.0,2.4162,3.3157
1294,4.8,7.0,0.0,1.5816,3.3973
1295,5.1,8.0,0.0,1.5537,3.3451
1296,4.0,7.0,0.0,1.3363,3.2159
1297,4.8,9.0,0.0,1.6001,3.2553
1298,3.8,5.0,0.0,1.2609,3.2611
1299,4.5,7.0,0.0,1.4722,3.2583
1300,5.3,7.0,0.0,1.6824,3.4371
1301,4.7,9.0,0.0,1.5792,3.4777
1302,6.0,9.0,0.0,1.9416,3.4495
1303,5.0,9.0,0.0,1.6462,3.261
1304,4.8,8.0,0.0,1.5362,3.1601
1305,4.5,5.0,0.0,1.4458,3.2361
1306,4.1,6.0,0.0,1.3467,3.1598
1307,4.7,7.0,0.0,1.5124,3.134
1308,5.0,9.0,0.0,1.6123,3.1625
1309,3.6,6.0,0.0,1.2104,3.1759
1310,4.2,6.0,0.0,1.393,3.2447
1311,4.6,7.0,0.0,1.4807,3.2375
1312,4.0,6.0,0.0,1.2784,3.2177
1313,5.2,8.0,0.0,1.6733,3.2508
1314,4.0,6.0,0.0,1.2914,3.4167
1315,7.3,12.0,0.0,2.2896,3.4566
1316,12.3,25.0,0.0,4.1031,3.6407
1317,15.3,23.0,0.0,4.7527,4.2531
1318,11.7,17.0,0.0,3.5908,3.7797
1319,8.3,20.0,0.0,2.8138,3.4322
1320,7.1,10.0,0.0,2.2249,3.2658
1321,5.6,12.0,0.0,1.8941,3.243
1322,5.0,6.0,0.0,1.4921,3.3291
1323,4.9,8.0,0.0,1.5838,3.2308
1324,5.5,8.0,0.0,1.7714,3.3113
1325,5.0,11.0,0.0,1.6934,3.3419
1326,5.2,7.0,0.0,1.7,3.3461
1327,5.2,9.0,0.0,1.6971,3.388
1328,6.0,14.0,0.0,2.0854,3.3428
1329,7.2,12.0,0.0,2.2649,3.4609
1330,4.3,7.0,0.0,1.4654,3.3465
1331,6.2,10.0,0.0,1.9605,3.3093
1332,4.5,10.0,0.0,1.5609,3.1939
1333,4.7,8.0,0.0,1.5611,3.2292
1334,3.7,6.0,0.0,1.1977,3.1966
1335,4.3,7.0,0.0,1.4141,3.2449
1336,3.9,5.0,0.0,1.26,3.2466
1337,4.8,7.0,0.0,1.5624,3.2488
1338,3.9,6.0,0.0,1.2828,3.2706
1339,3.9,6.0,0.0,1.2449,3.2525
1340,3.9,6.0,0.0,1.3077,3.2059
1341,5.5,10.0,0.0,1.7408,3.2155
1342,3.7,5.0,0.0,1.2081,3.2208
1343,5.0,7.0,0.0,1.5472,3.2022
1344,4.7,7.0,0.0,1.5058,3.3832
1345,4.3,8.0,0.0,1.44,3.2065
1346,5.3,10.0,0.0,1.6875,3.3032
1347,4.4,8.0,0.0,1.4,3.3288
1348,5.3,11.0,0.0,1.714,3.3777
1349,5.2,8.0,0.0,1.7001,3.3381
1350,10.6,21.0,0.0,3.646,3.7619
1351,13.5,24.0,0.0,4.2026,4.1624
1352,8.8,11.0,0.0,2.632,3.8175
1353,10.3,14.0,0.0,3.1093,3.622
1354,9.9,14.0,0.0,2.9407,3.6807
1355,10.6,22.0,0.0,3.4364,3.6411
1356,14.2,30.0,0.0,4.531,3.7432
1357,11.5,20.0,0.0,3.5812,3.5573
1358,18.1,23.0,0.0,5.4679,4.0274
1359,18.5,28.0,0.0,5.5033,4.1627
1360,18.6,25.0,0.0,5.7262,4.1581
1361,13.7,23.0,0.0,4.3738,3.8606
1362,11.3,19.0,0.0,3.5919,3.7707
1363,6.8,13.0,0.0,2.1939,3.4562
1364,7.7,19.0,0.0,2.736,3.4402
1365,4.5,5.0,0.0,1.4261,3.3089
1366,4.3,7.0,0.0,1.4061,3.2724
1367,5.1,6.0,0.0,1.6219,3.2667
1368,7.6,20.0,0.0,2.6298,3.3114
1369,4.7,9.0,0.0,1.5426,3.2871
1370,4.2,9.0,0.0,1.3747,3.2625
1371,5.0,10.0,0.0,1.6703,3.2801
1372,5.1,10.0,0.0,1.7303,3.3292
1373,6.5,12.0,0.0,2.0731,3.3983
1374,4.2,5.0,0.0,1.2961,3.3196
1375,6.4,8.0,0.0,1.9494,3.4715
1376,5.3,7.0,0.0,1.7199,3.3708
1377,6.1,9.0,0.0,1.8868,3.4119
1378,4.0,5.0,0.0,1.3257,3.3436
1379,7.5,17.0,0.0,2.5686,3.2787
1380,6.0,9.0,0.0,1.9307,3.193
1381,4.7,6.0,0.0,1.4972,3.1882
1382,4.3,9.0,0.0,1.4608,3.2402
1383,3.8,5.0,0.0,1.2526,3.2953
1384,4.3,7.0,0.0,1.3892,3.2829
1385,5.8,12.0,0.0,1.9412,3.2542
1386,4.0,8.0,0.0,1.3804,3.1758
1387,5.0,6.0,0.0,1.5956,3.282
1388,9.9,24.0,0.0,3.3861,3.6298
1389,20.1,42.0,0.0,6.6352,3.9539
1390,24.7,34.0,0.0,7.322,4.3338
1391,21.9,30.0,0.0,6.4965,4.6899
1392,24.6,36.0,1.0,7.1937,4.6962
1393,21.3,25.0,0.0,6.7054,4.6767
1394,17.9,28.0,0.0,5.2697,4.1553
1395,13.9,23.0,0.0,4.1946,4.0879
1396,17.4,29.0,0.0,5.0584,3.9399
1397,17.8,34.0,0.0,5.4907,4.1439
1398,17.0,34.0,0.0,5.2695,3.9994
1399,14.9,19.0,0.0,4.5989,4.0037
1400,16.9,37.0,0.0,5.5038,4.1462
1401,15.2,23.0,0.0,4.8416,4.2118
1402,13.3,23.0,0.0,4.0154,3.6503
1403,14.7,36.0,0.0,5.0066,3.7869
1404,20.2,31.0,0.0,6.0753,4.1061
1405,15.0,21.0,0.0,4.7169,4.0034
1406,12.5,17.0,0.0,3.763,3.8626
1407,10.6,14.0,0.0,3.3109,3.8137
1408,8.9,17.0,0.0,2.9054,3.5736
1409,6.0,10.0,0.0,1.9205,3.4645
1410,4.2,7.0,0.0,1.3334,3.3712
1411,4.6,7.0,0.0,1.4992,3.376
1412,4.4,6.0,0.0,1.4098,3.2634
1413,3.5,7.0,0.0,1.1578,3.2717
1414,4.2,7.0,0.0,1.4149,3.2909
1415,5.9,13.0,0.0,2.0389,3.2692
1416,4.0,5.0,0.0,1.4118,3.2134
1417,6.7,15.0,0.0,2.2516,3.3468
1418,6.8,16.0,0.0,2.3717,3.3435
1419,16.3,26.0,0.0,5.0252,3.7277
1420,18.8,29.0,0.0,5.6821,4.4522
1421,18.9,32.0,0.0,5.6338,4.3073
1422,20.1,36.0,0.0,6.0969,4.4061
1423,18.7,31.0,0.0,5.5311,4.8157
1424,19.8,29.0,0.0,6.039,4.6717
1425,24.4,46.0,0.0,7.8611,4.6488
1426,17.0,28.0,0.0,5.1971,4.2949
1427,18.9,39.0,0.0,5.9983,4.2125
1428,17.7,26.0,0.0,5.3154,4.2173
1429,19.1,26.0,0.0,5.9327,4.5768
1430,14.9,25.0,0.0,4.7159,4.2937
1431,19.1,34.0,0.0,6.0693,4.9343
1432,12.0,15.0,0.0,3.5329,4.2244
1433,6.6,10.0,0.0,2.1042,3.4244
1434,9.9,23.0,0.0,3.3507,3.5316
1435,19.0,27.0,0.0,5.7798,4.0961
1436,13.7,21.0,0.0,4.3222,3.9525
1437,16.9,23.0,0.0,5.0762,4.1927
1438,17.6,26.0,0.0,5.3365,4.2591
1439,15.3,27.0,0.0,4.5306,3.8403
1440,12.6,19.0,0.0,3.9254,3.8287
1441,11.8,18.0,0.0,3.6756,3.6827
1442,6.6,12.0,0.0,2.1349,3.3408
1443,8.5,12.0,0.0,2.6833,3.3501
1444,6.8,10.0,0.0,2.0947,3.3684
1445,6.4,14.0,0.0,2.1206,3.3643
1446,4.7,8.0,0.0,1.5431,3.2024
1447,4.4,9.0,0.0,1.5028,3.4346
1448,3.8,6.0,0.0,1.2561,3.3147
1449,3.5,5.0,0.0,1.1459,3.3065
1450,4.1,7.0,0.0,1.3388,3.1924
1451,4.5,6.0,0.0,1.4608,3.2251
1452,5.6,17.0,0.0,2.118,3.1719
1453,6.2,12.0,0.0,2.0405,3.3777
1454,5.0,9.0,0.0,1.6437,3.341
1455,4.3,7.0,0.0,1.3932,3.2994
1456,5.2,9.0,0.0,1.681,3.1973
1457,3.5,4.0,0.0,1.1319,3.1586
1458,3.7,6.0,0.0,1.2032,3.2203
1459,3.8,7.0,0.0,1.2757,3.2567
1460,5.1,7.0,0.0,1.6523,3.2988
1461,4.0,6.0,0.0,1.286,3.3142
1462,4.2,7.0,0.0,1.3964,3.3368
1463,5.5,10.0,0.0,1.7199,3.3266
1464,5.3,10.0,0.0,1.7893,3.4094
1465,10.8,20.0,0.0,3.5741,3.6068
1466,13.0,17.0,0.0,3.9761,4.0269
1467,11.2,17.0,0.0,3.4971,3.8187
1468,8.3,16.0,0.0,2.636,3.4712
1469,10.0,15.0,0.0,3.0834,3.5527
1470,10.4,15.0,0.0,3.1487,3.5801
1471,8.1,13.0,0.0,2.5903,3.6669
1472,8.3,13.0,0.0,2.5669,3.6198
1473,13.1,27.0,0.0,4.2284,3.7556
1474,7.3,10.0,0.0,2.2782,3.4772
1475,7.1,11.0,0.0,2.1823,3.6906
1476,14.8,40.0,0.0,5.0638,3.9531
1477,12.5,15.0,0.0,3.7594,3.945
1478,12.9,16.0,0.0,3.7986,3.7181
1479,17.9,26.0,0.0,5.2439,4.029
1480,12.0,24.0,0.0,3.7213,3.6033
1481,19.5,32.0,0.0,5.7238,4.0634
1482,9.7,14.0,0.0,3.0143,3.4136
1483,14.8,30.0,0.0,4.7868,3.6765
1484,12.7,23.0,0.0,3.926,3.5042
1485,14.0,21.0,0.0,4.3104,3.6845
1486,15.7,26.0,0.0,4.8746,3.6997
1487,12.4,17.0,0.0,3.9497,3.8893
1488,17.0,31.0,0.0,5.1936,3.9999
1489,15.5,18.0,0.0,4.7025,4.2211
1490,20.2,41.0,0.0,6.3111,4.54
1491,21.6,28.0,0.0,6.3608,4.2934
1492,14.0,17.0,0.0,4.2429,3.7612
1493,11.9,18.0,0.0,3.7717,3.8317
1494,16.0,32.0,0.0,5.0291,4.0655
1495,14.3,25.0,0.0,4.4161,3.9286
1496,19.2,30.0,0.0,5.6449,4.1484
1497,19.7,29.0,0.0,6.2359,4.2335
1498,19.2,35.0,0.0,5.937,4.1197
1499,14.1,26.0,0.0,4.4989,3.9958
1500,16.5,25.0,0.0,5.195,4.0607
1501,15.6,20.0,0.0,4.7526,3.9863
1502,16.1,27.0,0.0,4.9076,4.2193
1503,16.0,22.0,0.0,4.986,3.964
1504,16.5,24.0,0.0,4.982,3.9372
1505,13.7,17.0,0.0,4.0866,4.0813
1506,17.1,28.0,0.0,5.1232,4.4641
1507,13.8,20.0,0.0,4.0534,3.9589
1508,13.1,20.0,0.0,4.0481,4.1508
1509,15.6,20.0,0.0,4.7315,3.8281
1510,17.7,27.0,0.0,5.3407,4.3494
1511,13.8,22.0,0.0,4.2228,4.0912
1512,12.9,25.0,0.0,4.0432,4.1185
1513,8.4,12.0,0.0,2.5121,3.7774
1514,6.8,11.0,0.0,2.1717,3.6549
1515,9.9,16.0,0.0,3.0148,3.6582
1516,11.5,22.0,0.0,3.6351,3.7324
1517,8.9,12.0,0.0,2.7295,3.5258
1518,10.4,17.0,0.0,3.2567,3.5162
1519,8.8,14.0,0.0,2.7916,3.3599
1520,8.3,12.0,0.0,2.559,3.4835
1521,8.7,15.0,0.0,2.8002,3.5787
1522,7.6,16.0,0.0,2.49,3.4543
1523,11.7,24.0,0.0,3.7424,3.7677
1524,11.9,21.0,0.0,3.8081,3.9822
1525,8.0,12.0,0.0,2.4775,3.4879
1526,5.8,8.0,0.0,1.8734,3.3545
1527,5.0,8.0,0.0,1.6136,3.3416
1528,6.9,14.0,0.0,2.2461,3.2814
1529,6.0,10.0,0.0,1.9365,3.3581
1530,4.3,6.0,0.0,1.3705,3.3117
1531,4.6,8.0,0.0,1.5279,3.274
1532,4.0,7.0,0.0,1.3301,3.2901
1533,3.8,7.0,0.0,1.2419,3.2457
1534,3.8,8.0,0.0,1.2919,3.1406
1535,4.8,8.0,0.0,1.5652,3.1207
1536,4.2,6.0,0.0,1.3778,3.1741
1537,4.3,6.0,0.0,1.4119,3.2339
1538,5.1,8.0,0.0,1.5969,3.3847
1539,4.6,9.0,0.0,1.4925,3.231
1540,4.2,6.0,0.0,1.3477,3.3012
1541,3.7,6.0,0.0,1.261,3.2976
1542,2.7,4.0,0.0,0.9495,3.2625
1543,3.4,6.0,0.0,1.1347,3.2764
1544,4.3,6.0,0.0,1.4119,3.1871
1545,4.8,7.0,0.0,1.5537,3.1975
1546,3.7,5.0,0.0,1.2403,3.2452
1547,5.5,8.0,0.0,1.7303,3.2615
1548,7.3,13.0,0.0,2.3265,3.4913
1549,6.5,9.0,0.0,1.968,3.4015
1550,6.1,11.0,0.0,1.9621,3.2383
1551,6.0,9.0,0.0,1.8767,3.4227
1552,10.5,17.0,0.0,3.2459,3.5595
1553,19.2,30.0,0.0,6.0098,4.0839
1554,19.1,23.0,0.0,6.079,4.6857
1555,28.0,41.0,0.0,8.4125,4.7739
1556,20.0,44.0,0.0,6.2456,4.7657
1557,23.7,34.0,0.0,6.7727,4.8897
1558,23.4,40.0,0.0,7.0011,4.7849
1559,18.3,25.0,0.0,5.5178,4.3544
1560,19.5,35.0,0.0,5.9037,4.3142
1561,13.1,15.0,0.0,3.9192,4.1601
1562,12.0,18.0,0.0,3.7957,3.9073
1563,7.7,14.0,0.0,2.4709,3.4079
1564,5.7,11.0,0.0,1.9799,3.4221
1565,6.3,11.0,0.0,2.0102,3.4411
1566,4.9,8.0,0.0,1.6095,3.3715
1567,7.1,11.0,0.0,2.2551,3.632
1568,11.0,19.0,0.0,3.4758,3.7451
1569,11.5,26.0,0.0,3.732,3.8818
1570,11.6,23.0,0.0,3.7873,3.6052
1571,16.8,29.0,0.0,5.1478,4.016
1572,19.0,30.0,0.0,5.7252,4.1168
1573,19.6,30.0,0.0,5.8704,4.1093
1574,18.8,27.0,0.0,5.6986,4.045
1575,17.5,23.0,0.0,5.0309,3.9991
1576,14.9,22.0,0.0,4.4,3.8732
1577,23.5,28.0,0.0,6.6608,4.1922
1578,20.2,39.0,0.0,5.8873,4.2274
1579,18.3,36.0,0.0,5.6309,4.1692
1580,19.0,29.0,0.0,5.6025,4.374
1581,20.4,27.0,0.0,5.7991,4.752
1582,20.2,30.0,0.0,5.9521,4.6719
1583,24.5,41.0,0.0,7.4674,4.8688
1584,25.4,39.0,0.0,7.5353,5.0532
1585,21.8,34.0,0.0,6.5615,4.8746
1586,16.7,28.0,0.0,5.0711,4.3017
1587,18.7,25.0,0.0,5.5815,4.2402
1588,17.8,41.0,0.0,5.7774,4.0267
1589,15.7,22.0,0.0,4.6761,3.762
1590,17.3,38.0,0.0,5.5801,3.8745
1591,14.8,22.0,0.0,4.5133,3.7965
1592,14.6,25.0,0.0,4.5517,3.8893
1593,12.7,19.0,0.0,3.9459,3.551
1594,8.5,12.0,0.0,2.7306,3.5123
1595,13.1,17.0,0.0,4.2083,3.5066
1596,9.2,13.0,0.0,2.987,3.517
1597,13.4,27.0,0.0,4.1114,3.9234
1598,8.5,15.0,0.0,2.7582,3.6684
1599,11.2,15.0,0.0,3.5917,3.6936
1600,10.5,15.0,0.0,3.361,3.7975
1601,12.2,15.0,0.0,3.9125,3.9118
1602,11.1,15.0,0.0,3.3903,3.7002
1603,12.5,15.0,0.0,3.7658,3.6541
1604,11.6,31.0,0.0,4.043,3.6373
1605,7.7,13.0,0.0,2.4361,3.6321
1606,8.8,16.0,0.0,2.8844,3.531
1607,9.1,20.0,0.0,3.2252,3.464
1608,5.8,12.0,0.0,1.9333,3.4221
1609,7.3,12.0,0.0,2.3766,3.5629
1610,4.3,6.0,0.0,1.4047,3.4316
1611,4.6,7.0,0.0,1.4401,3.4016
1612,4.8,6.0,0.0,1.5311,3.2915
1613,4.3,9.0,0.0,1.4562,3.3422
1614,5.0,7.0,0.0,1.6687,3.2964
1615,4.7,7.0,0.0,1.547,3.2774
1616,4.4,5.0,0.0,1.3831,3.415
1617,3.6,11.0,0.0,1.4058,3.4203
1618,4.4,10.0,0.0,1.4698,3.3689
1619,6.9,12.0,0.0,2.2068,3.4439
1620,9.4,17.0,0.0,3.0322,3.6872
1621,11.6,20.0,0.0,3.6989,3.8681
1622,17.9,25.0,0.0,5.6683,4.7778
1623,20.1,29.0,0.0,6.0768,5.2122
1624,18.2,25.0,0.0,5.4616,4.8578
1625,21.9,33.0,0.0,6.6774,5.1822
1626,16.4,26.0,0.0,5.005,4.2227
1627,17.2,22.0,0.0,5.0742,4.3947
1628,18.5,25.0,0.0,5.5413,4.5367
1629,18.3,27.0,0.0,5.6467,4.8085
1630,16.2,26.0,0.0,4.8569,4.8112
1631,21.6,45.0,0.0,6.7841,4.8079
1632,17.5,26.0,0.0,5.3121,4.4238
1633,15.2,20.0,0.0,4.8216,4.3627
1634,18.0,25.0,0.0,5.6667,4.4463
1635,15.9,27.0,0.0,4.9143,4.0366
1636,12.7,18.0,0.0,4.034,4.0137
1637,18.1,32.0,0.0,5.859,4.5093
1638,14.7,42.0,0.0,5.2951,4.2947
1639,20.9,36.0,0.0,6.5877,4.4319
1640,16.7,26.0,0.0,5.2512,4.0934
1641,10.0,27.0,0.0,3.467,3.7197
1642,13.5,24.0,0.0,4.1437,3.8088
1643,17.1,23.0,0.0,5.2763,4.8159
1644,31.8,41.0,0.0,9.5228,5.6308
1645,26.6,35.0,0.0,8.0126,5.0303
1646,20.3,30.0,0.0,6.4608,4.6161
1647,18.6,26.0,0.0,5.8211,4.2721
1648,19.2,30.0,0.0,5.675,4.3256
1649,19.4,33.0,0.0,5.965,4.1405
1650,18.2,30.0,0.0,5.7603,4.1024
1651,12.5,19.0,0.0,3.9176,3.8121
1652,16.8,26.0,0.0,5.2951,3.8412
1653,9.2,25.0,0.0,3.3037,3.4576
1654,7.0,10.0,0.0,2.1987,3.5384
1655,5.0,9.0,0.0,1.681,3.5378
1656,3.9,6.0,0.0,1.2764,3.5597
1657,3.5,5.0,0.0,1.1632,3.5609
1658,3.7,8.0,0.0,1.2255,3.5277
1659,5.0,8.0,0.0,1.6432,3.5746
1660,3.6,6.0,0.0,1.1832,3.3071
1661,3.3,5.0,0.0,1.0428,3.2498
1662,3.9,7.0,0.0,1.3089,3.4813
1663,3.9,7.0,0.0,1.299,3.53
1664,3.7,6.0,0.0,1.1856,3.5416
1665,4.4,8.0,0.0,1.4879,3.5996
1666,5.0,8.0,0.0,1.583,3.5557
1667,5.2,11.0,0.0,1.7587,3.6138
1668,4.7,7.0,0.0,1.527,3.4835
1669,5.8,8.0,0.0,1.8023,3.2818
1670,6.3,12.0,0.0,2.0104,3.4363
1671,4.9,6.0,0.0,1.5906,3.492
1672,12.8,20.0,0.0,3.9919,3.7202
1673,16.4,30.0,0.0,4.9578,4.2148
1674,19.2,23.0,0.0,6.0438,5.0709
1675,22.9,34.0,0.0,6.8819,5.2795
1676,15.2,23.0,0.0,4.7097,4.1411
1677,9.5,16.0,0.0,3.0782,3.6755
1678,6.0,7.0,0.0,1.9046,3.3911
1679,5.6,7.0,0.0,1.8014,3.3057
1680,5.3,7.0,0.0,1.7571,3.5431
1681,4.2,6.0,0.0,1.4158,3.4471
1682,5.8,7.0,0.0,1.8948,3.6205
1683,5.1,8.0,0.0,1.6642,3.5935
1684,4.6,8.0,0.0,1.5338,3.7126
1685,5.9,8.0,0.0,1.8509,3.5502
1686,6.3,9.0,0.0,1.923,3.6476
1687,4.9,7.0,0.0,1.5055,3.7283
1688,4.1,6.0,0.0,1.3947,3.4514
1689,4.2,7.0,0.0,1.3932,3.4815
1690,3.4,5.0,0.0,1.1619,3.2567
1691,4.9,8.0,0.0,1.5529,3.2015
1692,4.2,5.0,0.0,1.3385,3.4272
1693,3.6,7.0,0.0,1.2327,3.4968
1694,4.0,5.0,0.0,1.3219,3.4892
1695,6.2,9.0,0.0,2.0358,3.3191
1696,6.8,11.0,0.0,2.1599,3.6257
1697,4.9,7.0,0.0,1.5754,3.4155
1698,5.9,8.0,0.0,1.8276,3.6206
1699,5.2,8.0,0.0,1.7633,3.4624
1700,6.8,9.0,0.0,2.0976,3.6276
1701,6.8,11.0,0.0,2.1336,3.6466
1702,7.1,11.0,0.0,2.2618,3.4999
1703,5.1,8.0,0.0,1.5754,3.4154
1704,5.0,9.0,0.0,1.6081,3.5633
1705,4.0,6.0,0.0,1.2845,3.5595
1706,3.6,6.0,0.0,1.167,3.471
1707,3.5,5.0,0.0,1.1194,3.5837
1708,4.0,6.0,0.0,1.3167,3.289
1709,3.1,5.0,0.0,1.0428,3.4708
1710,3.2,6.0,0.0,1.1072,3.3803
1711,3.5,5.0,0.0,1.1354,3.2671
1712,4.2,9.0,0.0,1.4753,3.4423
1713,6.6,9.0,0.0,2.1901,3.6137
1714,4.7,8.0,0.0,1.5547,3.3123
1715,4.7,6.0,0.0,1.5222,3.324
1716,4.1,7.0,0.0,1.3198,3.2604
1717,3.4,5.0,0.0,1.2433,3.2618
1718,5.0,8.0,0.0,1.5953,3.2744
1719,5.4,7.0,0.0,1.6772,3.371
1720,6.0,9.0,0.0,1.9042,3.3615
1721,7.0,9.0,0.0,2.1926,3.4407
1722,5.0,7.0,0.0,1.6915,3.3014
1723,4.7,6.0,0.0,1.4818,3.337
1724,4.3,9.0,0.0,1.4649,3.3885
1725,4.4,6.0,0.0,1.4218,3.2983
1726,3.9,6.0,0.0,1.2558,3.2838
1727,5.3,7.0,0.0,1.6512,3.2783
1728,16.5,26.0,0.0,5.0711,4.0257
1729,26.3,39.0,0.0,8.1201,4.7926
1730,20.1,24.0,0.0,6.038,4.9971
1731,21.2,32.0,0.0,6.513,5.134
1732,22.2,33.0,0.0,6.8293,5.0412
1733,25.4,39.0,0.0,8.0004,5.5218
1734,26.8,37.0,0.0,8.1431,5.3624
1735,20.7,26.0,0.0,5.9056,4.9444
1736,20.6,39.0,0.0,6.4319,4.3985
1737,23.3,34.0,0.0,7.0201,4.3877
1738,18.6,27.0,0.0,5.69,4.4392
1739,20.8,30.0,0.0,6.6718,4.4719
1740,17.6,34.0,0.0,5.6576,4.2799
1741,16.4,30.0,0.0,5.0725,3.9305
1742,6.8,17.0,0.0,2.3369,3.2281
1743,4.7,8.0,0.0,1.5298,3.1695
1744,3.1,4.0,0.0,1.0705,3.138
1745,4.5,6.0,0.0,1.4309,3.1481
1746,4.0,8.0,0.0,1.3638,3.1548
1747,5.5,8.0,0.0,1.72,3.1341
1748,4.3,10.0,0.0,1.4619,3.1372
1749,4.0,6.0,0.0,1.2955,3.1412
1750,3.3,6.0,0.0,1.1045,3.171
1751,4.5,10.0,0.0,1.5508,3.11
1752,3.4,6.0,0.0,1.1891,3.136
1753,5.0,7.0,0.0,1.583,3.2201
1754,12.0,24.0,0.0,3.9686,3.7437
1755,20.0,40.0,0.0,6.7035,4.3385
1756,16.0,26.0,0.0,4.739,4.2553
1757,19.1,29.0,0.0,5.698,4.6039
1758,19.6,29.0,0.0,5.8768,4.7556
1759,17.5,25.0,0.0,5.1218,4.2727
1760,19.6,28.0,0.0,5.7602,4.357
1761,17.3,26.0,0.0,5.0495,4.2997
1762,29.6,36.0,0.0,8.661,5.1971
1763,22.5,44.0,0.0,7.3239,4.2125
1764,10.3,12.0,0.0,3.3024,3.6547
1765,7.8,13.0,0.0,2.5075,3.3986
1766,6.2,11.0,0.0,2.0522,3.3241
1767,7.0,10.0,0.0,2.1319,3.573
1768,17.4,37.0,0.0,5.5568,4.1991
1769,15.4,24.0,0.0,4.7174,3.9122
1770,17.4,32.0,0.0,5.5068,3.7008
1771,10.1,19.0,0.0,3.2854,3.491
1772,5.9,11.0,0.0,1.9073,3.3946
1773,6.0,14.0,0.0,2.0902,3.2816
1774,5.1,8.0,0.0,1.6423,3.1956
1775,4.3,7.0,0.0,1.4309,3.1762
1776,5.4,10.0,0.0,1.7599,3.2405
1777,4.7,6.0,0.0,1.5212,3.262
1778,4.6,8.0,0.0,1.5409,3.3327
1779,2.8,4.0,0.0,0.9455,3.2146
1780,4.3,6.0,0.0,1.3705,3.2671
1781,3.8,5.0,0.0,1.2416,3.377
1782,3.8,8.0,0.0,1.3032,3.2468
1783,5.4,8.0,0.0,1.7047,3.3364
1784,3.6,5.0,0.0,1.2492,3.3914
1785,4.1,6.0,0.0,1.3872,3.4863
1786,4.4,8.0,0.0,1.458,3.3681
1787,4.3,9.0,0.0,1.4061,3.2841
1788,4.0,6.0,0.0,1.3165,3.1844
1789,4.0,6.0,0.0,1.2919,3.2197
1790,4.9,9.0,0.0,1.6433,3.2205
1791,3.6,5.0,0.0,1.167,3.2125
1792,3.5,5.0,0.0,1.2268,3.2497
1793,5.4,7.0,0.0,1.7354,3.3087
1794,4.4,8.0,0.0,1.4623,3.302
1795,5.0,8.0,0.0,1.6225,3.3274
1796,3.6,6.0,0.0,1.1856,3.2921
1797,4.5,6.0,0.0,1.44,3.2901
1798,4.5,7.0,0.0,1.4318,3.3302
1799,4.5,9.0,0.0,1.4217,3.2577
1800,4.3,8.0,0.0,1.4495,3.3036
1801,3.9,6.0,0.0,1.334,3.2953
1802,4.3,7.0,0.0,1.4564,3.1793
1803,4.2,8.0,0.0,1.4027,3.2662
1804,4.1,5.0,0.0,1.2728,3.2376
1805,4.1,7.0,0.0,1.4027,3.2698
1806,5.0,7.0,0.0,1.5811,3.2009
1807,4.7,8.0,0.0,1.5684,3.2624
1808,5.4,10.0,0.0,1.7923,3.3499
1809,4.7,7.0,0.0,1.5459,3.4226
1810,4.5,6.0,0.0,1.4401,3.2887
1811,5.7,11.0,0.0,1.817,3.3757
1812,4.3,7.0,0.0,1.3964,3.2109
1813,4.7,9.0,0.0,1.5639,3.2678
1814,4.2,6.0,0.0,1.3498,3.1789
1815,3.8,6.0,0.0,1.2329,3.276
1816,4.3,6.0,0.0,1.4064,3.314
1817,4.3,6.0,0.0,1.3978,3.1971
1818,4.7,6.0,0.0,1.5151,3.2619
1819,6.3,9.0,0.0,1.99,3.3421
1820,5.4,9.0,0.0,1.6763,3.3314
1821,6.9,17.0,0.0,2.4259,3.3969
1822,14.8,23.0,0.0,4.3925,3.8428
1823,15.3,30.0,0.0,4.9304,4.0753
1824,16.8,27.0,0.0,5.1094,4.6415
1825,21.7,40.0,0.0,6.5218,4.861
1826,22.6,28.0,0.0,6.722,4.7219
1827,19.4,28.0,0.0,5.8981,4.3204
1828,25.5,39.0,0.0,7.5181,4.7076
1829,20.4,27.0,0.0,6.1104,4.5888
1830,15.0,22.0,0.0,4.6804,4.3605
1831,17.3,29.0,0.0,5.4956,4.1092
1832,14.0,24.0,0.0,4.3735,4.1493
1833,13.1,18.0,0.0,4.0826,4.1062
1834,13.0,25.0,0.0,4.1385,3.9128
1835,12.5,19.0,0.0,3.7996,3.965
1836,13.7,22.0,0.0,4.2961,3.9969
1837,10.1,17.0,0.0,3.1833,3.6913
1838,7.4,11.0,0.0,2.2829,3.3596
1839,4.5,6.0,0.0,1.4372,3.213
1840,3.8,6.0,0.0,1.2748,3.2259
1841,3.8,6.0,0.0,1.2643,3.2662
1842,5.1,9.0,0.0,1.6691,3.3566
1843,4.8,7.0,0.0,1.5511,3.2276
1844,5.8,10.0,0.0,1.8915,3.4136
1845,4.7,9.0,0.0,1.5504,3.5218
1846,8.6,14.0,0.0,2.6978,3.6479
1847,17.1,23.0,0.0,5.221,3.9883
1848,13.3,20.0,0.0,4.0271,3.8389
1849,15.7,23.0,0.0,4.7546,4.1519
1850,16.9,24.0,0.0,5.0452,4.0812
1851,14.6,22.0,0.0,4.4518,4.1239
1852,15.0,20.0,0.0,4.4776,3.998
1853,16.5,27.0,0.0,4.9914,3.734
1854,16.5,24.0,0.0,5.1222,3.8593
1855,12.6,19.0,0.0,3.9331,3.7501
1856,16.3,22.0,0.0,4.8072,3.8703
1857,15.7,20.0,0.0,4.7634,3.849
1858,15.1,24.0,0.0,4.5924,3.9536
1859,15.2,24.0,0.0,4.4917,3.8719
1860,13.9,22.0,0.0,4.4301,3.6224
1861,16.6,24.0,0.0,4.9877,3.9195
1862,14.0,20.0,0.0,4.2573,4.0286
1863,14.8,24.0,0.0,4.4423,4.051
1864,10.8,16.0,0.0,3.3138,3.8288
1865,14.7,24.0,0.0,4.5108,4.0849
1866,19.2,32.0,0.0,5.7088,4.1879
1867,14.9,21.0,0.0,4.5515,4.0854
1868,16.2,21.0,0.0,4.9053,4.2275
1869,13.4,24.0,0.0,4.135,3.749
1870,12.6,18.0,0.0,3.8425,3.6328
1871,10.4,26.0,0.0,3.579,3.5728
1872,12.4,19.0,0.0,3.7643,3.5737
1873,14.8,23.0,0.0,4.4771,3.9459
1874,12.5,20.0,0.0,3.6291,3.8978
1875,15.7,22.0,0.0,4.6268,3.7479
1876,14.3,19.0,0.0,4.3635,3.759
1877,19.0,32.0,0.0,5.6655,4.0548
1878,23.5,31.0,0.0,7.0383,4.3942
1879,21.5,32.0,0.0,6.3818,4.6823
1880,19.0,30.0,0.0,5.5704,4.2484
1881,21.9,32.0,0.0,6.5159,4.487
1882,15.8,25.0,0.0,4.6033,4.1313
1883,13.1,18.0,0.0,3.8076,4.2027
1884,14.3,21.0,0.0,4.305,4.1362
1885,15.1,21.0,0.0,4.3259,4.2457
1886,15.7,22.0,0.0,4.8773,4.0634
1887,13.3,21.0,0.0,4.0561,4.029
1888,16.2,23.0,0.0,4.9969,3.8957
1889,14.2,20.0,0.0,4.2761,3.7883
1890,14.0,25.0,0.0,4.3802,3.7373
1891,14.0,22.0,0.0,4.2941,3.7023
1892,11.6,20.0,0.0,3.5504,3.5073
1893,11.8,18.0,0.0,3.7202,3.5618
1894,8.1,13.0,0.0,2.5724,3.4892
1895,9.4,13.0,0.0,2.8819,3.5236
1896,10.9,21.0,0.0,3.4757,3.5304
1897,11.6,23.0,0.0,3.7754,3.5097
1898,10.7,15.0,0.0,3.1623,3.6334
1899,11.1,22.0,0.0,3.6434,3.6516
1900,12.8,18.0,0.0,4.0316,3.7568
1901,12.7,18.0,0.0,3.8553,3.8482
1902,15.9,31.0,0.0,4.8546,3.9995
1903,21.3,32.0,0.0,6.6075,4.3181
1904,24.7,34.0,0.0,7.518,4.5921
1905,24.3,29.0,0.0,7.4769,5.5985
1906,29.1,53.0,0.0,8.7983,5.8494
1907,22.5,27.0,0.0,6.6361,5.3944
1908,18.7,31.0,0.0,5.4358,5.0853
1909,23.3,33.0,0.0,6.7557,5.4725
1910,23.3,38.0,0.0,6.7644,5.0141
1911,21.0,35.0,0.0,6.1481,4.999
1912,16.4,27.0,0.0,5.0721,4.42
1913,15.7,20.0,0.0,4.4772,4.6829
1914,19.4,33.0,0.0,5.8998,4.9393
1915,19.9,47.0,0.0,6.5217,4.4095
1916,14.5,22.0,0.0,4.2927,4.3981
1917,17.1,24.0,0.0,5.3075,4.2798
1918,14.3,26.0,0.0,4.3426,4.016
1919,15.2,27.0,0.0,4.6765,4.279
1920,11.8,19.0,0.0,3.6342,4.0837
1921,19.2,32.0,0.0,5.7454,4.7435
1922,13.3,25.0,0.0,4.3619,4.2187
1923,19.2,36.0,0.0,5.8282,4.718
1924,21.6,27.0,0.0,6.5331,4.8729
1925,21.7,26.0,0.0,6.5062,4.8142
1926,24.6,31.0,0.0,6.9127,5.5511
1927,27.1,42.0,0.0,7.7788,5.6886
1928,23.7,44.0,0.0,7.17,4.862
1929,17.6,31.0,0.0,5.538,4.4438
1930,13.0,18.0,0.0,3.977,3.89
1931,16.2,23.0,0.0,4.8897,3.8161
1932,15.4,19.0,0.0,4.4922,3.9743
1933,15.5,32.0,0.0,4.962,3.98
1934,17.2,24.0,0.0,5.4111,4.4965
1935,15.2,21.0,0.0,4.6945,4.3155
1936,19.9,32.0,0.0,6.2857,4.1467
1937,16.7,38.0,0.0,5.4245,4.2999
1938,21.0,32.0,0.0,6.4358,4.1406
1939,19.9,24.0,0.0,5.81,4.5582
1940,30.3,58.0,0.0,8.9596,5.4904
1941,33.1,46.0,0.0,9.2927,5.4423
1942,25.5,31.0,0.0,7.5483,4.7488
1943,22.6,40.0,0.0,6.803,4.4521
1944,21.1,37.0,0.0,6.1833,4.2793
1945,21.5,39.0,0.0,6.6944,4.4511
1946,23.2,33.0,0.0,6.978,4.4819
1947,22.6,35.0,0.0,6.7893,4.4668
1948,22.1,35.0,0.0,6.5383,4.3671
1949,15.2,22.0,0.0,4.4864,3.9666
1950,20.2,31.0,0.0,6.3738,4.3465
1951,19.0,27.0,0.0,5.6256,4.4853
1952,17.8,26.0,0.0,5.343,4.2215
1953,17.8,28.0,0.0,5.3753,4.4851
1954,15.8,23.0,0.0,4.5923,4.3331
1955,14.7,24.0,0.0,4.5593,4.3453
1956,11.9,15.0,0.0,3.6887,4.0156
1957,11.7,17.0,0.0,3.5054,3.9588
1958,15.4,22.0,0.0,4.7562,4.1279
1959,16.8,24.0,0.0,4.913,4.3763
1960,18.6,37.0,0.0,5.6811,4.5508
1961,18.0,33.0,0.0,5.4309,4.1018
1962,20.5,34.0,0.0,6.1194,4.4955
1963,20.2,28.0,0.0,6.117,4.3127
1964,16.9,27.0,0.0,5.192,4.1825
1965,16.4,26.0,0.0,4.8942,4.3669
1966,14.9,19.0,0.0,4.6538,4.1117
1967,15.9,21.0,0.0,4.757,4.2048
1968,15.0,22.0,0.0,4.5222,4.2827
1969,14.0,22.0,0.0,4.0721,4.0319
1970,12.3,24.0,0.0,3.8812,3.7861
1971,10.4,16.0,0.0,3.2215,3.6284
1972,10.3,17.0,0.0,3.1378,3.8087
1973,8.5,12.0,0.0,2.6393,3.5296
1974,8.5,10.0,0.0,2.6064,3.5847
1975,7.0,12.0,0.0,2.2059,3.3892
1976,4.2,8.0,0.0,1.416,3.2818
1977,4.7,8.0,0.0,1.519,3.2262
1978,3.6,7.0,0.0,1.2085,3.3028
1979,4.1,9.0,0.0,1.4454,3.2261
1980,4.2,12.0,0.0,1.5335,3.3027
1981,3.7,5.0,0.0,1.2071,3.3091
1982,3.5,7.0,0.0,1.2207,3.2998
1983,3.6,5.0,0.0,1.2196,3.2939
1984,4.2,9.0,0.0,1.4281,3.264
1985,4.8,8.0,0.0,1.5562,3.3998
1986,5.9,8.0,0.0,1.8453,3.3814
1987,5.6,9.0,0.0,1.7393,3.3065
1988,4.5,6.0,0.0,1.4303,3.3018
1989,5.2,7.0,0.0,1.6461,3.2417
1990,4.6,6.0,0.0,1.5303,3.2619
1991,4.9,11.0,0.0,1.674,3.2896
1992,3.6,5.0,0.0,1.1893,3.2787
1993,4.6,8.0,0.0,1.4832,3.271
1994,4.5,6.0,0.0,1.4219,3.3593
1995,4.0,7.0,0.0,1.2955,3.2805
1996,5.6,12.0,0.0,1.8936,3.4463
1997,6.8,22.0,0.0,2.6145,3.3762
1998,5.5,8.0,0.0,1.676,3.3109
1999,5.8,11.0,0.0,1.8941,3.4079
2000,4.4,8.0,0.0,1.449,3.3965
2001,4.7,9.0,0.0,1.523,3.4231
2002,4.6,9.0,0.0,1.5296,3.3051
2003,4.4,7.0,0.0,1.479,3.2886
2004,5.2,10.0,0.0,1.7058,3.4345
2005,4.8,8.0,0.0,1.519,3.476
2006,4.5,6.0,0.0,1.4319,3.4559
2007,4.6,6.0,0.0,1.5124,3.315
2008,4.3,7.0,0.0,1.4333,3.2915
2009,4.4,8.0,0.0,1.4919,3.3453
2010,4.5,6.0,0.0,1.4876,3.3408
2011,4.6,6.0,0.0,1.5354,3.333
2012,4.9,8.0,0.0,1.4673,3.3758
2013,3.4,4.0,0.0,1.0908,3.3087
2014,4.8,7.0,0.0,1.5119,3.3784
2015,5.1,9.0,0.0,1.6536,3.3517
2016,11.5,30.0,0.0,4.4164,3.6803
2017,10.2,18.0,0.0,3.2702,3.8127
2018,10.1,23.0,0.0,3.4747,3.4586
2019,9.8,22.0,0.0,3.3287,3.6127
2020,5.0,9.0,0.0,1.6043,3.3014
2021,3.9,6.0,0.0,1.253,3.2109
2022,4.4,9.0,0.0,1.5118,3.2228
2023,5.0,7.0,0.0,1.6515,3.3291
2024,3.9,5.0,0.0,1.3153,3.2871
2025,4.4,7.0,0.0,1.4379,3.2595
2026,3.7,6.0,0.0,1.2913,3.3081
2027,4.8,8.0,0.0,1.5432,3.2631
2028,3.8,6.0,0.0,1.257,3.2442
2029,4.3,8.0,0.0,1.4089,3.2517
2030,4.1,6.0,0.0,1.3259,3.3366
2031,3.8,5.0,0.0,1.3077,3.3993
2032,4.1,5.0,0.0,1.373,3.2647
2033,5.0,8.0,0.0,1.6846,3.2508
2034,4.0,6.0,0.0,1.3542,3.328
2035,5.3,9.0,0.0,1.7862,3.2884
2036,7.6,10.0,0.0,2.3468,3.3131
2037,5.6,8.0,0.0,1.8021,3.3339
2038,7.5,13.0,0.0,2.3295,3.5776
2039,9.2,17.0,0.0,2.8476,3.6673
2040,7.8,11.0,0.0,2.4099,3.7049
2041,18.8,39.0,0.0,5.8845,4.4454
2042,20.8,32.0,0.0,6.4722,5.0452
2043,14.5,21.0,0.0,4.6083,4.4426
2044,23.9,33.0,0.0,6.9878,4.6031
2045,16.6,34.0,0.0,5.1951,3.7522
2046,12.8,19.0,0.0,4.01,3.5816
2047,16.5,26.0,0.0,5.0143,4.1037
2048,11.8,15.0,0.0,3.6564,3.726
2049,19.1,30.0,0.0,5.7534,4.3052
2050,14.0,21.0,0.0,4.3337,4.1497
2051,8.7,13.0,0.0,2.7448,3.6405
2052,5.7,8.0,0.0,1.7505,3.2827
2053,4.5,6.0,0.0,1.4372,3.2844
2054,3.9,5.0,0.0,1.2512,3.2527
2055,4.1,6.0,0.0,1.3318,3.2816
2056,4.2,6.0,0.0,1.3875,3.2282
2057,3.2,5.0,0.0,1.0923,3.3468
2058,3.9,5.0,0.0,1.2767,3.2085
2059,4.5,8.0,0.0,1.5322,3.2366
2060,4.3,6.0,0.0,1.3804,3.3142
2061,4.3,7.0,0.0,1.3935,3.2747
2062,3.1,6.0,0.0,1.0909,3.3449
2063,3.4,7.0,0.0,1.2031,3.2042
2064,5.2,11.0,0.0,1.7219,3.3473
2065,5.6,9.0,0.0,1.8114,3.5724
2066,5.7,11.0,0.0,1.9104,3.5516
2067,12.6,27.0,0.0,4.2025,4.0269
2068,22.2,34.0,0.0,7.0316,4.8058
2069,30.8,40.0,0.0,9.0481,5.378
2070,23.0,38.0,0.0,6.6632,4.9827
2071,25.9,37.0,0.0,7.5165,5.1357
2072,21.5,31.0,0.0,5.9973,4.8873
2073,20.1,28.0,0.0,5.9606,4.7666
2074,17.2,22.0,0.0,4.9018,4.5591
2075,16.2,26.0,0.0,4.857,3.9206
2076,19.1,26.0,0.0,5.8959,4.4752
2077,17.6,21.0,0.0,5.2127,4.5265
2078,20.4,23.0,0.0,6.0707,4.9393
2079,18.7,27.0,0.0,5.4953,4.8506
2080,19.8,25.0,0.0,6.0809,4.8905
2081,26.1,40.0,0.0,7.4846,4.7193
2082,19.5,28.0,0.0,5.6992,4.6497
2083,22.7,42.0,0.0,7.051,4.4904
2084,20.7,29.0,0.0,6.196,4.2681
2085,17.6,23.0,0.0,5.218,4.3501
2086,17.1,29.0,0.0,5.2081,3.9081
2087,12.2,18.0,0.0,3.7997,4.0234
2088,16.1,21.0,0.0,4.9708,4.1892
2089,18.8,25.0,0.0,5.6845,4.2618
2090,14.3,20.0,0.0,4.3174,4.1365
2091,19.9,28.0,0.0,6.0233,4.4155
2092,12.9,23.0,0.0,3.8881,3.9758
2093,17.8,33.0,0.0,5.3542,4.259
2094,13.5,23.0,0.0,4.1902,3.9218
2095,16.4,28.0,0.0,5.0293,3.9343
2096,15.1,24.0,0.0,4.5932,3.931
2097,15.5,22.0,0.0,4.7564,4.1183
2098,16.4,24.0,0.0,4.9465,3.9282
2099,14.9,26.0,0.0,4.6192,3.946
2100,17.2,29.0,0.0,5.3022,4.0235
2101,13.8,26.0,0.0,4.5586,3.7959
2102,14.5,20.0,0.0,4.3082,3.7759
2103,15.0,22.0,0.0,4.534,3.9072
2104,11.2,16.0,0.0,3.5642,3.6534
2105,9.7,17.0,0.0,3.0432,3.4917
2106,13.8,17.0,0.0,4.09,3.5063
2107,11.3,22.0,0.0,3.6346,3.6859
2108,14.5,18.0,0.0,4.4322,3.9957
2109,11.4,18.0,0.0,3.4336,3.9028
2110,14.0,19.0,0.0,4.1762,4.0939
2111,20.4,47.0,0.0,6.4542,4.1318
2112,13.8,21.0,0.0,4.2033,4.0121
2113,15.5,21.0,0.0,4.6089,4.0428
2114,20.4,29.0,0.0,6.0052,4.3233
2115,20.0,37.0,0.0,5.7947,4.6139
2116,22.5,31.0,0.0,6.5672,4.9958
2117,24.3,35.0,0.0,7.0219,5.3091
2118,21.5,25.0,0.0,5.9706,5.1503
2119,23.2,32.0,0.0,6.5941,5.2938
2120,22.4,36.0,0.0,6.8098,5.1383
2121,25.5,43.0,0.0,7.8772,5.1986
2122,17.0,23.0,0.0,4.9624,4.8573
2123,18.8,37.0,0.0,5.7814,4.8307
2124,23.0,31.0,0.0,6.4798,5.0435
2125,22.2,28.0,0.0,6.6517,4.9643
2126,17.9,25.0,0.0,5.3766,4.404
2127,18.4,26.0,0.0,5.4286,4.359
2128,18.0,29.0,0.0,5.4065,4.3145
2129,17.6,31.0,0.0,5.4982,4.1664
2130,14.7,21.0,0.0,4.529,4.1778
2131,17.8,24.0,0.0,5.3926,4.263
2132,17.0,32.0,0.0,5.072,4.4326
2133,20.9,39.0,0.0,6.3673,4.8385
2134,14.0,22.0,0.0,4.5252,4.3957
2135,16.1,27.0,0.0,4.8497,4.3631
2136,16.5,21.0,0.0,5.0642,4.5657
2137,19.5,26.0,0.0,5.5272,4.6541
2138,22.7,32.0,0.0,6.6859,4.8551
2139,18.7,29.0,0.0,5.3957,4.9787
2140,20.0,34.0,0.0,5.7085,4.5996
2141,21.3,32.0,0.0,6.3732,4.9614
2142,27.5,47.0,0.0,8.4255,5.2188
2143,17.2,24.0,0.0,5.3948,4.4105
2144,18.0,27.0,0.0,5.7746,4.5802
2145,17.1,32.0,0.0,5.4389,4.1912
2146,28.0,44.0,0.0,8.3536,4.9468
2147,22.9,41.0,0.0,6.8226,5.3429
2148,21.7,34.0,0.0,6.3252,5.4169
2149,23.6,33.0,0.0,6.8219,5.6145
2150,25.5,33.0,0.0,7.3123,5.8451
2151,24.5,33.0,0.0,7.5534,5.5106
2152,29.0,43.0,0.0,8.9387,5.4432
2153,23.6,34.0,0.0,7.194,5.5879
2154,24.2,33.0,0.0,7.292,5.3217
2155,22.3,29.0,0.0,6.9256,4.9815
2156,22.9,41.0,0.0,6.9279,4.8951
2157,21.4,39.0,0.0,6.6529,4.9153
2158,23.2,34.0,0.0,7.4853,5.7841
2159,18.4,27.0,0.0,5.4468,4.3985
2160,18.1,36.0,0.0,5.7922,4.2817
2161,13.9,18.0,0.0,4.1667,4.1048
2162,13.0,20.0,0.0,4.0176,4.206
2163,18.2,26.0,0.0,5.6249,4.3639
2164,18.3,26.0,0.0,5.5595,4.3304
2165,24.5,35.0,0.0,7.6486,5.1868
2166,24.5,44.0,0.0,7.2753,5.4847
2167,29.8,36.0,0.0,8.9816,6.4114
2168,27.7,43.0,0.0,8.1333,5.5894
2169,24.2,33.0,0.0,6.86,5.558
2170,24.7,42.0,0.0,7.2256,5.6979
2171,30.5,45.0,0.0,8.9168,5.9987
2172,23.9,37.0,0.0,7.385,5.2329
2173,23.3,37.0,0.0,7.5084,4.9926
2174,23.7,35.0,0.0,7.3744,5.0607
2175,23.8,43.0,0.0,7.1471,5.1733
2176,15.3,19.0,0.0,4.5166,4.4734
2177,16.6,32.0,0.0,5.1563,4.0903
2178,17.0,24.0,0.0,5.396,4.382
2179,11.8,27.0,0.0,3.97,4.0305
2180,12.9,21.0,0.0,4.0246,4.5353
2181,24.3,39.0,0.0,7.3503,5.2499
2182,18.1,27.0,0.0,5.4617,4.539
2183,19.3,27.0,0.0,5.737,4.2502
2184,15.6,20.0,0.0,4.7512,4.4035
2185,18.6,26.0,0.0,5.4994,4.3908
2186,16.9,25.0,0.0,5.0624,4.2202
2187,16.5,23.0,0.0,4.8515,4.4277
2188,17.6,27.0,0.0,5.3647,4.2589
2189,10.3,13.0,0.0,3.0747,3.7017
2190,13.0,19.0,0.0,3.9648,3.7734
2191,8.3,16.0,0.0,2.6134,3.5818
2192,12.5,17.0,0.0,3.751,3.8609
2193,13.5,21.0,0.0,4.0672,4.1847
2194,13.9,18.0,0.0,4.2762,4.0608
2195,13.2,16.0,0.0,3.8324,4.0154
2196,9.2,13.0,0.0,2.7728,3.7734
2197,5.9,10.0,0.0,1.9098,3.6897
2198,3.5,5.0,0.0,1.2219,3.4827
2199,3.5,4.0,0.0,1.1586,3.5582
2200,4.1,6.0,0.0,1.2963,3.4982
2201,3.1,4.0,0.0,1.0535,3.398
2202,4.0,7.0,0.0,1.3286,3.3747
2203,3.5,6.0,0.0,1.1655,3.33
2204,5.4,7.0,0.0,1.6899,3.3177
2205,6.0,9.0,0.0,1.8862,3.4754
2206,4.8,6.0,0.0,1.5256,3.5562
2207,7.6,10.0,0.0,2.2623,3.6443
2208,6.8,17.0,0.0,2.3902,3.4463
2209,6.6,11.0,0.0,2.1419,3.3585
2210,6.2,8.0,0.0,1.9621,3.4057
2211,6.0,11.0,0.0,1.9503,3.3569
2212,5.8,10.0,0.0,1.8655,3.4453
2213,4.3,7.0,0.0,1.3849,3.277
2214,7.6,11.0,0.0,2.4072,3.4163
2215,5.0,7.0,0.0,1.5861,3.2507
2216,5.3,14.0,0.0,1.8496,3.4419
2217,9.1,15.0,0.0,2.8767,3.5516
2218,6.2,9.0,0.0,1.9143,3.4921
2219,5.7,10.0,0.0,1.7628,3.4845
2220,5.0,6.0,0.0,1.6636,3.3898
2221,5.0,7.0,0.0,1.5767,3.3747
2222,4.8,8.0,0.0,1.5256,3.3862
2223,3.7,6.0,0.0,1.2021,3.3372
2224,4.9,8.0,0.0,1.5875,3.33
2225,3.8,5.0,0.0,1.2616,3.3445
2226,4.1,6.0,0.0,1.3295,3.2662
2227,4.5,7.0,0.0,1.4331,3.2761
2228,4.8,9.0,0.0,1.5893,3.3036
2229,4.3,7.0,0.0,1.3761,3.299
2230,5.1,9.0,0.0,1.7088,3.3644
2231,4.6,7.0,0.0,1.5442,3.3581
2232,5.5,8.0,0.0,1.834,3.6203
2233,8.4,18.0,0.0,2.8281,3.5853
2234,12.5,23.0,0.0,3.9224,4.0731
2235,14.7,20.0,0.0,4.5106,4.7823
2236,19.3,25.0,0.0,5.9227,5.7035
2237,23.7,29.0,0.0,7.0654,5.5762
2238,29.5,43.0,0.0,8.6312,5.6922
2239,24.1,59.0,0.0,8.1271,5.2982
2240,23.9,39.0,0.0,7.2187,5.07
2241,24.7,57.0,0.0,7.9213,5.4542
2242,17.8,31.0,0.0,5.5983,4.2506
2243,20.9,38.0,0.0,6.8195,4.9475
2244,27.6,64.0,0.0,8.9915,4.9545
2245,26.1,44.0,0.0,7.8687,5.3405
2246,23.5,34.0,0.0,7.0375,5.3303
2247,16.2,33.0,0.0,5.2932,4.167
2248,14.5,33.0,0.0,5.1064,3.7712
2249,14.3,25.0,0.0,4.3576,3.7748
2250,7.7,23.0,0.0,2.8735,3.5355
2251,4.6,8.0,0.0,1.551,3.3308
2252,4.7,9.0,0.0,1.5982,3.1955
2253,3.8,7.0,0.0,1.2842,3.1767
2254,3.9,9.0,0.0,1.351,3.1859
2255,6.1,10.0,0.0,1.9147,3.1842
2256,8.3,21.0,0.0,2.8415,3.6081
2257,4.3,10.0,0.0,1.5058,3.5094
2258,3.9,6.0,0.0,1.2888,3.336
2259,4.2,7.0,0.0,1.3666,3.3454
2260,4.0,6.0,0.0,1.3361,3.3099
2261,3.0,6.0,0.0,1.0394,3.2839
2262,3.3,4.0,0.0,1.1223,3.2611
2263,4.6,7.0,0.0,1.4493,3.2482
2264,4.9,7.0,0.0,1.6031,3.5154
2265,6.5,12.0,0.0,2.0646,3.4831
2266,4.3,6.0,0.0,1.3373,3.2348
2267,4.9,7.0,0.0,1.5542,3.2034
2268,6.1,10.0,0.0,1.9599,3.5343
2269,16.4,40.0,0.0,5.4283,4.3755
2270,21.3,37.0,0.0,6.365,4.9227
2271,24.9,34.0,0.0,7.4606,5.3985
2272,22.7,35.0,0.0,7.149,4.8906
2273,13.6,24.0,0.0,4.2245,4.1334
2274,10.8,19.0,0.0,3.3979,3.7524
2275,10.7,18.0,0.0,3.4073,3.6395
2276,6.9,11.0,0.0,2.117,3.3394
2277,2.7,4.0,0.0,0.9421,3.1962
2278,4.3,7.0,0.0,1.4177,3.2177
2279,4.2,6.0,0.0,1.4177,3.1887
2280,4.2,5.0,0.0,1.3289,3.2848
2281,6.0,10.0,0.0,1.9144,3.2824
2282,3.9,7.0,0.0,1.3165,3.2841
2283,8.3,30.0,0.0,3.4162,3.3395
2284,14.5,31.0,0.0,4.7389,3.7219
2285,15.4,26.0,0.0,5.0233,4.3628
2286,14.9,24.0,0.0,4.8243,4.3502
2287,17.9,27.0,0.0,5.4912,4.079
2288,13.4,25.0,0.0,4.1888,3.8883
2289,19.3,38.0,0.0,6.2113,4.2036
2290,18.5,26.0,0.0,5.7472,4.2549
2291,18.0,27.0,0.0,5.6916,4.0962
2292,26.7,37.0,0.0,7.909,5.0128
2293,24.9,34.0,0.0,7.3292,4.8363
2294,23.2,36.0,0.0,7.2007,4.6783
2295,22.4,38.0,0.0,7.0191,5.0274
2296,23.9,35.0,0.0,6.9458,5.2625
2297,19.0,33.0,0.0,5.7399,5.1727
2298,14.9,23.0,0.0,4.4389,4.5314
2299,17.2,21.0,0.0,5.0248,4.2238
2300,11.9,15.0,0.0,3.5985,3.9632
2301,19.7,28.0,0.0,5.8966,4.2421
2302,14.2,26.0,0.0,4.4292,3.9713
2303,16.3,27.0,0.0,5.0636,4.0613
2304,16.3,24.0,0.0,4.9887,3.9644
2305,15.1,26.0,0.0,4.6861,3.8412
2306,11.6,21.0,0.0,3.7256,3.7919
2307,14.8,31.0,0.0,4.6645,3.9637
2308,14.9,23.0,0.0,4.5657,4.0627
2309,14.3,24.0,0.0,4.3832,3.8772
2310,18.6,22.0,0.0,5.412,4.0767
2311,14.3,30.0,0.0,4.6654,4.0857
2312,13.7,25.0,0.0,4.2363,4.0719
2313,14.7,28.0,0.0,4.5893,3.8938
2314,14.2,21.0,0.0,4.2882,4.2642
2315,15.9,31.0,0.0,4.87,4.0258
2316,14.1,21.0,0.0,4.302,3.9002
2317,14.0,16.0,0.0,4.2069,3.9945
2318,14.7,18.0,0.0,4.448,3.9488
2319,14.3,21.0,0.0,4.3555,3.8583
2320,14.2,19.0,0.0,4.2024,4.0023
2321,14.2,16.0,0.0,4.2339,4.1977
2322,16.8,33.0,0.0,5.2763,4.1458
2323,18.0,25.0,0.0,5.283,4.2532
2324,16.0,19.0,0.0,4.8059,4.2719
2325,16.8,22.0,0.0,4.9143,4.2613
2326,14.4,19.0,0.0,4.3338,4.1015
2327,12.6,15.0,0.0,3.8194,3.9665
2328,17.2,23.0,0.0,5.1945,4.1016
2329,16.9,27.0,0.0,5.1696,4.1021
2330,14.9,25.0,0.0,4.5407,3.9492
2331,12.9,17.0,0.0,3.8497,3.9257
2332,14.8,18.0,0.0,4.44,4.0141
2333,11.2,16.0,0.0,3.4333,3.7944
2334,14.2,18.0,0.0,4.2937,3.9111
2335,14.2,18.0,0.0,4.1969,3.8802
2336,14.8,19.0,0.0,4.7093,4.0095
2337,19.9,33.0,0.0,5.9184,4.1787
2338,15.7,23.0,0.0,4.5365,4.0943
2339,14.8,27.0,0.0,4.5262,4.143
2340,14.8,26.0,0.0,4.4609,4.1747
2341,16.8,28.0,0.0,5.2263,4.1685
2342,15.4,24.0,0.0,4.7195,4.098
2343,13.5,16.0,0.0,4.1019,4.1063
2344,17.8,24.0,0.0,5.4271,4.3132
2345,12.6,23.0,0.0,3.8052,4.0821
2346,13.6,27.0,0.0,4.4618,4.0806
2347,13.8,19.0,0.0,4.0704,3.9815
2348,15.2,18.0,0.0,4.5949,4.2111
2349,15.1,21.0,0.0,4.4229,3.9942
2350,15.1,21.0,0.0,4.5257,4.1264
2351,13.3,20.0,0.0,3.9932,4.1353
2352,20.5,31.0,0.0,6.1635,4.5963
2353,16.4,26.0,0.0,5.2412,3.8829
2354,13.6,18.0,0.0,4.0434,3.6789
2355,16.3,36.0,0.0,5.598,3.7001
2356,10.7,18.0,0.0,3.347,3.6474
2357,9.9,19.0,0.0,3.1902,3.4985
2358,14.8,19.0,0.0,4.4989,3.7578
2359,12.8,16.0,0.0,4.0457,3.8779
2360,14.4,24.0,0.0,4.6366,3.8377
2361,13.7,23.0,0.0,4.2149,3.7155
2362,9.5,27.0,0.0,3.3567,3.3993
2363,12.8,16.0,0.0,3.9927,3.8627
2364,8.6,17.0,0.0,2.7822,3.5915
2365,4.5,6.0,0.0,1.4986,3.4989
2366,4.3,7.0,0.0,1.4345,3.3249
2367,4.1,6.0,0.0,1.3915,3.3875
2368,4.6,7.0,0.0,1.4691,3.2391
2369,3.1,6.0,0.0,1.0959,3.2202
2370,4.4,9.0,0.0,1.4955,3.2492
2371,4.8,8.0,0.0,1.5638,3.2187
2372,4.9,8.0,0.0,1.6055,3.2464
2373,5.3,9.0,0.0,1.6715,3.1854
2374,5.0,7.0,0.0,1.6374,3.2679
2375,5.4,8.0,0.0,1.6863,3.4045
2376,7.0,15.0,0.0,2.2797,3.4165
2377,6.3,9.0,0.0,1.9733,3.3749
2378,6.7,11.0,0.0,2.2207,3.4782
2379,6.3,10.0,0.0,2.0009,3.3796
2380,4.8,6.0,0.0,1.5478,3.5234
2381,4.8,9.0,0.0,1.6031,3.3605
2382,4.6,10.0,0.0,1.6155,3.2828
2383,4.3,6.0,0.0,1.4177,3.4968
2384,4.5,7.0,0.0,1.4771,3.3876
2385,4.0,6.0,0.0,1.2641,3.5043
2386,4.3,7.0,0.0,1.4525,3.2711
2387,4.4,6.0,0.0,1.4412,3.2929
2388,4.5,7.0,0.0,1.5024,3.3142
2389,6.7,8.0,0.0,2.1396,3.4994
2390,16.7,27.0,0.0,5.1438,4.6544
2391,15.2,23.0,0.0,4.6132,4.4541
2392,16.6,32.0,0.0,5.0049,4.6524
2393,24.0,39.0,0.0,7.2189,4.9298
2394,20.8,42.0,0.0,6.397,4.4618
2395,18.2,27.0,0.0,5.5916,4.1049
2396,18.0,26.0,0.0,5.4034,3.9429
2397,12.8,23.0,0.0,3.879,3.8457
2398,10.7,19.0,0.0,3.2657,3.7128
2399,18.2,28.0,0.0,5.4547,4.2223
2400,11.8,15.0,0.0,3.5862,3.8411
2401,11.2,14.0,0.0,3.4248,4.0083
2402,11.0,15.0,0.0,3.2765,3.831
2403,16.7,22.0,0.0,4.9059,4.2874
2404,19.7,45.0,0.0,6.2647,4.4823
2405,23.9,32.0,0.0,7.0801,5.0275
2406,24.9,34.0,0.0,7.4592,5.5029
2407,21.0,24.0,0.0,6.0603,4.9926
2408,19.5,23.0,0.0,5.5743,5.0387
2409,18.3,30.0,0.0,5.552,4.7403
2410,17.4,24.0,0.0,5.1218,4.4576
2411,15.1,20.0,0.0,4.2451,4.7087
2412,16.5,24.0,0.0,4.9795,4.7754
2413,19.1,31.0,0.0,5.3326,4.7032
2414,14.1,24.0,0.0,4.0707,4.4227
2415,13.1,18.0,0.0,3.6478,4.3908
2416,14.2,20.0,0.0,4.1295,4.3784
2417,13.1,16.0,0.0,3.5769,4.518
2418,21.4,27.0,0.0,5.9807,5.0123
2419,24.1,36.0,0.0,7.0473,5.7372
2420,23.3,31.0,0.0,6.4506,5.7581
2421,21.0,33.0,0.0,6.2502,5.8737
2422,25.7,35.0,0.0,7.5947,5.3501
2423,17.9,29.0,0.0,5.1769,5.0572
2424,15.6,23.0,0.0,4.6476,4.9986
2425,15.4,24.0,0.0,4.5719,4.7554
2426,15.5,22.0,0.0,4.5688,4.6653
2427,17.5,32.0,0.0,5.0833,4.8175
2428,19.8,30.0,0.0,5.7041,4.5093
2429,18.0,35.0,0.0,5.6771,4.3667
2430,19.9,31.0,0.0,5.9722,4.939
2431,20.7,32.0,0.0,6.0046,4.933
2432,23.3,29.0,0.0,6.7464,5.0874
2433,19.3,28.0,0.0,5.9476,4.6363
2434,15.5,23.0,0.0,4.7515,3.9287
2435,17.5,23.0,0.0,5.2652,4.1745
2436,16.5,28.0,0.0,5.0423,4.1194
2437,15.4,30.0,0.0,4.6812,4.0239
2438,15.4,23.0,0.0,4.6206,3.8378
2439,9.1,12.0,0.0,2.7938,3.4751
2440,11.6,19.0,0.0,3.6119,3.7539
2441,17.5,33.0,0.0,5.759,3.8913
2442,10.6,29.0,0.0,3.6221,3.772
2443,15.7,25.0,0.0,4.6939,4.0027
2444,9.8,17.0,0.0,3.0661,3.6315
2445,7.8,14.0,0.0,2.492,3.4076
2446,4.5,6.0,0.0,1.4248,3.3529
2447,3.8,6.0,0.0,1.2922,3.3279
2448,4.3,11.0,0.0,1.5124,3.4571
2449,3.9,6.0,0.0,1.3143,3.3047
2450,3.9,5.0,0.0,1.299,3.3406
2451,5.0,9.0,0.0,1.6605,3.3199
2452,6.1,9.0,0.0,1.9339,3.4811
2453,6.9,10.0,0.0,2.1821,3.559
2454,15.4,31.0,0.0,5.1558,3.9309
2455,16.7,24.0,0.0,5.3267,4.4755
2456,25.9,47.0,0.0,7.8641,4.7919
2457,19.7,29.0,0.0,5.8195,4.2907
2458,21.5,37.0,0.0,6.4042,4.4694
2459,25.2,41.0,0.0,7.593,5.0557
2460,23.3,42.0,0.0,7.3076,4.6506
2461,20.3,25.0,0.0,6.1743,4.5109
2462,14.8,29.0,0.0,4.6182,4.0198
2463,14.8,21.0,0.0,4.5788,3.9347
2464,20.7,29.0,0.0,6.3577,4.1246
2465,13.8,29.0,0.0,4.3678,3.9631
2466,16.3,20.0,0.0,4.79,4.2458
2467,14.0,19.0,0.0,4.1169,4.0982
2468,16.3,24.0,0.0,4.5302,4.6288
2469,21.3,32.0,0.0,6.3939,4.7626
2470,20.4,34.0,0.0,6.039,4.7276
2471,18.8,24.0,0.0,5.4053,4.3771
2472,13.2,17.0,0.0,3.9474,3.9476
2473,19.2,31.0,0.0,5.7417,4.3109
2474,15.7,28.0,0.0,4.9627,4.2748
2475,14.9,34.0,0.0,4.9608,3.7762
2476,10.2,16.0,0.0,3.222,3.3987
2477,12.5,16.0,0.0,3.8033,3.7889
2478,15.7,27.0,0.0,4.8297,4.0386
2479,18.8,34.0,0.0,5.8151,4.0956
2480,9.9,16.0,0.0,3.2579,3.5513
2481,11.9,24.0,0.0,3.9067,3.5243
2482,9.6,14.0,0.0,2.9647,3.4831
2483,11.0,23.0,0.0,3.5795,3.4835
2484,10.0,19.0,0.0,3.2293,3.5657
2485,6.7,9.0,0.0,2.0322,3.5708
2486,3.7,4.0,0.0,1.2685,3.367
2487,4.0,6.0,0.0,1.3453,3.3367
2488,4.5,8.0,0.0,1.434,3.4584
2489,4.0,5.0,0.0,1.2826,3.5709
2490,4.2,7.0,0.0,1.3698,3.4385
2491,4.9,8.0,0.0,1.5898,3.2631
2492,3.7,6.0,0.0,1.2748,3.198
2493,4.8,8.0,0.0,1.5353,3.2397
2494,4.6,8.0,0.0,1.4578,3.1435
2495,3.1,5.0,0.0,1.0382,3.167
2496,3.9,5.0,0.0,1.2327,3.3256
2497,3.8,7.0,0.0,1.3,3.3661
2498,4.3,7.0,0.0,1.3901,3.3364
2499,4.7,6.0,0.0,1.4981,3.3824
2500,4.2,6.0,0.0,1.3259,3.263
2501,6.2,10.0,0.0,1.9599,3.3915
2502,8.2,13.0,0.0,2.6308,3.6731
2503,15.0,18.0,0.0,4.5318,4.2581
2504,15.3,21.0,0.0,4.614,4.833
2505,15.3,32.0,0.0,4.8154,4.3348
2506,16.6,22.0,0.0,4.8839,5.0841
2507,19.5,33.0,0.0,6.0141,4.7524
2508,19.6,24.0,0.0,5.9553,4.6905
2509,22.6,35.0,0.0,6.8286,5.2107
2510,20.3,30.0,0.0,6.3577,4.761
2511,26.6,70.0,0.0,8.6825,4.9199
2512,19.5,29.0,0.0,5.7315,4.8195
2513,19.0,25.0,0.0,5.8913,4.6849
2514,21.1,30.0,0.0,6.3826,4.6227
2515,17.0,22.0,0.0,5.2084,4.5673
2516,27.8,54.0,0.0,8.8124,5.3046
2517,23.3,35.0,0.0,7.0056,5.0483
2518,15.1,23.0,0.0,4.4444,4.2928
2519,11.8,18.0,0.0,3.6471,3.9399
2520,13.2,16.0,0.0,4.1349,3.958
2521,10.6,15.0,0.0,3.3083,3.6559
2522,9.1,12.0,0.0,2.8587,3.5076
2523,5.4,12.0,0.0,1.8527,3.3943
2524,3.7,6.0,0.0,1.272,3.327
2525,3.8,6.0,0.0,1.253,3.2952
2526,4.0,5.0,0.0,1.3067,3.3009
2527,3.2,5.0,0.0,1.0679,3.2881
2528,3.8,7.0,0.0,1.2816,3.3132
2529,3.4,4.0,0.0,1.1749,3.3093
2530,3.4,4.0,0.0,1.1402,3.292
2531,3.6,5.0,0.0,1.1779,3.3491
2532,4.0,6.0,0.0,1.2913,3.3445
2533,3.9,5.0,0.0,1.296,3.2989
2534,2.3,3.0,0.0,0.8585,3.2602
2535,3.6,5.0,0.0,1.2,3.241
2536,3.8,5.0,0.0,1.257,3.1836
2537,3.5,4.0,0.0,1.1548,3.2061
2538,4.1,8.0,0.0,1.4231,3.1547
2539,5.7,9.0,0.0,1.8105,3.3149
2540,4.6,6.0,0.0,1.4512,3.3378
2541,5.2,6.0,0.0,1.6518,3.5317
2542,5.0,10.0,0.0,1.6744,3.3199
2543,6.2,19.0,0.0,2.3142,3.3564
2544,9.2,29.0,0.0,3.5551,3.5306
2545,12.0,22.0,0.0,3.8881,3.7392
2546,18.1,25.0,0.0,5.5581,4.2074
2547,15.3,21.0,0.0,4.9154,4.1886
2548,12.3,24.0,0.0,3.8481,3.847
2549,16.5,24.0,0.0,4.8235,4.0563
2550,12.6,18.0,0.0,3.8107,3.9798
2551,12.7,18.0,0.0,3.9568,3.8731
2552,13.2,18.0,0.0,3.9035,4.1513
2553,17.8,25.0,0.0,5.3255,4.3858
2554,12.9,17.0,0.0,3.8272,3.9068
2555,13.4,22.0,0.0,4.1367,3.9058
2556,10.5,18.0,0.0,3.2178,3.9207
2557,15.1,29.0,0.0,4.8391,4.0954
2558,12.5,19.0,0.0,3.8879,4.1267
2559,15.6,18.0,0.0,4.6444,4.0374
2560,15.7,20.0,0.0,4.7667,3.9906
2561,10.5,14.0,0.0,3.2058,3.8695
2562,9.2,13.0,0.0,2.8357,3.6462
2563,5.6,11.0,0.0,1.8837,3.4593
2564,5.0,7.0,0.0,1.6117,3.4548
2565,5.2,7.0,0.0,1.6636,3.4872
2566,5.8,11.0,0.0,1.8872,3.4804
2567,4.9,6.0,0.0,1.5792,3.5895
2568,5.1,8.0,0.0,1.6641,3.4002
2569,5.0,8.0,0.0,1.6506,3.4176
2570,5.0,8.0,0.0,1.5981,3.4178
2571,5.4,9.0,0.0,1.782,3.3082
2572,4.3,6.0,0.0,1.3718,3.3798
2573,5.5,7.0,0.0,1.6903,3.439
2574,5.7,8.0,0.0,1.8221,3.4162
2575,6.7,10.0,0.0,2.0459,3.4441
2576,4.5,7.0,0.0,1.4483,3.3321
2577,5.6,9.0,0.0,1.7797,3.4048
2578,5.5,8.0,0.0,1.74,3.31
2579,4.4,6.0,0.0,1.4179,3.3178
2580,5.1,9.0,0.0,1.6378,3.3909
2581,7.2,9.0,0.0,2.2062,3.4537
2582,11.2,23.0,0.0,3.6505,3.6993
2583,20.5,37.0,0.0,6.5089,4.2715
2584,17.0,24.0,0.0,5.1848,4.447
2585,21.4,40.0,0.0,6.4846,4.5988
2586,18.2,26.0,0.0,5.4,4.4183
2587,25.5,42.0,0.0,7.7716,5.0051
2588,28.4,42.0,0.0,8.2424,4.9964
2589,21.3,30.0,0.0,6.5214,4.8523
2590,30.3,42.0,0.0,8.9769,4.9518
2591,21.6,40.0,0.0,6.3514,4.4243
2592,21.5,32.0,0.0,6.6318,4.3728
2593,12.9,25.0,0.0,3.9448,3.6974
2594,22.7,47.0,0.0,7.6039,4.1509
2595,27.4,31.0,0.0,8.7973,5.0295
2596,12.2,17.0,0.0,3.4592,3.8944
2597,9.3,19.0,0.0,2.9019,3.627
2598,11.7,23.0,0.0,3.7499,3.6957
2599,5.6,7.0,0.0,1.7234,3.3417
2600,5.2,7.0,0.0,1.6572,3.3303
2601,5.0,7.0,0.0,1.6194,3.2687
2602,3.8,7.0,0.0,1.2955,3.1786
2603,4.8,7.0,0.0,1.5288,3.1459
2604,4.4,6.0,0.0,1.3928,3.2002
2605,3.7,7.0,0.0,1.2249,3.228
2606,3.5,5.0,0.0,1.1584,3.2424
2607,5.2,10.0,0.0,1.7118,3.4439
2608,3.9,6.0,0.0,1.3483,3.4028
2609,4.4,8.0,0.0,1.4303,3.4988
2610,6.5,10.0,0.0,2.0019,3.5398
2611,5.7,7.0,0.0,1.7882,3.3165
2612,5.0,7.0,0.0,1.5937,3.3532
2613,4.1,9.0,0.0,1.4424,3.4076
2614,6.8,20.0,0.0,2.5015,3.3881
2615,9.6,15.0,0.0,3.0216,3.6803
2616,7.8,17.0,0.0,2.6596,3.426
2617,5.9,8.0,0.0,1.8853,3.3572
2618,5.8,8.0,0.0,1.7804,3.538
2619,5.2,7.0,0.0,1.619,3.2859
2620,4.3,7.0,0.0,1.4259,3.2875
2621,4.4,8.0,0.0,1.4078,3.2286
2622,3.2,5.0,0.0,1.0741,3.2023
2623,4.8,9.0,0.0,1.6602,3.2301
2624,3.7,6.0,0.0,1.2376,3.2787
2625,4.3,6.0,0.0,1.3811,3.3419
2626,4.3,7.0,0.0,1.3955,3.4015
2627,3.5,6.0,0.0,1.1636,3.4047
2628,5.3,8.0,0.0,1.6394,3.2613
2629,4.6,6.0,0.0,1.4705,3.2875
2630,3.7,7.0,0.0,1.2476,3.2872
2631,3.9,7.0,0.0,1.2845,3.2676
2632,4.4,9.0,0.0,1.4925,3.3421
2633,4.0,7.0,0.0,1.337,3.2579
2634,5.0,8.0,0.0,1.5914,3.3168
2635,3.9,5.0,0.0,1.2923,3.2986
2636,5.5,8.0,0.0,1.7342,3.3255
2637,4.5,6.0,0.0,1.4191,3.2669
2638,3.7,7.0,0.0,1.2285,3.2737
2639,4.3,7.0,0.0,1.4239,3.2741
2640,3.8,6.0,0.0,1.2124,3.2962
2641,3.7,6.0,0.0,1.1806,3.3256
2642,5.3,12.0,0.0,1.7889,3.3037
2643,4.4,6.0,0.0,1.3143,3.4079
2644,5.8,10.0,0.0,1.8286,3.554
2645,4.2,6.0,0.0,1.3935,3.3456
2646,5.1,8.0,0.0,1.5898,3.3136
2647,5.1,9.0,0.0,1.6371,3.2933
2648,6.3,15.0,0.0,2.1675,3.3859
2649,6.7,9.0,0.0,2.1583,3.5555
2650,8.5,15.0,0.0,2.721,3.813
2651,5.9,8.0,0.0,1.8852,3.4201
2652,6.9,11.0,0.0,2.2524,3.4198
2653,5.1,9.0,0.0,1.6494,3.4016
2654,4.5,8.0,0.0,1.4635,3.4183
2655,4.4,7.0,0.0,1.408,3.3502
2656,3.8,6.0,0.0,1.2845,3.3471
2657,4.4,7.0,0.0,1.4115,3.3809
2658,4.8,10.0,0.0,1.6475,3.3752
2659,5.2,7.0,0.0,1.6136,3.3787
2660,4.7,7.0,0.0,1.5085,3.3765
2661,6.5,9.0,0.0,2.0881,3.3842
2662,5.4,8.0,0.0,1.6432,3.2614
2663,5.8,8.0,0.0,1.7746,3.2975
2664,5.1,7.0,0.0,1.6332,3.2515
2665,3.8,5.0,0.0,1.3092,3.2522
2666,3.5,5.0,0.0,1.1289,3.2004
2667,4.6,7.0,0.0,1.4823,3.2911
2668,4.5,8.0,0.0,1.4965,3.236
2669,4.2,7.0,0.0,1.3601,3.3562
2670,5.2,7.0,0.0,1.6995,3.4393
2671,4.0,5.0,0.0,1.3744,3.3041
2672,5.8,9.0,0.0,1.7894,3.2009
2673,5.1,8.0,0.0,1.6462,3.1993
2674,5.6,8.0,0.0,1.6976,3.2238
2675,3.9,6.0,0.0,1.3286,3.1871
2676,4.8,7.0,0.0,1.4997,3.2577
2677,6.4,11.0,0.0,2.0592,3.3936
2678,5.0,7.0,0.0,1.6823,3.3531
2679,5.0,7.0,0.0,1.6192,3.4688
2680,5.6,11.0,0.0,1.7782,3.3844
2681,6.6,9.0,0.0,2.0218,3.4593
2682,5.6,11.0,0.0,1.8248,3.4298
2683,6.1,8.0,0.0,1.8713,3.4355
2684,9.6,15.0,0.0,3.0299,3.6488
2685,7.3,14.0,0.0,2.2159,3.6378
2686,10.7,19.0,0.0,3.2569,3.7821
2687,7.0,14.0,0.0,2.2804,3.5307
2688,8.8,13.0,0.0,2.6872,3.5532
2689,9.3,18.0,0.0,3.0175,3.5309
2690,8.8,14.0,0.0,2.7,3.5487
2691,10.3,21.0,0.0,3.2258,3.7405
2692,27.2,43.0,0.0,8.3495,5.2025
2693,13.4,21.0,0.0,4.099,4.0161
2694,17.5,26.0,0.0,5.3611,4.5284
2695,15.1,22.0,0.0,4.6696,4.0215
2696,17.5,23.0,0.0,5.4094,4.2818
2697,21.9,36.0,0.0,6.8717,4.6188
2698,14.8,23.0,0.0,4.542,4.1727
2699,16.3,30.0,0.0,4.8239,4.0949
2700,15.0,24.0,0.0,4.5911,4.0283
2701,18.6,30.0,0.0,5.5725,4.1131
2702,17.0,30.0,0.0,5.2612,4.3514
2703,18.9,24.0,0.0,5.5258,4.1482
2704,14.6,21.0,0.0,4.3641,3.9774
2705,19.4,27.0,0.0,5.502,4.55
2706,15.3,23.0,0.0,4.5131,4.1053
2707,19.3,26.0,0.0,5.8538,4.1943
2708,17.3,29.0,0.0,5.309,4.3056
2709,15.8,31.0,0.0,4.9497,3.9024
2710,14.5,27.0,0.0,4.6764,3.8273
2711,15.0,25.0,0.0,4.506,4.0639
2712,11.6,19.0,0.0,3.6755,3.9156
2713,20.7,40.0,0.0,6.4906,4.5673
2714,14.5,19.0,0.0,4.4527,3.9789
2715,12.4,15.0,0.0,3.9776,3.6616
2716,13.4,21.0,0.0,4.0666,3.686
2717,7.6,27.0,0.0,3.0726,3.3228
2718,13.9,19.0,0.0,4.2559,3.5493
2719,6.2,10.0,0.0,1.8999,3.2557
2720,4.6,8.0,0.0,1.5407,3.3019
2721,3.8,5.0,0.0,1.2206,3.283
2722,4.9,8.0,0.0,1.6155,3.2762
2723,3.6,5.0,0.0,1.2278,3.2906
2724,4.6,7.0,0.0,1.5329,3.2299
2725,5.0,7.0,0.0,1.6057,3.196
2726,4.7,13.0,0.0,1.7319,3.2371
2727,4.2,8.0,0.0,1.3977,3.1808
2728,3.4,5.0,0.0,1.1377,3.2414
2729,3.7,9.0,0.0,1.2859,3.1632
2730,4.3,7.0,0.0,1.3672,3.2249
2731,6.3,10.0,0.0,2.0662,3.2165
2732,7.2,25.0,0.0,2.8927,3.4087
2733,13.7,20.0,0.0,4.2778,3.8987
2734,16.0,26.0,0.0,4.8059,4.2298
2735,14.1,34.0,0.0,4.6014,3.9737
2736,17.6,29.0,0.0,5.544,4.0414
2737,19.9,30.0,0.0,5.8369,4.6226
2738,18.7,28.0,0.0,5.7468,4.5408
2739,15.3,21.0,0.0,4.6779,4.089
2740,12.1,18.0,0.0,3.7453,3.7559
2741,11.7,24.0,0.0,3.7107,3.6496
2742,15.0,22.0,0.0,4.5717,3.943
2743,12.7,19.0,0.0,3.891,3.9832
2744,17.6,28.0,0.0,5.4974,4.251
2745,13.3,15.0,0.0,4.2128,4.1055
2746,15.8,20.0,0.0,4.8185,4.236
2747,11.2,15.0,0.0,3.5125,3.9045
2748,13.5,20.0,0.0,4.213,4.1854
2749,12.4,19.0,0.0,3.9411,3.9099
2750,7.3,11.0,0.0,2.3014,3.4086
2751,6.4,9.0,0.0,1.9935,3.3551
2752,5.8,8.0,0.0,1.8005,3.439
2753,5.1,10.0,0.0,1.6752,3.371
2754,4.8,8.0,0.0,1.5277,3.371
2755,7.7,13.0,0.0,2.4807,3.5469
2756,13.3,34.0,0.0,4.5675,3.9102
2757,10.4,18.0,0.0,3.3724,3.9255
2758,13.3,22.0,0.0,4.2802,4.1727
2759,19.9,30.0,0.0,6.0959,4.6627
2760,14.4,22.0,0.0,4.6053,4.6269
2761,12.9,17.0,0.0,3.8762,4.3742
2762,13.0,17.0,0.0,3.9711,4.371
2763,15.0,19.0,0.0,4.5852,4.5611
2764,17.4,25.0,0.0,5.4649,4.9072
2765,26.3,43.0,0.0,8.1522,5.4438
2766,21.4,30.0,0.0,6.3435,5.5129
2767,25.4,32.0,0.0,7.5416,5.3894
2768,20.0,32.0,0.0,6.1662,4.7777
2769,20.7,38.0,0.0,6.2408,4.7478
2770,19.0,34.0,0.0,5.6958,4.7426
2771,23.8,42.0,0.0,7.1777,4.6939
2772,19.4,31.0,0.0,5.7787,4.3974
2773,22.1,36.0,0.0,6.6332,4.5333
2774,18.1,24.0,0.0,5.652,4.4667
2775,16.7,37.0,0.0,5.6217,4.0224
2776,5.3,8.0,0.0,1.7301,3.5157
2777,4.6,6.0,0.0,1.4023,3.4511
2778,3.7,8.0,0.0,1.2206,3.3972
2779,3.5,4.0,0.0,1.2233,3.332
2780,5.1,8.0,0.0,1.6394,3.3098
2781,4.3,7.0,0.0,1.4317,3.3154
2782,4.1,6.0,0.0,1.3453,3.248
2783,3.8,7.0,0.0,1.243,3.2676
2784,3.9,7.0,0.0,1.3043,3.2245
2785,3.6,4.0,0.0,1.1598,3.2622
2786,6.3,10.0,0.0,2.0264,3.311
2787,4.2,8.0,0.0,1.3915,3.2203
2788,4.0,7.0,0.0,1.3124,3.2923
2789,3.6,6.0,0.0,1.2268,3.2346
2790,3.7,6.0,0.0,1.217,3.1582
2791,5.8,8.0,0.0,1.8235,3.1914
2792,6.3,13.0,0.0,2.0758,3.269
2793,5.5,10.0,0.0,1.7779,3.2291
2794,6.9,13.0,0.0,2.3374,3.3226
2795,10.5,16.0,0.0,3.2604,3.613
2796,6.8,11.0,0.0,2.2815,3.5499
2797,6.1,10.0,0.0,1.9339,3.478
2798,6.7,10.0,0.0,2.1645,3.5469
2799,5.4,8.0,0.0,1.7165,3.5239
2800,5.6,9.0,0.0,1.8667,3.3077
2801,5.3,8.0,0.0,1.682,3.3432
2802,5.4,10.0,0.0,1.7744,3.3326
2803,5.3,6.0,0.0,1.6437,3.3406
2804,4.9,9.0,0.0,1.6101,3.2666
2805,3.8,6.0,0.0,1.2767,3.2276
2806,5.7,8.0,0.0,1.8606,3.4196
2807,3.7,6.0,0.0,1.1973,3.2631
2808,3.7,7.0,0.0,1.2476,3.223
2809,4.4,7.0,0.0,1.4347,3.1984
2810,3.6,6.0,0.0,1.1426,3.2288
2811,4.8,13.0,0.0,1.7241,3.3449
2812,8.7,25.0,0.0,3.2318,3.402
2813,13.4,24.0,0.0,4.2977,4.0468
2814,23.1,47.0,0.0,7.6298,4.7829
2815,21.9,28.0,0.0,6.9597,5.0426
2816,26.3,38.0,0.0,7.841,4.6166
2817,18.1,29.0,0.0,5.5843,4.3071
2818,13.7,25.0,0.0,4.3669,4.0276
2819,18.7,30.0,0.0,5.7924,4.243
2820,19.4,37.0,0.0,6.3285,4.4125
2821,19.4,28.0,0.0,5.709,4.2291
2822,14.6,25.0,0.0,4.6022,4.0725
2823,14.9,23.0,0.0,4.6318,3.9779
2824,16.1,24.0,0.0,5.0052,3.9996
2825,12.3,20.0,0.0,3.7273,3.7045
2826,6.8,11.0,0.0,2.194,3.542
2827,6.7,11.0,0.0,2.1206,3.4644
2828,5.4,7.0,0.0,1.7856,3.3722
2829,4.6,8.0,0.0,1.5446,3.1853
2830,4.2,5.0,0.0,1.3906,3.2635
2831,7.6,13.0,0.0,2.4929,3.4731
2832,8.2,10.0,0.0,2.5976,3.5397
2833,12.0,18.0,0.0,3.7976,3.7702
2834,12.0,20.0,0.0,3.6945,3.7303
2835,19.5,24.0,0.0,5.5398,4.4891
2836,25.3,39.0,0.0,7.6935,5.2507
2837,22.0,41.0,0.0,6.3904,4.976
2838,29.9,56.0,0.0,9.4239,5.2605
2839,22.8,30.0,0.0,6.7963,5.3947
2840,22.0,33.0,0.0,6.6022,4.8362
2841,24.6,39.0,0.0,7.4039,5.0181
2842,20.7,36.0,0.0,6.3506,4.8803
2843,21.3,41.0,0.0,6.6268,4.61
2844,17.0,30.0,0.0,5.2278,4.349
2845,20.4,31.0,0.0,6.2022,4.4153
2846,22.6,31.0,0.0,6.7021,4.4169
2847,17.5,26.0,0.0,5.1769,4.2755
2848,12.3,23.0,0.0,3.8302,4.106
2849,8.3,13.0,0.0,2.6763,3.7278
2850,12.0,19.0,0.0,3.6425,3.8482
2851,10.0,13.0,0.0,3.1733,3.5923
2852,15.7,34.0,0.0,5.0735,3.7114
2853,11.0,18.0,0.0,3.604,3.8039
2854,6.4,8.0,0.0,2.0508,3.6121
2855,5.3,9.0,0.0,1.7804,3.4144
2856,6.5,15.0,0.0,2.1327,3.3464
2857,3.3,4.0,0.0,1.0744,3.3326
2858,4.0,8.0,0.0,1.382,3.3338
2859,4.2,8.0,0.0,1.4075,3.3034
2860,4.5,6.0,0.0,1.4317,3.1632
2861,4.5,8.0,0.0,1.4579,3.3174
2862,4.1,7.0,0.0,1.3511,3.273
2863,3.8,6.0,0.0,1.2635,3.2336
2864,3.7,5.0,0.0,1.1823,3.3279
2865,4.9,7.0,0.0,1.5716,3.3049
2866,3.5,5.0,0.0,1.1072,3.2549
2867,4.6,7.0,0.0,1.4351,3.1607
2868,5.8,8.0,0.0,1.8668,3.2877
2869,3.6,7.0,0.0,1.2151,3.306
2870,4.1,7.0,0.0,1.3177,3.3186
2871,4.1,7.0,0.0,1.3153,3.4913
2872,4.1,5.0,0.0,1.322,3.3549
2873,4.6,7.0,0.0,1.5077,3.496
2874,4.5,6.0,0.0,1.4731,3.4929
2875,5.0,12.0,0.0,1.7416,3.4904
2876,4.6,6.0,0.0,1.4731,3.4136
2877,5.2,11.0,0.0,1.7052,3.42
2878,4.7,8.0,0.0,1.519,3.4331
2879,4.0,7.0,0.0,1.3948,3.1858
2880,4.4,6.0,0.0,1.4163,3.1737
2881,4.1,7.0,0.0,1.4129,3.1575
2882,5.1,7.0,0.0,1.6352,3.3216
2883,4.6,9.0,0.0,1.5804,3.3091
2884,5.0,8.0,0.0,1.614,3.207
2885,5.1,9.0,0.0,1.6227,3.223
2886,4.0,6.0,0.0,1.3107,3.357
2887,3.6,5.0,0.0,1.2164,3.352
2888,6.6,11.0,0.0,2.0412,3.4568
2889,7.6,16.0,0.0,2.661,3.5836
2890,15.7,30.0,0.0,5.1129,3.9778
2891,14.5,21.0,0.0,4.4944,4.244
2892,17.5,28.0,0.0,5.5226,4.9322
2893,16.5,19.0,0.0,5.0945,4.5618
2894,16.1,23.0,0.0,4.9234,4.2272
2895,12.2,20.0,0.0,3.7237,3.7374
2896,15.9,24.0,0.0,4.9223,3.862
2897,11.3,20.0,0.0,3.5073,3.7309
2898,12.6,17.0,0.0,3.7858,3.8461
2899,12.5,21.0,0.0,3.886,3.7594
2900,9.3,14.0,0.0,2.8875,3.5763
2901,6.0,9.0,0.0,1.9729,3.5188
2902,5.6,10.0,0.0,1.8938,3.5232
2903,4.8,8.0,0.0,1.562,3.379
2904,5.1,11.0,0.0,1.7337,3.3984
2905,5.2,8.0,0.0,1.6925,3.4614
2906,6.5,9.0,0.0,2.0371,3.5201
2907,5.4,8.0,0.0,1.7174,3.2669
2908,3.4,5.0,0.0,1.125,3.2403
2909,4.5,7.0,0.0,1.3978,3.3018
2910,7.4,21.0,0.0,2.6225,3.3068
2911,13.7,28.0,0.0,4.5153,3.789
2912,19.9,35.0,0.0,6.1129,4.1935
2913,17.2,31.0,0.0,5.4758,4.3544
2914,18.1,38.0,0.0,5.7387,4.1772
2915,16.9,24.0,0.0,5.1213,4.1681
2916,15.4,27.0,0.0,4.7695,4.296
2917,15.6,33.0,0.0,4.792,4.1045
2918,19.7,35.0,0.0,6.0743,4.4008
2919,17.6,24.0,0.0,5.4733,4.4536
2920,18.4,31.0,0.0,5.6206,4.3499
2921,12.7,21.0,0.0,3.9122,3.9419
2922,11.2,20.0,0.0,3.4068,3.9859
2923,12.9,27.0,0.0,4.1258,3.8822
2924,8.8,21.0,0.0,3.0978,3.6917
2925,8.6,14.0,0.0,2.7349,3.6034
2926,6.2,12.0,0.0,2.0251,3.4872
2927,4.8,7.0,0.0,1.5064,3.4225
2928,4.7,9.0,0.0,1.5951,3.4211
2929,6.5,14.0,0.0,2.1433,3.4425
2930,4.4,9.0,0.0,1.4403,3.2936
2931,3.8,5.0,0.0,1.2384,3.2224
2932,3.9,6.0,0.0,1.2689,3.2026
2933,5.5,12.0,0.0,1.7854,3.158
2934,3.8,5.0,0.0,1.2488,3.1844
2935,4.2,8.0,0.0,1.3831,3.2505
2936,4.5,9.0,0.0,1.5185,3.3277
2937,6.2,11.0,0.0,2.0274,3.4231
2938,11.4,39.0,0.0,4.4893,3.4653
2939,16.0,23.0,0.0,4.9697,4.1102
2940,17.1,23.0,0.0,5.0368,4.3174
2941,20.1,29.0,0.0,6.0839,4.6745
2942,18.3,25.0,0.0,5.7481,4.4105
2943,16.5,26.0,0.0,5.1086,4.0317
2944,11.3,16.0,0.0,3.4426,3.5913
2945,11.6,22.0,0.0,3.5627,3.7543
2946,19.7,27.0,0.0,5.942,4.1551
2947,18.2,31.0,0.0,5.6833,4.0345
2948,16.7,33.0,0.0,5.3557,4.0745
2949,9.9,17.0,0.0,3.2558,3.5071
2950,8.9,12.0,0.0,2.7236,3.4246
2951,5.8,7.0,0.0,1.8983,3.3375
2952,6.1,11.0,0.0,2.0222,3.2628
2953,4.6,7.0,0.0,1.497,3.2486
2954,4.4,9.0,0.0,1.4984,3.2238
2955,4.6,6.0,0.0,1.4925,3.1298
2956,4.5,6.0,0.0,1.5119,3.1853
2957,3.8,5.0,0.0,1.2278,3.1767
2958,3.8,5.0,0.0,1.2327,3.1642
2959,3.9,6.0,0.0,1.2857,3.3218
2960,7.0,22.0,0.0,2.7575,3.315
2961,4.8,8.0,0.0,1.6175,3.3208
2962,5.2,12.0,0.0,1.7779,3.3393
2963,5.0,10.0,0.0,1.7011,3.3678
2964,3.8,6.0,0.0,1.1817,3.2623
2965,7.1,17.0,0.0,2.5463,3.4359
2966,13.9,27.0,0.0,4.4494,3.8022
2967,18.1,26.0,0.0,5.5643,4.317
2968,21.1,34.0,0.0,6.4473,4.5753
2969,18.1,29.0,0.0,5.8164,4.7868
2970,20.0,27.0,0.0,6.0824,4.7373
2971,19.5,32.0,0.0,5.8302,4.0929
2972,18.7,24.0,0.0,5.4342,3.9987
2973,14.9,26.0,0.0,4.5899,3.9292
2974,15.6,21.0,0.0,4.7624,3.868
2975,15.7,22.0,0.0,4.7715,3.8756
2976,16.9,21.0,0.0,5.117,4.1014
2977,13.4,22.0,0.0,4.1004,3.8389
2978,14.5,37.0,0.0,4.7721,3.7805
2979,20.9,37.0,0.0,6.1271,4.257
2980,15.3,24.0,0.0,4.7097,4.0851
2981,12.1,18.0,0.0,3.7032,3.9329
2982,7.6,10.0,0.0,2.5023,3.5986
2983,11.9,18.0,0.0,3.6698,3.6702
2984,10.9,16.0,0.0,3.3002,3.7099
2985,9.7,19.0,0.0,3.1157,3.4395
2986,5.5,11.0,0.0,1.8894,3.2026
2987,5.3,10.0,0.0,1.795,3.2123
2988,3.5,6.0,0.0,1.1598,3.1202
2989,4.4,8.0,0.0,1.4753,3.1361
2990,3.4,7.0,0.0,1.1884,3.2198
2991,3.8,8.0,0.0,1.3418,3.3159
2992,4.0,6.0,0.0,1.3192,3.2212
2993,3.7,5.0,0.0,1.1977,3.2337
2994,4.1,8.0,0.0,1.3598,3.3129
2995,4.2,6.0,0.0,1.3761,3.2834
2996,5.1,6.0,0.0,1.6571,3.206
2997,5.3,8.0,0.0,1.6903,3.2656
2998,3.7,5.0,0.0,1.2137,3.3174
2999,5.0,8.0,0.0,1.6559,3.4434
3000,8.4,24.0,0.0,3.2109,3.5165
3001,14.9,25.0,0.0,4.6582,3.9606
3002,19.6,44.0,0.0,6.477,4.4488
3003,16.1,29.0,0.0,5.1089,4.4517
3004,10.1,14.0,0.0,3.0368,3.95
3005,12.3,33.0,0.0,4.265,3.8263
3006,12.5,19.0,0.0,3.7945,3.9887
3007,9.5,18.0,0.0,3.0425,3.6353
3008,16.3,43.0,0.0,5.543,3.8129
3009,11.4,21.0,0.0,3.7169,3.8205
3010,15.0,22.0,0.0,4.6044,3.9693
3011,18.1,28.0,0.0,5.5054,4.3341
3012,18.3,26.0,0.0,5.6515,4.4234
3013,25.4,42.0,0.0,7.8163,4.7275
3014,22.8,29.0,0.0,6.7936,4.8177
3015,20.1,30.0,0.0,6.0357,4.5708
3016,19.0,24.0,0.0,5.3981,4.6351
3017,19.7,30.0,0.0,5.6353,4.8011
3018,30.6,52.0,0.0,9.2697,5.8391
3019,25.4,32.0,0.0,8.0504,5.0012
3020,30.0,47.0,0.0,9.0123,5.0738
3021,24.9,42.0,0.0,7.177,4.6767
3022,22.0,32.0,0.0,6.8816,4.6284
3023,24.9,39.0,0.0,7.6499,4.4375
3024,21.7,29.0,0.0,6.6393,4.3279
3025,16.3,24.0,0.0,4.9883,4.0848
3026,22.0,36.0,0.0,6.5632,4.1048
3027,23.4,29.0,0.0,6.9858,4.3352
3028,23.5,50.0,0.0,7.5608,4.1252
3029,20.0,33.0,0.0,6.0148,4.1495
3030,21.1,29.0,0.0,6.5319,4.1957
3031,18.4,28.0,0.0,5.7449,4.0818
3032,21.1,35.0,0.0,6.5373,4.3315
3033,16.2,27.0,0.0,5.1381,4.0673
3034,20.9,36.0,0.0,6.6828,4.1738
3035,20.1,35.0,0.0,6.4545,3.86
3036,16.5,34.0,0.0,5.3398,3.6716
3037,13.8,21.0,0.0,4.2192,3.4554
3038,14.7,24.0,0.0,4.7167,3.682
3039,10.1,14.0,0.0,3.1423,3.439
3040,4.8,7.0,0.0,1.5941,3.3142
3041,4.1,7.0,0.0,1.3025,3.2802
3042,4.5,8.0,0.0,1.4825,3.2832
3043,5.1,11.0,0.0,1.7245,3.2834
3044,4.3,6.0,0.0,1.3884,3.2474
3045,3.7,7.0,0.0,1.2446,3.2215
3046,3.8,6.0,0.0,1.2922,3.2694
3047,3.9,8.0,0.0,1.3113,3.2819
3048,3.5,5.0,0.0,1.1609,3.2282
3049,3.8,6.0,0.0,1.2792,3.2111
3050,6.3,9.0,0.0,1.9924,3.1891
3051,4.5,6.0,0.0,1.461,3.2657
3052,5.1,9.0,0.0,1.6445,3.3167
3053,4.1,5.0,0.0,1.3385,3.2729
3054,4.9,8.0,0.0,1.6251,3.2735
3055,4.6,11.0,0.0,1.6276,3.2158
3056,3.8,6.0,0.0,1.2207,3.1315
3057,4.8,7.0,0.0,1.5537,3.2128
3058,4.8,9.0,0.0,1.5943,3.2617
3059,7.2,13.0,0.0,2.2781,3.4511
3060,5.0,6.0,0.0,1.5151,3.3553
3061,5.9,13.0,0.0,1.9636,3.2309
3062,4.5,9.0,0.0,1.5403,3.2215
3063,5.2,7.0,0.0,1.6194,3.2098
3064,4.0,6.0,0.0,1.2961,3.185
3065,5.3,10.0,0.0,1.7892,3.1525
3066,4.0,7.0,0.0,1.3101,3.1721
3067,4.8,6.0,0.0,1.5108,3.2357
3068,4.2,8.0,0.0,1.4398,3.3116
3069,5.4,8.0,0.0,1.6435,3.3028
3070,3.9,5.0,0.0,1.3153,3.2627
3071,4.6,8.0,0.0,1.4731,3.2823
3072,4.7,7.0,0.0,1.4765,3.2674
3073,4.8,7.0,0.0,1.4654,3.2268
3074,3.8,5.0,0.0,1.243,3.2011
3075,5.6,8.0,0.0,1.7281,3.1621
3076,5.0,7.0,0.0,1.5811,3.2705
3077,4.6,9.0,0.0,1.4957,3.3023
3078,8.2,12.0,0.0,2.551,3.3437
3079,8.5,13.0,0.0,2.7659,3.5745
3080,11.9,23.0,0.0,3.8907,3.7498
3081,12.3,16.0,0.0,3.6892,3.8643
3082,18.2,31.0,0.0,5.5341,4.3897
3083,14.4,20.0,0.0,4.4068,4.1749
3084,14.8,22.0,0.0,4.5962,3.9356
3085,18.0,23.0,0.0,5.6051,4.369
3086,17.1,24.0,0.0,5.0742,4.2925
3087,19.2,25.0,0.0,5.8633,4.6996
3088,21.9,32.0,0.0,6.6114,4.7973
3089,16.3,24.0,0.0,4.8551,4.3899
3090,16.9,36.0,0.0,5.4333,4.1094
3091,9.8,13.0,0.0,2.8931,3.6214
3092,8.3,15.0,0.0,2.6244,3.6415
3093,8.2,18.0,0.0,2.7803,3.4534
3094,6.5,9.0,0.0,1.9824,3.5082
3095,7.7,10.0,0.0,2.5544,3.5441
3096,4.7,6.0,0.0,1.5053,3.3837
3097,4.6,9.0,0.0,1.5516,3.3019
3098,5.6,8.0,0.0,1.7537,3.2977
3099,6.9,11.0,0.0,2.2064,3.2585
3100,4.4,8.0,0.0,1.466,3.2727
3101,4.1,7.0,0.0,1.3892,3.2251
3102,4.5,7.0,0.0,1.5,3.2279
3103,5.0,7.0,0.0,1.621,3.3918
3104,4.6,11.0,0.0,1.6515,3.3544
3105,3.8,6.0,0.0,1.2498,3.3682
3106,3.7,6.0,0.0,1.2888,3.3829
3107,4.4,6.0,0.0,1.4092,3.2658
3108,5.2,9.0,0.0,1.6679,3.6148
3109,4.7,11.0,0.0,1.669,3.5906
3110,6.5,12.0,0.0,2.0369,3.6695
3111,8.5,17.0,0.0,2.7016,3.9713
3112,9.8,15.0,0.0,3.0002,4.1494
3113,10.3,19.0,0.0,3.3448,4.5159
3114,13.4,25.0,0.0,4.2944,4.439
3115,19.8,33.0,0.0,6.0554,5.3391
3116,22.0,28.0,0.0,6.6949,5.6011
3117,21.7,27.0,0.0,6.3525,6.0059
3118,21.8,33.0,0.0,6.8994,5.9833
3119,24.1,39.0,0.0,7.2251,5.2184
3120,31.0,58.0,0.0,9.7047,6.1612
3121,24.0,34.0,0.0,7.3313,5.9119
3122,21.5,31.0,0.0,6.4642,5.7039
3123,21.7,27.0,0.0,6.3351,5.5741
3124,20.9,34.0,0.0,6.2282,4.9224
3125,25.4,36.0,0.0,7.7535,5.0994
3126,14.9,18.0,0.0,4.7166,4.3215
3127,15.1,24.0,0.0,4.5697,4.2636
3128,11.4,20.0,0.0,3.6507,3.8127
3129,14.1,31.0,0.0,4.7144,3.7905
3130,8.0,14.0,0.0,2.5726,3.7163
3131,8.4,13.0,0.0,2.6019,3.6186
3132,11.5,19.0,0.0,3.6803,3.8971
3133,18.7,32.0,0.0,5.972,4.7184
3134,24.0,42.0,0.0,7.1629,5.0423
3135,16.9,21.0,0.0,4.795,4.8805
3136,24.2,46.0,0.0,7.4234,4.7781
3137,28.9,47.0,0.0,8.6682,5.16
3138,16.9,25.0,0.0,5.0074,4.8102
3139,20.8,27.0,0.0,6.3236,4.9119
3140,16.4,24.0,0.0,4.8779,4.6237
3141,14.2,24.0,0.0,4.2756,4.3437
3142,18.3,37.0,0.0,5.6819,4.6491
3143,18.5,26.0,0.0,5.344,4.4013
3144,17.0,25.0,0.0,4.9857,4.6188
3145,13.8,17.0,0.0,4.1337,4.1969
3146,17.2,29.0,0.0,5.2672,4.3148
3147,18.5,34.0,0.0,5.5018,4.3053
3148,19.1,38.0,0.0,5.8011,4.3642
3149,16.5,26.0,0.0,4.9426,4.5648
3150,22.3,32.0,0.0,6.5469,4.5426
3151,20.7,38.0,0.0,6.4052,4.613
3152,20.8,30.0,0.0,5.9915,4.5106
3153,17.7,37.0,0.0,5.3982,4.681
3154,16.8,20.0,0.0,5.0936,4.8178
3155,17.6,29.0,0.0,5.4444,4.5195
3156,13.8,16.0,0.0,4.202,4.4802
3157,13.6,25.0,0.0,4.0209,4.2984
3158,16.6,22.0,0.0,4.9293,4.7097
3159,18.4,32.0,0.0,5.5488,4.6169
3160,16.3,23.0,0.0,4.8245,4.4876
3161,17.2,24.0,0.0,4.9547,4.5967
3162,15.0,19.0,0.0,4.5497,4.3049
3163,14.5,19.0,0.0,4.1589,4.4228
3164,15.8,19.0,0.0,4.6274,4.4562
3165,18.8,29.0,0.0,5.5308,4.6856
3166,16.3,38.0,0.0,5.2335,4.4353
3167,15.4,21.0,0.0,4.4555,4.3137
3168,19.4,31.0,0.0,5.6298,4.6576
3169,20.3,29.0,0.0,5.8434,4.6944
3170,18.3,30.0,0.0,5.5075,4.665
3171,21.9,29.0,0.0,6.2514,4.7837
3172,18.8,31.0,0.0,5.4406,4.6126
3173,15.5,18.0,0.0,4.7676,4.5173
3174,15.4,23.0,0.0,4.576,4.5605
3175,16.3,33.0,0.0,5.2735,4.4355
3176,21.1,34.0,0.0,6.2343,4.6401
3177,18.9,27.0,0.0,5.6314,4.4534
3178,22.6,32.0,0.0,6.4684,4.6692
3179,24.3,42.0,0.0,7.3589,4.8171
3180,20.4,25.0,0.0,5.9731,4.9191
3181,22.1,32.0,0.0,6.6594,5.1525
3182,18.2,27.0,0.0,5.336,5.142
3183,19.0,30.0,0.0,5.6134,4.9564
3184,19.8,35.0,0.0,5.9414,4.9111
3185,19.6,31.0,0.0,5.716,4.8237
3186,19.6,35.0,0.0,5.9683,4.8926
3187,22.8,33.0,0.0,6.8785,4.859
3188,23.8,39.0,0.0,6.9421,5.1799
3189,20.9,28.0,0.0,6.0138,5.1455
3190,19.8,31.0,0.0,5.8223,4.981
3191,18.1,26.0,0.0,5.0336,4.6116
3192,18.4,34.0,0.0,5.4668,4.3455
3193,18.9,27.0,0.0,5.3192,4.5704
3194,18.8,27.0,0.0,5.3805,4.7626
3195,15.2,21.0,0.0,4.1504,4.7557
3196,19.9,34.0,0.0,5.8962,4.7307
3197,19.9,27.0,0.0,5.7643,4.7159
3198,24.7,33.0,0.0,6.9416,4.9218
3199,20.1,28.0,0.0,5.7859,4.8845
3200,20.0,27.0,0.0,5.7033,4.6144
3201,16.9,22.0,0.0,4.8172,4.7702
3202,15.1,20.0,0.0,4.439,4.6304
3203,16.5,22.0,0.0,4.9381,4.6933
3204,17.5,24.0,0.0,5.1293,4.7612
3205,16.6,30.0,0.0,4.9785,4.6844
3206,22.1,34.0,0.0,6.347,5.0413
3207,22.9,40.0,0.0,6.8128,4.563
3208,23.4,49.0,0.0,7.3308,4.7733
3209,23.5,32.0,0.0,7.0021,4.58
3210,18.5,32.0,0.0,5.4521,4.4482
3211,22.1,30.0,0.0,6.2978,4.6812
3212,21.6,30.0,0.0,6.1681,4.6395
3213,23.3,31.0,0.0,6.8577,4.6374
3214,22.5,31.0,0.0,6.9153,4.9541
3215,19.5,26.0,0.0,5.8571,4.678
3216,16.5,25.0,0.0,5.1546,4.5007
3217,15.1,19.0,0.0,4.6198,4.1498
3218,12.7,14.0,0.0,3.7494,4.1492
3219,17.0,20.0,0.0,5.0225,4.2569
3220,15.8,28.0,0.0,4.7989,4.0718
3221,13.6,24.0,0.0,4.2143,4.0404
3222,17.9,35.0,0.0,5.4118,4.387
3223,13.2,22.0,0.0,3.9488,4.0794
3224,14.0,19.0,0.0,4.1353,4.1028
3225,13.4,23.0,0.0,4.114,4.1194
3226,17.8,32.0,0.0,5.5935,4.3752
3227,17.5,22.0,0.0,4.9325,4.5263
3228,21.0,31.0,0.0,6.2264,4.785
3229,17.1,28.0,0.0,5.306,4.7468
3230,18.6,31.0,0.0,5.4466,4.5177
3231,17.5,32.0,0.0,5.3619,4.8471
3232,20.1,42.0,0.0,6.3288,4.8027
3233,15.2,24.0,0.0,4.717,4.3474
3234,13.2,25.0,0.0,4.1806,4.2456
3235,19.3,39.0,0.0,6.0904,4.4957
3236,16.9,31.0,0.0,5.3944,4.4676
3237,18.2,25.0,0.0,5.4013,4.5236
3238,14.8,20.0,0.0,4.4791,4.077
3239,13.5,30.0,0.0,4.4889,4.0677
3240,11.9,19.0,0.0,3.7085,3.8019
3241,11.9,17.0,0.0,3.5554,3.9117
3242,13.3,23.0,0.0,4.1578,3.9366
3243,11.9,18.0,0.0,3.6308,3.7276
3244,9.4,15.0,0.0,2.9475,3.7385
3245,8.8,16.0,0.0,2.8073,3.6462
3246,11.9,22.0,0.0,3.8108,3.8006
3247,16.2,36.0,0.0,5.3526,4.1799
3248,14.5,27.0,0.0,4.474,4.11
3249,14.1,34.0,0.0,4.6649,4.2047
3250,14.1,22.0,0.0,4.3587,4.1832
3251,14.3,24.0,0.0,4.5529,4.1943
3252,20.3,28.0,0.0,6.0849,4.4294
3253,16.8,32.0,0.0,5.3484,4.6455
3254,16.0,21.0,0.0,4.9004,4.6487
3255,16.8,29.0,0.0,5.1017,4.3038
3256,19.6,28.0,0.0,5.7781,4.7252
3257,14.7,25.0,0.0,4.3472,4.3443
3258,16.9,26.0,0.0,5.0992,4.3187
3259,16.2,43.0,0.0,5.529,4.4772
3260,18.4,26.0,0.0,5.5161,4.7379
3261,20.9,31.0,0.0,6.3707,4.7986
3262,22.1,33.0,0.0,6.7903,4.743
3263,16.1,24.0,0.0,4.7729,4.813
3264,21.1,29.0,0.0,6.0967,4.6101
3265,18.3,38.0,0.0,5.8352,4.8661
3266,20.0,36.0,0.0,6.0249,4.9195
3267,20.8,25.0,0.0,6.5781,4.7594
3268,32.0,47.0,0.0,9.4575,5.8756
3269,26.3,33.0,0.0,7.9237,5.4316
3270,25.0,40.0,0.0,7.6645,5.8054
3271,22.6,33.0,0.0,6.7431,5.1387
3272,20.3,35.0,0.0,6.1678,4.8748
3273,23.6,34.0,0.0,7.3987,5.1113
3274,22.1,33.0,0.0,6.8586,4.8106
3275,20.3,35.0,0.0,6.2594,4.5391
3276,16.8,45.0,0.0,5.7738,4.0312
3277,18.5,28.0,0.0,5.768,4.3067
3278,13.5,31.0,0.0,4.3987,3.7536
3279,25.8,55.0,0.0,8.147,4.8553
3280,30.5,37.0,0.0,9.4185,5.8698
3281,33.2,37.0,0.0,10.0301,6.5493
3282,34.1,68.0,0.0,10.5112,6.4825
3283,40.5,65.0,0.0,12.0669,6.6269
3284,31.2,40.0,0.0,8.9704,5.9944
3285,26.0,39.0,0.0,7.7927,5.2522
3286,24.4,52.0,0.0,7.8106,4.8643
3287,27.7,44.0,0.0,8.257,4.9398
3288,22.3,32.0,0.0,6.6285,4.8543
3289,22.7,30.0,0.0,6.8075,4.8281
3290,21.4,36.0,0.0,6.5422,4.6025
3291,19.3,37.0,0.0,6.0904,4.0863
3292,13.0,19.0,0.0,4.0177,3.702
3293,11.1,15.0,0.0,3.5341,3.757
3294,8.7,12.0,0.0,2.6745,3.4502
3295,6.8,15.0,0.0,2.2401,3.3611
3296,4.4,6.0,0.0,1.4629,3.3985
3297,4.3,7.0,0.0,1.4361,3.3547
3298,4.9,7.0,0.0,1.5737,3.368
3299,5.2,8.0,0.0,1.6748,3.5088
3300,5.3,12.0,0.0,1.8195,3.4128
3301,4.3,12.0,0.0,1.5854,3.3972
3302,4.7,8.0,0.0,1.5575,3.5157
3303,4.7,8.0,0.0,1.6116,3.522
3304,4.7,7.0,0.0,1.5724,3.4094
3305,4.1,6.0,0.0,1.3585,3.222
3306,5.1,10.0,0.0,1.7129,3.3144
3307,5.2,8.0,0.0,1.7107,3.2633
3308,3.9,7.0,0.0,1.3195,3.2451
3309,3.9,6.0,0.0,1.294,3.3711
3310,4.4,7.0,0.0,1.4605,3.4027
3311,3.2,4.0,0.0,1.0068,3.3394
3312,4.4,6.0,0.0,1.463,3.4584
3313,4.5,10.0,0.0,1.5204,3.343
3314,4.5,11.0,0.0,1.5662,3.2931
3315,3.8,5.0,0.0,1.2728,3.2825
3316,4.0,5.0,0.0,1.294,3.2744
3317,5.4,9.0,0.0,1.7113,3.4972
3318,5.1,10.0,0.0,1.745,3.4973
3319,4.8,7.0,0.0,1.529,3.6124
3320,6.0,7.0,0.0,1.8148,3.7849
3321,7.4,10.0,0.0,2.2747,3.9056
3322,8.7,14.0,0.0,2.7221,4.0749
3323,13.2,25.0,0.0,4.1337,4.3959
3324,20.5,28.0,0.0,6.1943,4.8785
3325,18.6,36.0,0.0,5.8485,4.9522
3326,18.5,25.0,0.0,5.5564,5.1162
3327,21.3,29.0,0.0,6.2921,5.1857
3328,16.9,29.0,0.0,5.2796,4.227
3329,15.3,24.0,0.0,4.5754,4.2657
3330,13.9,29.0,0.0,4.4045,4.1217
3331,12.1,18.0,0.0,3.6383,4.0996
3332,18.4,24.0,0.0,5.4769,4.5053
3333,20.9,31.0,0.0,6.6667,4.6424
3334,28.0,43.0,0.0,8.4363,5.0719
3335,19.1,29.0,0.0,6.0656,5.0086
3336,12.8,19.0,0.0,4.0915,3.9995
3337,10.5,18.0,0.0,3.3215,3.6083
3338,5.0,13.0,0.0,1.795,3.2674
3339,3.3,4.0,0.0,1.141,3.2305
3340,3.7,5.0,0.0,1.1857,3.2084
3341,4.0,6.0,0.0,1.3376,3.1567
3342,5.3,18.0,0.0,2.1424,3.2277
3343,7.7,12.0,0.0,2.4211,3.616
3344,16.1,26.0,0.0,5.038,4.2404
3345,15.1,20.0,0.0,4.6499,4.0858
3346,15.1,27.0,0.0,4.9709,4.2048
3347,10.7,15.0,0.0,3.3057,3.894
3348,9.1,26.0,0.0,3.3102,3.6483
3349,11.8,22.0,0.0,3.7146,3.856
3350,13.6,26.0,0.0,4.4562,4.3361
3351,18.2,26.0,0.0,5.5862,4.7847
3352,18.9,25.0,0.0,5.6453,4.1012
3353,14.1,25.0,0.0,4.4139,4.4814
3354,9.0,14.0,0.0,2.8629,3.5584
3355,12.8,27.0,0.0,4.2074,3.5965
3356,7.9,11.0,0.0,2.4305,3.5881
3357,10.2,19.0,0.0,3.1317,3.6708
3358,10.0,21.0,0.0,3.2603,3.8301
3359,5.4,8.0,0.0,1.6437,3.7098
3360,10.7,25.0,0.0,3.6698,3.9468
3361,12.8,25.0,0.0,4.0654,4.2951
3362,11.0,20.0,0.0,3.6439,3.9629
3363,7.9,12.0,0.0,2.4889,3.7294
3364,9.9,19.0,0.0,3.1409,3.6035
3365,5.2,9.0,0.0,1.6852,3.3398
3366,5.5,7.0,0.0,1.8061,3.5356
3367,4.7,6.0,0.0,1.5222,3.473
3368,4.7,8.0,0.0,1.5156,3.4355
3369,5.7,10.0,0.0,1.8983,3.4873
3370,5.3,9.0,0.0,1.6772,3.5571
3371,4.1,5.0,0.0,1.2836,3.4779
3372,4.7,7.0,0.0,1.5108,3.3873
3373,5.8,12.0,0.0,1.9824,3.5597
3374,5.4,8.0,0.0,1.6882,3.6287
3375,4.1,7.0,0.0,1.3829,3.4336
3376,5.2,6.0,0.0,1.7016,3.3741
3377,4.6,5.0,0.0,1.4384,3.4149
3378,5.6,11.0,0.0,1.8147,3.3293
3379,5.4,7.0,0.0,1.6787,3.4383
3380,4.6,7.0,0.0,1.4448,3.2893
3381,5.5,8.0,0.0,1.6995,3.2266
3382,5.4,8.0,0.0,1.6764,3.4076
3383,4.2,9.0,0.0,1.4259,3.3253
3384,5.3,7.0,0.0,1.6291,3.2309
3385,5.4,10.0,0.0,1.7314,3.2241
3386,7.7,18.0,0.0,2.6533,3.4107
3387,8.5,20.0,0.0,2.9702,3.6354
3388,12.5,24.0,0.0,3.9852,3.9459
3389,21.7,31.0,0.0,6.4384,4.7283
3390,14.8,19.0,0.0,4.3144,4.0907
3391,13.8,20.0,0.0,4.1243,4.0019
3392,15.5,21.0,0.0,4.5053,4.2568
3393,18.4,34.0,0.0,5.4488,4.2575
3394,14.1,18.0,0.0,4.1695,4.0186
3395,12.0,16.0,0.0,3.4644,3.8221
3396,14.0,18.0,0.0,4.0631,3.7205
3397,10.0,13.0,0.0,3.1453,3.6641
3398,9.5,15.0,0.0,3.0212,3.7342
3399,8.3,18.0,0.0,2.718,3.5668
3400,6.3,11.0,0.0,2.1227,3.3994
3401,10.6,14.0,0.0,3.2987,3.6765
3402,13.9,23.0,0.0,4.3942,3.9159
3403,17.2,30.0,0.0,5.3503,4.1164
3404,15.7,22.0,0.0,4.7182,4.159
3405,18.1,25.0,0.0,5.5731,4.4914
3406,13.3,21.0,0.0,4.078,4.1921
3407,15.7,24.0,0.0,4.7723,4.1523
3408,12.5,19.0,0.0,3.6494,3.7935
3409,15.8,20.0,0.0,4.9094,3.9938
3410,15.7,22.0,0.0,4.5957,3.9547
3411,15.8,25.0,0.0,4.8957,3.733
3412,16.5,26.0,0.0,4.9386,3.8046
3413,15.5,26.0,0.0,4.6225,3.9109
3414,17.8,24.0,0.0,5.3517,3.9628
3415,13.0,22.0,0.0,3.9776,3.8118
3416,11.6,16.0,0.0,3.5918,3.8372
3417,12.3,16.0,0.0,3.4809,3.8142
3418,11.2,14.0,0.0,3.3295,3.8001
3419,11.5,17.0,0.0,3.4368,3.7198
3420,14.2,25.0,0.0,4.6534,3.7697
3421,12.2,15.0,0.0,3.5972,3.7551
3422,16.5,22.0,0.0,5.04,3.8582
3423,12.3,18.0,0.0,3.7887,3.7249
3424,16.8,22.0,0.0,4.9097,3.8561
3425,14.7,20.0,0.0,4.4858,3.7373
3426,14.7,28.0,0.0,4.5484,3.691
3427,15.2,22.0,0.0,4.5571,3.9591
3428,11.7,15.0,0.0,3.5651,3.7327
3429,18.3,30.0,0.0,5.517,3.8969
3430,11.1,16.0,0.0,3.3167,3.7425
3431,20.1,32.0,0.0,5.961,3.9882
3432,14.8,33.0,0.0,4.7066,3.9153
3433,12.9,22.0,0.0,4.0873,3.7731
3434,14.4,19.0,0.0,4.6673,3.8957
3435,16.9,25.0,0.0,5.0956,3.8233
3436,13.3,21.0,0.0,4.1138,3.9191
3437,11.6,16.0,0.0,3.4793,3.8736
3438,9.9,12.0,0.0,3.1028,3.6769
3439,12.2,18.0,0.0,3.8526,3.7731
3440,15.0,28.0,0.0,4.776,3.9515
3441,10.6,14.0,0.0,3.0702,3.6203
3442,13.1,19.0,0.0,3.8885,3.7121
3443,12.7,19.0,0.0,3.7541,3.8144
3444,14.1,23.0,0.0,4.264,3.9396
3445,15.9,28.0,0.0,4.8384,4.3775
3446,10.9,23.0,0.0,3.5566,3.9227
3447,9.4,12.0,0.0,2.8221,3.7853
3448,11.6,17.0,0.0,3.6214,3.7427
3449,18.0,30.0,0.0,5.5043,3.9718
3450,10.8,19.0,0.0,3.4138,3.8544
3451,9.7,16.0,0.0,3.0033,3.5772
3452,8.0,12.0,0.0,2.5308,3.4747
3453,6.8,16.0,0.0,2.2974,3.3619
3454,10.4,19.0,0.0,3.4724,3.5103
3455,14.3,29.0,0.0,4.7019,3.7225
3456,13.1,17.0,0.0,4.0931,3.6801
3457,5.6,10.0,0.0,1.8149,3.3294
3458,4.3,7.0,0.0,1.3711,3.2191
3459,3.7,8.0,0.0,1.3675,3.2409
3460,4.6,9.0,0.0,1.5969,3.4021
3461,5.3,9.0,0.0,1.7068,3.3543
3462,8.3,11.0,0.0,2.6206,3.6626
3463,10.9,15.0,0.0,3.3985,3.8422
3464,16.4,24.0,0.0,5.0792,3.9774
3465,12.8,18.0,0.0,4.0187,3.9829
3466,15.9,27.0,0.0,4.9837,4.3128
3467,15.9,29.0,0.0,4.9013,4.3362
3468,16.1,21.0,0.0,4.9937,4.3483
3469,20.0,32.0,0.0,5.8482,4.1506
3470,18.1,29.0,0.0,5.2621,4.0477
3471,15.8,21.0,0.0,4.7469,4.2372
3472,18.5,28.0,0.0,5.684,4.0297
3473,17.1,23.0,0.0,5.0309,4.2628
3474,18.2,26.0,0.0,5.2828,4.0862
3475,14.6,19.0,0.0,4.3963,4.1116
3476,17.2,30.0,0.0,5.2293,4.1871
3477,16.1,23.0,0.0,4.7009,4.0543
3478,17.8,23.0,0.0,5.2301,4.2389
3479,13.1,23.0,0.0,4.0529,3.9698
3480,15.3,20.0,0.0,4.7959,4.1045
3481,17.3,30.0,0.0,5.4328,4.33
3482,14.8,23.0,0.0,4.5888,3.885
3483,14.6,19.0,0.0,4.3783,4.0105
3484,14.4,25.0,0.0,4.3969,4.1202
3485,10.2,20.0,0.0,3.3583,3.8364
3486,11.3,14.0,0.0,3.3838,3.9645
3487,13.1,20.0,0.0,4.0728,3.6652
3488,19.6,30.0,0.0,5.7966,4.0941
3489,14.0,18.0,0.0,4.0704,4.2557
3490,13.0,16.0,0.0,3.8962,4.1142
3491,12.0,18.0,0.0,3.6984,3.8536
3492,15.4,21.0,0.0,4.6848,4.2435
3493,14.1,20.0,0.0,4.1208,3.9238
3494,12.5,18.0,0.0,3.7975,4.0056
3495,17.3,25.0,0.0,5.1449,4.0527
3496,13.8,20.0,0.0,4.2459,4.0573
3497,14.6,21.0,0.0,4.3596,3.9297
3498,12.4,22.0,0.0,3.8101,4.0558
3499,19.1,31.0,0.0,5.8129,4.315
3500,14.0,20.0,0.0,4.3361,3.8796
3501,13.2,21.0,0.0,4.1262,3.7525
3502,15.3,23.0,0.0,4.7813,3.8228
3503,11.7,20.0,0.0,3.6311,3.6093
3504,8.0,19.0,0.0,2.6944,3.4626
3505,12.2,15.0,0.0,3.7072,3.7785
3506,16.1,25.0,0.0,4.9504,4.2646
3507,14.3,20.0,0.0,4.3784,3.9364
3508,8.7,12.0,0.0,2.6888,3.96
3509,13.6,21.0,0.0,4.2839,4.1254
3510,10.6,15.0,0.0,3.2373,3.6908
3511,13.6,29.0,0.0,4.2783,3.7034
3512,10.1,14.0,0.0,3.1231,3.722
3513,10.7,18.0,0.0,3.3601,3.4242
3514,11.1,18.0,0.0,3.533,3.6743
3515,10.9,29.0,0.0,3.9132,3.5937
3516,17.6,37.0,0.0,5.7295,3.8332
3517,14.1,32.0,0.0,4.6816,3.8548
3518,20.0,27.0,0.0,6.2952,4.9093
3519,20.9,38.0,0.0,6.492,4.6362
3520,25.1,32.0,0.0,7.3104,5.2561
3521,25.0,33.0,0.0,7.5464,5.0231
3522,18.0,28.0,0.0,5.5862,4.1935
3523,15.7,21.0,0.0,4.9076,3.9799
3524,14.5,20.0,0.0,4.3502,3.8924
3525,13.5,21.0,0.0,4.0325,3.8027
3526,9.2,17.0,0.0,2.9599,3.4647
3527,4.3,6.0,0.0,1.4169,3.1599
3528,4.1,5.0,0.0,1.3134,3.1506
3529,5.1,7.0,0.0,1.6751,3.1717
3530,4.6,7.0,0.0,1.4876,3.1407
3531,4.9,9.0,0.0,1.6271,3.2316
3532,3.3,5.0,0.0,1.123,3.1211
3533,5.6,10.0,0.0,1.8373,3.1325
3534,4.1,7.0,0.0,1.3489,3.1184
3535,4.6,6.0,0.0,1.4456,3.183
3536,4.1,7.0,0.0,1.3927,3.4005
3537,4.4,6.0,0.0,1.4326,3.3625
3538,4.0,5.0,0.0,1.3177,3.3275
3539,5.1,7.0,0.0,1.6003,3.4281
3540,4.5,7.0,0.0,1.4903,3.2353
3541,5.6,11.0,0.0,1.8621,3.176
3542,5.8,12.0,0.0,1.957,3.4276
3543,5.3,9.0,0.0,1.7139,3.3279
3544,7.5,13.0,0.0,2.4669,3.6826
3545,8.2,14.0,0.0,2.5119,3.734
3546,11.2,19.0,0.0,3.4436,3.8835
3547,14.1,27.0,0.0,4.4385,4.4273
3548,18.9,26.0,0.0,5.6125,5.1354
3549,21.6,26.0,0.0,6.6415,4.966
3550,17.6,24.0,0.0,5.3256,4.3471
3551,22.6,44.0,0.0,7.2075,4.5195
3552,13.5,20.0,0.0,4.1837,4.023
3553,13.4,23.0,0.0,4.2367,3.8253
3554,10.9,14.0,0.0,3.5107,3.7433
3555,13.8,16.0,0.0,4.3186,3.8905
3556,13.9,25.0,0.0,4.3486,3.7875
3557,13.1,24.0,0.0,4.2963,3.7984
3558,12.1,16.0,0.0,3.6387,3.4843
3559,7.7,11.0,0.0,2.4958,3.4703
3560,6.8,10.0,0.0,2.1231,3.3785
3561,5.0,7.0,0.0,1.6696,3.2705
3562,5.2,8.0,0.0,1.6812,3.2631
3563,4.6,7.0,0.0,1.4925,3.285
3564,3.6,5.0,0.0,1.2369,3.2802
3565,3.8,5.0,0.0,1.2571,3.229
3566,4.1,5.0,0.0,1.3109,3.2243
3567,5.1,7.0,0.0,1.6437,3.2697
3568,3.9,6.0,0.0,1.259,3.201
3569,6.8,13.0,0.0,2.2516,3.3831
3570,5.7,10.0,0.0,1.9257,3.4279
3571,4.9,13.0,0.0,1.7737,3.5674
3572,9.8,20.0,0.0,3.2214,3.6265
3573,18.1,26.0,0.0,5.492,4.1107
3574,25.3,33.0,0.0,7.8227,4.932
3575,18.7,35.0,0.0,5.7976,4.3718
3576,15.4,25.0,0.0,4.9134,4.0856
3577,16.0,31.0,0.0,5.1355,4.0953
3578,16.8,29.0,0.0,5.2019,4.0262
3579,13.2,18.0,0.0,4.0302,3.8897
3580,18.4,25.0,0.0,5.4264,4.0981
3581,13.1,18.0,0.0,4.0547,3.793
3582,13.4,19.0,0.0,4.3642,3.9001
3583,11.7,14.0,0.0,3.6125,3.646
3584,15.2,24.0,0.0,4.5996,3.8165
3585,17.1,35.0,0.0,5.4366,3.9772
3586,14.7,20.0,0.0,4.3875,3.7913
3587,9.1,13.0,0.0,2.9979,3.688
3588,6.4,11.0,0.0,2.0615,3.3408
3589,4.2,7.0,0.0,1.3955,3.2162
3590,3.6,4.0,0.0,1.249,3.2438
3591,4.8,6.0,0.0,1.5594,3.2543
3592,3.7,5.0,0.0,1.2322,3.2269
3593,3.6,6.0,0.0,1.2124,3.1795
3594,3.4,5.0,0.0,1.072,3.2465
3595,4.3,6.0,0.0,1.402,3.2473
3596,4.3,5.0,0.0,1.373,3.2918
3597,3.8,5.0,0.0,1.2285,3.3184
3598,4.0,8.0,0.0,1.3638,3.2876
3599,3.4,6.0,0.0,1.1856,3.3943
3600,5.1,7.0,0.0,1.6394,3.2205
3601,3.9,7.0,0.0,1.2913,3.3695
3602,6.0,11.0,0.0,1.9765,3.3938
3603,4.7,6.0,0.0,1.5067,3.3098
3604,4.8,8.0,0.0,1.5729,3.3308
3605,5.1,8.0,0.0,1.6229,3.3413
3606,3.9,6.0,0.0,1.3364,3.3061
3607,3.6,7.0,0.0,1.2134,3.3207
3608,4.1,11.0,0.0,1.5028,3.3521
3609,4.9,6.0,0.0,1.5362,3.321
3610,4.6,7.0,0.0,1.4731,3.323
3611,3.6,5.0,0.0,1.1584,3.3699
3612,3.7,6.0,0.0,1.2464,3.185
3613,3.4,6.0,0.0,1.1489,3.1703
3614,4.3,9.0,0.0,1.4162,3.2002
3615,4.9,8.0,0.0,1.6107,3.3322
3616,3.7,6.0,0.0,1.245,3.2813
3617,4.5,13.0,0.0,1.6756,3.3469
3618,4.0,6.0,0.0,1.3513,3.3122
3619,5.4,8.0,0.0,1.7273,3.3908
3620,4.6,6.0,0.0,1.4723,3.3109
3621,4.8,6.0,0.0,1.569,3.379
3622,3.9,7.0,0.0,1.3396,3.2592
3623,5.9,12.0,0.0,1.9328,3.3203
3624,5.0,8.0,0.0,1.6401,3.4311
3625,6.7,8.0,0.0,2.0391,3.7193
3626,3.7,5.0,0.0,1.1646,3.3701
3627,4.9,8.0,0.0,1.5961,3.3974
3628,4.4,7.0,0.0,1.441,3.3534
3629,3.9,6.0,0.0,1.326,3.3526
3630,4.9,6.0,0.0,1.5511,3.2914
3631,4.6,12.0,0.0,1.658,3.2715
3632,5.2,8.0,0.0,1.6248,3.4581
3633,4.7,7.0,0.0,1.5409,3.4989
3634,5.6,8.0,0.0,1.8154,3.3012
3635,6.1,8.0,0.0,1.9548,3.4403
3636,10.7,27.0,0.0,3.6403,3.7542
3637,14.0,20.0,0.0,4.2623,4.1178
3638,19.1,34.0,0.0,6.0111,4.3588
3639,19.6,31.0,0.0,6.2336,4.568
3640,23.1,29.0,0.0,6.9302,4.9301
3641,28.8,54.0,0.0,8.4818,5.4499
3642,24.0,31.0,0.0,7.0199,6.2084
3643,30.2,58.0,0.0,9.5024,5.954
3644,23.1,32.0,0.0,6.7666,5.1194
3645,17.4,21.0,0.0,5.4466,4.7861
3646,20.3,24.0,0.0,6.2322,4.8341
3647,19.7,32.0,0.0,6.1645,5.3375
3648,24.6,43.0,0.0,7.6471,5.2252
3649,18.5,29.0,0.0,5.5939,4.8469
3650,10.2,15.0,0.0,3.1639,4.0652
3651,16.2,24.0,0.0,4.9417,4.4207
3652,13.7,22.0,0.0,4.1255,4.2968
3653,17.6,26.0,0.0,5.0779,4.842
3654,17.1,25.0,0.0,5.2089,4.6258
3655,22.8,27.0,0.0,6.867,4.8239
3656,21.8,40.0,0.0,6.7653,4.6958
3657,19.2,25.0,0.0,5.7318,4.7071
3658,13.3,18.0,0.0,3.8509,4.212
3659,12.4,15.0,0.0,3.7693,4.2448
3660,19.5,33.0,0.0,6.0506,4.1977
3661,16.2,29.0,0.0,5.1019,4.5369
3662,15.1,25.0,0.0,4.6445,4.3593
3663,12.8,26.0,0.0,4.021,4.1142
3664,11.8,19.0,0.0,3.7055,3.675
3665,12.8,17.0,0.0,3.9176,3.6589
3666,13.9,28.0,0.0,4.4923,3.977
3667,18.3,32.0,0.0,5.7851,4.3829
3668,16.7,28.0,0.0,5.2192,4.6241
3669,18.2,30.0,0.0,5.6804,4.6255
3670,24.1,40.0,0.0,7.1187,5.1649
3671,15.5,20.0,0.0,4.7314,4.4666
3672,19.4,30.0,0.0,5.9279,4.2459
3673,13.8,22.0,0.0,4.222,3.5925
3674,10.2,17.0,0.0,3.1378,3.5434
3675,6.4,12.0,0.0,2.1133,3.3264
3676,4.8,14.0,0.0,1.7571,3.1907
3677,4.2,7.0,0.0,1.3659,3.2328
3678,5.7,9.0,0.0,1.7714,3.3474
3679,4.8,9.0,0.0,1.5485,3.2491
3680,4.2,8.0,0.0,1.3921,3.2948
3681,3.8,6.0,0.0,1.2327,3.1571
3682,4.9,8.0,0.0,1.5816,3.143
3683,5.3,8.0,0.0,1.842,3.177
3684,5.6,9.0,0.0,1.8459,3.241
3685,5.0,7.0,0.0,1.5931,3.2301
3686,5.6,10.0,0.0,1.8777,3.4067
3687,4.8,6.0,0.0,1.52,3.359
3688,4.8,7.0,0.0,1.5966,3.4382
3689,3.9,8.0,0.0,1.2913,3.4426
3690,3.8,6.0,0.0,1.2366,3.2991
3691,5.6,8.0,0.0,1.7292,3.3102
3692,5.0,8.0,0.0,1.5951,3.3119
3693,4.2,5.0,0.0,1.3973,3.2939
3694,4.2,5.0,0.0,1.3197,3.3135
3695,5.1,7.0,0.0,1.6078,3.3209
3696,4.9,9.0,0.0,1.5811,3.2671
3697,5.0,8.0,0.0,1.5993,3.2262
3698,4.8,8.0,0.0,1.5322,3.2625
3699,5.0,13.0,0.0,1.7737,3.2673
3700,5.4,8.0,0.0,1.6144,3.2723
3701,5.4,7.0,0.0,1.7475,3.3331
3702,5.3,14.0,0.0,1.8615,3.2861
3703,14.3,34.0,0.0,5.1507,3.872
3704,23.8,35.0,0.0,7.3327,4.6389
3705,25.2,39.0,0.0,7.8559,5.5671
3706,23.3,29.0,0.0,6.655,5.4444
3707,21.0,31.0,0.0,6.2459,4.9783
3708,17.8,31.0,0.0,5.489,4.1875
3709,10.6,16.0,0.0,3.2812,3.9594
3710,6.8,11.0,0.0,2.0594,3.5211
3711,5.8,8.0,0.0,1.8675,3.3991
3712,5.2,6.0,0.0,1.5882,3.374
3713,5.2,8.0,0.0,1.6235,3.3199
3714,5.0,8.0,0.0,1.5842,3.282
3715,4.5,8.0,0.0,1.4239,3.2833
3716,4.2,6.0,0.0,1.3143,3.2609
3717,4.1,6.0,0.0,1.2764,3.228
3718,3.8,5.0,0.0,1.2449,3.228
3719,4.0,7.0,0.0,1.2876,3.2607
3720,4.2,6.0,0.0,1.3185,3.2398
3721,4.7,9.0,0.0,1.5516,3.3478
3722,4.8,7.0,0.0,1.5199,3.3228
3723,5.1,7.0,0.0,1.6086,3.3358
3724,6.3,11.0,0.0,2.0584,3.5307
3725,4.1,6.0,0.0,1.3124,3.3064
3726,5.2,8.0,0.0,1.6111,3.3871
3727,4.8,8.0,0.0,1.5525,3.2657
3728,4.8,8.0,0.0,1.5549,3.3449
3729,4.5,8.0,0.0,1.5174,3.3566
3730,4.1,6.0,0.0,1.345,3.3018
3731,3.2,5.0,0.0,1.077,3.2982
3732,3.8,8.0,0.0,1.2806,3.3142
3733,3.4,6.0,0.0,1.1522,3.3068
3734,3.9,5.0,0.0,1.3265,3.2983
3735,3.0,7.0,0.0,1.0619,3.2905
3736,5.3,10.0,0.0,1.727,3.2887
3737,4.2,9.0,0.0,1.4567,3.3059
3738,3.7,6.0,0.0,1.2648,3.2978
3739,6.1,8.0,0.0,1.8333,3.4727
3740,4.2,7.0,0.0,1.4163,3.5295
3741,3.4,6.0,0.0,1.1322,3.3327
3742,4.7,8.0,0.0,1.5492,3.3433
3743,4.2,6.0,0.0,1.405,3.1937
3744,5.3,9.0,0.0,1.768,3.3467
3745,6.1,7.0,0.0,1.8947,3.4168
3746,7.0,13.0,0.0,2.2013,3.5992
3747,8.7,16.0,0.0,2.7985,3.7101
3748,4.5,8.0,0.0,1.4605,3.3759
3749,5.1,7.0,0.0,1.6547,3.3289
3750,4.3,6.0,0.0,1.3811,3.3132
3751,4.8,7.0,0.0,1.5008,3.3657
3752,4.4,8.0,0.0,1.4431,3.3163
3753,5.0,10.0,0.0,1.6276,3.4154
3754,4.8,7.0,0.0,1.5692,3.3068
3755,4.1,5.0,0.0,1.3883,3.2649
3756,4.1,5.0,0.0,1.3257,3.2841
3757,4.7,7.0,0.0,1.5395,3.5967
3758,3.9,5.0,0.0,1.2653,3.5747
3759,4.4,6.0,0.0,1.4303,3.5264
3760,7.3,12.0,0.0,2.365,3.337
3761,8.5,30.0,0.0,3.3909,3.5872
3762,13.3,20.0,0.0,4.0506,3.9863
3763,23.3,37.0,0.0,7.2513,5.4084
3764,22.6,42.0,0.0,6.8103,4.957
3765,20.2,28.0,0.0,6.2857,4.2802
3766,20.4,30.0,0.0,6.1235,4.4732
3767,10.4,18.0,0.0,3.1977,3.7512
3768,16.8,31.0,0.0,5.4935,3.9935
3769,15.4,29.0,0.0,4.8458,3.8994
3770,8.7,19.0,0.0,2.9172,3.3976
3771,8.5,11.0,0.0,2.7441,3.5675
3772,7.2,11.0,0.0,2.1844,3.2949
3773,5.4,8.0,0.0,1.7732,3.3833
3774,4.7,8.0,0.0,1.5855,3.3079
3775,4.9,8.0,0.0,1.5362,3.2909
3776,3.8,5.0,0.0,1.2563,3.3941
3777,3.8,6.0,0.0,1.2919,3.3466
3778,4.4,7.0,0.0,1.4267,3.2546
3779,5.5,8.0,0.0,1.7678,3.3831
3780,5.0,9.0,0.0,1.6056,3.3625
3781,4.7,7.0,0.0,1.5459,3.4304
3782,5.0,8.0,0.0,1.6515,3.463
3783,6.1,18.0,0.0,2.2401,3.4626
3784,4.3,6.0,0.0,1.3955,3.4671
3785,5.2,7.0,0.0,1.659,3.4554
3786,7.3,14.0,0.0,2.3994,3.6548
3787,15.6,34.0,0.0,5.0744,4.2609
3788,15.1,25.0,0.0,4.9787,4.6485
3789,17.4,28.0,0.0,5.447,4.4334
3790,18.9,29.0,0.0,5.7992,4.3551
3791,14.4,32.0,0.0,4.5517,4.0368
3792,18.4,25.0,0.0,5.4698,4.211
3793,13.0,18.0,0.0,4.0728,3.7976
3794,11.3,18.0,0.0,3.6415,3.6089
3795,14.7,29.0,0.0,4.581,3.7654
3796,13.3,21.0,0.0,3.9403,3.761
3797,12.6,19.0,0.0,3.748,3.9256
3798,14.4,22.0,0.0,4.5655,4.3128
3799,15.6,20.0,0.0,4.7379,4.5896
3800,13.2,24.0,0.0,4.1506,4.13
3801,10.6,17.0,0.0,3.3454,3.7977
3802,9.4,16.0,0.0,2.9133,3.5258
3803,9.6,14.0,0.0,3.043,3.6322
3804,7.4,12.0,0.0,2.3859,3.5185
3805,5.6,7.0,0.0,1.7505,3.408
3806,5.5,7.0,0.0,1.7544,3.4373
3807,5.1,8.0,0.0,1.6553,3.442
3808,5.1,8.0,0.0,1.5427,3.4371
3809,3.8,5.0,0.0,1.2482,3.4253
3810,4.1,5.0,0.0,1.3498,3.4087
3811,9.0,30.0,0.0,3.5651,3.5547
3812,16.7,27.0,0.0,5.2771,4.182
3813,19.6,26.0,0.0,5.6243,4.4027
3814,16.9,19.0,0.0,5.3395,4.4307
3815,16.0,21.0,0.0,4.8546,4.807
3816,16.1,28.0,0.0,4.807,5.1096
3817,21.9,36.0,0.0,6.4769,4.9325
3818,15.0,23.0,0.0,4.322,4.8467
3819,15.6,18.0,0.0,4.5488,4.5562
3820,14.6,20.0,0.0,4.2888,4.5531
3821,17.4,25.0,0.0,5.241,5.1453
3822,16.2,21.0,0.0,4.7329,4.5863
3823,16.7,19.0,0.0,4.8019,4.6511
3824,16.3,24.0,0.0,5.03,4.4306
3825,13.5,28.0,0.0,4.047,4.3642
3826,15.9,21.0,0.0,4.7672,4.5966
3827,18.9,25.0,0.0,5.706,4.7274
3828,15.1,25.0,0.0,4.4426,4.3177
3829,14.4,26.0,0.0,4.2873,4.2674
3830,16.8,29.0,0.0,5.1122,4.4765
3831,15.6,30.0,0.0,4.7592,4.4764
3832,15.5,22.0,0.0,4.5986,4.7887
3833,17.0,21.0,0.0,4.8748,4.2503
3834,15.4,25.0,0.0,4.7666,4.3434
3835,22.3,35.0,0.0,6.7548,4.8425
3836,17.6,26.0,0.0,5.3355,4.7542
3837,23.0,32.0,0.0,6.8137,5.0898
3838,20.8,31.0,0.0,6.3057,4.7683
3839,16.0,23.0,0.0,4.7697,4.599
3840,16.2,20.0,0.0,4.9216,4.8335
3841,16.7,33.0,0.0,5.3561,4.4374
3842,23.3,36.0,0.0,6.7637,4.5818
3843,21.5,34.0,0.0,6.3605,4.7031
3844,18.3,22.0,0.0,5.5625,4.5519
3845,26.5,37.0,0.0,8.0143,5.0822
3846,28.2,35.0,0.0,8.2397,5.751
3847,21.1,35.0,0.0,6.1925,5.192
3848,26.9,39.0,0.0,8.1491,5.755
3849,23.0,32.0,0.0,6.5058,5.0866
3850,24.3,38.0,0.0,7.1351,5.7632
3851,26.6,37.0,0.0,7.5898,5.6251
3852,24.5,37.0,0.0,7.1868,5.2334
3853,24.9,34.0,0.0,7.4198,5.396
3854,19.6,26.0,0.0,5.5869,4.9943
3855,20.5,25.0,0.0,6.114,4.9989
3856,19.8,28.0,0.0,5.9225,4.5792
3857,23.8,43.0,0.0,7.15,4.9115
3858,19.4,30.0,0.0,5.8333,4.5496
3859,25.7,34.0,0.0,7.4965,5.051
3860,24.7,33.0,0.0,7.4708,5.0384
3861,18.4,23.0,0.0,5.1109,4.5527
3862,17.5,24.0,0.0,5.4235,4.5598
3863,17.7,39.0,0.0,5.7609,3.9194
3864,17.7,40.0,0.0,5.7665,3.9884
3865,16.7,32.0,0.0,5.2773,3.8292
3866,10.1,18.0,0.0,3.2854,3.6374
3867,6.0,10.0,0.0,1.8977,3.4148
3868,4.7,7.0,0.0,1.5251,3.2944
3869,5.6,13.0,0.0,1.9564,3.3775
3870,4.8,9.0,0.0,1.5918,3.3876
3871,4.4,6.0,0.0,1.4316,3.5322
3872,5.8,8.0,0.0,1.7915,3.5097
3873,4.0,10.0,0.0,1.4027,3.337
3874,6.2,15.0,0.0,2.1395,3.45
3875,7.5,15.0,0.0,2.3952,3.7164
3876,10.0,18.0,0.0,3.1594,3.6846
3877,12.0,15.0,0.0,3.7781,3.9264
3878,9.4,14.0,0.0,2.9745,3.7765
3879,7.5,10.0,0.0,2.3574,3.3559
3880,4.5,10.0,0.0,1.5028,3.2796
3881,3.8,5.0,0.0,1.2657,3.2985
3882,5.7,11.0,0.0,1.8465,3.3299
3883,7.1,12.0,0.0,2.2649,3.3733
3884,6.7,17.0,0.0,2.4057,3.4066
3885,7.5,13.0,0.0,2.4335,3.514
3886,6.7,12.0,0.0,2.2249,3.6652
3887,17.9,27.0,0.0,5.4534,4.2122
3888,20.2,36.0,0.0,6.224,4.3792
3889,17.8,38.0,0.0,5.762,4.2803
3890,15.3,25.0,0.0,4.9254,4.2692
3891,12.8,18.0,0.0,4.0948,4.2449
3892,17.9,34.0,0.0,5.5442,4.4459
3893,19.7,25.0,0.0,5.7452,4.5862
3894,19.4,27.0,0.0,5.7143,4.6354
3895,18.6,24.0,0.0,5.422,4.6048
3896,16.8,25.0,0.0,4.9325,4.6041
3897,20.4,27.0,0.0,6.165,4.5031
3898,16.6,27.0,0.0,5.2788,3.9611
3899,8.4,20.0,0.0,2.9437,3.3345
3900,6.1,14.0,0.0,2.0586,3.1992
3901,4.8,11.0,0.0,1.6544,3.1874
3902,4.0,5.0,0.0,1.2913,3.1885
3903,3.9,7.0,0.0,1.3136,3.1836
3904,4.0,5.0,0.0,1.286,3.1836
3905,4.1,11.0,0.0,1.4812,3.1619
3906,2.8,5.0,0.0,0.9836,3.1262
3907,4.5,6.0,0.0,1.4424,3.1185
3908,4.0,5.0,0.0,1.3025,3.2947
3909,3.8,8.0,0.0,1.2948,3.376
3910,3.8,6.0,0.0,1.3025,3.2446
3911,5.6,9.0,0.0,1.8171,3.4544
3912,4.5,8.0,0.0,1.4858,3.3185
3913,5.7,10.0,0.0,1.8629,3.2554
3914,4.8,6.0,0.0,1.5387,3.4176
3915,4.8,6.0,0.0,1.5354,3.3885
3916,5.3,8.0,0.0,1.6636,3.3915
3917,4.6,7.0,0.0,1.4309,3.4385
3918,8.6,21.0,0.0,2.9236,3.8736
3919,14.7,32.0,0.0,4.7552,4.6503
3920,14.5,21.0,0.0,4.0701,4.9237
3921,15.4,21.0,0.0,4.5111,5.002
3922,18.7,25.0,0.0,5.5051,5.1746
3923,22.2,38.0,0.0,6.6413,5.5189
3924,27.9,38.0,0.0,8.3278,6.1087
3925,19.2,28.0,0.0,5.7949,4.2558
3926,9.7,17.0,0.0,3.0414,3.8756
3927,8.4,13.0,0.0,2.694,3.6917
3928,4.9,7.0,0.0,1.5734,3.5605
3929,4.9,8.0,0.0,1.6398,3.4768
3930,4.3,7.0,0.0,1.3674,3.5081
3931,4.1,7.0,0.0,1.3444,3.3705
3932,3.5,5.0,0.0,1.1684,3.3195
3933,4.1,6.0,0.0,1.2913,3.2532
3934,2.7,4.0,0.0,0.9336,3.1958
3935,3.6,6.0,0.0,1.1915,3.2407
3936,2.8,4.0,0.0,0.9861,3.3284
3937,4.8,6.0,0.0,1.5452,3.3434
3938,4.5,7.0,0.0,1.408,3.3329
3939,2.8,3.0,0.0,0.9726,3.2843
3940,4.2,7.0,0.0,1.3498,3.2831
3941,5.0,9.0,0.0,1.5753,3.4235
3942,5.5,8.0,0.0,1.7063,3.3548
3943,3.7,6.0,0.0,1.214,3.5829
3944,4.8,6.0,0.0,1.6271,3.6773
3945,4.5,6.0,0.0,1.4739,3.5766
3946,4.6,10.0,0.0,1.5322,3.6588
3947,13.0,25.0,0.0,4.2414,3.8643
3948,13.7,23.0,0.0,4.2974,4.1597
3949,14.3,20.0,0.0,4.2591,4.4936
3950,11.5,18.0,0.0,3.5783,4.3089
3951,11.0,16.0,0.0,3.4938,4.2212
3952,14.2,23.0,0.0,4.4043,4.274
3953,16.5,34.0,0.0,5.3916,4.2778
3954,18.7,28.0,0.0,5.5917,4.6674
3955,19.3,33.0,0.0,5.7851,4.9675
3956,17.2,24.0,0.0,5.1773,4.8924
3957,14.1,19.0,0.0,4.309,4.8649
3958,15.0,28.0,0.0,4.8075,4.482
3959,6.1,13.0,0.0,1.9966,3.6222
3960,8.3,13.0,0.0,2.6346,3.5849
3961,7.4,16.0,0.0,2.4699,3.7079
3962,12.3,17.0,0.0,3.8197,3.932
3963,15.3,29.0,0.0,5.0428,4.0357
3964,12.6,21.0,0.0,3.9711,3.9383
3965,23.3,35.0,0.0,7.2651,4.9535
3966,23.4,33.0,0.0,7.143,5.1764
3967,17.3,22.0,0.0,5.5053,4.7169
3968,16.6,24.0,0.0,4.9339,4.6062
3969,20.2,34.0,0.0,6.2105,4.5897
3970,20.2,36.0,0.0,6.2584,4.2791
3971,16.3,22.0,0.0,4.8342,4.5852
3972,18.1,26.0,0.0,5.5355,4.4463
3973,14.5,25.0,0.0,4.5154,4.4718
3974,15.5,23.0,0.0,4.875,4.5664
3975,13.1,28.0,0.0,4.3484,4.0655
3976,12.9,21.0,0.0,3.9787,4.2337
3977,16.5,29.0,0.0,5.0988,4.6998
3978,19.1,26.0,0.0,5.7073,4.5276
3979,17.7,38.0,0.0,5.5646,4.5273
3980,16.0,33.0,0.0,5.2961,4.1439
3981,15.0,25.0,0.0,4.6705,4.1213
3982,13.7,21.0,0.0,4.2696,4.121
3983,8.2,15.0,0.0,2.5801,3.8932
3984,4.6,6.0,0.0,1.4084,3.5494
3985,5.0,6.0,0.0,1.6522,3.4816
3986,6.9,9.0,0.0,2.1986,3.6922
3987,6.0,9.0,0.0,1.956,3.5636
3988,5.2,10.0,0.0,1.7692,3.48
3989,5.2,10.0,0.0,1.7486,3.4717
3990,7.5,11.0,0.0,2.3081,3.5586
3991,4.7,7.0,0.0,1.518,3.4521
3992,7.6,16.0,0.0,2.4816,3.5387
3993,6.2,10.0,0.0,1.9698,3.5763
3994,7.5,13.0,0.0,2.4204,3.6071
3995,7.8,26.0,0.0,3.003,3.5295
3996,10.1,14.0,0.0,3.0214,3.7352
3997,14.8,22.0,0.0,4.4817,4.5002
3998,19.2,23.0,0.0,5.7353,4.9646
3999,22.7,31.0,0.0,6.7491,5.3451
4000,18.0,27.0,0.0,5.3804,5.1379
4001,17.4,22.0,0.0,5.2346,5.0344
4002,22.6,32.0,0.0,6.8564,5.0205
4003,27.2,40.0,0.0,7.8852,5.0882
4004,22.6,31.0,0.0,6.7755,4.5839
4005,24.0,33.0,0.0,7.1045,4.7494
4006,17.4,31.0,0.0,5.4148,4.3258
4007,14.8,21.0,0.0,4.4489,4.2001
4008,14.1,23.0,0.0,4.4002,4.1991
4009,20.0,26.0,0.0,6.0754,4.6099
4010,19.5,33.0,0.0,5.9865,4.2783
4011,14.2,21.0,0.0,4.3248,4.1341
4012,11.9,17.0,0.0,3.6025,3.826
4013,16.7,25.0,0.0,5.045,4.1323
4014,11.3,13.0,0.0,3.514,3.9728
4015,16.6,20.0,0.0,5.0452,3.9828
4016,17.1,26.0,0.0,5.1866,4.1806
4017,9.0,12.0,0.0,2.7167,3.5702
4018,6.6,9.0,0.0,2.1278,3.4654
4019,5.7,10.0,0.0,1.8703,3.534
4020,4.9,9.0,0.0,1.6576,3.5201
4021,4.2,8.0,0.0,1.4493,3.5409
4022,3.7,6.0,0.0,1.1938,3.4183
4023,3.9,6.0,0.0,1.2845,3.3294
4024,3.9,8.0,0.0,1.3274,3.4685
4025,3.4,9.0,0.0,1.245,3.4444
4026,4.0,6.0,0.0,1.3153,3.4226
4027,4.4,7.0,0.0,1.4302,3.3955
4028,5.3,11.0,0.0,1.8084,3.6542
4029,5.9,8.0,0.0,1.8788,3.6941
4030,5.1,7.0,0.0,1.6386,3.416
4031,4.4,12.0,0.0,1.5709,3.4281
4032,4.4,10.0,0.0,1.5298,3.4258
4033,7.0,19.0,0.0,2.507,3.7002
4034,15.0,29.0,0.0,4.7831,3.9985
4035,23.3,33.0,0.0,7.0121,5.0375
4036,15.7,22.0,0.0,4.6422,4.8366
4037,12.0,17.0,0.0,3.4948,3.8928
4038,9.6,15.0,0.0,2.8393,3.7345
4039,9.4,15.0,0.0,2.7593,3.5902
4040,7.8,10.0,0.0,2.3884,3.5378
4041,10.3,15.0,0.0,3.1504,3.7066
4042,11.9,18.0,0.0,3.608,4.2122
4043,15.7,24.0,0.0,4.7276,4.2506
4044,14.0,24.0,0.0,4.3414,4.0429
4045,23.9,34.0,0.0,7.387,4.7322
4046,15.6,27.0,0.0,4.668,4.3141
4047,14.6,21.0,0.0,4.4048,4.1298
4048,13.1,18.0,0.0,3.8523,3.999
4049,21.6,35.0,0.0,6.8286,4.4246
4050,14.3,29.0,0.0,4.4687,4.0749
4051,10.4,14.0,0.0,3.1139,3.697
4052,9.4,24.0,0.0,3.2008,3.5684
4053,6.0,9.0,0.0,1.8307,3.3556
4054,4.1,8.0,0.0,1.364,3.2129
4055,5.0,8.0,0.0,1.5525,3.1446
4056,4.5,6.0,0.0,1.4736,3.1414
4057,4.5,8.0,0.0,1.5154,3.1187
4058,6.0,13.0,0.0,2.0602,3.3149
4059,5.3,9.0,0.0,1.6631,3.3569
4060,5.1,7.0,0.0,1.6641,3.5039
4061,6.0,10.0,0.0,1.9515,3.5742
4062,6.0,9.0,0.0,1.9197,3.4752
4063,4.6,8.0,0.0,1.5483,3.6182
4064,4.6,6.0,0.0,1.5156,3.6696
4065,5.2,9.0,0.0,1.6823,3.3859
4066,3.8,6.0,0.0,1.2935,3.3078
4067,5.6,12.0,0.0,1.9447,3.2692
4068,4.8,8.0,0.0,1.5534,3.4365
4069,4.4,6.0,0.0,1.4169,3.4081
4070,5.3,9.0,0.0,1.74,3.2143
4071,6.5,9.0,0.0,2.0253,3.4759
4072,16.6,27.0,0.0,5.2297,3.8888
4073,13.6,20.0,0.0,4.047,4.2208
4074,24.3,37.0,0.0,7.1351,5.1955
4075,21.7,29.0,0.0,6.3561,4.8219
4076,17.3,22.0,0.0,5.0027,4.6527
4077,26.8,35.0,0.0,8.0235,4.5
4078,16.5,21.0,0.0,4.9761,4.3891
4079,17.8,22.0,0.0,5.4535,4.5509
4080,20.9,28.0,0.0,6.2929,4.4638
4081,17.8,27.0,0.0,5.3626,4.3935
4082,21.7,36.0,0.0,6.6749,4.3024
4083,12.1,17.0,0.0,3.6725,3.6687
4084,11.2,16.0,0.0,3.2861,3.8771
4085,10.7,18.0,0.0,3.2692,3.7179
4086,4.5,8.0,0.0,1.537,3.4878
4087,6.7,10.0,0.0,2.0906,3.3925
4088,4.3,7.0,0.0,1.3834,3.3833
4089,3.8,6.0,0.0,1.2671,3.398
4090,4.4,6.0,0.0,1.4071,3.3493
4091,4.8,10.0,0.0,1.6086,3.5074
4092,4.8,11.0,0.0,1.7033,3.5342
4093,3.9,5.0,0.0,1.2574,3.4218
4094,4.3,8.0,0.0,1.4309,3.4092
4095,5.2,9.0,0.0,1.6715,3.4631
4096,7.8,25.0,0.0,2.9503,3.5967
4097,17.1,25.0,0.0,5.2499,4.1467
4098,23.1,39.0,0.0,7.0227,4.9184
4099,21.1,28.0,0.0,6.5597,4.6231
4100,14.8,23.0,0.0,4.6468,4.1976
4101,10.6,15.0,0.0,3.2508,3.7575
4102,8.0,17.0,0.0,2.6173,3.5803
4103,6.8,10.0,0.0,2.1415,3.3443
4104,5.8,10.0,0.0,1.9313,3.3814
4105,9.1,19.0,0.0,3.0871,3.9072
4106,9.9,18.0,0.0,3.0847,4.0552
4107,13.5,25.0,0.0,4.3536,4.3756
4108,12.2,23.0,0.0,3.8939,4.1399
4109,13.8,21.0,0.0,4.2282,3.7745
4110,17.3,31.0,0.0,5.4466,3.8851
4111,16.6,26.0,0.0,5.0138,3.8465
4112,18.1,26.0,0.0,5.7827,3.9416
4113,14.4,23.0,0.0,4.4677,3.9341
4114,11.5,16.0,0.0,3.7696,3.7128
4115,12.4,22.0,0.0,4.062,4.0372
4116,8.2,13.0,0.0,2.5927,3.6019
4117,12.0,41.0,0.0,4.807,3.6005
4118,6.7,13.0,0.0,2.1761,3.4538
4119,9.9,18.0,0.0,3.1413,3.4367
4120,8.2,14.0,0.0,2.6024,3.4103
4121,4.0,6.0,0.0,1.3038,3.3318
4122,5.9,11.0,0.0,1.8924,3.4073
4123,4.3,8.0,0.0,1.4232,3.4658
4124,3.2,4.0,0.0,1.1038,3.4193
4125,4.1,7.0,0.0,1.382,3.3588
4126,3.5,5.0,0.0,1.2498,3.4006
4127,4.2,6.0,0.0,1.4188,3.4696
4128,4.4,6.0,0.0,1.4027,3.3495
4129,6.2,14.0,0.0,2.0576,3.4704
4130,11.4,25.0,0.0,3.8139,3.8829
4131,19.5,40.0,0.0,6.2921,4.5995
4132,19.5,38.0,0.0,6.0074,4.9702
4133,18.5,23.0,0.0,5.7382,5.2338
4134,21.6,29.0,0.0,6.3696,4.7815
4135,27.2,48.0,0.0,8.0596,5.3399
4136,18.6,26.0,0.0,5.6144,4.3394
4137,22.2,29.0,0.0,6.5413,4.7387
4138,21.9,27.0,0.0,6.811,5.0592
4139,19.3,27.0,0.0,5.6456,5.2359
4140,18.7,26.0,0.0,5.6378,4.6056
4141,14.2,24.0,0.0,4.3608,3.8881
4142,8.8,16.0,0.0,2.7882,3.4691
4143,7.5,19.0,0.0,2.5756,3.6353
4144,5.2,9.0,0.0,1.6076,3.4123
4145,4.3,10.0,0.0,1.5288,3.3279
4146,2.7,5.0,0.0,0.9487,3.3857
4147,4.0,7.0,0.0,1.287,3.3842
4148,5.6,10.0,0.0,1.8318,3.4261
4149,4.1,5.0,0.0,1.3077,3.3994
4150,4.2,6.0,0.0,1.351,3.4605
4151,4.0,6.0,0.0,1.3144,3.3809
4152,4.9,6.0,0.0,1.5568,3.4648
4153,4.7,11.0,0.0,1.6471,3.2815
4154,4.5,8.0,0.0,1.4836,3.3498
4155,5.3,12.0,0.0,1.8214,3.3542
4156,4.7,8.0,0.0,1.5274,3.3591
4157,3.9,6.0,0.0,1.2314,3.2653
4158,5.7,8.0,0.0,1.8302,3.3296
4159,4.0,8.0,0.0,1.3316,3.2771
4160,6.4,13.0,0.0,2.0718,3.3387
4161,4.6,6.0,0.0,1.4512,3.3957
4162,4.1,7.0,0.0,1.4379,3.4736
4163,4.0,7.0,0.0,1.3638,3.3175
4164,4.8,8.0,0.0,1.6045,3.4225
4165,2.9,5.0,0.0,1.0111,3.3916
4166,3.2,5.0,0.0,1.0679,3.3214
4167,4.1,6.0,0.0,1.382,3.1369
4168,3.6,6.0,0.0,1.2085,3.0988
4169,4.7,7.0,0.0,1.4586,3.1924
4170,3.9,6.0,0.0,1.2767,3.2139
4171,4.0,6.0,0.0,1.2706,3.2174
4172,4.2,6.0,0.0,1.3286,3.3415
4173,3.9,7.0,0.0,1.2891,3.3249
4174,4.5,6.0,0.0,1.4217,3.2085
4175,2.6,4.0,0.0,0.9305,3.2257
4176,3.7,5.0,0.0,1.2225,3.2824
4177,4.5,10.0,0.0,1.4984,3.2465
4178,5.5,10.0,0.0,1.7826,3.3045
4179,4.1,5.0,0.0,1.3346,3.4235
4180,4.8,9.0,0.0,1.6148,3.3334
4181,8.8,16.0,0.0,2.8368,3.4836
4182,13.5,28.0,0.0,4.5715,3.8152
4183,18.6,22.0,0.0,5.6408,4.5578
4184,24.1,39.0,0.0,7.1043,5.0338
4185,20.0,30.0,0.0,6.2426,4.8139
4186,20.0,26.0,0.0,6.082,5.2321
4187,20.0,26.0,0.0,5.7094,4.7774
4188,13.9,22.0,0.0,4.3391,4.6861
4189,20.6,35.0,0.0,6.3332,4.941
4190,18.7,40.0,0.0,5.6883,4.7779
4191,23.0,37.0,0.0,6.6306,4.9793
4192,24.1,39.0,0.0,7.2193,5.402
4193,30.4,64.0,0.0,9.1912,6.1311
4194,38.4,47.0,0.0,11.7354,6.3849
4195,29.1,44.0,0.0,8.7206,5.1949
4196,23.9,34.0,0.0,7.1281,4.9455
4197,18.4,37.0,0.0,5.7048,4.4219
4198,22.1,36.0,0.0,6.752,4.523
4199,22.4,34.0,0.0,6.73,4.4413
4200,29.5,58.0,0.0,9.2832,4.3315
4201,23.4,37.0,0.0,6.9915,5.1312
4202,26.7,42.0,0.0,7.9398,5.4066
4203,27.2,32.0,0.0,7.9729,5.4397
4204,25.4,35.0,0.0,7.8628,5.0714
4205,26.1,36.0,0.0,7.7299,5.2345
4206,25.8,38.0,0.0,7.9264,5.1003
4207,23.3,33.0,0.0,7.1311,4.742
4208,15.0,25.0,0.0,4.7252,4.1323
4209,19.1,24.0,0.0,5.8742,4.3465
4210,15.5,21.0,0.0,4.7106,4.2004
4211,15.3,22.0,0.0,4.5449,4.0164
4212,13.0,19.0,0.0,3.9686,3.7468
4213,15.5,21.0,0.0,4.8959,3.9363
4214,11.8,18.0,0.0,3.6633,3.9867
4215,12.7,19.0,0.0,3.9449,4.1334
4216,11.8,16.0,0.0,3.7087,3.8767
4217,7.8,10.0,0.0,2.3917,3.4361
4218,6.2,9.0,0.0,1.9874,3.3654
4219,5.0,8.0,0.0,1.6091,3.3455
4220,3.9,6.0,0.0,1.3,3.4347
4221,4.1,10.0,0.0,1.4559,3.2785
4222,3.7,4.0,0.0,1.2076,3.2808
4223,4.2,7.0,0.0,1.3904,3.2649
4224,4.4,7.0,0.0,1.4353,3.2272
4225,3.6,5.0,0.0,1.2008,3.2195
4226,4.2,5.0,0.0,1.3948,3.3014
4227,4.5,9.0,0.0,1.4831,3.3199
4228,5.2,7.0,0.0,1.6696,3.3707
4229,6.6,10.0,0.0,2.0214,3.4568
4230,5.5,11.0,0.0,1.7962,3.4384
4231,4.8,6.0,0.0,1.4657,3.3339
4232,3.7,6.0,0.0,1.2514,3.279
4233,3.7,6.0,0.0,1.2568,3.2553
4234,4.1,6.0,0.0,1.3379,3.2948
4235,4.1,6.0,0.0,1.3592,3.2959
4236,4.1,6.0,0.0,1.3492,3.272
4237,5.4,7.0,0.0,1.7693,3.4134
4238,5.0,9.0,0.0,1.6744,3.3066
4239,4.6,6.0,0.0,1.4591,3.2638
4240,5.5,10.0,0.0,1.7347,3.3662
4241,6.4,12.0,0.0,1.9965,3.4486
4242,7.1,13.0,0.0,2.2756,3.3967
4243,5.6,9.0,0.0,1.7391,3.3708
4244,4.2,6.0,0.0,1.4566,3.3148
4245,4.6,7.0,0.0,1.49,3.3686
4246,4.9,7.0,0.0,1.5825,3.2827
4247,11.8,27.0,0.0,3.8424,3.538
4248,9.4,15.0,0.0,2.9971,3.7285
4249,13.4,16.0,0.0,4.0477,3.9029
4250,13.1,21.0,0.0,4.0274,3.9722
4251,15.3,28.0,0.0,4.7841,3.8436
4252,23.1,33.0,0.0,6.9346,4.2936
4253,25.7,42.0,0.0,7.7726,4.2541
4254,18.2,29.0,0.0,5.3754,4.297
4255,14.9,22.0,0.0,4.7109,4.1228
4256,19.0,26.0,0.0,5.7208,4.427
4257,18.0,28.0,0.0,5.445,4.2763
4258,16.1,23.0,0.0,5.0007,4.2589
4259,19.0,31.0,0.0,5.9604,4.102
4260,19.4,31.0,0.0,5.8911,4.0981
4261,31.0,42.0,0.0,9.444,4.6593
4262,23.8,34.0,0.0,7.4403,4.7537
4263,23.4,32.0,0.0,6.9223,4.8443
4264,15.0,18.0,0.0,4.5693,3.8241
4265,16.9,45.0,0.0,5.8931,3.8709
4266,13.9,35.0,0.0,4.7451,3.6136
4267,14.1,18.0,0.0,4.3144,3.688
4268,13.7,23.0,0.0,4.2883,3.7145
4269,15.6,24.0,0.0,4.8238,3.7484
4270,14.9,24.0,0.0,4.626,3.6688
4271,10.7,15.0,0.0,3.3919,3.5345
4272,9.8,12.0,0.0,3.0538,3.449
4273,12.4,22.0,0.0,3.9692,3.5095
4274,14.9,23.0,0.0,4.6311,3.5068
4275,5.0,7.0,0.0,1.652,3.4287
4276,6.5,9.0,0.0,2.1237,3.3024
4277,4.6,8.0,0.0,1.5124,3.2336
4278,5.0,11.0,0.0,1.7072,3.2621
4279,3.5,6.0,0.0,1.2159,3.2891
4280,3.5,4.0,0.0,1.1958,3.3084
4281,3.8,6.0,0.0,1.2369,3.2567
4282,4.5,7.0,0.0,1.4562,3.2336
4283,3.8,6.0,0.0,1.275,3.2248
4284,4.7,10.0,0.0,1.5953,3.2431
4285,3.2,6.0,0.0,1.0849,3.2309
4286,3.9,6.0,0.0,1.2577,3.2604
4287,4.0,6.0,0.0,1.2703,3.2414
4288,4.7,6.0,0.0,1.5351,3.2286
4289,4.1,7.0,0.0,1.3613,3.2812
4290,4.4,6.0,0.0,1.447,3.3967
4291,5.6,8.0,0.0,1.782,3.3955
4292,4.7,6.0,0.0,1.4866,3.2277
4293,4.2,7.0,0.0,1.3733,3.1637
4294,5.7,10.0,0.0,1.8117,3.3235
4295,3.9,5.0,0.0,1.2828,3.3409
4296,3.1,6.0,0.0,1.0874,3.3459
4297,4.6,10.0,0.0,1.6509,3.2314
4298,3.4,5.0,0.0,1.1137,3.2252
4299,4.4,8.0,0.0,1.4893,3.3689
4300,5.3,9.0,0.0,1.7324,3.3765
4301,3.7,4.0,0.0,1.1752,3.4601
4302,4.8,9.0,0.0,1.5893,3.4132
4303,4.9,7.0,0.0,1.5513,3.3261
4304,4.7,8.0,0.0,1.4705,3.2895
4305,6.4,16.0,0.0,2.1691,3.3686
4306,11.8,19.0,0.0,3.6662,3.9056
4307,11.6,23.0,0.0,3.8588,3.9439
4308,8.9,21.0,0.0,2.9627,3.6602
4309,6.0,9.0,0.0,1.8703,3.6167
4310,5.6,10.0,0.0,1.7349,3.384
4311,4.8,8.0,0.0,1.5442,3.3779
4312,3.6,6.0,0.0,1.2366,3.3723
4313,5.5,10.0,0.0,1.7895,3.3828
4314,5.1,7.0,0.0,1.6839,3.4914
4315,4.1,6.0,0.0,1.318,3.3152
4316,3.5,4.0,0.0,1.1511,3.3032
4317,4.1,6.0,0.0,1.4021,3.326
4318,4.3,5.0,0.0,1.4027,3.3376
4319,6.8,9.0,0.0,2.1374,3.5784
4320,14.9,30.0,0.0,4.8429,3.7872
4321,23.2,37.0,0.0,7.1536,4.7189
4322,24.9,31.0,0.0,7.2093,5.0385
4323,21.0,29.0,0.0,6.148,4.9969
4324,17.8,39.0,0.0,5.8536,4.5994
4325,16.7,25.0,0.0,4.9736,4.2226
4326,19.1,25.0,0.0,5.6936,4.5176
4327,18.1,26.0,0.0,5.1325,4.4916
4328,27.0,35.0,0.0,7.8312,4.3888
4329,21.8,34.0,0.0,6.4424,4.655
4330,17.3,24.0,0.0,4.9933,4.4206
4331,17.2,29.0,0.0,5.0285,4.5675
4332,22.5,31.0,0.0,6.4086,4.851
4333,21.1,31.0,0.0,6.1602,4.6796
4334,20.3,29.0,0.0,5.8561,4.7976
4335,23.0,32.0,0.0,7.0908,5.0079
4336,19.2,31.0,0.0,5.7672,4.6771
4337,18.9,31.0,0.0,5.7245,4.1086
4338,11.2,24.0,0.0,3.6388,3.683
4339,16.4,23.0,0.0,5.065,3.7093
4340,14.2,18.0,0.0,4.165,3.7387
4341,17.9,30.0,0.0,5.4387,4.2705
4342,16.8,25.0,0.0,5.1608,4.4548
4343,18.8,36.0,0.0,6.253,4.2458
4344,15.1,25.0,0.0,4.6301,3.8757
4345,11.1,16.0,0.0,3.3865,3.4606
4346,9.0,14.0,0.0,2.9021,3.2997
4347,7.4,10.0,0.0,2.2803,3.2463
4348,5.5,8.0,0.0,1.7115,3.3179
4349,3.9,6.0,0.0,1.3,3.2188
4350,3.8,7.0,0.0,1.2563,3.2738
4351,3.3,4.0,0.0,1.0981,3.255
4352,3.8,7.0,0.0,1.2845,3.2975
4353,3.5,5.0,0.0,1.16,3.2796
4354,3.4,5.0,0.0,1.117,3.274
4355,4.7,7.0,0.0,1.5032,3.2866
4356,3.9,6.0,0.0,1.3185,3.3375
4357,3.5,8.0,0.0,1.2159,3.1968
4358,4.6,7.0,0.0,1.4449,3.2012
4359,3.9,5.0,0.0,1.2648,3.255
4360,6.3,9.0,0.0,1.977,3.3535
4361,5.1,8.0,0.0,1.6703,3.3846
4362,3.5,6.0,0.0,1.1694,3.3759
4363,4.3,7.0,0.0,1.4309,3.3154
4364,4.1,7.0,0.0,1.3961,3.2494
4365,4.2,7.0,0.0,1.3416,3.3192
4366,5.2,7.0,0.0,1.7088,3.4533
4367,7.7,11.0,0.0,2.419,3.6044
4368,8.3,19.0,0.0,2.8073,3.5675
4369,11.0,22.0,0.0,3.6232,3.8476
4370,10.3,20.0,0.0,3.3998,3.957
4371,7.6,15.0,0.0,2.4551,4.0563
4372,8.7,18.0,0.0,2.8561,3.8486
4373,6.6,10.0,0.0,2.1076,3.6241
4374,6.9,10.0,0.0,2.1625,3.6287
4375,7.4,12.0,0.0,2.379,3.6104
4376,5.8,10.0,0.0,1.9247,3.502
4377,6.3,9.0,0.0,1.9814,3.6007
4378,6.2,10.0,0.0,1.9313,3.5386
4379,5.0,10.0,0.0,1.7016,3.5428
4380,5.1,9.0,0.0,1.6229,3.494
4381,4.9,6.0,0.0,1.6154,3.5301
4382,7.0,17.0,0.0,2.4514,3.546
4383,7.0,24.0,0.0,2.7849,3.5546
4384,9.8,16.0,0.0,3.098,3.8083
4385,11.7,16.0,0.0,3.4533,4.1774
4386,12.5,21.0,0.0,3.9819,4.254
4387,12.6,25.0,0.0,4.0706,4.1284
4388,11.0,16.0,0.0,3.3825,3.7805
4389,21.6,28.0,0.0,6.5184,4.2831
4390,22.9,49.0,0.0,7.427,4.4865
4391,22.2,25.0,0.0,6.4119,4.8777
4392,12.0,15.0,0.0,3.634,4.1913
4393,8.0,15.0,0.0,2.5402,3.7212
4394,7.6,11.0,0.0,2.3388,3.6235
4395,7.4,16.0,0.0,2.3987,3.7922
4396,5.5,8.0,0.0,1.7351,3.5584
4397,5.8,10.0,0.0,1.8248,3.5651
4398,5.7,10.0,0.0,1.8368,3.5418
4399,7.0,11.0,0.0,2.2716,3.4934
4400,15.5,33.0,0.0,5.0594,3.7119
4401,18.8,23.0,0.0,6.1074,4.5029
4402,23.4,31.0,0.0,7.0076,5.2129
4403,22.8,39.0,0.0,6.7166,4.8452
4404,25.1,31.0,0.0,7.5582,4.7505
4405,22.8,37.0,0.0,6.9862,4.45
4406,16.7,26.0,0.0,5.3782,4.1584
4407,15.5,23.0,0.0,4.7831,3.7668
4408,16.0,35.0,0.0,5.1699,3.9193
4409,17.8,27.0,0.0,5.3392,4.1648
4410,17.8,29.0,0.0,5.3849,4.2093
4411,13.6,22.0,0.0,3.9842,3.7123
4412,16.4,33.0,0.0,5.1359,4.0525
4413,16.3,33.0,0.0,5.3205,4.2115
4414,10.5,17.0,0.0,3.407,3.7149
4415,13.7,21.0,0.0,4.4723,4.1797
4416,14.2,27.0,0.0,4.7054,4.035
4417,10.2,18.0,0.0,3.3581,3.7066
4418,8.0,11.0,0.0,2.4383,3.6205
4419,8.9,15.0,0.0,2.8505,3.5201
4420,6.0,9.0,0.0,1.9913,3.3186
4421,2.6,3.0,0.0,0.8888,3.2884
4422,2.8,4.0,0.0,0.9412,3.2621
4423,4.7,6.0,0.0,1.5264,3.3074
4424,3.6,6.0,0.0,1.2005,3.4765
4425,6.4,27.0,0.0,2.9349,3.5537
4426,3.5,6.0,0.0,1.1655,3.3824
4427,4.0,10.0,0.0,1.4027,3.3392
4428,3.4,5.0,0.0,1.1283,3.2856
4429,6.7,30.0,0.0,3.2,3.4875
4430,5.4,10.0,0.0,1.7815,3.273
4431,4.4,7.0,0.0,1.4032,3.2283
4432,6.2,8.0,0.0,1.9622,3.2132
4433,4.7,8.0,0.0,1.5226,3.1276
4434,4.7,14.0,0.0,1.7411,3.2016
4435,5.9,19.0,0.0,2.2732,3.2107
4436,5.7,8.0,0.0,1.7621,3.3776
4437,5.4,10.0,0.0,1.7326,3.6551
4438,7.4,13.0,0.0,2.2892,3.7018
4439,14.7,50.0,0.0,5.728,4.1648
4440,17.7,31.0,0.0,5.4834,4.4965
4441,28.9,42.0,0.0,8.3114,5.147
4442,22.3,36.0,0.0,6.9462,4.9781
4443,18.3,35.0,0.0,5.3912,5.0851
4444,22.4,37.0,0.0,6.1998,5.3105
4445,20.5,30.0,0.0,5.8276,5.2482
4446,24.8,37.0,0.0,7.5133,5.6206
4447,21.5,36.0,0.0,6.4102,4.9962
4448,19.6,21.0,0.0,6.0249,5.0054
4449,18.8,32.0,0.0,5.8499,4.6216
4450,21.3,31.0,0.0,6.2391,4.8535
4451,18.8,30.0,0.0,5.7297,4.6303
4452,16.4,24.0,0.0,5.0356,4.5403
4453,20.5,46.0,0.0,6.6342,4.5958
4454,20.8,31.0,0.0,6.4347,4.5689
4455,21.7,33.0,0.0,6.6385,4.588
4456,13.5,20.0,0.0,4.2553,4.115
4457,10.9,17.0,0.0,3.4796,3.7453
4458,17.1,23.0,0.0,5.2861,3.918
4459,11.6,21.0,0.0,3.7567,3.7525
4460,9.0,13.0,0.0,2.7716,3.4027
4461,9.8,25.0,0.0,3.4919,3.4501
4462,7.7,13.0,0.0,2.4037,3.3434
4463,11.6,20.0,0.0,3.6395,3.4437
4464,12.1,20.0,0.0,3.756,3.5514
4465,8.4,12.0,0.0,2.667,3.5072
4466,10.4,14.0,0.0,3.1843,3.5735
4467,13.4,24.0,0.0,4.1019,3.6584
4468,12.1,23.0,0.0,3.9434,3.809
4469,17.7,25.0,0.0,5.3083,3.9326
4470,16.0,27.0,0.0,4.941,3.8525
4471,19.8,31.0,0.0,6.0898,4.3867
4472,12.5,17.0,0.0,3.6875,4.049
4473,15.8,28.0,0.0,4.7885,4.4597
4474,13.3,20.0,0.0,4.0411,4.1006
4475,14.2,17.0,0.0,4.3208,4.1984
4476,17.8,24.0,0.0,5.1796,4.4477
4477,20.0,37.0,0.0,6.1,4.6393
4478,18.5,23.0,0.0,5.2784,4.7479
4479,23.0,27.0,0.0,6.9017,4.9625
4480,17.0,25.0,0.0,4.9646,4.894
4481,17.7,27.0,0.0,5.0452,4.8723
4482,14.6,21.0,0.0,4.1068,4.4272
4483,11.7,15.0,0.0,3.4237,4.0076
4484,9.4,11.0,0.0,2.8196,4.0768
4485,9.5,12.0,0.0,2.8358,4.2305
4486,8.6,11.0,0.0,2.5499,4.1797
4487,11.6,18.0,0.0,3.3205,4.1891
4488,11.4,14.0,0.0,3.2319,4.0074
4489,10.9,20.0,0.0,3.121,3.9478
4490,12.4,17.0,0.0,3.534,4.1543
4491,14.2,26.0,0.0,4.1985,4.1151
4492,18.4,34.0,0.0,6.0354,4.4745
4493,19.6,24.0,0.0,5.7465,4.6254
4494,15.3,23.0,0.0,4.6409,4.1189
4495,12.3,16.0,0.0,3.7743,3.9917
4496,10.9,19.0,0.0,3.4391,3.7379
4497,15.7,26.0,0.0,4.879,4.1597
4498,16.8,30.0,0.0,5.1544,4.1359
4499,13.8,22.0,0.0,4.1695,3.9842
4500,9.0,11.0,0.0,2.7888,3.696
