generation,top_mean_fitness,max_fitness,min_fitness,std_fitness,elapsed_time_sec
1,3.5,4.0,0.0,1.0853,3.7142
2,2.7,4.0,0.0,0.9284,3.7133
3,3.4,7.0,0.0,1.219,3.8496
4,3.8,9.0,0.0,1.3295,3.8678
5,5.6,12.0,0.0,1.8645,3.9137
6,3.7,6.0,0.0,1.2,3.7978
7,4.2,7.0,0.0,1.4027,3.8407
8,3.7,6.0,0.0,1.2395,3.8708
9,3.1,5.0,0.0,1.0488,3.858
10,4.6,8.0,0.0,1.5362,3.8159
11,4.4,7.0,0.0,1.4239,3.9887
12,2.6,4.0,0.0,0.9365,3.8636
13,3.6,6.0,0.0,1.1779,3.8887
14,4.0,8.0,0.0,1.3831,3.8676
15,4.2,10.0,0.0,1.4939,3.8826
16,4.0,5.0,0.0,1.2773,3.8688
17,3.7,5.0,0.0,1.2828,3.8718
18,3.2,5.0,0.0,1.1045,3.8097
19,4.0,10.0,0.0,1.4169,3.9272
20,3.7,7.0,0.0,1.2476,3.9219
21,4.8,7.0,0.0,1.5679,3.9201
22,3.5,5.0,0.0,1.1954,4.0071
23,3.4,5.0,0.0,1.1803,3.9561
24,4.0,9.0,0.0,1.3956,3.7828
25,3.1,4.0,0.0,1.0569,3.9121
26,3.4,7.0,0.0,1.1916,3.8888
27,3.5,5.0,0.0,1.1533,3.8989
28,4.6,8.0,0.0,1.537,4.0818
29,3.5,6.0,0.0,1.1771,3.9591
30,6.2,10.0,0.0,1.9923,4.1584
31,5.1,9.0,0.0,1.6332,3.9552
32,4.0,7.0,0.0,1.3067,4.047
33,4.2,10.0,0.0,1.4149,3.9877
34,4.1,8.0,0.0,1.3572,3.9147
35,3.3,5.0,0.0,1.0941,3.9411
36,3.3,5.0,0.0,1.1119,4.0111
37,4.1,7.0,0.0,1.3761,3.9032
38,3.6,4.0,0.0,1.1435,3.9527
39,4.6,11.0,0.0,1.5926,3.8667
40,3.9,8.0,0.0,1.3144,3.8201
41,3.4,7.0,0.0,1.1621,3.9183
42,3.5,5.0,0.0,1.1948,3.8968
43,3.7,6.0,0.0,1.2042,3.9306
44,3.5,7.0,0.0,1.2052,3.9351
45,3.9,6.0,0.0,1.2961,3.9717
46,3.8,6.0,0.0,1.2845,4.0222
47,3.5,4.0,0.0,1.245,4.0583
48,4.0,8.0,0.0,1.3219,3.9901
49,4.0,7.0,0.0,1.3316,3.9477
50,3.5,6.0,0.0,1.1581,3.8809
51,4.4,8.0,0.0,1.444,3.8725
52,3.3,4.0,0.0,1.089,3.8904
53,3.0,6.0,0.0,1.0569,3.8924
54,3.9,9.0,0.0,1.3295,3.9343
55,2.8,5.0,0.0,0.9749,3.9422
56,4.3,7.0,0.0,1.4351,4.0339
57,5.0,7.0,0.0,1.5741,3.9989
58,3.9,6.0,0.0,1.2835,3.9887
59,5.1,12.0,0.0,1.7457,3.9414
60,4.6,6.0,0.0,1.5079,3.9477
61,4.7,6.0,0.0,1.4799,3.9683
62,3.8,7.0,0.0,1.2906,3.8807
63,5.0,8.0,0.0,1.6271,3.9177
64,3.9,6.0,0.0,1.2701,3.8536
65,4.0,6.0,0.0,1.2811,3.9139
66,4.5,6.0,0.0,1.4526,3.921
67,3.8,7.0,0.0,1.2414,3.9214
68,3.7,6.0,0.0,1.1926,3.8785
69,5.3,7.0,0.0,1.6571,3.9043
70,2.8,4.0,0.0,0.9644,3.8759
71,4.4,6.0,0.0,1.4281,3.9376
72,4.2,7.0,0.0,1.3889,3.9096
73,3.9,8.0,0.0,1.382,3.8528
74,4.1,6.0,0.0,1.2963,3.8807
75,4.2,8.0,0.0,1.4491,3.8508
76,3.7,5.0,0.0,1.2241,3.8529
77,4.0,8.0,0.0,1.3964,3.816
78,4.3,7.0,0.0,1.4716,3.8052
79,4.1,7.0,0.0,1.3185,3.851
80,3.8,6.0,0.0,1.2494,3.8305
81,3.7,6.0,0.0,1.2088,3.8122
82,3.8,6.0,0.0,1.2411,3.8367
83,4.8,10.0,0.0,1.6055,3.9873
84,4.9,6.0,0.0,1.5907,3.9626
85,5.0,7.0,0.0,1.5611,3.9635
86,5.3,11.0,0.0,1.7757,3.8821
87,3.8,6.0,0.0,1.2764,3.9165
88,3.8,6.0,0.0,1.3328,3.9363
89,4.1,6.0,0.0,1.3336,3.9033
90,3.6,6.0,0.0,1.2203,3.9458
91,4.1,6.0,0.0,1.3453,3.9023
92,3.9,5.0,0.0,1.326,3.9346
93,4.2,6.0,0.0,1.364,3.9303
94,3.3,7.0,0.0,1.1105,3.8854
95,3.7,6.0,0.0,1.2057,3.8402
96,3.2,4.0,0.0,0.9938,3.9826
97,4.1,5.0,0.0,1.3544,3.983
98,3.9,5.0,0.0,1.3288,3.9829
99,4.9,8.0,0.0,1.6093,4.1138
100,4.0,8.0,0.0,1.3304,3.9951
101,5.3,10.0,0.0,1.7407,4.0616
102,4.3,6.0,0.0,1.3851,3.9222
103,5.2,6.0,0.0,1.6506,4.0736
104,3.8,6.0,0.0,1.2592,4.0924
105,6.3,10.0,0.0,2.0585,4.0625
106,5.1,8.0,0.0,1.675,4.0268
107,5.9,8.0,0.0,1.9031,4.1517
108,5.6,7.0,0.0,1.8618,4.2906
109,4.5,8.0,0.0,1.5212,4.0842
110,5.6,7.0,0.0,1.7925,4.0791
111,5.6,9.0,0.0,1.7624,4.1573
112,5.6,11.0,0.0,1.8488,4.0893
113,3.6,6.0,0.0,1.1874,4.166
114,5.3,7.0,0.0,1.6865,4.1573
115,4.5,6.0,0.0,1.4714,4.1197
116,5.1,8.0,0.0,1.6292,3.9392
117,4.4,7.0,0.0,1.4918,3.8946
118,4.8,8.0,0.0,1.6107,4.1016
119,4.5,12.0,0.0,1.6066,3.962
120,4.1,6.0,0.0,1.3288,3.9433
121,4.6,7.0,0.0,1.4685,3.9446
122,3.7,7.0,0.0,1.2359,3.9195
123,3.8,6.0,0.0,1.286,3.9947
124,4.8,8.0,0.0,1.5392,3.921
125,3.9,6.0,0.0,1.2878,3.8742
126,4.8,7.0,0.0,1.5264,3.9732
127,3.6,6.0,0.0,1.1881,3.9644
128,4.2,6.0,0.0,1.2997,3.9202
129,3.6,5.0,0.0,1.2609,3.9111
130,3.5,5.0,0.0,1.1375,3.9032
131,3.7,7.0,0.0,1.2285,3.9307
132,4.4,6.0,0.0,1.4671,3.9191
133,3.5,4.0,0.0,1.1854,3.8964
134,3.1,5.0,0.0,1.0381,3.9305
135,4.1,6.0,0.0,1.366,4.0318
136,4.8,8.0,0.0,1.621,4.1082
137,3.8,7.0,0.0,1.2577,4.1383
138,4.1,5.0,0.0,1.3715,4.2207
139,4.4,5.0,0.0,1.4358,4.1887
140,4.1,7.0,0.0,1.2862,4.0174
141,3.5,4.0,0.0,1.2319,3.979
142,4.2,5.0,0.0,1.3805,4.0058
143,5.9,7.0,0.0,1.8606,4.0612
144,4.5,7.0,0.0,1.4925,4.0194
145,6.0,10.0,0.0,1.8892,4.0251
146,4.4,7.0,0.0,1.4812,4.0192
147,4.8,11.0,0.0,1.6186,3.9792
148,4.8,9.0,0.0,1.6329,4.0596
149,5.3,10.0,0.0,1.7368,4.0155
150,4.7,9.0,0.0,1.5928,4.0577
151,4.3,9.0,0.0,1.5058,3.9853
152,5.3,13.0,0.0,1.8668,4.1222
153,4.4,7.0,0.0,1.4832,4.1884
154,5.3,8.0,0.0,1.656,4.1184
155,5.8,8.0,0.0,1.8296,4.2261
156,6.0,8.0,0.0,1.8621,4.2463
157,7.6,10.0,0.0,2.2551,4.393
158,6.8,10.0,0.0,2.1026,4.3426
159,7.0,10.0,0.0,2.2232,4.6533
160,5.3,7.0,0.0,1.7083,4.4551
161,7.6,10.0,0.0,2.4352,4.6876
162,7.1,12.0,0.0,2.3335,4.5628
163,6.5,9.0,0.0,2.0558,4.3022
164,4.4,6.0,0.0,1.4247,4.0764
165,3.7,6.0,0.0,1.2482,4.0238
166,2.9,5.0,0.0,1.0235,4.0513
167,3.1,7.0,0.0,1.0666,4.092
168,5.1,7.0,0.0,1.6362,4.0906
169,3.4,5.0,0.0,1.1522,4.0373
170,3.2,5.0,0.0,1.0404,4.0573
171,4.4,6.0,0.0,1.4104,4.0995
172,3.9,5.0,0.0,1.2805,4.0656
173,3.2,4.0,0.0,1.0497,4.0685
174,3.0,3.0,0.0,1.0029,4.0673
175,4.6,5.0,0.0,1.5013,4.2711
176,6.2,16.0,0.0,2.1152,4.327
177,5.5,8.0,0.0,1.7523,4.26
178,5.0,7.0,0.0,1.5835,4.0418
179,5.3,9.0,0.0,1.7521,4.0494
180,4.3,7.0,0.0,1.4319,3.9134
181,4.3,7.0,0.0,1.4207,3.9386
182,4.9,7.0,0.0,1.5452,3.9353
183,5.8,9.0,0.0,1.8999,4.1986
184,6.9,11.0,0.0,2.2051,4.1512
185,5.1,7.0,0.0,1.7968,4.2056
186,5.7,9.0,0.0,1.8841,4.1611
187,7.5,14.0,0.0,2.4483,4.4735
188,5.7,8.0,0.0,1.7803,4.1639
189,5.8,9.0,0.0,1.78,4.071
190,5.8,9.0,0.0,1.8542,4.2048
191,4.9,7.0,0.0,1.5698,4.1637
192,4.9,8.0,0.0,1.6043,4.0175
193,4.0,7.0,0.0,1.3242,4.0462
194,4.1,7.0,0.0,1.3524,3.9364
195,3.9,6.0,0.0,1.2488,4.0706
196,3.7,6.0,0.0,1.2349,3.8294
197,3.4,5.0,0.0,1.123,3.8816
198,4.6,7.0,0.0,1.4771,3.9477
199,4.2,6.0,0.0,1.3453,3.8796
200,4.6,8.0,0.0,1.5354,3.94
201,5.2,8.0,0.0,1.6617,3.9374
202,5.8,14.0,0.0,2.0,3.9903
203,5.5,9.0,0.0,1.8047,3.9075
204,4.5,9.0,0.0,1.5575,3.9415
205,5.5,9.0,0.0,1.7965,4.178
206,6.5,9.0,0.0,2.1042,4.1812
207,4.9,8.0,0.0,1.6665,3.9919
208,4.9,7.0,0.0,1.5931,4.0577
209,5.4,8.0,0.0,1.7068,4.0449
210,5.8,11.0,0.0,1.8713,3.9482
211,4.6,9.0,0.0,1.5982,4.0245
212,3.4,4.0,0.0,1.1298,3.9629
213,4.9,7.0,0.0,1.5645,4.1277
214,4.5,9.0,0.0,1.5196,4.0253
215,4.8,8.0,0.0,1.542,3.9405
216,5.0,6.0,0.0,1.5556,3.8746
217,4.4,8.0,0.0,1.482,4.07
218,4.8,11.0,0.0,1.6454,3.8974
219,3.5,5.0,0.0,1.1738,3.7733
220,4.2,8.0,0.0,1.3759,3.7946
221,4.5,7.0,0.0,1.4967,3.8159
222,4.2,9.0,0.0,1.4239,3.8182
223,3.9,6.0,0.0,1.2981,3.8331
224,5.8,10.0,0.0,1.935,4.09
225,4.4,6.0,0.0,1.4353,4.0832
226,6.0,12.0,0.0,2.0655,4.1356
227,5.7,14.0,0.0,1.9476,4.1249
228,5.0,8.0,0.0,1.6389,4.1086
229,4.2,7.0,0.0,1.3855,4.0071
230,4.1,6.0,0.0,1.3764,4.0014
231,3.5,5.0,0.0,1.1887,3.942
232,4.7,9.0,0.0,1.584,3.9627
233,4.3,5.0,0.0,1.4309,3.9615
234,3.2,5.0,0.0,1.0421,3.931
235,3.6,7.0,0.0,1.2104,3.9351
236,3.2,5.0,0.0,1.0897,3.9373
237,4.6,6.0,0.0,1.4586,3.9561
238,3.2,4.0,0.0,1.0298,3.9683
239,4.3,7.0,0.0,1.4412,4.0131
240,5.3,10.0,0.0,1.708,4.0817
241,3.9,7.0,0.0,1.2714,3.9581
242,3.6,4.0,0.0,1.2278,4.0336
243,4.2,6.0,0.0,1.4119,4.0853
244,4.5,8.0,0.0,1.4605,4.1451
245,6.6,11.0,0.0,2.1114,4.1566
246,5.1,13.0,0.0,1.8145,4.1761
247,7.4,10.0,0.0,2.4315,4.3223
248,7.1,9.0,0.0,2.2756,4.3776
249,7.4,10.0,0.0,2.2861,4.4629
250,6.3,12.0,0.0,2.0952,4.2118
251,7.8,12.0,0.0,2.4751,4.0202
252,3.5,5.0,0.0,1.2088,4.0103
253,3.4,5.0,0.0,1.1251,3.9591
254,4.1,8.0,0.0,1.3811,3.8869
255,3.9,8.0,0.0,1.3592,3.7835
256,3.6,5.0,0.0,1.2164,3.7822
257,3.5,5.0,0.0,1.1533,3.8092
258,4.0,5.0,0.0,1.334,3.9313
259,3.9,6.0,0.0,1.2689,3.9264
260,4.3,8.0,0.0,1.3744,3.9841
261,4.4,5.0,0.0,1.3877,4.1146
262,4.1,6.0,0.0,1.3177,3.9741
263,3.8,5.0,0.0,1.2679,3.9791
264,3.7,8.0,0.0,1.315,3.9477
265,6.9,12.0,0.0,2.2176,4.0659
266,11.4,20.0,0.0,3.6452,4.8001
267,12.8,20.0,0.0,3.8947,5.0949
268,9.9,16.0,0.0,3.1317,4.3707
269,9.3,15.0,0.0,3.0375,4.2933
270,7.7,12.0,0.0,2.4725,4.1183
271,6.4,10.0,0.0,2.0074,3.8771
272,4.7,7.0,0.0,1.4851,3.7866
273,3.6,5.0,0.0,1.2005,3.8265
274,3.7,6.0,0.0,1.2395,3.8366
275,4.1,5.0,0.0,1.2757,3.8961
276,5.0,10.0,0.0,1.6696,3.9402
277,4.4,7.0,0.0,1.4247,3.9142
278,4.0,7.0,0.0,1.3295,3.916
279,3.7,5.0,0.0,1.1779,3.7678
280,3.7,5.0,0.0,1.1789,3.7949
281,3.6,5.0,0.0,1.1653,3.856
282,4.6,6.0,0.0,1.4732,3.9592
283,5.5,8.0,0.0,1.7826,3.9953
284,4.3,7.0,0.0,1.3964,4.0451
285,4.0,6.0,0.0,1.3328,3.8974
286,4.0,6.0,0.0,1.3666,3.9366
287,5.0,9.0,0.0,1.6713,3.905
288,4.5,9.0,0.0,1.4973,3.9245
289,3.8,7.0,0.0,1.337,3.9992
290,5.6,8.0,0.0,1.791,3.9835
291,5.2,8.0,0.0,1.6641,3.9241
292,6.1,9.0,0.0,2.0876,4.1047
293,6.9,11.0,0.0,2.1329,4.1789
294,5.9,8.0,0.0,1.8966,4.0951
295,5.1,8.0,0.0,1.669,3.9548
296,5.5,8.0,0.0,1.8357,3.9808
297,3.6,5.0,0.0,1.1549,3.8771
298,4.3,6.0,0.0,1.4162,3.8743
299,3.2,4.0,0.0,1.0648,3.9031
300,3.8,9.0,0.0,1.3198,3.8663
301,4.3,8.0,0.0,1.3956,3.8613
302,3.8,5.0,0.0,1.2376,3.8387
303,3.4,6.0,0.0,1.0911,3.8737
304,4.2,9.0,0.0,1.4525,3.8719
305,4.0,5.0,0.0,1.3467,3.8779
306,4.7,11.0,0.0,1.6398,3.9493
307,5.6,11.0,0.0,1.866,3.8713
308,3.9,7.0,0.0,1.2845,3.9426
309,5.4,7.0,0.0,1.7517,3.9592
310,3.7,7.0,0.0,1.2366,3.9236
311,5.2,10.0,0.0,1.66,3.9094
312,4.3,9.0,0.0,1.4384,3.8684
313,4.3,8.0,0.0,1.4454,3.7744
314,3.8,7.0,0.0,1.2606,3.9419
315,3.7,7.0,0.0,1.2359,4.0897
316,3.6,6.0,0.0,1.1864,4.0032
317,3.5,5.0,0.0,1.1649,3.947
318,3.8,5.0,0.0,1.227,3.9608
319,2.8,5.0,0.0,0.966,3.9748
320,3.7,6.0,0.0,1.2301,3.8346
321,3.7,6.0,0.0,1.244,3.8211
322,4.5,6.0,0.0,1.4798,3.851
323,5.8,10.0,0.0,1.8998,3.9334
324,4.1,6.0,0.0,1.4107,4.0651
325,6.9,12.0,0.0,2.1767,4.1871
326,7.3,12.0,0.0,2.3663,4.2799
327,7.4,10.0,0.0,2.3896,4.3167
328,6.7,10.0,0.0,2.1009,4.0612
329,7.3,11.0,0.0,2.2596,4.1954
330,5.0,9.0,0.0,1.5901,4.0205
331,4.4,6.0,0.0,1.4283,4.091
332,4.6,7.0,0.0,1.5156,3.9235
333,4.0,7.0,0.0,1.3739,3.8931
334,3.6,8.0,0.0,1.2137,3.817
335,4.1,7.0,0.0,1.3396,3.9169
336,4.6,7.0,0.0,1.4879,3.8307
337,4.5,7.0,0.0,1.4919,3.9204
338,2.5,4.0,0.0,0.9222,3.792
339,4.0,8.0,0.0,1.3483,3.9419
340,4.0,6.0,0.0,1.3113,3.9132
341,4.7,7.0,0.0,1.5381,4.0498
342,4.8,11.0,0.0,1.5918,4.0104
343,3.6,5.0,0.0,1.2186,4.0491
344,4.2,8.0,0.0,1.4141,4.075
345,4.6,6.0,0.0,1.4785,4.06
346,4.6,6.0,0.0,1.4997,4.0906
347,4.7,6.0,0.0,1.518,4.1252
348,4.7,7.0,0.0,1.5806,4.114
349,5.9,11.0,0.0,1.8905,4.1412
350,7.6,14.0,0.0,2.4776,4.2538
351,6.0,7.0,0.0,1.9385,4.2147
352,6.9,11.0,0.0,2.195,4.1824
353,5.6,10.0,0.0,1.852,4.0606
354,6.1,9.0,0.0,1.9292,4.1505
355,4.1,7.0,0.0,1.3625,3.9372
356,4.2,8.0,0.0,1.4351,3.8684
357,4.1,6.0,0.0,1.3705,3.9455
358,3.5,8.0,0.0,1.2107,3.9304
359,3.3,4.0,0.0,1.1198,3.9787
360,4.5,7.0,0.0,1.4765,3.9036
361,3.7,6.0,0.0,1.2303,3.8917
362,4.1,8.0,0.0,1.4048,3.8378
363,3.4,5.0,0.0,1.1779,3.9462
364,4.1,5.0,0.0,1.372,4.2056
365,5.9,8.0,0.0,1.7781,4.0768
366,3.0,5.0,0.0,1.0125,4.052
367,3.5,4.0,0.0,1.2339,4.0265
368,4.9,7.0,0.0,1.6056,4.0528
369,4.2,7.0,0.0,1.3391,3.9949
370,3.6,5.0,0.0,1.1609,4.0232
371,3.9,6.0,0.0,1.2624,3.9457
372,2.9,5.0,0.0,1.0496,3.8212
373,4.4,8.0,0.0,1.4731,3.8884
374,3.7,6.0,0.0,1.2239,3.8387
375,2.8,5.0,0.0,1.0184,3.9334
376,4.4,6.0,0.0,1.4454,3.9083
377,3.2,5.0,0.0,1.0648,3.8751
378,4.0,6.0,0.0,1.3032,3.9474
379,3.7,5.0,0.0,1.178,3.8188
380,3.1,4.0,0.0,1.0161,3.7455
381,4.3,7.0,0.0,1.3955,3.9138
382,4.0,6.0,0.0,1.26,3.8973
383,3.8,9.0,0.0,1.3318,3.8016
384,4.9,6.0,0.0,1.5678,3.9733
385,2.9,4.0,0.0,1.0129,3.8345
386,5.3,7.0,0.0,1.6394,3.926
387,3.8,6.0,0.0,1.233,3.9355
388,4.3,9.0,0.0,1.4741,3.9463
389,4.0,7.0,0.0,1.2767,3.8065
390,5.9,8.0,0.0,1.8539,3.96
391,3.9,6.0,0.0,1.2726,3.7653
392,4.3,8.0,0.0,1.4607,3.8169
393,3.2,4.0,0.0,1.0324,3.9216
394,4.2,8.0,0.0,1.434,3.8615
395,3.0,4.0,0.0,1.0037,3.8068
396,3.0,5.0,0.0,1.0663,3.8169
397,4.3,7.0,0.0,1.3666,3.8426
398,4.1,7.0,0.0,1.3524,3.8961
399,3.5,4.0,0.0,1.1482,3.7964
400,3.6,5.0,0.0,1.1732,3.8359
401,4.0,6.0,0.0,1.2726,3.8736
402,5.5,10.0,0.0,1.7753,4.0541
403,4.1,6.0,0.0,1.299,4.0214
404,5.4,9.0,0.0,1.7245,3.9211
405,4.0,8.0,0.0,1.371,3.8408
406,3.3,5.0,0.0,1.1137,3.8359
407,3.2,5.0,0.0,1.0524,3.8539
408,3.6,5.0,0.0,1.1779,3.8118
409,4.4,8.0,0.0,1.5013,3.9516
410,4.8,7.0,0.0,1.5409,3.9717
411,5.3,8.0,0.0,1.6934,3.9798
412,5.8,9.0,0.0,1.8736,4.0347
413,4.7,8.0,0.0,1.5678,4.0032
414,4.2,7.0,0.0,1.3495,4.0302
415,4.9,8.0,0.0,1.6,4.104
416,4.7,7.0,0.0,1.5251,3.8615
417,5.0,6.0,0.0,1.5516,3.9598
418,4.5,8.0,0.0,1.4957,3.9594
419,4.2,5.0,0.0,1.3301,3.9318
420,5.1,8.0,0.0,1.5639,3.8874
421,5.2,8.0,0.0,1.6536,3.9282
422,5.2,7.0,0.0,1.6118,4.0694
423,4.6,7.0,0.0,1.5019,4.0724
424,3.1,5.0,0.0,1.0775,3.9131
425,4.0,6.0,0.0,1.2935,3.9549
426,4.4,7.0,0.0,1.4345,3.9119
427,4.3,9.0,0.0,1.4622,3.9568
428,4.1,6.0,0.0,1.4032,4.1195
429,3.4,5.0,0.0,1.1435,4.0722
430,3.8,5.0,0.0,1.2624,4.0144
431,4.5,10.0,0.0,1.5637,4.0227
432,5.4,10.0,0.0,1.8541,4.0532
433,4.1,6.0,0.0,1.4007,3.9288
434,4.2,5.0,0.0,1.3415,3.946
435,4.7,6.0,0.0,1.5442,4.0064
436,3.6,5.0,0.0,1.2247,4.0141
437,4.2,6.0,0.0,1.4379,3.9652
438,3.7,5.0,0.0,1.2488,3.9718
439,4.0,6.0,0.0,1.3598,3.9516
440,4.3,8.0,0.0,1.4284,3.9912
441,4.3,7.0,0.0,1.382,4.001
442,3.5,5.0,0.0,1.1374,4.0151
443,5.0,8.0,0.0,1.6148,4.0835
444,6.3,12.0,0.0,2.0749,4.046
445,4.3,10.0,0.0,1.522,4.0345
446,4.8,6.0,0.0,1.5156,4.0073
447,5.5,11.0,0.0,1.8405,3.9822
448,4.2,8.0,0.0,1.4247,4.0742
449,5.0,8.0,0.0,1.579,4.0787
450,4.0,8.0,0.0,1.4027,4.1839
451,4.8,7.0,0.0,1.5739,4.2342
452,4.3,7.0,0.0,1.3918,4.186
453,4.4,6.0,0.0,1.4115,4.0741
454,3.7,5.0,0.0,1.2395,4.0436
455,3.0,5.0,0.0,1.0164,3.9267
456,3.2,5.0,0.0,1.0705,3.9555
457,3.0,4.0,0.0,1.0363,3.9621
458,4.6,10.0,0.0,1.6155,4.0255
459,5.4,11.0,0.0,1.7939,4.0239
460,5.8,10.0,0.0,1.8464,4.0157
461,3.8,6.0,0.0,1.2329,4.0014
462,5.8,12.0,0.0,1.8797,4.0084
463,4.4,11.0,0.0,1.5708,4.0082
464,4.1,7.0,0.0,1.3817,3.9818
465,4.1,8.0,0.0,1.3598,3.8866
466,3.8,6.0,0.0,1.2679,3.9277
467,3.7,7.0,0.0,1.201,3.8973
468,5.0,6.0,0.0,1.5628,3.9907
469,3.9,5.0,0.0,1.3295,3.9419
470,4.5,7.0,0.0,1.4925,4.0393
471,5.3,8.0,0.0,1.74,4.0978
472,6.2,9.0,0.0,1.9365,3.981
473,6.2,9.0,0.0,1.9307,4.0342
474,5.9,8.0,0.0,1.9057,3.9816
475,5.0,10.0,0.0,1.6153,3.9446
476,5.5,11.0,0.0,1.8169,3.8498
477,4.2,9.0,0.0,1.3666,3.8296
478,4.4,5.0,0.0,1.3674,3.8096
479,4.4,5.0,0.0,1.3698,3.79
480,4.5,11.0,0.0,1.5829,3.7737
481,4.5,8.0,0.0,1.4933,3.7884
482,4.3,7.0,0.0,1.4469,3.7818
483,4.8,8.0,0.0,1.5644,3.9545
484,3.6,5.0,0.0,1.2512,3.927
485,6.0,8.0,0.0,1.8755,4.2007
486,5.7,7.0,0.0,1.8643,4.0257
487,6.1,12.0,0.0,2.0561,4.1561
488,5.8,9.0,0.0,1.7932,4.0372
489,4.6,8.0,0.0,1.5059,3.963
490,3.2,4.0,0.0,1.0607,3.8639
491,3.7,6.0,0.0,1.1908,3.9112
492,4.4,6.0,0.0,1.4415,3.9694
493,4.4,6.0,0.0,1.4089,3.8295
494,4.6,7.0,0.0,1.5361,3.9022
495,4.0,6.0,0.0,1.3454,4.0372
496,3.8,5.0,0.0,1.2107,4.0604
497,3.2,6.0,0.0,1.0761,3.9868
498,5.2,8.0,0.0,1.6471,4.0338
499,2.6,4.0,0.0,0.8743,3.8019
500,5.4,9.0,0.0,1.7678,3.9069
501,5.2,10.0,0.0,1.7138,4.7115
502,4.1,6.0,0.0,1.364,3.9749
503,3.1,4.0,0.0,1.0278,3.9865
504,4.1,7.0,0.0,1.3638,4.0453
505,4.0,7.0,0.0,1.3198,4.0044
506,4.2,7.0,0.0,1.35,3.9014
507,5.2,8.0,0.0,1.6859,4.0329
508,4.3,7.0,0.0,1.4032,3.9815
509,4.0,6.0,0.0,1.315,4.0949
510,5.6,10.0,0.0,1.7611,3.9785
511,4.7,7.0,0.0,1.5409,3.9941
512,4.4,8.0,0.0,1.4906,4.0179
513,5.7,8.0,0.0,1.7883,4.0429
514,5.1,9.0,0.0,1.6903,3.8974
515,6.8,15.0,0.0,2.2356,4.1027
516,7.0,10.0,0.0,2.1541,4.0705
517,6.6,18.0,0.0,2.3254,4.2313
518,7.1,13.0,0.0,2.2561,4.1659
519,5.2,8.0,0.0,1.6793,4.0161
520,5.2,7.0,0.0,1.635,4.003
521,5.2,12.0,0.0,1.7664,4.0439
522,3.9,5.0,0.0,1.3058,3.9583
523,3.9,6.0,0.0,1.3465,4.0259
524,3.9,7.0,0.0,1.3225,3.8796
525,5.6,9.0,0.0,1.8029,3.9119
526,6.0,9.0,0.0,1.9262,3.97
527,4.2,8.0,0.0,1.4232,3.9515
528,5.8,12.0,0.0,1.9069,3.9396
529,4.5,7.0,0.0,1.4564,4.0055
530,3.8,7.0,0.0,1.324,3.9597
531,4.2,8.0,0.0,1.4454,3.9694
532,4.6,9.0,0.0,1.5166,4.0657
533,5.3,10.0,0.0,1.6974,4.0269
534,7.3,11.0,0.0,2.3643,4.2898
535,8.5,12.0,0.0,2.5957,4.4077
536,6.3,13.0,0.0,2.0712,4.3228
537,5.7,8.0,0.0,1.7713,4.2158
538,6.7,9.0,0.0,2.039,4.2746
539,6.6,9.0,0.0,2.0707,4.2908
540,8.4,15.0,0.0,2.634,4.3324
541,8.0,10.0,0.0,2.5024,4.5115
542,10.6,13.0,0.0,3.2877,4.8356
543,7.6,11.0,0.0,2.2265,4.8201
544,7.8,9.0,0.0,2.4193,4.7874
545,9.2,13.0,0.0,2.8809,4.7983
546,8.7,14.0,0.0,2.623,4.4741
547,8.3,12.0,0.0,2.6043,4.3898
548,7.4,14.0,0.0,2.3986,4.4203
549,5.6,7.0,0.0,1.7611,4.2992
550,9.3,12.0,0.0,2.7658,4.4192
551,6.3,7.0,0.0,2.0712,4.4685
552,5.1,7.0,0.0,1.6078,3.9855
553,4.8,7.0,0.0,1.5264,3.8037
554,3.9,6.0,0.0,1.2384,3.7846
555,3.7,5.0,0.0,1.2196,3.7919
556,3.8,5.0,0.0,1.2278,3.8463
557,4.3,9.0,0.0,1.4498,4.0207
558,4.2,7.0,0.0,1.3477,3.9908
559,2.9,4.0,0.0,0.9704,3.9957
560,3.3,5.0,0.0,1.1108,3.9114
561,5.1,11.0,0.0,1.736,3.9
562,4.2,6.0,0.0,1.4261,3.9452
563,3.7,5.0,0.0,1.3014,3.956
564,3.7,7.0,0.0,1.26,3.9898
565,6.2,10.0,0.0,1.9794,4.1096
566,4.7,8.0,0.0,1.5338,4.1295
567,5.0,9.0,0.0,1.5942,4.2449
568,5.2,11.0,0.0,1.7485,4.1412
569,4.9,8.0,0.0,1.6018,4.0816
570,3.7,5.0,0.0,1.1993,4.1217
571,4.1,7.0,0.0,1.3403,4.1369
572,4.0,6.0,0.0,1.363,4.0952
573,4.1,7.0,0.0,1.3177,4.1574
574,4.1,7.0,0.0,1.3778,4.0872
575,5.0,6.0,0.0,1.5713,4.2939
576,4.6,6.0,0.0,1.4253,4.246
577,5.0,7.0,0.0,1.6154,4.1842
578,3.8,7.0,0.0,1.2563,3.9572
579,4.6,6.0,0.0,1.4509,3.9005
580,4.2,5.0,0.0,1.3836,3.9891
581,4.3,6.0,0.0,1.4106,4.0241
582,5.8,14.0,0.0,2.0044,4.1427
583,4.5,7.0,0.0,1.4698,3.8265
584,4.2,6.0,0.0,1.334,3.9771
585,5.5,8.0,0.0,1.7226,4.1172
586,3.9,6.0,0.0,1.3625,4.1163
587,4.5,8.0,0.0,1.4961,4.1713
588,3.4,4.0,0.0,1.1755,3.9997
589,5.2,7.0,0.0,1.6332,3.9335
590,3.8,5.0,0.0,1.2131,3.9013
591,4.7,8.0,0.0,1.527,3.9199
592,3.7,5.0,0.0,1.16,3.8804
593,4.5,8.0,0.0,1.5159,3.9613
594,4.6,10.0,0.0,1.5172,3.9955
595,3.6,7.0,0.0,1.2257,3.9226
596,3.9,5.0,0.0,1.2568,3.9054
597,3.7,8.0,0.0,1.2704,3.8962
598,5.0,8.0,0.0,1.6177,3.9875
599,4.2,7.0,0.0,1.3833,3.9851
600,3.4,7.0,0.0,1.1584,4.1157
601,5.0,8.0,0.0,1.6793,4.0552
602,4.2,7.0,0.0,1.4353,3.8853
603,5.6,12.0,0.0,1.8346,3.9462
604,5.1,10.0,0.0,1.6665,3.9898
605,4.6,6.0,0.0,1.4992,4.0155
606,5.1,7.0,0.0,1.639,4.2329
607,5.6,20.0,0.0,2.2603,3.9926
608,5.0,7.0,0.0,1.5726,4.0998
609,3.8,6.0,0.0,1.2285,3.8707
610,3.9,5.0,0.0,1.3243,3.9457
611,4.5,6.0,0.0,1.4302,4.0007
612,4.8,15.0,0.0,1.8621,4.0263
613,3.5,5.0,0.0,1.1424,4.0237
614,4.9,11.0,0.0,1.6435,4.071
615,4.5,7.0,0.0,1.4746,4.0795
616,7.1,11.0,0.0,2.1937,4.1927
617,6.6,11.0,0.0,2.0797,4.3638
618,7.5,11.0,0.0,2.3454,4.2158
619,6.8,17.0,0.0,2.4085,4.2464
620,9.3,14.0,0.0,2.8737,4.5343
621,7.3,10.0,0.0,2.2644,4.2392
622,6.3,11.0,0.0,2.038,4.2773
623,4.2,7.0,0.0,1.3495,3.8993
624,4.6,7.0,0.0,1.5058,3.934
625,4.3,9.0,0.0,1.4894,4.014
626,3.4,4.0,0.0,1.114,4.0679
627,4.0,7.0,0.0,1.3423,3.9305
628,3.4,6.0,0.0,1.1491,4.035
629,4.7,8.0,0.0,1.5237,3.9743
630,3.9,8.0,0.0,1.3242,3.956
631,3.8,5.0,0.0,1.3304,4.0586
632,4.3,8.0,0.0,1.4318,3.9934
633,5.3,10.0,0.0,1.7664,3.9786
634,4.0,7.0,0.0,1.3276,3.948
635,4.8,7.0,0.0,1.5156,3.9769
636,4.2,6.0,0.0,1.3379,4.0066
637,4.1,8.0,0.0,1.373,4.0417
638,5.1,8.0,0.0,1.6583,4.1105
639,4.1,6.0,0.0,1.3638,4.0376
640,4.4,7.0,0.0,1.4284,4.1448
641,4.2,7.0,0.0,1.3771,4.006
642,3.8,5.0,0.0,1.2948,4.1627
643,4.6,10.0,0.0,1.4985,4.1438
644,4.1,7.0,0.0,1.3681,4.2462
645,5.2,14.0,0.0,1.8958,4.1422
646,5.1,9.0,0.0,1.6547,4.1593
647,5.2,6.0,0.0,1.6576,4.1783
648,3.6,5.0,0.0,1.2536,4.2098
649,5.3,12.0,0.0,1.8076,4.1122
650,7.0,12.0,0.0,2.2159,4.2889
651,4.0,8.0,0.0,1.3524,4.0097
652,3.7,6.0,0.0,1.2225,3.9732
653,4.6,6.0,0.0,1.4169,3.9046
654,3.2,4.0,0.0,1.0356,3.9233
655,3.9,8.0,0.0,1.3511,3.9695
656,4.3,7.0,0.0,1.4283,4.0333
657,4.3,5.0,0.0,1.4115,4.0387
658,4.3,7.0,0.0,1.4177,3.9954
659,3.4,6.0,0.0,1.1122,3.997
660,4.5,8.0,0.0,1.5196,4.0152
661,4.4,8.0,0.0,1.437,4.0269
662,4.9,7.0,0.0,1.559,4.0646
663,4.1,7.0,0.0,1.3453,4.1211
664,3.7,7.0,0.0,1.2207,4.1854
665,4.4,8.0,0.0,1.4448,4.0559
666,4.1,7.0,0.0,1.3453,4.0888
667,3.9,6.0,0.0,1.2757,4.0506
668,4.6,6.0,0.0,1.4858,3.8256
669,4.6,9.0,0.0,1.5474,3.8869
670,4.3,9.0,0.0,1.4765,4.0304
671,4.3,7.0,0.0,1.4333,3.9327
672,5.7,10.0,0.0,1.875,3.9781
673,4.4,8.0,0.0,1.4925,3.8457
674,4.4,11.0,0.0,1.5869,3.8195
675,4.1,5.0,0.0,1.331,3.8749
676,4.0,6.0,0.0,1.321,3.864
677,4.1,6.0,0.0,1.3295,3.8915
678,3.7,7.0,0.0,1.2579,3.8557
679,3.7,5.0,0.0,1.2555,3.9032
680,3.5,6.0,0.0,1.1887,3.9098
681,4.4,6.0,0.0,1.4623,3.9438
682,5.1,7.0,0.0,1.6219,4.0746
683,3.8,6.0,0.0,1.2488,3.9907
684,4.0,6.0,0.0,1.2726,3.9495
685,3.8,5.0,0.0,1.2913,4.0437
686,4.2,7.0,0.0,1.3542,4.0735
687,5.2,10.0,0.0,1.7714,4.2143
688,5.7,9.0,0.0,1.8099,4.0454
689,6.0,10.0,0.0,1.9858,4.1608
690,6.0,11.0,0.0,1.9476,4.0638
691,4.9,11.0,0.0,1.621,4.1506
692,5.2,7.0,0.0,1.6568,4.039
693,4.3,8.0,0.0,1.3657,3.8816
694,4.7,7.0,0.0,1.5106,3.9093
695,3.8,6.0,0.0,1.2369,3.9609
696,3.5,6.0,0.0,1.1789,3.8826
697,4.0,6.0,0.0,1.3295,3.8971
698,4.5,6.0,0.0,1.4098,3.9618
699,4.5,8.0,0.0,1.4531,3.8978
700,3.5,4.0,0.0,1.141,3.8816
701,4.0,7.0,0.0,1.2966,3.9605
702,4.0,7.0,0.0,1.2653,4.0439
703,6.1,11.0,0.0,1.902,4.1121
704,5.9,10.0,0.0,1.8888,4.4162
705,5.4,9.0,0.0,1.7152,4.1757
706,5.6,12.0,0.0,1.8202,4.1273
707,4.9,7.0,0.0,1.5547,3.9425
708,4.5,7.0,0.0,1.4274,4.0504
709,3.8,7.0,0.0,1.3115,3.8724
710,3.9,5.0,0.0,1.245,3.9695
711,3.5,6.0,0.0,1.1704,4.0014
712,5.3,9.0,0.0,1.7117,3.9769
713,4.8,7.0,0.0,1.5678,4.1274
714,3.9,6.0,0.0,1.3115,3.9405
715,4.8,12.0,0.0,1.6583,3.8828
716,3.8,5.0,0.0,1.2384,3.8647
717,5.1,8.0,0.0,1.6279,3.8536
718,3.4,6.0,0.0,1.1304,3.9513
719,4.2,7.0,0.0,1.3686,3.8606
720,3.5,5.0,0.0,1.1921,3.8473
721,2.7,4.0,0.0,0.9119,3.7673
722,4.7,10.0,0.0,1.6155,3.7906
723,4.1,8.0,0.0,1.3863,3.8668
724,5.1,8.0,0.0,1.6317,4.0829
725,3.6,6.0,0.0,1.1948,4.0354
726,5.1,13.0,0.0,1.7633,4.009
727,5.3,9.0,0.0,1.6993,4.0046
728,6.7,15.0,0.0,2.2105,4.1101
729,3.7,6.0,0.0,1.2333,4.147
730,5.3,9.0,0.0,1.6498,4.1393
731,4.2,5.0,0.0,1.2955,3.9955
732,3.2,6.0,0.0,1.0651,3.9455
733,3.7,7.0,0.0,1.2679,3.9155
734,2.8,4.0,0.0,0.9857,3.843
735,4.2,9.0,0.0,1.469,3.8645
736,4.9,7.0,0.0,1.5547,4.0114
737,4.7,8.0,0.0,1.5147,3.979
738,4.5,11.0,0.0,1.542,4.0256
739,4.9,9.0,0.0,1.6229,4.044
740,4.5,7.0,0.0,1.4945,3.9421
741,3.4,4.0,0.0,1.125,3.9076
742,3.7,7.0,0.0,1.3167,4.0123
743,5.5,12.0,0.0,1.869,4.0126
744,4.3,6.0,0.0,1.3544,3.9853
745,3.7,5.0,0.0,1.2278,3.9539
746,4.0,7.0,0.0,1.3058,3.9225
747,4.8,7.0,0.0,1.6264,3.929
748,3.8,6.0,0.0,1.2792,3.9082
749,4.6,6.0,0.0,1.4629,3.9989
750,10.3,19.0,0.0,3.2915,4.3823
751,15.1,24.0,0.0,4.6697,5.3944
752,13.5,15.0,0.0,4.0295,5.3433
753,10.9,15.0,0.0,3.3193,4.4552
754,6.1,11.0,0.0,1.9224,4.1525
755,5.1,10.0,0.0,1.694,4.0786
756,3.7,6.0,0.0,1.2285,4.0213
757,5.5,7.0,0.0,1.721,3.9469
758,5.0,8.0,0.0,1.6524,4.1046
759,7.2,9.0,0.0,2.3206,4.1963
760,9.7,13.0,0.0,2.9563,4.4956
761,8.0,11.0,0.0,2.6103,4.7248
762,11.6,16.0,0.0,3.5718,4.8562
763,12.6,23.0,0.0,3.9012,5.0471
764,13.4,22.0,0.0,4.1937,5.1702
765,14.4,27.0,0.0,4.5137,5.2807
766,11.8,18.0,0.0,3.5266,4.8391
767,16.5,38.0,0.0,5.2401,4.9222
768,18.4,26.0,0.0,5.728,5.4148
769,15.7,24.0,0.0,4.9188,5.5268
770,22.9,34.0,0.0,6.9461,6.3137
771,19.7,26.0,0.0,5.6357,5.6493
772,24.4,46.0,0.0,7.6112,5.9464
773,22.8,29.0,0.0,6.8167,6.0839
774,19.1,28.0,0.0,5.9345,5.9156
775,19.2,27.0,0.0,5.7954,5.3291
776,16.8,23.0,0.0,5.1046,5.3128
777,14.0,19.0,0.0,4.1532,5.225
778,15.3,22.0,0.0,4.6007,5.2698
779,18.4,26.0,0.0,5.5335,5.0194
780,13.7,23.0,0.0,4.0755,4.9786
781,13.7,26.0,0.0,4.1985,4.973
782,14.9,19.0,0.0,4.2944,4.9522
783,20.9,35.0,0.0,6.4229,5.3175
784,14.7,22.0,0.0,4.5407,4.7327
785,9.6,13.0,0.0,2.9197,4.7439
786,17.0,27.0,0.0,5.1732,5.0081
787,14.1,19.0,0.0,4.2063,4.8957
788,16.4,30.0,0.0,5.2144,4.8729
789,13.2,18.0,0.0,3.9892,4.8076
790,13.6,20.0,0.0,4.1494,4.7324
791,13.0,17.0,0.0,3.9689,4.8803
792,9.7,17.0,0.0,3.0606,4.3404
793,11.9,19.0,0.0,3.6195,4.6352
794,11.0,17.0,0.0,3.3283,4.3889
795,11.4,15.0,0.0,3.5325,4.4763
796,11.2,27.0,0.0,3.8553,4.5535
797,15.6,30.0,0.0,4.9499,4.8711
798,14.1,21.0,0.0,4.2277,4.5283
799,12.7,21.0,0.0,3.9352,4.5492
800,12.2,27.0,0.0,3.96,4.8099
801,14.2,23.0,0.0,4.2977,4.4284
802,12.4,28.0,0.0,4.0021,4.4926
803,12.7,27.0,0.0,4.0134,4.5853
804,14.1,19.0,0.0,4.2152,4.671
805,10.7,16.0,0.0,3.3923,4.4951
806,10.9,16.0,0.0,3.2962,4.8653
807,12.1,22.0,0.0,3.6638,4.5762
808,8.4,14.0,0.0,2.6678,4.29
809,9.8,20.0,0.0,3.0608,4.2052
810,11.0,15.0,0.0,3.38,4.2817
811,9.9,24.0,0.0,3.3541,4.285
812,10.3,14.0,0.0,3.2233,4.4032
813,10.4,14.0,0.0,3.1495,4.4228
814,11.5,16.0,0.0,3.4351,4.3617
815,9.1,14.0,0.0,2.8372,4.194
816,10.0,16.0,0.0,3.1599,4.2527
817,9.5,17.0,0.0,2.9702,4.4155
818,6.3,7.0,0.0,1.9956,4.1934
819,5.0,7.0,0.0,1.578,4.0838
820,5.6,10.0,0.0,1.8459,4.079
821,4.3,5.0,0.0,1.3686,3.8679
822,4.4,7.0,0.0,1.4773,3.7891
823,3.7,7.0,0.0,1.2221,3.7435
824,3.6,6.0,0.0,1.1954,3.7458
825,4.2,10.0,0.0,1.4836,3.8132
826,4.6,7.0,0.0,1.5146,3.9051
827,3.4,6.0,0.0,1.1694,3.9135
828,3.5,5.0,0.0,1.1336,3.9404
829,3.8,6.0,0.0,1.2327,4.0512
830,3.5,5.0,0.0,1.1653,3.9319
831,4.8,10.0,0.0,1.588,3.9519
832,5.1,13.0,0.0,1.8055,3.9492
833,5.4,9.0,0.0,1.748,4.1716
834,5.5,9.0,0.0,1.6971,4.0475
835,5.9,8.0,0.0,1.8708,4.0734
836,5.6,9.0,0.0,1.7576,4.0217
837,7.0,15.0,0.0,2.2688,4.1385
838,7.2,11.0,0.0,2.2123,4.1998
839,7.8,11.0,0.0,2.3195,4.266
840,7.1,10.0,0.0,2.2578,4.2428
841,6.3,12.0,0.0,2.1291,4.352
842,7.2,11.0,0.0,2.2417,4.2158
843,7.0,12.0,0.0,2.2017,4.0995
844,5.7,8.0,0.0,1.829,4.1036
845,4.9,9.0,0.0,1.5538,4.009
846,4.9,7.0,0.0,1.6271,3.9761
847,3.5,5.0,0.0,1.1137,3.9485
848,4.6,6.0,0.0,1.4811,3.9218
849,4.5,11.0,0.0,1.5843,3.8553
850,4.5,6.0,0.0,1.4607,3.9426
851,4.6,7.0,0.0,1.4586,3.9361
852,4.2,7.0,0.0,1.3686,3.8846
853,4.6,6.0,0.0,1.4538,3.8633
854,5.2,11.0,0.0,1.7778,3.9038
855,6.9,11.0,0.0,2.2265,4.3498
856,7.4,15.0,0.0,2.4052,4.3619
857,7.0,10.0,0.0,2.2467,4.2952
858,8.8,11.0,0.0,2.8422,4.2482
859,8.0,13.0,0.0,2.6192,4.4098
860,7.1,8.0,0.0,2.2005,4.3038
861,8.8,13.0,0.0,2.6649,4.1592
862,5.2,7.0,0.0,1.6879,4.0828
863,7.1,10.0,0.0,2.3047,4.4071
864,5.4,9.0,0.0,1.7651,4.1266
865,4.1,6.0,0.0,1.3245,4.1165
866,4.4,7.0,0.0,1.4276,4.1862
867,5.9,12.0,0.0,1.9208,4.1713
868,3.9,7.0,0.0,1.3527,3.9897
869,5.2,13.0,0.0,1.8292,3.9585
870,4.3,7.0,0.0,1.466,3.8723
871,3.0,5.0,0.0,1.0129,3.7992
872,3.2,4.0,0.0,1.0428,3.8194
873,3.6,5.0,0.0,1.1771,3.9043
874,4.2,8.0,0.0,1.4066,3.884
875,4.6,9.0,0.0,1.54,3.996
876,3.3,7.0,0.0,1.1916,3.8728
877,6.1,9.0,0.0,1.9365,4.2223
878,6.6,10.0,0.0,2.1009,4.3005
879,6.3,10.0,0.0,2.1246,4.2894
880,6.9,8.0,0.0,2.257,4.2635
881,6.7,10.0,0.0,2.1217,4.0961
882,6.1,14.0,0.0,2.0516,4.1374
883,6.8,14.0,0.0,2.2059,4.1844
884,4.5,8.0,0.0,1.4337,3.9811
885,5.6,9.0,0.0,1.8039,4.0482
886,4.6,7.0,0.0,1.4663,3.958
887,4.2,7.0,0.0,1.3421,3.98
888,3.3,4.0,0.0,1.098,3.8185
889,3.9,8.0,0.0,1.3134,3.9656
890,3.0,5.0,0.0,1.0703,3.8859
891,4.3,6.0,0.0,1.3889,3.9275
892,3.4,4.0,0.0,1.1609,3.903
893,3.3,5.0,0.0,1.0945,3.9309
894,3.6,5.0,0.0,1.1998,3.9553
895,4.8,9.0,0.0,1.6125,4.0626
896,4.5,6.0,0.0,1.4586,4.0629
897,4.6,6.0,0.0,1.4985,4.0325
898,4.4,7.0,0.0,1.4141,4.016
899,3.8,6.0,0.0,1.2548,4.0443
900,4.3,6.0,0.0,1.3785,4.0261
901,3.1,5.0,0.0,1.0203,3.9942
902,3.9,5.0,0.0,1.2207,4.0156
903,4.4,9.0,0.0,1.4623,4.0167
904,4.4,10.0,0.0,1.5322,4.1314
905,4.5,7.0,0.0,1.4758,3.8662
906,4.6,7.0,0.0,1.4472,4.0582
907,4.8,7.0,0.0,1.5256,3.9383
908,4.7,9.0,0.0,1.5869,3.9373
909,4.0,6.0,0.0,1.3038,4.0341
910,4.0,5.0,0.0,1.2955,3.9926
911,4.9,13.0,0.0,1.7646,4.0328
912,4.2,11.0,0.0,1.5406,4.0176
913,4.2,6.0,0.0,1.3219,3.9762
914,3.6,5.0,0.0,1.2278,4.0013
915,5.0,9.0,0.0,1.6308,3.9768
916,4.2,10.0,0.0,1.4796,3.9917
917,3.8,8.0,0.0,1.3143,3.9105
918,3.6,5.0,0.0,1.1548,3.8832
919,3.6,5.0,0.0,1.1856,3.8469
920,3.5,9.0,0.0,1.2784,3.8516
921,4.9,10.0,0.0,1.6284,3.8839
922,4.1,6.0,0.0,1.3566,3.8887
923,4.6,8.0,0.0,1.5108,4.0123
924,4.5,11.0,0.0,1.5853,4.0038
925,4.1,6.0,0.0,1.3334,4.0673
926,6.5,12.0,0.0,2.0745,4.2434
927,6.0,9.0,0.0,1.9203,4.3145
928,3.3,5.0,0.0,1.1212,4.2079
929,5.1,8.0,0.0,1.6315,4.4121
930,3.6,5.0,0.0,1.1489,4.2046
931,5.7,9.0,0.0,1.8583,4.1811
932,4.3,7.0,0.0,1.4135,4.0969
933,4.3,5.0,0.0,1.4036,4.1464
934,4.7,8.0,0.0,1.5495,4.0552
935,3.6,4.0,0.0,1.2767,3.9569
936,4.0,8.0,0.0,1.3513,3.8786
937,3.8,7.0,0.0,1.3113,3.7578
938,3.5,6.0,0.0,1.1874,3.7695
939,4.0,7.0,0.0,1.3328,3.7717
940,5.0,7.0,0.0,1.5993,3.8292
941,3.4,5.0,0.0,1.1619,3.9052
942,4.3,7.0,0.0,1.4315,3.8567
943,4.1,7.0,0.0,1.3318,3.8585
944,3.6,6.0,0.0,1.1619,3.9508
945,5.3,9.0,0.0,1.7477,4.0588
946,5.2,8.0,0.0,1.718,4.2217
947,8.0,18.0,0.0,2.8544,4.409
948,6.6,13.0,0.0,2.1682,4.1723
949,6.2,8.0,0.0,1.9793,4.1953
950,4.7,8.0,0.0,1.5277,4.0388
951,6.1,9.0,0.0,1.9261,4.1908
952,5.8,9.0,0.0,1.8505,4.0773
953,4.6,7.0,0.0,1.5119,4.0376
954,4.1,7.0,0.0,1.3343,3.9981
955,3.7,7.0,0.0,1.2779,4.0802
956,4.7,7.0,0.0,1.523,3.9683
957,4.5,8.0,0.0,1.5213,3.93
958,5.0,8.0,0.0,1.6107,3.8395
959,6.7,9.0,0.0,2.1647,4.3863
960,7.7,10.0,0.0,2.3601,4.4845
961,7.9,11.0,0.0,2.4508,4.3688
962,6.6,11.0,0.0,2.0799,4.3181
963,6.5,8.0,0.0,2.0253,4.1846
964,9.2,14.0,0.0,2.8896,4.4761
965,8.8,16.0,0.0,2.7036,4.4222
966,4.1,6.0,0.0,1.323,4.0245
967,3.3,4.0,0.0,1.0757,3.9475
968,4.5,7.0,0.0,1.5033,4.0625
969,3.9,5.0,0.0,1.296,3.977
970,3.6,5.0,0.0,1.2023,3.8815
971,3.4,5.0,0.0,1.1107,3.7714
972,3.6,5.0,0.0,1.1136,3.7614
973,4.2,6.0,0.0,1.3739,3.7676
974,3.7,4.0,0.0,1.2322,3.8358
975,4.6,7.0,0.0,1.4785,3.8705
976,5.5,9.0,0.0,1.7215,3.9824
977,5.1,8.0,0.0,1.631,3.8846
978,5.3,10.0,0.0,1.7464,3.9222
979,8.2,14.0,0.0,2.6188,4.2364
980,11.6,15.0,0.0,3.5558,4.712
981,9.7,14.0,0.0,2.9792,4.6224
982,8.8,20.0,0.0,2.9253,4.3183
983,8.1,13.0,0.0,2.5166,4.2978
984,6.2,10.0,0.0,1.969,4.1863
985,5.7,10.0,0.0,1.8487,4.2428
986,7.5,14.0,0.0,2.4343,4.0981
987,4.8,10.0,0.0,1.5781,4.045
988,6.3,8.0,0.0,2.0152,4.2351
989,6.1,10.0,0.0,1.901,4.3362
990,8.2,10.0,0.0,2.5194,4.4986
991,11.3,18.0,0.0,3.4583,4.787
992,11.1,17.0,0.0,3.3571,4.758
993,10.9,17.0,0.0,3.3779,4.8058
994,8.4,11.0,0.0,2.634,4.249
995,4.7,6.0,0.0,1.4975,4.1245
996,5.0,11.0,0.0,1.7252,3.9092
997,3.6,6.0,0.0,1.2288,3.9554
998,4.0,6.0,0.0,1.341,3.8236
999,3.1,5.0,0.0,1.0588,3.7924
1000,3.9,6.0,0.0,1.2624,3.7873
1001,4.3,8.0,0.0,1.4893,4.0048
1002,4.3,7.0,0.0,1.4058,3.9512
1003,4.5,7.0,0.0,1.4939,3.8789
1004,4.4,7.0,0.0,1.3785,3.9011
1005,4.5,7.0,0.0,1.4678,3.9196
1006,4.6,6.0,0.0,1.4763,3.8863
1007,4.6,9.0,0.0,1.4766,4.0282
1008,5.0,10.0,0.0,1.7308,3.9815
1009,6.1,11.0,0.0,1.9989,4.0133
1010,4.8,9.0,0.0,1.5741,3.9698
1011,6.1,11.0,0.0,1.9959,4.0744
1012,5.3,10.0,0.0,1.7893,3.9835
1013,4.6,9.0,0.0,1.4955,3.9042
1014,4.3,10.0,0.0,1.5882,3.9404
1015,3.9,6.0,0.0,1.3409,3.9139
1016,3.6,5.0,0.0,1.2206,3.9124
1017,3.7,5.0,0.0,1.184,3.9419
1018,2.9,5.0,0.0,1.0227,3.8991
1019,3.3,4.0,0.0,1.1304,3.9955
1020,3.2,6.0,0.0,1.1108,3.9457
1021,5.5,10.0,0.0,1.7979,3.9316
1022,3.5,6.0,0.0,1.2058,3.9446
1023,4.6,8.0,0.0,1.5301,3.8662
1024,5.2,9.0,0.0,1.6639,4.0726
1025,5.7,9.0,0.0,1.7921,4.0612
1026,6.3,11.0,0.0,2.0713,4.0257
1027,5.1,8.0,0.0,1.5888,3.9749
1028,5.6,10.0,0.0,1.7678,3.9889
1029,4.8,6.0,0.0,1.5013,3.9308
1030,5.0,8.0,0.0,1.6454,4.0308
1031,3.9,5.0,0.0,1.2609,3.8883
1032,3.6,5.0,0.0,1.2782,3.9692
1033,4.1,7.0,0.0,1.337,3.8854
1034,5.2,8.0,0.0,1.651,3.9824
1035,3.2,5.0,0.0,1.0588,3.956
1036,5.3,8.0,0.0,1.7088,4.0105
1037,4.6,9.0,0.0,1.56,3.9765
1038,3.6,6.0,0.0,1.1687,3.9886
1039,4.2,7.0,0.0,1.4214,3.9741
1040,3.4,4.0,0.0,1.1874,3.9733
1041,4.3,7.0,0.0,1.4354,3.8166
1042,4.2,6.0,0.0,1.3625,3.8553
1043,3.0,5.0,0.0,1.0105,3.875
1044,3.8,7.0,0.0,1.2937,3.9857
1045,3.5,7.0,0.0,1.1718,3.942
1046,5.2,8.0,0.0,1.6372,4.0208
1047,4.7,6.0,0.0,1.485,3.9771
1048,4.2,6.0,0.0,1.345,3.9229
1049,5.5,11.0,0.0,1.8539,3.9499
1050,3.6,6.0,0.0,1.2484,3.8283
1051,4.9,10.0,0.0,1.659,4.0682
1052,4.5,6.0,0.0,1.3877,4.0174
1053,5.7,10.0,0.0,1.8138,3.9974
1054,3.5,8.0,0.0,1.2446,3.9152
1055,3.8,8.0,0.0,1.2859,3.9524
1056,3.3,7.0,0.0,1.1011,4.0545
1057,3.4,6.0,0.0,1.1225,4.1362
1058,3.8,9.0,0.0,1.3288,4.1638
1059,4.4,6.0,0.0,1.4429,4.1608
1060,5.1,8.0,0.0,1.6086,4.1523
1061,2.8,4.0,0.0,0.9763,4.1146
1062,4.7,10.0,0.0,1.566,4.3439
1063,5.3,8.0,0.0,1.6881,4.2134
1064,4.8,8.0,0.0,1.5124,4.181
1065,4.9,9.0,0.0,1.5855,4.1908
1066,4.9,13.0,0.0,1.8282,4.2396
1067,4.4,6.0,0.0,1.4697,4.097
1068,5.0,7.0,0.0,1.5792,4.1292
1069,3.5,4.0,0.0,1.1162,4.046
1070,4.0,7.0,0.0,1.3295,3.8982
1071,4.4,6.0,0.0,1.433,3.9506
1072,4.6,7.0,0.0,1.4925,3.8142
1073,4.7,9.0,0.0,1.6103,3.9102
1074,4.6,6.0,0.0,1.4741,4.1289
1075,5.0,8.0,0.0,1.643,3.9749
1076,5.6,7.0,0.0,1.7944,4.1114
1077,6.3,11.0,0.0,2.0316,4.2896
1078,3.7,6.0,0.0,1.2395,4.2173
1079,4.1,5.0,0.0,1.3409,4.096
1080,3.7,6.0,0.0,1.2484,3.9643
1081,3.7,8.0,0.0,1.2484,3.9705
1082,3.2,5.0,0.0,1.0575,3.9853
1083,4.7,7.0,0.0,1.4918,4.034
1084,4.7,6.0,0.0,1.5033,4.0605
1085,5.0,11.0,0.0,1.6665,4.0914
1086,4.6,7.0,0.0,1.5316,4.0217
1087,4.1,7.0,0.0,1.3681,3.9836
1088,4.0,7.0,0.0,1.2798,4.0448
1089,4.9,9.0,0.0,1.5729,4.0447
1090,3.9,5.0,0.0,1.296,4.0507
1091,4.5,7.0,0.0,1.5739,4.0711
1092,4.2,6.0,0.0,1.3889,4.0167
1093,4.6,8.0,0.0,1.501,3.9549
1094,4.2,6.0,0.0,1.4169,3.8705
1095,5.0,7.0,0.0,1.5914,3.9154
1096,4.4,8.0,0.0,1.4481,3.8219
1097,5.3,7.0,0.0,1.6492,3.8645
1098,4.9,8.0,0.0,1.6,4.1163
1099,4.7,6.0,0.0,1.5,3.9309
1100,5.2,9.0,0.0,1.7087,3.9171
1101,3.6,6.0,0.0,1.2206,3.8391
1102,4.2,6.0,0.0,1.3905,3.9796
1103,3.9,6.0,0.0,1.2526,3.8533
1104,4.9,10.0,0.0,1.727,3.8767
1105,3.7,6.0,0.0,1.2189,3.8703
1106,4.3,6.0,0.0,1.4073,4.1953
1107,5.2,9.0,0.0,1.7139,3.9665
1108,3.4,4.0,0.0,1.1105,3.9416
1109,4.5,7.0,0.0,1.5303,3.9865
1110,4.0,5.0,0.0,1.2643,3.997
1111,4.2,5.0,0.0,1.3363,3.9517
1112,4.8,8.0,0.0,1.5981,3.8973
1113,3.3,5.0,0.0,1.0889,3.7419
1114,3.8,6.0,0.0,1.2649,3.7536
1115,3.9,6.0,0.0,1.2648,3.8356
1116,3.3,6.0,0.0,1.1314,3.7763
1117,3.5,5.0,0.0,1.1497,3.8808
1118,4.9,9.0,0.0,1.6454,3.886
1119,3.3,6.0,0.0,1.1128,3.9431
1120,3.7,5.0,0.0,1.2464,4.031
1121,8.4,13.0,0.0,2.5899,4.1507
1122,6.2,7.0,0.0,1.9255,4.165
1123,4.1,7.0,0.0,1.348,3.9207
1124,6.3,11.0,0.0,1.9961,3.9503
1125,4.2,7.0,0.0,1.4541,3.8968
1126,4.7,7.0,0.0,1.5213,3.979
1127,3.6,6.0,0.0,1.2124,3.9384
1128,3.9,7.0,0.0,1.2955,3.9397
1129,3.6,5.0,0.0,1.1567,3.9069
1130,4.3,6.0,0.0,1.4607,3.8662
1131,4.7,7.0,0.0,1.497,4.0739
1132,5.8,9.0,0.0,1.8575,4.2571
1133,5.5,8.0,0.0,1.7342,4.1447
1134,4.8,8.0,0.0,1.6168,4.1371
1135,5.6,11.0,0.0,1.8841,3.9866
1136,4.8,7.0,0.0,1.4917,3.8332
1137,4.1,6.0,0.0,1.3242,3.7793
1138,3.9,8.0,0.0,1.3067,3.7914
1139,3.7,7.0,0.0,1.252,3.8718
1140,4.0,8.0,0.0,1.3288,3.841
1141,5.5,8.0,0.0,1.7542,3.9735
1142,4.8,7.0,0.0,1.5645,4.1115
1143,4.4,12.0,0.0,1.584,4.2186
1144,4.1,5.0,0.0,1.3331,4.1162
1145,4.4,6.0,0.0,1.4393,4.0689
1146,4.3,7.0,0.0,1.4092,3.9161
1147,5.5,9.0,0.0,1.8184,4.0371
1148,7.9,12.0,0.0,2.4731,4.2864
1149,7.6,11.0,0.0,2.4317,4.5083
1150,4.3,8.0,0.0,1.4101,3.9694
1151,5.4,10.0,0.0,1.7892,4.0268
1152,4.1,6.0,0.0,1.3115,3.8987
1153,3.8,6.0,0.0,1.2124,4.0897
1154,3.9,6.0,0.0,1.3058,3.9318
1155,5.0,12.0,0.0,1.7425,3.9147
1156,4.0,6.0,0.0,1.2779,3.9495
1157,5.1,9.0,0.0,1.6772,4.0632
1158,4.9,8.0,0.0,1.5452,4.0986
1159,3.9,6.0,0.0,1.252,3.9995
1160,6.0,9.0,0.0,1.8762,4.2325
1161,6.8,11.0,0.0,2.1512,4.208
1162,9.7,19.0,0.0,3.1546,4.1281
1163,6.7,16.0,0.0,2.263,4.0892
1164,4.2,7.0,0.0,1.3892,3.9541
1165,4.0,7.0,0.0,1.3438,3.903
1166,4.7,10.0,0.0,1.5813,3.8934
1167,6.3,10.0,0.0,2.0029,3.9695
1168,5.8,10.0,0.0,1.9134,4.0575
1169,3.5,4.0,0.0,1.1646,4.0966
1170,2.6,4.0,0.0,0.8807,3.9198
1171,4.5,8.0,0.0,1.4917,4.0392
1172,3.2,6.0,0.0,1.1032,4.0208
1173,3.8,6.0,0.0,1.2278,3.9736
1174,4.6,8.0,0.0,1.4972,4.1115
1175,4.7,9.0,0.0,1.5419,4.0942
1176,5.5,9.0,0.0,1.7314,4.1224
1177,5.7,11.0,0.0,1.8841,4.1411
1178,4.2,6.0,0.0,1.366,4.0746
1179,5.2,8.0,0.0,1.6588,4.0166
1180,6.4,10.0,0.0,2.0122,3.9853
1181,4.3,6.0,0.0,1.4457,3.8452
1182,3.8,5.0,0.0,1.2285,3.918
1183,3.1,5.0,0.0,1.0594,4.1256
1184,4.1,7.0,0.0,1.3379,3.9276
1185,4.9,11.0,0.0,1.6708,3.9021
1186,4.5,6.0,0.0,1.4664,3.9653
1187,5.4,7.0,0.0,1.6678,3.9444
1188,5.1,7.0,0.0,1.578,4.0207
1189,6.0,10.0,0.0,1.886,4.2316
1190,3.9,5.0,0.0,1.2728,4.2621
1191,6.2,10.0,0.0,1.8668,4.287
1192,4.4,7.0,0.0,1.4177,4.215
1193,3.9,6.0,0.0,1.306,4.2908
1194,4.2,7.0,0.0,1.4387,4.237
1195,4.1,6.0,0.0,1.3092,4.2705
1196,4.0,5.0,0.0,1.3076,4.1869
1197,5.3,14.0,0.0,1.8649,4.1731
1198,4.9,6.0,0.0,1.5322,4.2191
1199,4.0,8.0,0.0,1.3348,4.2777
1200,4.7,9.0,0.0,1.497,4.1117
1201,4.1,7.0,0.0,1.371,4.0045
1202,4.4,7.0,0.0,1.3964,3.8379
1203,3.5,6.0,0.0,1.1667,3.8836
1204,3.9,9.0,0.0,1.3554,4.0209
1205,5.1,8.0,0.0,1.6401,4.1767
1206,4.0,6.0,0.0,1.315,4.0566
1207,3.3,6.0,0.0,1.1539,3.9445
1208,4.2,6.0,0.0,1.3877,4.1597
1209,4.7,7.0,0.0,1.4903,4.0932
1210,5.5,8.0,0.0,1.7621,4.2094
1211,5.6,9.0,0.0,1.7746,4.3017
1212,4.4,8.0,0.0,1.4852,4.1626
1213,5.5,7.0,0.0,1.6641,4.1948
1214,3.9,6.0,0.0,1.2923,4.1369
1215,3.8,6.0,0.0,1.2408,3.9262
1216,4.3,5.0,0.0,1.4323,4.007
1217,4.3,6.0,0.0,1.3718,3.9698
1218,4.2,6.0,0.0,1.3467,3.9916
1219,5.8,12.0,0.0,1.9442,4.0677
1220,3.8,10.0,0.0,1.3528,3.934
1221,4.5,7.0,0.0,1.4858,3.8024
1222,3.8,5.0,0.0,1.2074,3.8277
1223,6.8,13.0,0.0,2.1944,4.1103
1224,8.3,11.0,0.0,2.5434,4.3617
1225,9.3,17.0,0.0,3.134,4.5791
1226,7.5,10.0,0.0,2.3984,4.1895
1227,6.6,12.0,0.0,2.1465,3.9382
1228,14.1,27.0,0.0,4.6028,4.4178
1229,8.9,14.0,0.0,2.816,4.2622
1230,7.3,15.0,0.0,2.4137,4.196
1231,5.2,7.0,0.0,1.752,3.9149
1232,5.0,7.0,0.0,1.654,4.0137
1233,3.8,6.0,0.0,1.3159,3.9846
1234,5.5,9.0,0.0,1.7856,3.9905
1235,4.2,9.0,0.0,1.4586,3.9327
1236,5.1,8.0,0.0,1.6148,3.9461
1237,3.7,5.0,0.0,1.2526,3.9707
1238,4.8,10.0,0.0,1.6118,3.8648
1239,3.9,6.0,0.0,1.2648,3.8256
1240,3.3,6.0,0.0,1.0927,3.9037
1241,3.6,7.0,0.0,1.2239,3.8872
1242,3.7,5.0,0.0,1.1789,3.9041
1243,3.6,6.0,0.0,1.184,3.8989
1244,2.8,4.0,0.0,0.9806,3.9091
1245,4.0,6.0,0.0,1.3134,3.9326
1246,4.0,7.0,0.0,1.3733,3.7305
1247,5.2,9.0,0.0,1.6217,3.8248
1248,3.3,5.0,0.0,1.0618,3.9803
1249,3.5,5.0,0.0,1.1973,3.9209
1250,4.6,8.0,0.0,1.4697,4.0207
1251,4.4,7.0,0.0,1.3537,4.0832
1252,5.4,10.0,0.0,1.8,4.2365
1253,4.3,7.0,0.0,1.4309,4.3375
1254,4.5,7.0,0.0,1.4412,4.302
1255,5.7,12.0,0.0,2.0025,4.3568
1256,5.4,9.0,0.0,1.7646,4.176
1257,4.0,5.0,0.0,1.2961,4.1148
1258,4.2,7.0,0.0,1.3601,4.0834
1259,3.7,8.0,0.0,1.2327,4.0218
1260,3.3,5.0,0.0,1.0886,4.1235
1261,4.9,9.0,0.0,1.6716,3.981
1262,3.2,4.0,0.0,1.0394,3.9604
1263,3.6,5.0,0.0,1.1779,3.9129
1264,4.4,5.0,0.0,1.416,3.9198
1265,4.1,8.0,0.0,1.4347,3.9792
1266,3.9,7.0,0.0,1.2845,3.9859
1267,3.7,5.0,0.0,1.3109,3.9839
1268,5.8,10.0,0.0,1.8692,4.0922
1269,4.5,7.0,0.0,1.4169,4.0201
1270,3.9,6.0,0.0,1.2816,3.9675
1271,4.0,7.0,0.0,1.3759,3.9276
1272,6.7,12.0,0.0,2.1284,4.3733
1273,5.1,8.0,0.0,1.654,4.383
1274,2.7,4.0,0.0,0.9149,4.0212
1275,5.5,13.0,0.0,1.8775,4.2917
1276,5.6,9.0,0.0,1.7883,4.1484
1277,4.1,5.0,0.0,1.3812,3.9863
1278,3.7,5.0,0.0,1.2408,3.9522
1279,4.9,16.0,0.0,1.9084,3.9735
1280,5.1,10.0,0.0,1.6284,3.8907
1281,5.1,10.0,0.0,1.6271,3.9657
1282,3.6,6.0,0.0,1.1374,4.0334
1283,4.6,6.0,0.0,1.5024,4.1046
1284,4.4,7.0,0.0,1.4616,3.9486
1285,3.8,4.0,0.0,1.2223,4.0593
1286,4.8,8.0,0.0,1.6053,4.132
1287,4.5,5.0,0.0,1.4343,4.022
1288,4.6,8.0,0.0,1.5418,4.0237
1289,3.4,9.0,0.0,1.251,3.9692
1290,5.5,11.0,0.0,1.8503,4.2944
1291,5.3,8.0,0.0,1.7517,4.214
1292,5.9,10.0,0.0,1.8991,4.2375
1293,4.6,7.0,0.0,1.4812,4.0699
1294,4.2,7.0,0.0,1.3625,3.9173
1295,4.2,7.0,0.0,1.3778,3.7753
1296,4.3,5.0,0.0,1.3268,3.7944
1297,4.2,11.0,0.0,1.5487,3.8184
1298,5.8,14.0,0.0,2.0069,4.0104
1299,4.8,7.0,0.0,1.5588,3.9133
1300,5.5,8.0,0.0,1.7383,3.9386
1301,4.5,7.0,0.0,1.416,3.9184
1302,5.6,9.0,0.0,1.7365,4.2053
1303,3.4,5.0,0.0,1.1162,3.9715
1304,3.6,7.0,0.0,1.2236,3.925
1305,3.3,5.0,0.0,1.0941,3.8428
1306,5.3,11.0,0.0,1.7587,4.0316
1307,5.0,10.0,0.0,1.6584,3.9638
1308,3.6,6.0,0.0,1.2124,3.9293
1309,4.9,10.0,0.0,1.6774,3.8855
1310,2.7,4.0,0.0,0.94,3.9039
1311,4.3,6.0,0.0,1.3883,3.88
1312,4.6,7.0,0.0,1.4559,3.9802
1313,3.2,4.0,0.0,1.0478,3.8681
1314,2.7,4.0,0.0,0.9381,3.9794
1315,4.1,9.0,0.0,1.4064,4.0083
1316,3.9,5.0,0.0,1.2648,3.8275
1317,5.0,9.0,0.0,1.607,3.9196
1318,5.3,10.0,0.0,1.7437,3.9725
1319,5.2,9.0,0.0,1.7022,4.0373
1320,5.3,12.0,0.0,1.8667,4.0907
1321,3.6,5.0,0.0,1.1803,3.9721
1322,5.8,8.0,0.0,1.8356,3.9722
1323,5.4,9.0,0.0,1.7738,3.9848
1324,3.9,6.0,0.0,1.3319,3.8721
1325,5.2,9.0,0.0,1.7094,4.1106
1326,4.1,8.0,0.0,1.3698,4.0572
1327,5.6,10.0,0.0,1.7703,4.0394
1328,3.5,6.0,0.0,1.1749,4.0316
1329,4.8,6.0,0.0,1.5675,4.0263
1330,3.3,5.0,0.0,1.0959,4.0552
1331,5.0,9.0,0.0,1.6665,4.181
1332,4.7,7.0,0.0,1.509,3.9749
1333,5.8,10.0,0.0,1.8945,4.074
1334,5.1,7.0,0.0,1.6746,4.0921
1335,4.0,6.0,0.0,1.3403,4.204
1336,4.8,13.0,0.0,1.7299,4.1503
1337,4.9,6.0,0.0,1.658,3.959
1338,4.3,5.0,0.0,1.3592,4.1086
1339,6.8,19.0,0.0,2.4264,4.1031
1340,4.6,7.0,0.0,1.4654,3.8302
1341,3.3,5.0,0.0,1.1248,3.8736
1342,5.2,6.0,0.0,1.6619,3.8226
1343,3.1,4.0,0.0,1.0557,3.8181
1344,5.2,11.0,0.0,1.7187,4.0356
1345,4.5,9.0,0.0,1.4834,3.9756
1346,3.5,7.0,0.0,1.1948,3.8659
1347,3.6,5.0,0.0,1.241,3.8792
1348,3.1,4.0,0.0,1.0679,3.7366
1349,5.2,7.0,0.0,1.7293,4.0159
1350,5.2,9.0,0.0,1.7058,4.0884
1351,4.1,7.0,0.0,1.3831,3.9992
1352,5.9,10.0,0.0,1.8947,3.9522
1353,6.1,9.0,0.0,1.9727,4.2316
1354,6.6,9.0,0.0,2.0899,4.2981
1355,10.4,16.0,0.0,3.2872,4.6918
1356,4.5,5.0,0.0,1.4649,4.0609
1357,4.6,7.0,0.0,1.4545,3.9433
1358,3.1,4.0,0.0,1.0301,3.9243
1359,4.6,6.0,0.0,1.4791,3.9251
1360,3.3,4.0,0.0,1.0398,3.9523
1361,4.6,8.0,0.0,1.4925,3.8652
1362,4.1,5.0,0.0,1.3527,3.9528
1363,4.1,6.0,0.0,1.334,3.9502
1364,3.8,6.0,0.0,1.2948,3.9908
1365,5.1,8.0,0.0,1.677,3.9664
1366,4.2,6.0,0.0,1.3415,3.9458
1367,3.8,5.0,0.0,1.2349,3.8209
1368,3.5,5.0,0.0,1.1704,3.9785
1369,3.4,5.0,0.0,1.1402,3.9939
1370,3.8,6.0,0.0,1.3143,4.0492
1371,4.1,6.0,0.0,1.2555,4.0307
1372,3.7,8.0,0.0,1.2701,3.9473
1373,3.7,8.0,0.0,1.2403,3.8199
1374,3.8,6.0,0.0,1.206,3.8569
1375,3.9,6.0,0.0,1.2948,3.7718
1376,3.8,7.0,0.0,1.2779,3.8182
1377,3.2,5.0,0.0,1.0675,3.8165
1378,3.6,5.0,0.0,1.2021,3.8386
1379,4.2,7.0,0.0,1.3583,3.8531
1380,4.0,7.0,0.0,1.3318,3.8343
1381,4.3,7.0,0.0,1.3785,3.834
1382,4.1,8.0,0.0,1.3804,3.8467
1383,4.9,7.0,0.0,1.546,3.8703
1384,3.5,6.0,0.0,1.16,3.7805
1385,3.1,6.0,0.0,1.0618,3.7338
1386,2.5,6.0,0.0,0.8874,3.7072
1387,4.5,10.0,0.0,1.5198,3.8046
1388,3.5,5.0,0.0,1.1694,3.7674
1389,3.7,7.0,0.0,1.2411,3.814
1390,3.4,5.0,0.0,1.1225,3.8864
1391,4.5,9.0,0.0,1.56,3.9684
1392,4.9,8.0,0.0,1.5601,4.0232
1393,5.3,15.0,0.0,1.9266,3.9155
1394,3.5,5.0,0.0,1.1236,3.8083
1395,5.0,9.0,0.0,1.6437,3.9664
1396,4.3,6.0,0.0,1.3863,3.7852
1397,3.5,5.0,0.0,1.1747,3.7454
1398,4.2,7.0,0.0,1.3551,3.7671
1399,2.6,3.0,0.0,0.9022,3.8846
1400,4.0,6.0,0.0,1.3058,3.9664
1401,5.3,8.0,0.0,1.7246,3.8799
1402,3.5,6.0,0.0,1.244,3.9032
1403,4.3,8.0,0.0,1.4104,3.7535
1404,3.5,10.0,0.0,1.3077,3.7927
1405,4.0,6.0,0.0,1.2714,3.8224
1406,3.7,5.0,0.0,1.1704,4.0513
1407,3.1,4.0,0.0,1.0497,3.9427
1408,4.0,5.0,0.0,1.2688,3.9727
1409,5.7,11.0,0.0,1.8818,4.0263
1410,4.3,7.0,0.0,1.4239,3.8465
1411,4.4,7.0,0.0,1.4177,3.9164
1412,3.0,5.0,0.0,1.0121,3.9003
1413,4.3,7.0,0.0,1.3812,3.918
1414,3.1,4.0,0.0,1.0471,3.9999
1415,3.6,5.0,0.0,1.1749,3.8934
1416,3.7,5.0,0.0,1.2728,3.9468
1417,4.0,7.0,0.0,1.3379,3.9781
1418,4.0,6.0,0.0,1.3423,4.0434
1419,5.9,11.0,0.0,1.9266,4.0407
1420,3.7,5.0,0.0,1.1779,4.025
1421,5.5,9.0,0.0,1.7732,4.0701
1422,4.3,6.0,0.0,1.452,4.1707
1423,5.9,9.0,0.0,1.8477,4.1766
1424,4.6,10.0,0.0,1.5581,4.2453
1425,5.2,8.0,0.0,1.7116,4.1297
1426,5.2,7.0,0.0,1.6679,4.1095
1427,4.4,9.0,0.0,1.4344,4.2267
1428,4.3,6.0,0.0,1.3444,3.9541
1429,5.9,12.0,0.0,1.9894,4.202
1430,6.1,10.0,0.0,1.924,4.0768
1431,4.2,5.0,0.0,1.3068,3.9091
1432,4.9,10.0,0.0,1.5754,3.8921
1433,4.1,8.0,0.0,1.3691,3.8486
1434,3.6,6.0,0.0,1.2008,3.8812
1435,4.4,8.0,0.0,1.4933,3.8833
1436,4.3,8.0,0.0,1.4231,3.9246
1437,4.0,6.0,0.0,1.2701,3.9236
1438,4.3,6.0,0.0,1.3527,3.9169
1439,4.1,6.0,0.0,1.4193,4.0332
1440,4.2,7.0,0.0,1.4291,4.0446
1441,5.6,9.0,0.0,1.7268,4.2106
1442,6.8,9.0,0.0,2.1639,4.2977
1443,6.4,7.0,0.0,2.1486,4.3835
1444,6.0,8.0,0.0,1.9188,4.3973
1445,5.2,8.0,0.0,1.7219,4.1546
1446,4.6,7.0,0.0,1.4671,4.1034
1447,4.6,6.0,0.0,1.3695,3.9736
1448,5.5,8.0,0.0,1.7738,4.0118
1449,4.5,6.0,0.0,1.4676,3.9329
1450,5.0,7.0,0.0,1.7029,3.9598
1451,4.1,8.0,0.0,1.3137,4.0508
1452,6.7,10.0,0.0,2.0341,4.1234
1453,6.6,8.0,0.0,2.133,4.3148
1454,6.3,10.0,0.0,1.9729,4.2486
1455,6.6,13.0,0.0,2.2316,4.2767
1456,6.3,15.0,0.0,2.1159,4.1909
1457,8.7,11.0,0.0,2.6125,4.51
1458,6.9,11.0,0.0,2.2091,4.2945
1459,8.0,10.0,0.0,2.5131,4.4024
1460,7.0,14.0,0.0,2.2765,4.3913
1461,5.7,9.0,0.0,1.8475,4.0748
1462,5.2,8.0,0.0,1.6217,4.0833
1463,4.5,6.0,0.0,1.4448,4.23
1464,5.5,8.0,0.0,1.7619,4.1654
1465,7.0,16.0,0.0,2.3211,4.4872
1466,7.8,15.0,0.0,2.5318,4.3947
1467,12.3,25.0,0.0,3.9749,4.846
1468,11.7,16.0,0.0,3.4585,4.8874
1469,12.9,24.0,0.0,3.9842,4.8939
1470,6.4,8.0,0.0,1.9462,4.1651
1471,5.8,9.0,0.0,1.8005,4.0347
1472,4.6,7.0,0.0,1.4919,3.9723
1473,5.1,13.0,0.0,1.8198,3.9355
1474,3.8,6.0,0.0,1.2164,3.9748
1475,4.8,9.0,0.0,1.5739,3.9859
1476,4.7,8.0,0.0,1.5529,3.9467
1477,5.4,12.0,0.0,1.8529,3.9054
1478,6.0,9.0,0.0,1.9255,3.9464
1479,4.1,6.0,0.0,1.3363,3.8104
1480,3.9,5.0,0.0,1.322,3.8747
1481,5.2,8.0,0.0,1.6793,4.0697
1482,5.0,7.0,0.0,1.5991,3.8215
1483,3.6,6.0,0.0,1.182,3.7836
1484,4.9,7.0,0.0,1.5627,4.05
1485,4.7,8.0,0.0,1.5159,3.9651
1486,5.3,9.0,0.0,1.6796,4.0318
1487,10.9,19.0,0.0,3.5082,4.3285
1488,8.0,11.0,0.0,2.5775,4.3954
1489,9.7,14.0,0.0,2.9628,4.3425
1490,8.3,12.0,0.0,2.6139,4.043
1491,4.7,7.0,0.0,1.5374,3.9508
1492,4.2,6.0,0.0,1.4134,3.8855
1493,4.1,6.0,0.0,1.3266,3.8701
1494,3.6,9.0,0.0,1.2919,3.9228
1495,3.8,6.0,0.0,1.2859,3.8962
1496,3.1,8.0,0.0,1.1533,3.8512
1497,3.8,6.0,0.0,1.2317,3.8753
1498,4.0,5.0,0.0,1.2349,3.8649
1499,3.5,5.0,0.0,1.1216,3.8873
1500,3.0,7.0,0.0,1.0817,3.8802
1501,3.5,5.0,0.0,1.2189,3.8497
1502,4.6,6.0,0.0,1.5199,3.8573
1503,4.8,8.0,0.0,1.598,3.8244
1504,3.3,5.0,0.0,1.117,3.7992
1505,4.0,6.0,0.0,1.321,3.7782
1506,2.9,4.0,0.0,0.9965,3.9317
1507,4.5,10.0,0.0,1.5427,3.9024
1508,3.8,6.0,0.0,1.2764,3.9258
1509,3.0,4.0,0.0,1.0203,3.8727
1510,4.8,10.0,0.0,1.5982,3.9756
1511,4.7,9.0,0.0,1.6007,3.8926
1512,3.8,6.0,0.0,1.2648,3.9466
1513,3.7,5.0,0.0,1.183,3.9464
1514,3.8,5.0,0.0,1.296,3.934
1515,5.2,7.0,0.0,1.6475,4.03
1516,4.4,5.0,0.0,1.4063,4.0801
1517,4.2,6.0,0.0,1.3978,4.0055
1518,5.5,11.0,0.0,1.8496,3.9229
1519,6.9,18.0,0.0,2.4595,4.1713
1520,11.4,25.0,0.0,3.6843,4.397
1521,10.0,18.0,0.0,3.3656,4.8099
1522,6.4,8.0,0.0,1.9462,4.3564
1523,4.2,6.0,0.0,1.3642,4.1904
1524,4.2,7.0,0.0,1.3744,4.0776
1525,4.3,8.0,0.0,1.3826,4.1158
1526,3.8,5.0,0.0,1.2544,4.119
1527,4.6,8.0,0.0,1.5364,4.1254
1528,3.8,5.0,0.0,1.2884,4.1748
1529,4.3,6.0,0.0,1.4048,4.1267
1530,3.9,5.0,0.0,1.2997,4.0066
1531,6.2,11.0,0.0,1.9717,4.2207
1532,4.5,7.0,0.0,1.4663,4.2038
1533,4.2,6.0,0.0,1.4035,3.9429
1534,3.2,5.0,0.0,1.0897,3.9005
1535,4.2,6.0,0.0,1.3403,3.8504
1536,3.9,8.0,0.0,1.2981,3.9763
1537,3.8,6.0,0.0,1.2805,3.998
1538,3.9,6.0,0.0,1.2288,3.9624
1539,5.6,8.0,0.0,1.8455,3.9804
1540,3.3,7.0,0.0,1.2196,3.8953
1541,4.8,7.0,0.0,1.558,3.9591
1542,3.5,5.0,0.0,1.1615,3.9671
1543,4.0,5.0,0.0,1.2835,4.0541
1544,4.0,9.0,0.0,1.4169,4.0231
1545,4.4,7.0,0.0,1.4422,4.0084
1546,4.0,8.0,0.0,1.3015,4.0759
1547,3.7,7.0,0.0,1.2494,4.0394
1548,5.9,9.0,0.0,1.8552,4.2036
1549,6.1,8.0,0.0,1.817,4.1256
1550,5.1,8.0,0.0,1.6001,4.1201
1551,5.6,10.0,0.0,1.8231,4.106
1552,4.7,9.0,0.0,1.5848,4.0301
1553,5.1,9.0,0.0,1.6665,3.9772
1554,5.7,8.0,0.0,1.7533,3.9897
1555,5.3,7.0,0.0,1.6946,4.0016
1556,4.6,7.0,0.0,1.5596,4.1239
1557,5.8,8.0,0.0,1.7407,4.1593
1558,4.0,5.0,0.0,1.3257,4.0609
1559,4.1,8.0,0.0,1.3761,4.047
1560,4.6,9.0,0.0,1.5125,4.0712
1561,4.6,7.0,0.0,1.5703,4.1062
1562,5.7,9.0,0.0,1.8292,4.0982
1563,5.6,10.0,0.0,1.8303,4.0646
1564,3.4,5.0,0.0,1.109,4.023
1565,5.0,7.0,0.0,1.6239,3.9775
1566,4.9,6.0,0.0,1.525,3.9603
1567,5.4,7.0,0.0,1.7052,4.1226
1568,5.2,8.0,0.0,1.6776,4.089
1569,4.1,6.0,0.0,1.3422,4.2117
1570,4.4,7.0,0.0,1.4605,4.3372
1571,5.1,9.0,0.0,1.681,4.2463
1572,5.2,7.0,0.0,1.6665,4.1527
1573,6.1,10.0,0.0,1.9447,4.2559
1574,4.2,6.0,0.0,1.3504,4.1089
1575,5.9,9.0,0.0,1.9427,4.1523
1576,6.9,9.0,0.0,2.1368,4.1265
1577,4.4,6.0,0.0,1.4121,4.1411
1578,6.1,14.0,0.0,2.0648,4.2734
1579,6.0,8.0,0.0,1.9442,4.3381
1580,6.6,11.0,0.0,2.0642,4.2324
1581,5.6,10.0,0.0,1.8824,3.9997
1582,4.2,6.0,0.0,1.3572,3.9692
1583,5.1,8.0,0.0,1.7001,4.0539
1584,4.4,6.0,0.0,1.3908,4.0376
1585,4.6,9.0,0.0,1.5387,4.0
1586,3.1,7.0,0.0,1.1347,3.9396
1587,5.2,8.0,0.0,1.7927,3.9639
1588,4.3,7.0,0.0,1.3803,3.9125
1589,4.8,6.0,0.0,1.4771,3.9655
1590,4.6,7.0,0.0,1.5213,4.0062
1591,3.7,6.0,0.0,1.2173,3.9614
1592,3.4,5.0,0.0,1.087,3.8828
1593,4.5,10.0,0.0,1.51,3.8297
1594,3.5,5.0,0.0,1.1259,3.7805
1595,6.4,11.0,0.0,2.0606,3.8581
1596,5.3,7.0,0.0,1.6435,3.97
1597,4.1,6.0,0.0,1.3423,3.9621
1598,3.2,5.0,0.0,1.0817,3.9608
1599,3.9,9.0,0.0,1.3259,3.9443
1600,4.2,6.0,0.0,1.3791,3.8909
1601,4.8,7.0,0.0,1.5898,3.8826
1602,4.3,7.0,0.0,1.4188,3.8473
1603,3.6,5.0,0.0,1.179,3.8849
1604,4.4,5.0,0.0,1.4064,3.7975
1605,3.6,6.0,0.0,1.1965,3.7308
1606,3.5,6.0,0.0,1.2074,3.8252
1607,5.1,11.0,0.0,1.7534,3.9932
1608,3.5,5.0,0.0,1.1473,3.8523
1609,3.5,5.0,0.0,1.1315,3.8443
1610,4.5,15.0,0.0,1.7725,3.8971
1611,3.8,6.0,0.0,1.1834,3.841
1612,4.3,7.0,0.0,1.4207,3.8715
1613,4.3,6.0,0.0,1.3811,3.8303
1614,3.8,5.0,0.0,1.2159,3.8871
1615,4.7,7.0,0.0,1.4925,3.866
1616,4.3,6.0,0.0,1.3955,3.8852
1617,5.3,7.0,0.0,1.6756,3.9814
1618,3.5,5.0,0.0,1.1576,3.8828
1619,3.4,4.0,0.0,1.1287,3.8209
1620,4.1,7.0,0.0,1.3242,3.869
1621,3.2,4.0,0.0,1.0557,3.7882
1622,4.0,6.0,0.0,1.3,3.7969
1623,3.7,6.0,0.0,1.2164,3.8039
1624,4.2,5.0,0.0,1.3784,3.8683
1625,3.9,5.0,0.0,1.334,3.9118
1626,4.2,5.0,0.0,1.3423,4.0302
1627,7.1,13.0,0.0,2.3383,4.0152
1628,4.9,8.0,0.0,1.533,3.8894
1629,4.2,7.0,0.0,1.3674,3.8582
1630,4.8,7.0,0.0,1.4903,3.9722
1631,4.0,6.0,0.0,1.3014,3.8483
1632,3.8,8.0,0.0,1.2651,3.8051
1633,4.3,8.0,0.0,1.4284,4.0881
1634,4.0,7.0,0.0,1.244,3.9526
1635,3.3,5.0,0.0,1.128,3.8865
1636,4.1,6.0,0.0,1.3334,3.998
1637,4.9,7.0,0.0,1.4941,3.9484
1638,4.0,6.0,0.0,1.3856,3.8873
1639,4.6,8.0,0.0,1.4741,3.9788
1640,6.6,12.0,0.0,2.1665,4.1215
1641,11.8,21.0,0.0,3.6914,4.6584
1642,9.2,15.0,0.0,2.839,4.547
1643,10.7,16.0,0.0,3.2465,4.531
1644,9.5,14.0,0.0,2.9552,4.4199
1645,10.1,14.0,0.0,3.1093,4.5287
1646,8.4,14.0,0.0,2.6432,4.4758
1647,8.3,11.0,0.0,2.5274,4.4147
1648,6.5,9.0,0.0,1.9447,4.5155
1649,5.7,14.0,0.0,1.9566,4.0411
1650,4.8,8.0,0.0,1.578,3.9073
1651,3.9,6.0,0.0,1.2971,3.9153
1652,4.8,7.0,0.0,1.5851,3.8931
1653,4.5,6.0,0.0,1.4291,3.8829
1654,4.5,7.0,0.0,1.4697,3.865
1655,4.4,7.0,0.0,1.3843,3.9277
1656,5.4,9.0,0.0,1.7408,3.9177
1657,5.0,10.0,0.0,1.6401,3.8907
1658,4.4,7.0,0.0,1.482,3.9115
1659,4.6,9.0,0.0,1.5426,3.8778
1660,4.6,7.0,0.0,1.4919,3.918
1661,4.8,7.0,0.0,1.5133,3.8981
1662,5.0,7.0,0.0,1.5718,4.0598
1663,4.8,7.0,0.0,1.6329,4.0023
1664,6.0,12.0,0.0,1.941,4.074
1665,7.0,11.0,0.0,2.2605,4.082
1666,4.5,9.0,0.0,1.496,3.8488
1667,3.9,6.0,0.0,1.2767,3.8898
1668,4.4,8.0,0.0,1.4048,3.9031
1669,3.8,5.0,0.0,1.3025,3.9326
1670,4.5,9.0,0.0,1.5387,3.9467
1671,3.6,5.0,0.0,1.1746,3.935
1672,5.9,10.0,0.0,1.9161,4.0401
1673,5.6,9.0,0.0,1.7636,4.0178
1674,5.1,8.0,0.0,1.6651,3.8768
1675,4.3,6.0,0.0,1.3632,3.872
1676,4.6,7.0,0.0,1.5256,3.9159
1677,4.9,7.0,0.0,1.5561,3.8272
1678,4.1,5.0,0.0,1.337,3.8303
1679,4.7,7.0,0.0,1.4893,3.8027
1680,4.5,9.0,0.0,1.5692,3.8705
1681,3.4,5.0,0.0,1.2124,3.844
1682,3.6,6.0,0.0,1.2186,3.9418
1683,3.7,5.0,0.0,1.2688,3.9935
1684,3.9,6.0,0.0,1.2792,3.8264
1685,5.2,8.0,0.0,1.7331,3.9628
1686,6.9,11.0,0.0,2.1728,4.0713
1687,5.3,8.0,0.0,1.7266,3.9474
1688,5.8,9.0,0.0,1.7802,4.023
1689,4.9,11.0,0.0,1.6167,4.1317
1690,4.2,9.0,0.0,1.4442,4.0737
1691,4.7,8.0,0.0,1.5598,4.1081
1692,4.4,7.0,0.0,1.4183,4.1286
1693,5.6,10.0,0.0,1.8182,4.1401
1694,4.9,7.0,0.0,1.6677,4.1017
1695,4.4,8.0,0.0,1.4525,4.0609
1696,6.3,11.0,0.0,2.0445,4.0096
1697,3.9,6.0,0.0,1.3,3.8224
1698,3.4,4.0,0.0,1.1,3.91
1699,3.8,5.0,0.0,1.252,4.0091
1700,4.3,8.0,0.0,1.4796,4.0205
1701,4.2,7.0,0.0,1.382,3.9677
1702,3.5,7.0,0.0,1.1977,3.9901
1703,4.6,10.0,0.0,1.5562,3.935
1704,4.0,5.0,0.0,1.2859,3.7813
1705,4.7,6.0,0.0,1.4468,3.8624
1706,5.3,7.0,0.0,1.6,3.8719
1707,3.4,5.0,0.0,1.1465,3.7527
1708,3.6,5.0,0.0,1.1749,3.752
1709,3.8,7.0,0.0,1.3153,3.7926
1710,4.1,7.0,0.0,1.3598,3.7635
1711,3.2,5.0,0.0,1.1047,3.8158
1712,4.7,8.0,0.0,1.5381,3.8891
1713,4.2,6.0,0.0,1.3977,3.9269
1714,4.5,6.0,0.0,1.4493,3.8414
1715,5.1,9.0,0.0,1.6532,3.9183
1716,4.5,7.0,0.0,1.4422,3.9637
1717,3.9,7.0,0.0,1.303,3.9636
1718,3.4,7.0,0.0,1.1908,3.8479
1719,4.3,7.0,0.0,1.4027,3.8286
1720,5.9,11.0,0.0,1.926,3.9883
1721,5.7,9.0,0.0,1.8488,3.8774
1722,4.9,10.0,0.0,1.6153,4.0795
1723,7.5,10.0,0.0,2.3434,4.0265
1724,8.3,14.0,0.0,2.6695,3.9984
1725,6.2,8.0,0.0,1.9519,4.1852
1726,8.4,11.0,0.0,2.6766,4.4455
1727,8.8,14.0,0.0,2.7644,4.3869
1728,7.7,15.0,0.0,2.4794,4.473
1729,7.7,13.0,0.0,2.4536,4.3819
1730,7.2,12.0,0.0,2.2377,4.2782
1731,5.9,7.0,0.0,1.9186,4.3059
1732,7.2,11.0,0.0,2.222,4.1496
1733,6.3,11.0,0.0,2.0291,4.2787
1734,5.9,9.0,0.0,1.9093,4.2416
1735,4.7,9.0,0.0,1.4968,4.1436
1736,3.3,5.0,0.0,1.0989,4.0236
1737,5.2,9.0,0.0,1.6919,4.0076
1738,3.9,6.0,0.0,1.345,3.9037
1739,3.8,6.0,0.0,1.2948,3.8587
1740,4.3,6.0,0.0,1.3783,3.9092
1741,3.7,6.0,0.0,1.1874,3.8904
1742,4.7,6.0,0.0,1.4984,3.9582
1743,4.5,6.0,0.0,1.4239,3.9844
1744,5.4,9.0,0.0,1.7245,3.8866
1745,4.1,6.0,0.0,1.3336,3.7901
1746,6.1,9.0,0.0,1.9088,3.9615
1747,4.6,10.0,0.0,1.6001,3.8954
1748,4.7,7.0,0.0,1.5072,3.8854
1749,3.3,4.0,0.0,1.1091,3.915
1750,4.0,6.0,0.0,1.3328,3.9334
1751,3.4,6.0,0.0,1.134,3.9134
1752,5.1,9.0,0.0,1.5999,4.0005
1753,5.4,9.0,0.0,1.7521,4.0549
1754,4.7,6.0,0.0,1.4517,4.0507
1755,5.2,7.0,0.0,1.6812,3.979
1756,5.1,8.0,0.0,1.7011,4.0327
1757,4.3,5.0,0.0,1.3934,3.943
1758,4.4,5.0,0.0,1.4018,3.9311
1759,4.9,9.0,0.0,1.6265,3.9179
1760,6.9,12.0,0.0,2.1728,4.0281
1761,5.8,8.0,0.0,1.8697,4.0868
1762,4.4,8.0,0.0,1.4736,4.041
1763,3.8,5.0,0.0,1.2795,4.0229
1764,3.8,6.0,0.0,1.2278,3.7934
1765,4.4,7.0,0.0,1.4379,3.7855
1766,4.9,9.0,0.0,1.6031,3.8028
1767,4.7,9.0,0.0,1.6488,3.7401
1768,3.8,7.0,0.0,1.2536,3.8483
1769,4.1,6.0,0.0,1.3739,3.9092
1770,3.6,6.0,0.0,1.2068,3.9103
1771,4.7,7.0,0.0,1.5118,3.8985
1772,3.8,7.0,0.0,1.2722,3.9403
1773,3.6,6.0,0.0,1.2057,3.9427
1774,4.8,7.0,0.0,1.5183,3.9816
1775,4.9,7.0,0.0,1.5969,3.9313
1776,4.0,7.0,0.0,1.2845,3.8615
1777,3.7,7.0,0.0,1.2922,4.0942
1778,4.4,7.0,0.0,1.4465,4.0621
1779,3.8,6.0,0.0,1.2767,4.0704
1780,5.8,8.0,0.0,1.7925,4.1801
1781,5.3,10.0,0.0,1.761,4.1732
1782,5.1,7.0,0.0,1.6248,4.1488
1783,5.5,7.0,0.0,1.74,4.126
1784,4.8,7.0,0.0,1.5606,4.0393
1785,3.9,6.0,0.0,1.2729,3.9952
1786,4.7,7.0,0.0,1.4741,3.9999
1787,4.1,6.0,0.0,1.3918,3.9807
1788,3.6,8.0,0.0,1.245,3.9463
1789,5.9,11.0,0.0,1.8924,3.9698
1790,4.3,8.0,0.0,1.4071,3.8746
1791,3.7,5.0,0.0,1.2288,3.9992
1792,3.3,4.0,0.0,1.1011,3.8427
1793,4.5,8.0,0.0,1.5199,3.9406
1794,4.3,7.0,0.0,1.3713,4.0235
1795,6.7,12.0,0.0,2.1954,4.2361
1796,8.7,15.0,0.0,2.8088,4.4609
1797,7.5,11.0,0.0,2.3409,4.4033
1798,6.6,7.0,0.0,1.952,4.447
1799,6.5,9.0,0.0,2.0214,4.1729
1800,4.9,6.0,0.0,1.5199,4.1423
1801,4.6,7.0,0.0,1.5053,4.1331
1802,4.4,9.0,0.0,1.513,4.0987
1803,4.8,10.0,0.0,1.619,3.8581
1804,3.8,7.0,0.0,1.2701,3.8926
1805,4.6,6.0,0.0,1.4605,3.8995
1806,6.5,14.0,0.0,2.1802,4.1646
1807,4.7,11.0,0.0,1.6351,3.9466
1808,2.9,4.0,0.0,0.9631,3.8688
1809,3.8,6.0,0.0,1.3067,3.9483
1810,3.6,4.0,0.0,1.1825,3.8014
1811,4.3,5.0,0.0,1.4027,3.8988
1812,3.2,5.0,0.0,1.0675,3.826
1813,3.8,6.0,0.0,1.2568,3.8164
1814,4.4,7.0,0.0,1.4318,3.8533
1815,4.2,7.0,0.0,1.3935,3.8692
1816,3.7,6.0,0.0,1.2643,3.818
1817,4.1,8.0,0.0,1.4214,3.8505
1818,4.0,7.0,0.0,1.324,3.8196
1819,3.9,5.0,0.0,1.2983,3.8627
1820,4.9,8.0,0.0,1.5624,3.8988
1821,4.1,6.0,0.0,1.3343,4.0114
1822,3.2,5.0,0.0,1.0908,3.9397
1823,5.3,10.0,0.0,1.799,4.0587
1824,3.7,6.0,0.0,1.2124,3.8338
1825,5.0,7.0,0.0,1.6076,3.8817
1826,4.4,8.0,0.0,1.4973,3.8727
1827,5.1,10.0,0.0,1.6912,3.9678
1828,7.5,12.0,0.0,2.3454,3.9858
1829,4.5,7.0,0.0,1.4354,3.9983
1830,4.9,8.0,0.0,1.5955,3.897
1831,3.0,5.0,0.0,0.9969,3.8418
1832,4.7,7.0,0.0,1.5277,3.8685
1833,4.6,7.0,0.0,1.5053,3.865
1834,4.2,6.0,0.0,1.3688,3.9512
1835,5.0,9.0,0.0,1.6653,4.0288
1836,4.6,9.0,0.0,1.5106,4.0253
1837,4.8,8.0,0.0,1.5169,3.9897
1838,5.0,7.0,0.0,1.5596,3.9611
1839,5.5,11.0,0.0,1.852,3.9471
1840,3.5,5.0,0.0,1.1287,3.9945
1841,5.1,8.0,0.0,1.6129,4.0578
1842,3.9,6.0,0.0,1.2484,3.974
1843,3.8,5.0,0.0,1.244,4.0325
1844,5.7,10.0,0.0,1.9048,3.9598
1845,4.8,7.0,0.0,1.5315,4.0356
1846,3.4,6.0,0.0,1.1347,3.9288
1847,3.6,6.0,0.0,1.2577,3.9401
1848,4.0,7.0,0.0,1.3528,4.0284
1849,4.3,9.0,0.0,1.4479,3.9262
1850,3.8,7.0,0.0,1.2571,3.8767
1851,5.0,8.0,0.0,1.6217,3.9845
1852,6.4,10.0,0.0,1.955,3.9867
1853,4.4,5.0,0.0,1.4121,3.859
1854,3.7,5.0,0.0,1.2114,3.8371
1855,4.2,6.0,0.0,1.4007,3.9361
1856,4.6,9.0,0.0,1.5918,3.8239
1857,4.6,8.0,0.0,1.5406,3.7953
1858,3.9,7.0,0.0,1.3,3.8398
1859,3.5,5.0,0.0,1.1445,3.8264
1860,3.8,5.0,0.0,1.227,3.9227
1861,3.3,7.0,0.0,1.1712,3.9263
1862,4.2,7.0,0.0,1.4276,3.9431
1863,3.8,7.0,0.0,1.2729,3.9043
1864,3.5,5.0,0.0,1.1938,3.9041
1865,3.9,9.0,0.0,1.3672,3.9361
1866,4.3,7.0,0.0,1.3892,3.9636
1867,3.9,6.0,0.0,1.2748,3.9193
1868,4.2,6.0,0.0,1.4309,3.9808
1869,4.2,6.0,0.0,1.4309,4.0525
1870,5.7,10.0,0.0,1.9364,4.1191
1871,4.9,8.0,0.0,1.5626,4.1895
1872,4.4,5.0,0.0,1.4649,4.2401
1873,6.0,8.0,0.0,1.829,4.0546
1874,6.2,8.0,0.0,2.0441,3.9332
1875,5.0,8.0,0.0,1.6165,4.0506
1876,7.2,12.0,0.0,2.3502,4.2866
1877,5.8,7.0,0.0,1.8209,4.131
1878,5.2,8.0,0.0,1.6916,4.0489
1879,6.0,13.0,0.0,1.9823,4.065
1880,5.4,6.0,0.0,1.714,4.1525
1881,4.9,8.0,0.0,1.621,4.141
1882,8.4,14.0,0.0,2.5933,4.3273
1883,10.9,14.0,0.0,3.3941,4.5559
1884,12.6,17.0,0.0,3.9097,4.6028
1885,8.3,10.0,0.0,2.4331,4.4178
1886,5.7,8.0,0.0,1.8125,4.3645
1887,6.8,8.0,0.0,2.1999,4.2392
1888,5.4,7.0,0.0,1.8286,4.0085
1889,5.8,9.0,0.0,1.8947,3.9907
1890,3.7,4.0,0.0,1.2829,4.0511
1891,5.6,7.0,0.0,1.7965,4.0277
1892,4.9,6.0,0.0,1.6032,4.0192
1893,5.0,6.0,0.0,1.5986,4.0193
1894,4.1,7.0,0.0,1.2913,4.0121
1895,4.6,8.0,0.0,1.4965,4.0162
1896,3.6,5.0,0.0,1.1924,3.9278
1897,4.3,7.0,0.0,1.4276,3.923
1898,3.7,8.0,0.0,1.2335,4.0191
1899,3.9,7.0,0.0,1.3046,4.0198
1900,4.6,7.0,0.0,1.501,4.0561
1901,5.2,8.0,0.0,1.6764,3.9307
1902,5.2,7.0,0.0,1.6389,3.991
1903,4.9,8.0,0.0,1.6362,3.9588
1904,4.3,6.0,0.0,1.3875,3.9559
1905,3.8,5.0,0.0,1.2679,3.9589
1906,3.9,7.0,0.0,1.3014,3.9985
1907,3.6,9.0,0.0,1.2969,4.0894
1908,4.5,7.0,0.0,1.4769,3.9487
1909,4.1,11.0,0.0,1.5147,3.8833
1910,3.7,6.0,0.0,1.2561,4.0664
1911,4.5,10.0,0.0,1.5555,4.083
1912,4.3,5.0,0.0,1.3274,3.928
1913,5.1,9.0,0.0,1.6962,3.9823
1914,4.8,8.0,0.0,1.6986,4.1059
1915,6.8,10.0,0.0,2.1377,4.3539
1916,5.4,7.0,0.0,1.7748,4.3188
1917,5.9,9.0,0.0,1.9158,4.2001
1918,6.3,8.0,0.0,2.0253,4.2093
1919,5.0,7.0,0.0,1.5708,4.1585
1920,6.3,12.0,0.0,2.0396,4.1723
1921,5.6,11.0,0.0,1.7954,4.1451
1922,6.0,8.0,0.0,1.8342,3.9794
1923,3.5,6.0,0.0,1.1747,3.9075
1924,5.0,8.0,0.0,1.5857,4.057
1925,4.7,8.0,0.0,1.5094,3.9684
1926,3.9,7.0,0.0,1.2624,4.0196
1927,4.3,5.0,0.0,1.3811,4.1435
1928,5.5,9.0,0.0,1.7813,4.0244
1929,5.1,9.0,0.0,1.6595,4.2527
1930,5.4,7.0,0.0,1.7883,4.0578
1931,4.5,8.0,0.0,1.4972,3.9598
1932,6.5,11.0,0.0,2.1186,4.1061
1933,7.5,9.0,0.0,2.3764,4.06
1934,6.2,9.0,0.0,1.9818,4.0104
1935,6.6,12.0,0.0,2.1893,4.0964
1936,4.4,6.0,0.0,1.4217,3.994
1937,5.6,8.0,0.0,1.8081,3.9878
1938,4.5,10.0,0.0,1.5452,3.9445
1939,5.8,13.0,0.0,1.9287,4.0412
1940,4.7,10.0,0.0,1.6107,3.9094
1941,4.9,8.0,0.0,1.5532,3.9554
1942,4.7,6.0,0.0,1.5309,3.9175
1943,4.7,8.0,0.0,1.558,3.9783
1944,5.8,10.0,0.0,1.9135,4.0995
1945,6.3,13.0,0.0,2.1222,4.1336
1946,7.9,13.0,0.0,2.4794,4.0777
1947,7.2,13.0,0.0,2.341,4.0928
1948,7.5,14.0,0.0,2.4718,4.1386
1949,8.5,12.0,0.0,2.7623,4.401
1950,8.0,11.0,0.0,2.5917,4.5837
1951,7.7,12.0,0.0,2.3168,4.2887
1952,7.6,12.0,0.0,2.3302,4.4349
1953,6.8,12.0,0.0,2.1679,4.1308
1954,6.6,9.0,0.0,2.0939,4.2515
1955,7.3,11.0,0.0,2.3745,4.2863
1956,6.7,10.0,0.0,2.133,4.2366
1957,7.1,11.0,0.0,2.3506,4.274
1958,6.7,10.0,0.0,2.0895,4.1851
1959,5.5,7.0,0.0,1.8115,4.0597
1960,5.4,9.0,0.0,1.8021,3.9142
1961,4.0,7.0,0.0,1.2935,3.9117
1962,4.5,5.0,0.0,1.4539,3.8872
1963,4.9,9.0,0.0,1.6086,3.7835
1964,4.7,8.0,0.0,1.6017,3.8448
1965,4.6,8.0,0.0,1.5353,3.8768
1966,5.1,7.0,0.0,1.6484,4.0626
1967,7.8,14.0,0.0,2.4611,4.1005
1968,6.7,9.0,0.0,2.0803,4.1096
1969,6.7,13.0,0.0,2.1321,4.1918
1970,7.1,9.0,0.0,2.1627,4.112
1971,5.4,11.0,0.0,1.8083,3.9689
1972,8.0,11.0,0.0,2.5674,4.1659
1973,9.6,14.0,0.0,2.892,4.5518
1974,6.6,9.0,0.0,2.1743,4.5235
1975,5.9,9.0,0.0,1.8597,4.544
1976,8.5,12.0,0.0,2.6103,4.6135
1977,8.8,16.0,0.0,2.7325,4.4182
1978,9.5,12.0,0.0,2.9479,4.7678
1979,11.8,15.0,0.0,3.3971,5.0509
1980,9.9,18.0,0.0,3.0741,4.8525
1981,11.2,16.0,0.0,3.3656,4.8568
1982,10.7,13.0,0.0,3.1413,5.2229
1983,9.9,14.0,0.0,3.063,5.028
1984,10.0,12.0,0.0,3.0682,4.9068
1985,9.5,15.0,0.0,2.9224,4.5162
1986,9.7,19.0,0.0,3.0495,4.7236
1987,11.3,20.0,0.0,3.5667,4.943
1988,12.1,19.0,0.0,3.7162,5.4388
1989,13.9,16.0,0.0,4.2249,5.7515
1990,13.7,22.0,0.0,4.1102,5.9234
1991,17.7,27.0,0.0,5.295,6.1961
1992,15.1,25.0,0.0,4.4408,5.8781
1993,17.1,21.0,0.0,5.1797,5.4841
1994,12.6,18.0,0.0,3.9322,5.2078
1995,18.3,25.0,0.0,5.5048,5.5342
1996,14.6,22.0,0.0,4.2342,5.0438
1997,17.9,22.0,0.0,5.4394,5.6822
1998,18.5,27.0,0.0,5.5945,5.678
1999,21.1,26.0,0.0,6.1075,5.5648
2000,15.6,21.0,0.0,4.7106,5.169
2001,13.5,19.0,0.0,4.3345,5.2381
2002,15.5,21.0,0.0,4.7592,5.1177
2003,20.3,29.0,0.0,5.8083,5.6817
2004,12.7,19.0,0.0,3.8248,5.0365
2005,13.6,20.0,0.0,4.0878,5.0952
2006,11.4,15.0,0.0,3.6318,4.9981
2007,19.8,34.0,0.0,6.2584,5.0179
2008,14.3,29.0,0.0,4.5503,4.8138
2009,14.7,27.0,0.0,4.7894,4.9066
2010,17.3,29.0,0.0,5.5055,5.0058
2011,12.4,17.0,0.0,3.9316,4.9106
2012,10.8,15.0,0.0,3.3743,4.7287
2013,14.5,31.0,0.0,4.733,4.6569
2014,13.5,25.0,0.0,4.3088,4.6746
2015,14.4,22.0,0.0,4.3517,4.565
2016,15.2,25.0,0.0,4.6893,4.8051
2017,12.0,19.0,0.0,3.7161,4.5648
2018,12.7,16.0,0.0,3.8201,4.6972
2019,9.5,19.0,0.0,3.0533,4.3782
2020,12.4,23.0,0.0,3.9419,4.6262
2021,8.5,16.0,0.0,2.7641,4.5087
2022,10.0,20.0,0.0,3.3344,4.3388
2023,11.1,18.0,0.0,3.5482,4.5847
2024,12.5,24.0,0.0,4.0669,4.4986
2025,11.9,26.0,0.0,4.0004,4.3684
2026,10.4,23.0,0.0,3.5224,4.3153
2027,8.4,14.0,0.0,2.618,4.3451
2028,5.1,10.0,0.0,1.7338,4.0129
2029,5.5,12.0,0.0,1.8233,3.9782
2030,5.3,10.0,0.0,1.7757,3.9349
2031,4.1,5.0,0.0,1.3295,3.969
2032,4.1,11.0,0.0,1.485,4.098
2033,3.7,5.0,0.0,1.2322,3.9981
2034,3.3,5.0,0.0,1.1389,3.9751
2035,3.9,6.0,0.0,1.2648,3.9611
2036,3.9,5.0,0.0,1.2688,3.902
2037,4.1,5.0,0.0,1.3046,3.8753
2038,5.2,7.0,0.0,1.6929,3.978
2039,7.2,11.0,0.0,2.269,4.2593
2040,6.5,10.0,0.0,2.1068,4.3913
2041,8.3,15.0,0.0,2.8023,4.2268
2042,7.4,10.0,0.0,2.2771,4.1596
2043,6.9,10.0,0.0,2.2167,4.1403
2044,5.8,8.0,0.0,1.8138,4.249
2045,6.2,9.0,0.0,1.9348,4.166
2046,4.8,6.0,0.0,1.5377,4.1094
2047,6.3,11.0,0.0,2.0561,4.0702
2048,6.0,9.0,0.0,1.9656,4.1317
2049,7.7,13.0,0.0,2.5048,4.2988
2050,7.3,14.0,0.0,2.4576,4.18
2051,6.2,9.0,0.0,1.901,4.2783
2052,5.7,7.0,0.0,1.8703,4.1363
2053,5.1,8.0,0.0,1.6941,4.1053
2054,6.8,8.0,0.0,2.0261,4.1456
2055,7.1,8.0,0.0,2.1972,4.2122
2056,8.0,12.0,0.0,2.4779,4.2136
2057,5.6,8.0,0.0,1.6929,4.1598
2058,5.9,9.0,0.0,1.8456,4.0079
2059,4.8,9.0,0.0,1.5644,4.011
2060,6.0,9.0,0.0,1.9955,4.0887
2061,6.0,11.0,0.0,1.9894,3.9694
2062,4.4,9.0,0.0,1.4426,4.1084
2063,4.1,8.0,0.0,1.3937,4.1033
2064,5.0,8.0,0.0,1.6494,4.0825
2065,4.3,7.0,0.0,1.3833,4.019
2066,4.2,9.0,0.0,1.4142,4.0332
2067,4.6,10.0,0.0,1.583,4.0403
2068,3.8,6.0,0.0,1.2488,3.8837
2069,4.4,8.0,0.0,1.4925,3.8427
2070,4.0,6.0,0.0,1.3037,3.8337
2071,4.2,7.0,0.0,1.382,3.8292
2072,3.8,5.0,0.0,1.317,3.964
2073,4.2,7.0,0.0,1.3637,3.9613
2074,4.8,7.0,0.0,1.5555,3.9113
2075,2.8,3.0,0.0,0.9455,3.8901
2076,3.3,5.0,0.0,1.0916,3.963
2077,4.3,8.0,0.0,1.4027,3.9365
2078,4.8,10.0,0.0,1.5679,4.0237
2079,4.9,10.0,0.0,1.6231,3.935
2080,5.3,8.0,0.0,1.6941,3.9812
2081,5.3,8.0,0.0,1.7168,4.2492
2082,5.1,8.0,0.0,1.7378,4.23
2083,5.0,8.0,0.0,1.5772,4.2641
2084,4.2,7.0,0.0,1.4217,4.143
2085,4.4,7.0,0.0,1.437,4.1291
2086,4.3,7.0,0.0,1.4309,4.1615
2087,4.8,7.0,0.0,1.542,4.1256
2088,4.0,8.0,0.0,1.3883,4.0802
2089,3.6,5.0,0.0,1.2114,3.9875
2090,3.7,6.0,0.0,1.232,4.0482
2091,4.8,10.0,0.0,1.6093,4.1197
2092,4.3,6.0,0.0,1.3585,4.1011
2093,4.3,8.0,0.0,1.4048,4.0448
2094,4.9,12.0,0.0,1.6971,4.1391
2095,3.2,6.0,0.0,1.1377,4.057
2096,3.5,4.0,0.0,1.16,4.0005
2097,4.0,7.0,0.0,1.3191,4.1436
2098,5.4,10.0,0.0,1.7486,4.1941
2099,5.0,8.0,0.0,1.6157,4.186
2100,5.3,9.0,0.0,1.7171,4.1989
2101,4.7,9.0,0.0,1.5684,4.1504
2102,4.4,9.0,0.0,1.4812,4.0527
2103,4.2,6.0,0.0,1.3718,4.1412
2104,5.1,9.0,0.0,1.6605,4.1736
2105,4.1,7.0,0.0,1.4078,4.1564
2106,3.6,5.0,0.0,1.1915,4.1316
2107,3.9,6.0,0.0,1.2913,4.0923
2108,5.3,8.0,0.0,1.6859,4.2041
2109,5.3,12.0,0.0,1.8094,4.1579
2110,4.0,6.0,0.0,1.2653,4.1414
2111,4.5,6.0,0.0,1.4372,4.1735
2112,5.3,11.0,0.0,1.7566,4.1349
2113,4.3,8.0,0.0,1.4058,4.1443
2114,3.7,6.0,0.0,1.2494,4.0656
2115,3.7,6.0,0.0,1.2606,4.0803
2116,2.9,7.0,0.0,1.0852,3.8629
2117,3.9,7.0,0.0,1.3185,3.8698
2118,4.5,8.0,0.0,1.4925,3.8624
2119,4.5,8.0,0.0,1.4525,3.8928
2120,4.5,7.0,0.0,1.4866,4.2181
2121,3.7,7.0,0.0,1.1985,4.0379
2122,5.5,11.0,0.0,1.8364,4.3801
2123,4.0,5.0,0.0,1.3067,4.2141
2124,4.6,7.0,0.0,1.4548,4.1525
2125,4.9,7.0,0.0,1.5212,4.0144
2126,3.1,5.0,0.0,1.0705,4.0369
2127,5.0,8.0,0.0,1.6439,4.0039
2128,3.6,5.0,0.0,1.1837,3.8487
2129,4.0,5.0,0.0,1.3601,3.9924
2130,4.1,7.0,0.0,1.3849,3.922
2131,5.0,9.0,0.0,1.6454,3.7998
2132,3.0,5.0,0.0,1.0477,3.8183
2133,3.6,5.0,0.0,1.1834,3.9348
2134,4.2,5.0,0.0,1.3379,3.801
2135,3.4,6.0,0.0,1.1463,3.9382
2136,3.5,5.0,0.0,1.1283,3.9035
2137,3.8,5.0,0.0,1.2446,3.8187
2138,3.6,5.0,0.0,1.1482,3.8443
2139,4.2,5.0,0.0,1.3805,3.8832
2140,4.8,7.0,0.0,1.5637,3.9072
2141,3.3,5.0,0.0,1.0731,3.8321
2142,4.4,7.0,0.0,1.4232,3.9539
2143,4.2,6.0,0.0,1.363,3.8646
2144,4.5,6.0,0.0,1.4135,3.8902
2145,4.0,7.0,0.0,1.2997,3.8643
2146,3.7,7.0,0.0,1.2252,3.8604
2147,3.9,8.0,0.0,1.3498,3.7629
2148,4.2,8.0,0.0,1.4387,3.807
2149,4.2,6.0,0.0,1.3973,3.8988
2150,4.6,11.0,0.0,1.6217,3.87
2151,3.8,8.0,0.0,1.2701,3.8789
2152,4.1,8.0,0.0,1.3645,3.822
2153,4.9,6.0,0.0,1.5739,3.7867
2154,3.5,4.0,0.0,1.0886,3.834
2155,4.4,9.0,0.0,1.4992,3.892
2156,4.2,5.0,0.0,1.3143,3.9073
2157,4.0,9.0,0.0,1.416,3.9254
2158,4.3,6.0,0.0,1.3811,3.9034
2159,5.0,9.0,0.0,1.6532,3.9192
2160,3.9,7.0,0.0,1.3101,3.8524
2161,4.3,8.0,0.0,1.4149,3.8754
2162,4.3,5.0,0.0,1.3586,3.7845
2163,5.0,9.0,0.0,1.6482,3.786
2164,4.3,9.0,0.0,1.4276,3.9214
2165,5.0,6.0,0.0,1.5547,4.0546
2166,4.1,10.0,0.0,1.4517,4.0698
2167,3.1,5.0,0.0,1.0682,3.9459
2168,5.3,7.0,0.0,1.5969,4.0217
2169,3.7,5.0,0.0,1.1832,3.9667
2170,3.5,4.0,0.0,1.167,3.7981
2171,3.9,10.0,0.0,1.3698,3.8298
2172,5.0,7.0,0.0,1.5835,3.8407
2173,3.5,5.0,0.0,1.2327,3.8667
2174,4.3,6.0,0.0,1.4115,3.8382
2175,4.2,6.0,0.0,1.3785,3.8492
2176,5.6,9.0,0.0,1.8061,4.0144
2177,5.0,8.0,0.0,1.6101,3.9873
2178,3.9,5.0,0.0,1.2714,3.9649
2179,3.4,6.0,0.0,1.148,3.978
2180,3.7,6.0,0.0,1.1874,3.9983
2181,3.6,5.0,0.0,1.2268,4.0672
2182,3.4,5.0,0.0,1.1251,3.9899
2183,3.9,5.0,0.0,1.2252,3.8723
2184,4.1,9.0,0.0,1.3875,3.9372
2185,2.9,4.0,0.0,0.9734,3.9456
2186,5.6,12.0,0.0,1.831,4.0047
2187,4.4,8.0,0.0,1.4632,4.1768
2188,5.1,8.0,0.0,1.6222,4.0015
2189,3.3,5.0,0.0,1.1079,4.0261
2190,4.0,8.0,0.0,1.3527,4.012
2191,3.6,6.0,0.0,1.1522,4.0789
2192,3.0,5.0,0.0,1.0618,3.9472
2193,2.8,5.0,0.0,0.951,3.845
2194,3.6,8.0,0.0,1.2563,4.0517
2195,3.9,5.0,0.0,1.2568,3.961
2196,4.2,7.0,0.0,1.3675,3.9775
2197,4.9,10.0,0.0,1.6296,4.0668
2198,4.6,7.0,0.0,1.4678,3.9917
2199,4.7,7.0,0.0,1.452,4.1079
2200,4.2,6.0,0.0,1.3565,4.029
2201,5.5,7.0,0.0,1.7862,4.0359
2202,4.1,7.0,0.0,1.3598,3.9648
2203,4.9,9.0,0.0,1.5931,4.0424
2204,4.2,6.0,0.0,1.3776,4.0104
2205,5.0,8.0,0.0,1.645,4.0002
2206,4.7,9.0,0.0,1.5226,4.0024
2207,4.3,10.0,0.0,1.5164,4.0313
2208,2.4,3.0,0.0,0.8865,4.0108
2209,3.5,5.0,0.0,1.0956,4.0868
2210,4.2,6.0,0.0,1.3851,3.9596
2211,4.0,7.0,0.0,1.3159,4.0373
2212,4.2,6.0,0.0,1.3349,4.0897
2213,4.1,6.0,0.0,1.3491,4.055
2214,4.4,9.0,0.0,1.4758,3.9079
2215,4.3,8.0,0.0,1.4697,3.9761
2216,3.0,5.0,0.0,1.0176,4.0307
2217,4.3,6.0,0.0,1.3961,3.9653
2218,3.7,5.0,0.0,1.2359,3.9557
2219,3.7,5.0,0.0,1.2139,4.0182
2220,3.5,5.0,0.0,1.1176,3.8696
2221,3.6,6.0,0.0,1.2114,3.9526
2222,4.0,7.0,0.0,1.3037,3.9785
2223,4.2,6.0,0.0,1.3672,3.8737
2224,3.8,6.0,0.0,1.2005,3.9109
2225,4.1,6.0,0.0,1.3185,3.9091
2226,4.2,6.0,0.0,1.3349,3.854
2227,3.5,7.0,0.0,1.1694,3.8721
2228,3.9,7.0,0.0,1.2609,3.981
2229,3.1,5.0,0.0,1.0266,4.0527
2230,3.2,5.0,0.0,1.0909,4.1204
2231,2.7,5.0,0.0,0.9344,3.8464
2232,4.1,6.0,0.0,1.3219,3.8521
2233,6.3,17.0,0.0,2.2176,4.0897
2234,4.6,7.0,0.0,1.4608,4.163
2235,4.6,7.0,0.0,1.5146,3.994
2236,4.1,8.0,0.0,1.3761,3.9552
2237,4.0,5.0,0.0,1.3304,3.9408
2238,5.0,6.0,0.0,1.6003,4.1522
2239,3.8,6.0,0.0,1.2722,3.966
2240,3.9,5.0,0.0,1.2679,4.0432
2241,4.0,7.0,0.0,1.3134,4.0611
2242,6.0,11.0,0.0,1.9447,4.079
2243,3.9,6.0,0.0,1.2643,4.0189
2244,5.1,12.0,0.0,1.7854,4.0896
2245,4.5,8.0,0.0,1.4449,4.0711
2246,5.4,8.0,0.0,1.6665,4.2215
2247,5.7,9.0,0.0,1.8149,4.2319
2248,4.5,7.0,0.0,1.4525,3.9004
2249,5.5,10.0,0.0,1.82,4.1556
2250,4.4,7.0,0.0,1.419,3.9644
2251,4.6,6.0,0.0,1.4566,3.9867
2252,4.9,9.0,0.0,1.6406,3.9967
2253,4.7,8.0,0.0,1.5264,3.9017
2254,3.2,5.0,0.0,1.0703,3.8704
2255,4.5,8.0,0.0,1.5032,3.9639
2256,5.0,8.0,0.0,1.5882,3.8455
2257,3.8,5.0,0.0,1.3025,3.858
2258,4.8,7.0,0.0,1.5156,4.0976
2259,4.2,7.0,0.0,1.3778,4.0085
2260,3.9,6.0,0.0,1.2462,4.0761
2261,4.2,11.0,0.0,1.5301,4.0776
2262,3.8,8.0,0.0,1.2913,4.0015
2263,4.5,10.0,0.0,1.4898,4.0511
2264,4.2,6.0,0.0,1.3559,4.0381
2265,4.7,8.0,0.0,1.52,4.0823
2266,4.2,6.0,0.0,1.3776,4.0379
2267,5.0,11.0,0.0,1.7088,4.027
2268,3.8,6.0,0.0,1.2476,3.8644
2269,4.9,8.0,0.0,1.6337,3.9159
2270,3.8,5.0,0.0,1.2301,3.8766
2271,4.7,8.0,0.0,1.5156,4.0248
2272,5.0,9.0,0.0,1.6782,4.136
2273,4.7,8.0,0.0,1.5154,4.0428
2274,3.9,6.0,0.0,1.252,3.9125
2275,3.9,6.0,0.0,1.2561,3.8058
2276,4.3,14.0,0.0,1.6879,3.8304
2277,3.4,6.0,0.0,1.134,3.8917
2278,4.4,8.0,0.0,1.4387,3.9156
2279,5.1,7.0,0.0,1.6332,4.0229
2280,5.6,9.0,0.0,1.8016,4.1289
2281,7.7,16.0,0.0,2.62,4.4546
2282,9.5,13.0,0.0,2.8939,4.3084
2283,11.0,14.0,0.0,3.4811,4.6697
2284,11.7,19.0,0.0,3.6838,4.842
2285,7.4,13.0,0.0,2.3748,4.202
2286,4.1,6.0,0.0,1.2923,3.7672
2287,4.8,9.0,0.0,1.5737,3.8324
2288,3.0,6.0,0.0,1.0107,3.8418
2289,3.6,6.0,0.0,1.1856,3.9151
2290,3.8,8.0,0.0,1.3229,3.8018
2291,4.3,10.0,0.0,1.4457,3.8591
2292,5.3,11.0,0.0,1.7827,3.9816
2293,5.2,9.0,0.0,1.7129,3.8999
2294,5.7,8.0,0.0,1.833,3.9439
2295,5.6,10.0,0.0,1.7856,4.0812
2296,10.5,17.0,0.0,3.3377,4.6346
2297,7.0,11.0,0.0,2.1811,4.4895
2298,8.6,13.0,0.0,2.7168,4.259
2299,5.7,11.0,0.0,1.8247,4.1385
2300,3.7,6.0,0.0,1.26,3.8735
2301,4.1,6.0,0.0,1.3423,3.913
2302,4.6,8.0,0.0,1.5357,3.8177
2303,3.8,10.0,0.0,1.395,3.7408
2304,3.6,5.0,0.0,1.1817,3.8152
2305,4.2,7.0,0.0,1.4035,3.8329
2306,3.5,7.0,0.0,1.1908,3.857
2307,4.0,6.0,0.0,1.2862,3.8522
2308,3.1,5.0,0.0,1.0757,3.8631
2309,3.6,5.0,0.0,1.1904,3.864
2310,3.6,6.0,0.0,1.179,3.8714
2311,3.5,6.0,0.0,1.1686,3.9117
2312,5.0,6.0,0.0,1.6031,4.0121
2313,3.8,5.0,0.0,1.2983,3.9075
2314,4.3,7.0,0.0,1.3628,3.8986
2315,3.8,6.0,0.0,1.249,3.8281
2316,4.3,7.0,0.0,1.3918,3.8737
2317,3.7,6.0,0.0,1.1746,3.9558
2318,3.8,6.0,0.0,1.3185,3.9911
2319,4.6,9.0,0.0,1.5644,4.0778
2320,6.8,13.0,0.0,2.2337,4.2465
2321,6.8,20.0,0.0,2.4834,4.119
2322,6.0,12.0,0.0,1.9464,4.0934
2323,6.1,9.0,0.0,1.9564,4.0941
2324,6.2,10.0,0.0,2.0071,4.0242
2325,5.9,9.0,0.0,1.8872,3.9505
2326,5.0,10.0,0.0,1.6523,4.1144
2327,4.5,10.0,0.0,1.5298,4.0379
2328,7.7,18.0,0.0,2.6552,4.4048
2329,9.4,13.0,0.0,3.121,4.7995
2330,8.4,12.0,0.0,2.5231,4.6053
2331,7.0,10.0,0.0,2.1785,4.4961
2332,4.4,6.0,0.0,1.5303,4.3025
2333,4.5,6.0,0.0,1.4649,4.0642
2334,4.4,8.0,0.0,1.4239,4.0017
2335,4.4,7.0,0.0,1.4089,3.955
2336,4.0,6.0,0.0,1.296,3.9855
2337,4.6,11.0,0.0,1.6031,3.9712
2338,3.4,5.0,0.0,1.1393,3.8917
2339,3.7,5.0,0.0,1.2005,3.9002
2340,6.1,8.0,0.0,1.8835,3.951
2341,4.4,10.0,0.0,1.5133,3.8257
2342,4.8,7.0,0.0,1.5594,3.8934
2343,3.9,8.0,0.0,1.3109,3.85
2344,4.1,7.0,0.0,1.3485,3.8637
2345,3.7,6.0,0.0,1.2508,3.863
2346,4.5,6.0,0.0,1.4256,3.929
2347,4.4,6.0,0.0,1.4146,3.8792
2348,4.3,6.0,0.0,1.3918,3.9195
2349,4.4,6.0,0.0,1.4448,3.902
2350,4.7,6.0,0.0,1.4723,4.0042
2351,5.6,8.0,0.0,1.7568,4.1367
2352,4.1,7.0,0.0,1.3711,3.9783
2353,5.5,6.0,0.0,1.7152,4.0479
2354,5.2,11.0,0.0,1.7839,4.0118
2355,3.9,6.0,0.0,1.2688,3.9409
2356,3.9,6.0,0.0,1.2563,3.8867
2357,3.7,6.0,0.0,1.2432,3.9236
2358,4.2,6.0,0.0,1.3921,3.8917
2359,4.4,10.0,0.0,1.4946,3.8182
2360,4.3,6.0,0.0,1.4303,4.0438
2361,3.9,7.0,0.0,1.3705,4.0288
2362,4.2,6.0,0.0,1.3601,3.9758
2363,4.2,9.0,0.0,1.485,3.9645
2364,5.1,12.0,0.0,1.7475,3.9571
2365,4.3,7.0,0.0,1.4106,4.0194
2366,4.2,7.0,0.0,1.3905,3.9727
2367,2.8,6.0,0.0,0.9808,3.9249
2368,3.0,6.0,0.0,1.0538,3.884
2369,3.9,6.0,0.0,1.2592,3.8661
2370,4.1,6.0,0.0,1.2883,3.9326
2371,4.8,7.0,0.0,1.525,3.9672
2372,4.5,12.0,0.0,1.6471,3.8799
2373,4.0,5.0,0.0,1.2913,3.8189
2374,4.0,8.0,0.0,1.3286,3.7622
2375,3.6,4.0,0.0,1.2571,3.7898
2376,4.8,8.0,0.0,1.5875,3.8835
2377,4.4,10.0,0.0,1.4646,4.1411
2378,5.3,12.0,0.0,1.7961,4.1528
2379,3.1,6.0,0.0,1.0962,4.0118
2380,6.2,10.0,0.0,1.9534,4.1747
2381,5.5,7.0,0.0,1.707,4.1311
2382,5.1,13.0,0.0,1.8578,4.0577
2383,4.4,10.0,0.0,1.5209,4.0805
2384,4.0,8.0,0.0,1.3948,4.0487
2385,4.5,9.0,0.0,1.5276,4.065
2386,4.0,8.0,0.0,1.3527,3.9935
2387,3.7,7.0,0.0,1.2278,4.0015
2388,4.0,5.0,0.0,1.2748,4.0828
2389,3.2,4.0,0.0,1.0779,4.047
2390,3.1,4.0,0.0,1.0459,3.9503
2391,3.8,6.0,0.0,1.2758,4.0401
2392,4.0,8.0,0.0,1.337,4.001
2393,4.6,8.0,0.0,1.5303,4.0084
2394,6.0,11.0,0.0,1.983,4.1207
2395,6.0,10.0,0.0,1.9568,4.2102
2396,5.5,9.0,0.0,1.7233,4.1373
2397,4.5,6.0,0.0,1.4541,4.2831
2398,5.1,11.0,0.0,1.6915,4.4047
2399,4.9,7.0,0.0,1.5716,4.2333
2400,4.0,6.0,0.0,1.3228,4.1744
2401,4.0,6.0,0.0,1.3444,4.04
2402,4.6,6.0,0.0,1.4379,3.9539
2403,3.8,6.0,0.0,1.2349,3.977
2404,3.1,5.0,0.0,1.0332,3.9647
2405,3.7,5.0,0.0,1.1741,4.0117
2406,3.6,5.0,0.0,1.2285,3.9328
2407,3.2,5.0,0.0,1.0404,3.9537
2408,4.4,8.0,0.0,1.4347,3.9936
2409,4.5,6.0,0.0,1.4149,3.9857
2410,4.0,5.0,0.0,1.3177,4.0766
2411,4.2,6.0,0.0,1.3136,4.0767
2412,4.5,7.0,0.0,1.4722,4.134
2413,3.3,6.0,0.0,1.0816,4.0147
2414,3.5,5.0,0.0,1.1265,3.9128
2415,4.1,7.0,0.0,1.3647,3.9224
2416,3.2,5.0,0.0,1.0429,3.832
2417,3.8,5.0,0.0,1.2322,3.8247
2418,5.9,8.0,0.0,1.8581,3.8762
2419,4.3,6.0,0.0,1.3923,3.9395
2420,5.9,13.0,0.0,2.0233,4.1148
2421,5.5,10.0,0.0,1.7712,4.2062
2422,3.6,5.0,0.0,1.1442,4.037
2423,4.4,7.0,0.0,1.4283,3.9374
2424,6.2,9.0,0.0,1.9615,4.0283
2425,5.8,10.0,0.0,1.8862,3.9706
2426,4.6,6.0,0.0,1.5061,4.0395
2427,4.2,6.0,0.0,1.3704,3.9791
2428,4.7,7.0,0.0,1.5516,3.9724
2429,3.8,5.0,0.0,1.2757,3.9158
2430,4.0,7.0,0.0,1.275,3.8873
2431,3.6,5.0,0.0,1.2314,3.9568
2432,6.1,9.0,0.0,1.9585,3.986
2433,4.9,7.0,0.0,1.5288,4.0548
2434,4.9,11.0,0.0,1.6887,3.9315
2435,5.5,10.0,0.0,1.7947,4.0044
2436,3.8,6.0,0.0,1.296,3.8626
2437,6.6,12.0,0.0,2.1322,3.9609
2438,5.8,8.0,0.0,1.8213,4.0326
2439,7.1,8.0,0.0,2.188,4.3393
2440,8.0,13.0,0.0,2.4142,4.3542
2441,7.3,15.0,0.0,2.2631,4.2951
2442,8.4,10.0,0.0,2.5787,4.5926
2443,8.5,11.0,0.0,2.6344,4.4793
2444,7.0,9.0,0.0,2.319,4.5037
2445,6.4,8.0,0.0,1.9964,4.3053
2446,6.3,9.0,0.0,2.0069,4.2714
2447,5.8,7.0,0.0,1.8311,4.0423
2448,5.7,8.0,0.0,1.7794,4.0803
2449,5.2,10.0,0.0,1.7607,4.0713
2450,6.1,8.0,0.0,1.9343,4.2377
2451,6.4,11.0,0.0,2.115,4.1473
2452,8.2,12.0,0.0,2.551,4.4377
2453,8.9,13.0,0.0,2.8218,4.433
2454,8.5,13.0,0.0,2.6865,4.6654
2455,7.5,12.0,0.0,2.3506,4.5054
2456,7.5,12.0,0.0,2.4244,4.4135
2457,5.2,7.0,0.0,1.6506,4.159
2458,5.9,9.0,0.0,1.8786,4.1751
2459,4.6,5.0,0.0,1.4785,4.1315
2460,4.2,5.0,0.0,1.3491,3.9583
2461,3.8,5.0,0.0,1.2955,3.8325
2462,4.3,6.0,0.0,1.3638,3.8548
2463,3.7,6.0,0.0,1.1973,3.8044
2464,4.4,9.0,0.0,1.4973,3.9388
2465,3.7,6.0,0.0,1.2104,3.9115
2466,5.9,10.0,0.0,1.9103,4.0123
2467,6.1,10.0,0.0,1.9676,4.2391
2468,7.5,16.0,0.0,2.482,4.4559
2469,10.4,15.0,0.0,3.2313,4.6922
2470,7.8,11.0,0.0,2.416,4.5542
2471,7.3,10.0,0.0,2.1926,4.3832
2472,8.5,13.0,0.0,2.6244,4.4235
2473,8.1,11.0,0.0,2.5502,4.4721
2474,6.4,10.0,0.0,1.9653,4.3662
2475,7.8,12.0,0.0,2.2462,4.3967
2476,6.5,9.0,0.0,1.9731,4.2649
2477,6.5,9.0,0.0,2.0787,4.1199
2478,8.4,12.0,0.0,2.6186,4.2787
2479,6.4,10.0,0.0,1.9884,4.1764
2480,5.9,8.0,0.0,1.8839,4.1904
2481,6.3,11.0,0.0,2.0235,4.1373
2482,5.6,7.0,0.0,1.8405,4.2153
2483,7.9,12.0,0.0,2.5419,4.2944
2484,7.1,9.0,0.0,2.1857,4.3582
2485,9.7,17.0,0.0,3.0854,4.4603
2486,5.8,11.0,0.0,1.8962,4.3497
2487,6.0,11.0,0.0,1.9282,4.192
2488,6.9,9.0,0.0,2.0922,4.1876
2489,7.4,11.0,0.0,2.3208,4.5759
2490,7.2,13.0,0.0,2.2454,4.541
2491,12.9,25.0,0.0,3.9189,4.9947
2492,16.3,20.0,0.0,5.0117,5.5796
2493,12.3,18.0,0.0,3.5425,5.742
2494,12.3,23.0,0.0,3.7986,5.4589
2495,11.8,15.0,0.0,3.6273,5.3755
2496,10.3,13.0,0.0,3.1581,4.8398
2497,10.4,15.0,0.0,3.2561,4.5798
2498,6.9,12.0,0.0,2.2284,4.2205
2499,5.5,8.0,0.0,1.6764,4.188
2500,6.5,12.0,0.0,2.0633,4.2231
2501,5.4,8.0,0.0,1.7418,4.0832
2502,5.9,8.0,0.0,1.8111,4.2122
2503,8.1,15.0,0.0,2.6559,4.3623
2504,9.9,15.0,0.0,3.083,5.0207
2505,12.4,17.0,0.0,3.7373,5.3892
2506,8.4,11.0,0.0,2.5381,4.4807
2507,15.3,24.0,0.0,4.6933,5.155
2508,14.2,24.0,0.0,4.421,5.0854
2509,12.8,17.0,0.0,3.8129,5.5163
2510,11.8,15.0,0.0,3.5363,5.7822
2511,14.1,24.0,0.0,4.1313,5.8932
2512,13.3,22.0,0.0,4.0092,5.6904
2513,13.3,16.0,0.0,4.0921,5.3924
2514,15.9,20.0,0.0,4.7771,5.6804
2515,17.0,25.0,0.0,5.224,5.5536
2516,14.0,23.0,0.0,4.2809,5.3189
2517,12.3,16.0,0.0,3.7149,5.143
2518,12.9,20.0,0.0,4.0547,5.1584
2519,11.2,20.0,0.0,3.5472,4.7846
2520,10.8,13.0,0.0,3.3464,5.0306
2521,12.0,19.0,0.0,3.6612,4.9143
2522,12.9,20.0,0.0,4.0481,4.8018
2523,9.5,12.0,0.0,3.0702,4.6072
2524,9.2,12.0,0.0,2.7861,4.2981
2525,10.3,20.0,0.0,3.2486,4.5503
2526,10.5,14.0,0.0,3.2976,4.786
2527,10.7,20.0,0.0,3.5157,4.7038
2528,12.2,20.0,0.0,3.9962,4.949
2529,9.3,12.0,0.0,2.8089,4.7435
2530,9.7,14.0,0.0,3.0665,4.6171
2531,7.1,12.0,0.0,2.2243,4.4047
2532,8.8,15.0,0.0,2.8401,4.487
2533,7.9,10.0,0.0,2.4749,4.4031
2534,9.4,13.0,0.0,2.8961,4.7915
2535,9.1,12.0,0.0,2.7818,4.8268
2536,8.7,14.0,0.0,2.8601,4.9849
2537,7.7,9.0,0.0,2.3692,4.5117
2538,6.7,10.0,0.0,2.1954,4.3186
2539,7.1,9.0,0.0,2.2,4.2655
2540,5.1,8.0,0.0,1.6643,4.0981
2541,4.3,8.0,0.0,1.4309,4.137
2542,4.4,7.0,0.0,1.3849,4.1182
2543,3.6,5.0,0.0,1.2038,3.8781
2544,4.0,6.0,0.0,1.3,3.9586
2545,5.2,7.0,0.0,1.6253,3.9638
2546,4.4,6.0,0.0,1.4239,3.8449
2547,4.0,7.0,0.0,1.3435,3.9955
2548,4.6,6.0,0.0,1.5124,3.8359
2549,6.2,12.0,0.0,1.9969,4.0094
2550,4.5,8.0,0.0,1.49,3.9168
2551,5.4,7.0,0.0,1.711,4.0237
2552,4.5,8.0,0.0,1.4564,4.0645
2553,4.4,6.0,0.0,1.3586,4.2145
2554,4.6,5.0,0.0,1.4422,4.1684
2555,5.5,9.0,0.0,1.7326,4.1132
2556,5.5,7.0,0.0,1.7051,4.4399
2557,5.7,7.0,0.0,1.827,4.1394
2558,8.3,12.0,0.0,2.7327,4.3724
2559,11.5,16.0,0.0,3.6279,5.1272
2560,14.2,17.0,0.0,4.4463,5.6605
2561,12.2,17.0,0.0,3.7621,5.0048
2562,12.4,19.0,0.0,3.601,5.4951
2563,10.8,17.0,0.0,3.4294,4.6921
2564,10.2,14.0,0.0,3.1441,4.6375
2565,13.2,17.0,0.0,4.0136,5.2754
2566,9.8,16.0,0.0,3.0808,5.0161
2567,11.7,17.0,0.0,3.6158,5.2238
2568,10.5,18.0,0.0,3.1776,4.9997
2569,9.8,16.0,0.0,2.9515,4.9701
2570,9.7,13.0,0.0,3.038,5.0272
2571,9.5,14.0,0.0,2.9267,5.0055
2572,9.0,13.0,0.0,2.8227,4.9224
2573,9.9,15.0,0.0,2.99,5.0342
2574,9.1,16.0,0.0,2.8286,4.8355
2575,6.8,9.0,0.0,2.0439,4.6805
2576,8.1,18.0,0.0,2.6058,4.6444
2577,8.8,14.0,0.0,2.7513,4.5447
2578,7.5,10.0,0.0,2.2781,4.5294
2579,9.9,18.0,0.0,3.1518,4.6112
2580,11.0,18.0,0.0,3.3135,4.7442
2581,12.4,18.0,0.0,3.6554,5.1376
2582,12.2,15.0,0.0,3.7813,5.0715
2583,11.9,17.0,0.0,3.5381,4.9576
2584,13.7,18.0,0.0,4.0803,5.4201
2585,12.2,21.0,0.0,3.8499,5.0156
2586,14.2,22.0,0.0,4.2373,4.9271
2587,14.3,25.0,0.0,4.189,5.0981
2588,14.9,19.0,0.0,4.5392,5.7538
2589,14.4,19.0,0.0,4.5028,5.2363
2590,12.3,15.0,0.0,3.5616,5.1503
2591,18.0,33.0,0.0,5.6646,5.2032
2592,17.7,38.0,0.0,5.6241,5.3107
2593,14.8,23.0,0.0,4.4707,4.9425
2594,14.5,17.0,0.0,4.4384,5.1581
2595,10.3,16.0,0.0,3.154,4.6285
2596,10.1,16.0,0.0,3.1824,4.5217
2597,15.6,30.0,0.0,4.8872,4.9698
2598,14.8,30.0,0.0,4.5329,5.3854
2599,16.2,25.0,0.0,4.9268,5.0009
2600,10.8,15.0,0.0,3.4117,4.6309
2601,8.5,13.0,0.0,2.6415,4.4778
2602,9.4,11.0,0.0,2.9315,4.6798
2603,13.7,19.0,0.0,4.2593,4.5765
2604,12.1,15.0,0.0,3.8246,4.3405
2605,13.2,21.0,0.0,4.1499,4.5851
2606,9.1,18.0,0.0,2.9407,4.3338
2607,8.8,15.0,0.0,2.729,4.1068
2608,9.5,19.0,0.0,3.1381,4.076
2609,6.4,8.0,0.0,1.9064,3.9691
2610,6.2,13.0,0.0,2.0314,4.0261
2611,8.3,17.0,0.0,2.8173,4.1365
2612,5.5,11.0,0.0,1.8462,3.9023
2613,8.6,22.0,0.0,2.9991,4.1757
2614,13.1,21.0,0.0,4.2257,4.3665
2615,9.7,13.0,0.0,3.0669,4.2664
2616,8.3,15.0,0.0,2.593,4.211
2617,11.8,21.0,0.0,3.6477,4.462
2618,8.9,14.0,0.0,2.8217,4.3595
2619,5.3,10.0,0.0,1.7402,4.0609
2620,4.0,5.0,0.0,1.3212,3.8245
2621,3.7,4.0,0.0,1.2241,3.7924
2622,3.7,5.0,0.0,1.2246,3.7683
2623,4.6,8.0,0.0,1.4827,3.7995
2624,3.8,12.0,0.0,1.4766,3.7812
2625,4.8,9.0,0.0,1.6086,3.8623
2626,4.2,7.0,0.0,1.3732,3.8477
2627,5.3,7.0,0.0,1.7152,3.9714
2628,4.9,7.0,0.0,1.5775,4.3606
2629,6.4,10.0,0.0,1.995,4.1797
2630,6.9,9.0,0.0,2.1676,4.2578
2631,6.0,13.0,0.0,2.0075,4.1821
2632,4.9,7.0,0.0,1.534,4.1983
2633,5.6,10.0,0.0,1.7636,4.0038
2634,4.2,6.0,0.0,1.326,3.9083
2635,6.5,9.0,0.0,2.0847,4.1518
2636,7.8,11.0,0.0,2.4636,4.2459
2637,6.4,8.0,0.0,2.0578,4.222
2638,6.1,8.0,0.0,1.9545,4.237
2639,7.9,11.0,0.0,2.4187,4.5202
2640,6.6,11.0,0.0,2.1057,4.3314
2641,7.1,14.0,0.0,2.2254,4.5353
2642,6.6,16.0,0.0,2.2058,4.3529
2643,6.7,14.0,0.0,2.2274,4.0365
2644,4.6,7.0,0.0,1.4619,4.0044
2645,4.8,7.0,0.0,1.5675,3.9266
2646,5.0,7.0,0.0,1.5483,3.9378
2647,4.7,8.0,0.0,1.5914,4.0377
2648,6.8,10.0,0.0,2.0841,3.9881
2649,4.6,6.0,0.0,1.5013,3.9538
2650,5.9,12.0,0.0,1.982,3.9177
2651,6.4,15.0,0.0,2.1965,4.0034
2652,5.2,9.0,0.0,1.6394,4.0066
2653,2.7,5.0,0.0,0.9806,3.9665
2654,6.8,11.0,0.0,2.2461,4.1864
2655,7.6,11.0,0.0,2.5035,4.3108
2656,7.3,9.0,0.0,2.2973,4.4227
2657,8.5,13.0,0.0,2.6701,4.274
2658,7.1,14.0,0.0,2.294,4.1961
2659,7.4,13.0,0.0,2.3056,4.087
2660,5.1,9.0,0.0,1.6157,4.1458
2661,5.6,11.0,0.0,1.8385,4.1551
2662,4.9,7.0,0.0,1.5601,4.1648
2663,4.6,6.0,0.0,1.5166,4.0901
2664,5.7,8.0,0.0,1.7725,3.9919
2665,6.3,11.0,0.0,2.1378,4.1541
2666,5.9,9.0,0.0,1.839,3.9133
2667,6.7,12.0,0.0,2.1325,4.1568
2668,5.2,8.0,0.0,1.7169,4.1011
2669,4.9,8.0,0.0,1.583,3.8903
2670,4.5,6.0,0.0,1.4578,3.9071
2671,6.0,9.0,0.0,1.9195,4.0164
2672,5.6,8.0,0.0,1.8187,4.166
2673,3.8,6.0,0.0,1.3266,4.0068
2674,3.3,8.0,0.0,1.1834,3.7454
2675,3.9,6.0,0.0,1.2937,3.7975
2676,3.9,5.0,0.0,1.2876,3.7145
2677,3.7,10.0,0.0,1.3616,3.7168
2678,3.8,7.0,0.0,1.2726,3.7632
2679,4.9,11.0,0.0,1.7233,3.765
2680,3.9,6.0,0.0,1.2671,3.7861
2681,3.6,6.0,0.0,1.2278,3.8602
2682,6.4,9.0,0.0,2.0512,4.1254
2683,5.8,8.0,0.0,1.8485,4.149
2684,6.8,9.0,0.0,2.2102,4.365
2685,7.2,10.0,0.0,2.1866,4.4159
2686,7.5,11.0,0.0,2.2774,4.4059
2687,7.1,11.0,0.0,2.2316,4.2628
2688,7.7,11.0,0.0,2.4305,4.2665
2689,6.8,9.0,0.0,2.1115,4.2606
2690,7.6,12.0,0.0,2.2891,4.3974
2691,7.5,10.0,0.0,2.434,4.2541
2692,7.2,12.0,0.0,2.159,4.1191
2693,9.0,13.0,0.0,2.8223,4.4502
2694,10.2,13.0,0.0,3.1828,4.6361
2695,9.6,12.0,0.0,3.0497,4.8749
2696,9.7,14.0,0.0,2.9867,5.0763
2697,9.3,13.0,0.0,2.8439,4.5819
2698,9.5,13.0,0.0,2.9524,4.756
2699,12.5,21.0,0.0,3.9947,4.9296
2700,10.7,19.0,0.0,3.4612,4.69
2701,8.8,11.0,0.0,2.7822,4.386
2702,13.6,26.0,0.0,4.3475,4.969
2703,11.9,16.0,0.0,3.6482,5.1661
2704,11.0,13.0,0.0,3.1713,5.1524
2705,10.3,15.0,0.0,3.1253,4.8767
2706,10.1,15.0,0.0,3.1464,4.894
2707,8.5,13.0,0.0,2.5308,4.8558
2708,10.3,12.0,0.0,3.0135,4.8736
2709,10.5,14.0,0.0,3.0418,4.8153
2710,9.8,15.0,0.0,2.892,4.8165
2711,11.3,17.0,0.0,3.3811,5.0027
2712,11.0,13.0,0.0,3.2238,5.3473
2713,8.0,12.0,0.0,2.4859,4.5748
2714,9.3,12.0,0.0,2.8208,4.7142
2715,9.7,13.0,0.0,3.0445,4.5843
2716,8.6,13.0,0.0,2.5207,4.6536
2717,8.6,14.0,0.0,2.6202,4.6328
2718,7.6,14.0,0.0,2.2605,4.7588
2719,7.5,10.0,0.0,2.2614,4.5982
2720,7.1,8.0,0.0,2.2243,4.5367
2721,7.4,9.0,0.0,2.2198,4.5868
2722,7.6,11.0,0.0,2.3734,4.5008
2723,6.8,12.0,0.0,2.1844,4.3743
2724,8.1,14.0,0.0,2.4937,4.3122
2725,5.7,8.0,0.0,1.795,4.1423
2726,6.3,11.0,0.0,2.0294,4.3754
2727,7.6,11.0,0.0,2.4516,4.4128
2728,7.3,12.0,0.0,2.3189,4.5246
2729,5.0,8.0,0.0,1.6076,4.1635
2730,5.3,7.0,0.0,1.6822,4.1685
2731,5.7,9.0,0.0,1.8351,3.9869
2732,5.6,8.0,0.0,1.7859,3.9793
2733,5.3,9.0,0.0,1.7254,4.0424
2734,7.2,14.0,0.0,2.3553,4.1024
2735,12.6,33.0,0.0,4.5732,4.4663
2736,11.0,19.0,0.0,3.4234,4.4597
2737,15.4,30.0,0.0,5.2886,4.6708
2738,11.4,14.0,0.0,3.5091,4.5015
2739,15.2,37.0,0.0,5.1055,4.7566
2740,14.7,22.0,0.0,4.5399,4.7562
2741,21.1,53.0,0.0,7.095,5.1458
2742,15.5,25.0,0.0,4.74,4.7887
2743,12.2,22.0,0.0,3.9077,4.6003
2744,18.6,23.0,0.0,5.6757,4.9711
2745,14.4,21.0,0.0,4.6189,5.0755
2746,9.1,12.0,0.0,2.9047,4.4411
2747,9.6,15.0,0.0,3.1035,4.3579
2748,11.5,18.0,0.0,3.6257,4.3409
2749,13.5,24.0,0.0,4.284,4.8142
2750,12.5,25.0,0.0,4.0206,4.8198
2751,15.7,46.0,0.0,5.7028,4.9625
2752,18.5,30.0,0.0,5.7381,5.2795
2753,12.2,22.0,0.0,3.8092,4.6578
2754,16.6,23.0,0.0,5.0878,5.1147
2755,20.2,35.0,0.0,6.2178,5.4914
2756,18.3,34.0,0.0,5.9152,4.8459
2757,13.3,24.0,0.0,4.271,4.6308
2758,21.1,34.0,0.0,6.5069,5.0267
2759,17.3,26.0,0.0,5.3738,5.0478
2760,18.0,32.0,0.0,5.6897,4.94
2761,13.2,20.0,0.0,4.1614,4.8144
2762,14.8,19.0,0.0,4.3892,4.737
2763,12.7,26.0,0.0,3.9557,4.6113
2764,14.5,40.0,0.0,5.0307,4.6102
2765,15.8,22.0,0.0,4.9119,4.5954
2766,13.6,20.0,0.0,4.2254,4.9293
2767,15.2,23.0,0.0,4.5828,4.9148
2768,20.4,37.0,0.0,6.3763,5.0775
2769,14.6,24.0,0.0,4.4919,4.9711
2770,12.6,19.0,0.0,3.9344,4.7041
2771,14.5,23.0,0.0,4.5796,4.8015
2772,10.7,17.0,0.0,3.3564,4.5841
2773,9.4,14.0,0.0,2.9343,4.527
2774,12.4,16.0,0.0,3.8503,4.43
2775,10.9,16.0,0.0,3.4222,4.2969
2776,7.8,11.0,0.0,2.454,4.0731
2777,11.9,28.0,0.0,4.0726,4.2334
2778,7.7,20.0,0.0,2.7418,4.1424
2779,4.5,8.0,0.0,1.5133,3.9446
2780,3.5,6.0,0.0,1.1732,3.876
2781,5.1,7.0,0.0,1.5811,3.8571
2782,4.2,8.0,0.0,1.4104,3.8617
2783,5.0,10.0,0.0,1.6155,3.7875
2784,4.0,6.0,0.0,1.3225,3.9063
2785,4.0,10.0,0.0,1.4985,3.8695
2786,3.6,7.0,0.0,1.2203,3.9608
2787,2.6,4.0,0.0,0.937,3.9813
2788,3.7,5.0,0.0,1.2239,4.0048
2789,3.3,4.0,0.0,1.1338,3.9947
2790,4.4,6.0,0.0,1.4135,4.0764
2791,4.9,8.0,0.0,1.6062,3.8291
2792,3.4,5.0,0.0,1.1283,3.7999
2793,4.0,7.0,0.0,1.366,3.8476
2794,5.2,11.0,0.0,1.7587,3.9992
2795,5.5,8.0,0.0,1.7273,4.088
2796,6.7,15.0,0.0,2.2978,4.0854
2797,6.0,8.0,0.0,1.8735,4.0326
2798,4.4,10.0,0.0,1.5551,3.8886
2799,4.0,6.0,0.0,1.3067,3.9423
2800,2.7,4.0,0.0,0.9314,3.9174
2801,5.0,9.0,0.0,1.6106,3.9691
2802,3.3,5.0,0.0,1.1347,3.9803
2803,3.6,6.0,0.0,1.1864,3.9629
2804,4.3,6.0,0.0,1.3947,3.9692
2805,4.2,8.0,0.0,1.3776,3.9555
2806,3.8,7.0,0.0,1.2906,3.963
2807,4.5,6.0,0.0,1.4769,4.03
2808,3.7,7.0,0.0,1.2021,4.0001
2809,3.0,8.0,0.0,1.1056,3.8125
2810,4.5,7.0,0.0,1.4888,3.8677
2811,4.3,7.0,0.0,1.3705,3.8539
2812,4.6,7.0,0.0,1.5074,3.9433
2813,5.4,9.0,0.0,1.7391,4.0137
2814,5.1,7.0,0.0,1.6313,3.9238
2815,5.5,9.0,0.0,1.7485,3.9905
2816,7.9,14.0,0.0,2.4997,4.4288
2817,13.9,20.0,0.0,4.2137,5.0543
2818,9.3,14.0,0.0,2.8554,4.5208
2819,8.1,12.0,0.0,2.5763,4.0477
2820,4.2,6.0,0.0,1.3364,3.8732
2821,3.7,7.0,0.0,1.2337,3.7568
2822,3.0,4.0,0.0,0.9922,3.7391
2823,4.0,5.0,0.0,1.2845,3.7552
2824,2.9,4.0,0.0,0.9747,3.8795
2825,2.8,4.0,0.0,0.9314,3.9695
2826,3.3,8.0,0.0,1.1694,3.94
2827,4.0,5.0,0.0,1.3037,3.849
2828,4.7,10.0,0.0,1.578,3.9947
2829,4.0,7.0,0.0,1.3539,4.0893
2830,3.4,5.0,0.0,1.1014,4.0324
2831,4.7,7.0,0.0,1.4517,4.0689
2832,4.1,9.0,0.0,1.3964,4.0035
2833,4.1,8.0,0.0,1.3964,4.039
2834,4.6,8.0,0.0,1.5407,4.0077
2835,5.1,9.0,0.0,1.6266,3.9626
2836,3.9,7.0,0.0,1.2669,3.8473
2837,4.1,6.0,0.0,1.3334,3.8131
2838,5.1,9.0,0.0,1.629,3.9216
2839,5.4,15.0,0.0,2.0164,4.0198
2840,4.4,7.0,0.0,1.4302,4.0224
2841,4.4,9.0,0.0,1.4831,3.8845
2842,4.7,7.0,0.0,1.5322,3.9266
2843,5.2,8.0,0.0,1.6528,3.9635
2844,4.5,6.0,0.0,1.4523,3.9074
2845,6.0,13.0,0.0,1.9843,4.0
2846,5.5,10.0,0.0,1.8314,3.9607
2847,5.4,9.0,0.0,1.7241,4.0198
2848,6.7,12.0,0.0,2.1656,4.2714
2849,5.2,8.0,0.0,1.7406,3.9545
2850,5.1,7.0,0.0,1.5641,4.0902
2851,4.2,6.0,0.0,1.3534,4.066
2852,4.8,7.0,0.0,1.5366,4.1671
2853,4.9,7.0,0.0,1.5452,4.0527
2854,4.9,6.0,0.0,1.5729,4.0396
2855,4.9,9.0,0.0,1.5327,4.0128
2856,3.7,5.0,0.0,1.2704,3.9186
2857,4.0,5.0,0.0,1.2859,3.8427
2858,4.8,6.0,0.0,1.5118,3.9407
2859,3.5,5.0,0.0,1.1522,3.7963
2860,4.7,8.0,0.0,1.584,3.7828
2861,3.5,5.0,0.0,1.1402,3.8164
2862,4.5,9.0,0.0,1.4933,4.0015
2863,4.0,7.0,0.0,1.3492,3.9358
2864,3.2,5.0,0.0,1.0594,3.862
2865,4.3,7.0,0.0,1.3935,4.0889
2866,4.8,6.0,0.0,1.4703,4.0476
2867,4.0,6.0,0.0,1.2835,3.901
2868,4.2,5.0,0.0,1.3831,4.0975
2869,3.8,6.0,0.0,1.244,4.053
2870,3.7,6.0,0.0,1.2592,4.0839
2871,3.1,5.0,0.0,1.0757,4.0485
2872,4.3,6.0,0.0,1.3498,4.0837
2873,4.6,15.0,0.0,1.7945,4.0731
2874,3.7,7.0,0.0,1.2157,4.0643
2875,4.8,7.0,0.0,1.5169,4.1697
2876,4.1,7.0,0.0,1.3565,4.123
2877,4.5,6.0,0.0,1.4343,4.1813
2878,4.6,6.0,0.0,1.4673,4.0352
2879,4.9,7.0,0.0,1.5729,3.8656
2880,4.9,8.0,0.0,1.5452,3.953
2881,3.6,7.0,0.0,1.1874,3.8737
2882,4.3,7.0,0.0,1.4098,3.9566
2883,3.3,6.0,0.0,1.1732,3.8405
2884,3.3,5.0,0.0,1.123,3.8721
2885,3.8,7.0,0.0,1.2414,3.8103
2886,3.9,5.0,0.0,1.2482,3.8321
2887,4.3,7.0,0.0,1.4089,3.9415
2888,2.7,4.0,0.0,0.9189,3.9722
2889,3.2,5.0,0.0,1.0638,3.9851
2890,5.2,13.0,0.0,1.8054,4.0782
2891,4.2,5.0,0.0,1.3534,4.1528
2892,6.3,8.0,0.0,2.1036,4.1427
2893,4.7,7.0,0.0,1.567,4.2489
2894,5.9,8.0,0.0,1.8507,4.2848
2895,6.1,10.0,0.0,1.9376,4.288
2896,6.5,12.0,0.0,2.1611,4.1384
2897,7.7,9.0,0.0,2.3015,4.1614
2898,5.4,12.0,0.0,1.8296,4.2506
2899,4.8,8.0,0.0,1.6535,4.1943
2900,3.7,5.0,0.0,1.2327,4.1476
2901,4.2,9.0,0.0,1.4586,3.938
2902,3.3,5.0,0.0,1.0889,4.0886
2903,4.9,8.0,0.0,1.6051,4.0874
2904,4.5,10.0,0.0,1.5101,3.8249
2905,4.5,6.0,0.0,1.4276,3.9569
2906,3.7,9.0,0.0,1.2878,3.8791
2907,3.4,5.0,0.0,1.1258,3.7758
2908,5.7,8.0,0.0,1.7701,3.9856
2909,3.9,5.0,0.0,1.2641,3.9241
2910,4.0,6.0,0.0,1.2935,4.0394
2911,4.8,10.0,0.0,1.6332,4.1053
2912,4.3,6.0,0.0,1.3122,4.07
2913,4.8,7.0,0.0,1.5492,4.0278
2914,4.6,6.0,0.0,1.4965,3.9792
2915,3.3,4.0,0.0,1.102,3.9124
2916,3.9,8.0,0.0,1.364,3.9559
2917,4.4,7.0,0.0,1.4457,4.0113
2918,4.1,8.0,0.0,1.4213,3.9266
2919,3.5,4.0,0.0,1.0978,3.9634
2920,4.9,7.0,0.0,1.5835,4.0067
2921,3.6,8.0,0.0,1.2419,4.0506
2922,3.3,4.0,0.0,1.1036,4.0016
2923,4.2,7.0,0.0,1.3565,3.996
2924,4.2,5.0,0.0,1.3485,4.0227
2925,3.8,5.0,0.0,1.1988,4.0146
2926,2.7,5.0,0.0,0.9857,3.9435
2927,4.4,8.0,0.0,1.4219,4.1802
2928,4.1,6.0,0.0,1.3153,4.0638
2929,4.7,10.0,0.0,1.6129,4.084
2930,4.5,6.0,0.0,1.4608,4.035
2931,3.8,5.0,0.0,1.2446,3.9019
2932,3.5,5.0,0.0,1.1874,3.8778
2933,4.0,6.0,0.0,1.3101,3.8637
2934,3.3,5.0,0.0,1.1251,3.9277
2935,4.7,7.0,0.0,1.5119,4.1415
2936,4.4,10.0,0.0,1.6023,4.2493
2937,4.4,7.0,0.0,1.4881,4.1082
2938,7.0,9.0,0.0,2.2013,4.3518
2939,4.8,6.0,0.0,1.5068,4.1028
2940,4.4,6.0,0.0,1.3701,4.0327
2941,4.5,6.0,0.0,1.4357,3.9872
2942,5.2,9.0,0.0,1.6891,3.9158
2943,4.6,9.0,0.0,1.5154,3.8706
2944,3.5,4.0,0.0,1.1608,3.9198
2945,4.2,8.0,0.0,1.4379,3.8693
2946,3.7,5.0,0.0,1.2301,3.8249
2947,4.3,7.0,0.0,1.4663,3.9148
2948,4.0,7.0,0.0,1.3363,3.9362
2949,3.9,8.0,0.0,1.3319,3.9303
2950,3.9,7.0,0.0,1.2938,3.8684
2951,4.0,8.0,0.0,1.3675,3.9246
2952,4.0,7.0,0.0,1.3423,3.8686
2953,2.5,3.0,0.0,0.9265,3.905
2954,4.3,6.0,0.0,1.393,3.9048
2955,4.1,5.0,0.0,1.2935,3.8929
2956,4.1,5.0,0.0,1.3304,3.8734
2957,3.8,5.0,0.0,1.2449,3.8922
2958,4.0,5.0,0.0,1.3032,4.0024
2959,5.3,10.0,0.0,1.7587,4.009
2960,6.4,12.0,0.0,2.0126,4.1634
2961,4.5,10.0,0.0,1.5716,4.0177
2962,5.0,7.0,0.0,1.5708,4.1545
2963,5.3,8.0,0.0,1.64,4.173
2964,5.7,8.0,0.0,1.7571,4.1088
2965,3.5,5.0,0.0,1.2203,3.9809
2966,3.8,7.0,0.0,1.2635,4.0692
2967,4.5,7.0,0.0,1.519,4.064
2968,4.5,6.0,0.0,1.4799,4.118
2969,4.1,6.0,0.0,1.3539,3.9576
2970,4.5,7.0,0.0,1.5184,4.1007
2971,4.1,5.0,0.0,1.3364,4.0978
2972,4.4,9.0,0.0,1.5143,4.1072
2973,4.5,8.0,0.0,1.5103,4.2458
2974,4.5,9.0,0.0,1.5588,4.1952
2975,4.7,7.0,0.0,1.519,4.3457
2976,5.3,7.0,0.0,1.6655,4.2359
2977,5.1,8.0,0.0,1.6241,4.0694
2978,4.0,5.0,0.0,1.3542,4.0878
2979,4.1,10.0,0.0,1.4646,4.1037
2980,3.8,7.0,0.0,1.2349,4.0823
2981,5.5,9.0,0.0,1.8466,4.2235
2982,7.7,16.0,0.0,2.5398,4.3339
2983,10.9,16.0,0.0,3.2793,4.7206
2984,10.7,16.0,0.0,3.2799,4.5973
2985,10.1,13.0,0.0,3.1707,4.6523
2986,8.7,13.0,0.0,2.7374,4.6365
2987,8.9,13.0,0.0,2.9223,4.7521
2988,7.3,10.0,0.0,2.4507,4.6505
2989,7.5,11.0,0.0,2.3685,4.5126
2990,6.0,9.0,0.0,1.9343,4.3052
2991,4.8,8.0,0.0,1.5322,3.9736
2992,4.9,10.0,0.0,1.635,4.0881
2993,6.5,11.0,0.0,2.1075,4.0763
2994,6.7,8.0,0.0,2.0463,4.2997
2995,6.3,8.0,0.0,2.0095,4.3324
2996,5.6,7.0,0.0,1.8888,4.2642
2997,7.4,11.0,0.0,2.2639,4.1514
2998,5.6,9.0,0.0,1.7371,4.1653
2999,5.2,8.0,0.0,1.6003,4.1444
3000,4.5,6.0,0.0,1.4847,4.077
3001,3.8,5.0,0.0,1.2476,4.0548
3002,4.9,6.0,0.0,1.5741,4.1236
3003,6.0,8.0,0.0,1.8947,4.0505
3004,5.6,8.0,0.0,1.8467,4.0853
3005,4.9,8.0,0.0,1.634,4.022
3006,7.4,10.0,0.0,2.3532,4.17
3007,7.3,11.0,0.0,2.2815,4.1936
3008,8.0,14.0,0.0,2.6211,4.165
3009,8.9,12.0,0.0,2.7439,4.2692
3010,10.8,14.0,0.0,3.2486,4.2731
3011,11.7,16.0,0.0,3.6188,4.5805
3012,10.2,17.0,0.0,3.2634,4.213
3013,9.7,17.0,0.0,3.0692,4.268
3014,6.7,10.0,0.0,2.1544,4.002
3015,7.0,9.0,0.0,2.2355,3.9007
3016,8.0,11.0,0.0,2.487,4.0615
3017,7.4,15.0,0.0,2.3409,4.0686
3018,13.7,24.0,0.0,4.3984,4.4942
3019,12.9,16.0,0.0,4.0091,4.7171
3020,21.8,29.0,0.0,6.7604,5.406
3021,20.4,30.0,0.0,6.245,5.0515
3022,17.3,24.0,0.0,5.3261,5.1172
3023,17.6,30.0,0.0,5.1847,5.1936
3024,17.5,30.0,0.0,5.298,5.0894
3025,11.9,27.0,0.0,3.8489,4.4002
3026,10.0,18.0,0.0,3.1612,4.3837
3027,9.6,20.0,0.0,3.0458,4.4538
3028,10.7,20.0,0.0,3.3463,4.4233
3029,14.1,26.0,0.0,4.4069,4.4073
3030,9.7,13.0,0.0,3.04,4.3538
3031,19.3,32.0,0.0,5.9967,4.632
3032,12.5,22.0,0.0,3.8469,4.44
3033,12.6,17.0,0.0,3.8262,4.539
3034,14.1,25.0,0.0,4.3965,4.5381
3035,11.8,19.0,0.0,3.5561,4.5775
3036,11.3,23.0,0.0,3.6212,4.3981
3037,12.0,19.0,0.0,3.5908,4.4595
3038,9.7,14.0,0.0,2.9357,4.4801
3039,8.8,17.0,0.0,2.8243,4.4158
3040,11.3,20.0,0.0,3.5232,4.3825
3041,9.0,15.0,0.0,2.7658,4.4451
3042,9.0,15.0,0.0,2.8178,4.423
3043,5.1,9.0,0.0,1.6276,4.0971
3044,6.8,9.0,0.0,2.2162,4.029
3045,8.3,12.0,0.0,2.613,4.3485
3046,9.2,20.0,0.0,3.0216,4.2429
3047,4.7,8.0,0.0,1.5524,4.0181
3048,5.5,10.0,0.0,1.7607,3.9997
3049,7.3,15.0,0.0,2.4055,4.1239
3050,6.0,19.0,0.0,2.2642,4.0732
3051,5.7,14.0,0.0,1.9853,4.2412
3052,5.0,8.0,0.0,1.7174,4.1532
3053,4.3,8.0,0.0,1.4723,4.0126
3054,5.6,8.0,0.0,1.744,4.0528
3055,3.8,7.0,0.0,1.2494,4.0575
3056,4.8,7.0,0.0,1.5551,3.9847
3057,3.6,6.0,0.0,1.2114,3.8858
3058,4.1,9.0,0.0,1.4106,3.8907
3059,3.8,5.0,0.0,1.26,3.9655
3060,3.5,4.0,0.0,1.1746,3.9331
3061,3.8,6.0,0.0,1.2247,3.9627
3062,4.7,7.0,0.0,1.4866,4.0729
3063,3.6,7.0,0.0,1.252,4.028
3064,4.6,8.0,0.0,1.5362,4.0682
3065,4.5,7.0,0.0,1.5374,4.0147
3066,7.1,10.0,0.0,2.1909,4.1362
3067,6.8,13.0,0.0,2.1573,4.161
3068,7.4,9.0,0.0,2.2912,4.4215
3069,6.6,10.0,0.0,2.0899,4.0848
3070,6.1,8.0,0.0,2.0814,4.1115
3071,5.6,8.0,0.0,1.7988,4.1469
3072,6.5,9.0,0.0,2.0567,4.1744
3073,7.2,13.0,0.0,2.2956,4.267
3074,5.6,8.0,0.0,1.8257,4.2053
3075,4.9,10.0,0.0,1.5516,4.2273
3076,3.8,6.0,0.0,1.2893,4.0827
3077,3.5,5.0,0.0,1.2124,4.0796
3078,4.0,6.0,0.0,1.2767,4.059
3079,3.6,8.0,0.0,1.2782,4.043
3080,4.4,8.0,0.0,1.4247,4.0205
3081,5.2,8.0,0.0,1.6449,4.0123
3082,6.4,11.0,0.0,2.0644,4.129
3083,5.6,10.0,0.0,1.8423,4.1571
3084,4.3,9.0,0.0,1.4163,4.2022
3085,4.2,6.0,0.0,1.3541,4.1135
3086,4.7,6.0,0.0,1.5124,4.2983
3087,4.6,8.0,0.0,1.5406,4.249
3088,4.2,6.0,0.0,1.3698,4.106
3089,3.6,6.0,0.0,1.1864,4.1273
3090,6.1,8.0,0.0,1.9884,4.5918
3091,6.2,9.0,0.0,1.9761,4.5389
3092,5.6,7.0,0.0,1.7905,4.3429
3093,7.0,15.0,0.0,2.3422,4.3576
3094,5.1,8.0,0.0,1.6746,4.1732
3095,5.4,8.0,0.0,1.6687,4.1293
3096,4.1,8.0,0.0,1.4205,4.0389
3097,4.7,7.0,0.0,1.4939,4.0836
3098,4.3,9.0,0.0,1.5059,4.1292
3099,4.2,7.0,0.0,1.3964,4.0432
3100,5.7,8.0,0.0,1.7741,4.2768
3101,4.9,7.0,0.0,1.5561,4.3015
3102,4.6,7.0,0.0,1.5288,4.2189
3103,3.2,5.0,0.0,1.0805,4.0143
3104,4.6,9.0,0.0,1.5457,3.9583
3105,3.6,5.0,0.0,1.1712,3.9269
3106,3.9,7.0,0.0,1.2963,3.992
3107,4.3,7.0,0.0,1.4129,3.8111
3108,4.4,5.0,0.0,1.4112,3.9667
3109,4.7,9.0,0.0,1.504,3.9031
3110,3.4,6.0,0.0,1.1694,3.9383
3111,4.1,9.0,0.0,1.4089,3.9069
3112,3.5,5.0,0.0,1.1786,3.8998
3113,5.2,8.0,0.0,1.6875,3.9183
3114,3.3,5.0,0.0,1.0688,3.8854
3115,4.3,5.0,0.0,1.4277,3.9137
3116,3.6,5.0,0.0,1.178,3.9469
3117,3.6,6.0,0.0,1.1737,3.9724
3118,4.1,8.0,0.0,1.3947,4.0184
3119,4.6,7.0,0.0,1.4906,4.0071
3120,4.6,8.0,0.0,1.5433,3.9343
3121,4.3,6.0,0.0,1.3686,3.8909
3122,7.8,11.0,0.0,2.32,4.1135
3123,7.9,13.0,0.0,2.611,4.2932
3124,7.5,15.0,0.0,2.4889,4.231
3125,8.0,13.0,0.0,2.4822,4.1892
3126,7.6,12.0,0.0,2.344,4.1234
3127,7.8,16.0,0.0,2.4951,4.2009
3128,7.2,9.0,0.0,2.264,4.252
3129,8.9,11.0,0.0,2.7211,4.5937
3130,8.0,10.0,0.0,2.5518,4.3141
3131,10.3,17.0,0.0,3.246,4.3404
3132,8.8,15.0,0.0,2.7972,4.4831
3133,8.2,13.0,0.0,2.5939,4.5347
3134,7.1,12.0,0.0,2.2697,4.3622
3135,7.8,13.0,0.0,2.4536,4.4116
3136,8.2,12.0,0.0,2.4886,4.3719
3137,9.1,13.0,0.0,2.8099,4.55
3138,10.4,14.0,0.0,3.2088,4.6959
3139,9.5,15.0,0.0,2.9335,4.6257
3140,5.8,9.0,0.0,1.8318,4.3992
3141,6.0,8.0,0.0,1.9072,4.1929
3142,4.6,8.0,0.0,1.5611,4.237
3143,4.9,7.0,0.0,1.593,4.0456
3144,4.7,8.0,0.0,1.5588,3.927
3145,4.5,6.0,0.0,1.4465,3.9645
3146,4.9,6.0,0.0,1.588,4.0032
3147,5.2,8.0,0.0,1.6357,4.0232
3148,4.4,7.0,0.0,1.45,3.9667
3149,5.6,9.0,0.0,1.7736,3.9738
3150,4.9,9.0,0.0,1.5813,3.8408
3151,5.2,10.0,0.0,1.715,3.8497
3152,7.2,17.0,0.0,2.431,3.9397
3153,8.5,12.0,0.0,2.7,4.2645
3154,10.6,21.0,0.0,3.3057,4.6009
3155,8.8,12.0,0.0,2.7462,4.6758
3156,7.6,10.0,0.0,2.4692,4.4409
3157,6.4,10.0,0.0,2.0218,4.2087
3158,5.8,9.0,0.0,1.8718,4.0522
3159,5.4,9.0,0.0,1.7748,3.9773
3160,5.2,7.0,0.0,1.6076,3.9979
3161,5.6,7.0,0.0,1.852,4.2313
3162,5.6,7.0,0.0,1.78,4.1397
3163,4.5,6.0,0.0,1.4479,4.1029
3164,4.5,7.0,0.0,1.4648,3.9649
3165,4.2,7.0,0.0,1.3778,4.1353
3166,5.7,10.0,0.0,1.7757,4.2095
3167,5.4,10.0,0.0,1.7668,4.0936
3168,5.0,7.0,0.0,1.6301,3.9372
3169,5.4,8.0,0.0,1.7685,4.0903
3170,4.0,6.0,0.0,1.3416,3.9751
3171,4.1,6.0,0.0,1.2969,3.8972
3172,4.0,6.0,0.0,1.3122,3.9848
3173,4.7,10.0,0.0,1.6086,3.9589
3174,4.4,7.0,0.0,1.4141,4.0701
3175,4.9,6.0,0.0,1.4992,3.9889
3176,4.9,8.0,0.0,1.5675,3.8766
3177,4.4,9.0,0.0,1.4717,3.8791
3178,4.9,14.0,0.0,1.7797,3.8771
3179,4.1,8.0,0.0,1.4284,3.8183
3180,4.3,8.0,0.0,1.4621,3.941
3181,4.4,6.0,0.0,1.3826,3.9638
3182,4.2,7.0,0.0,1.3689,3.8902
3183,4.4,7.0,0.0,1.427,4.0612
3184,4.9,9.0,0.0,1.5815,4.135
3185,4.9,7.0,0.0,1.5767,4.1308
3186,3.8,5.0,0.0,1.2008,3.9494
3187,3.6,5.0,0.0,1.1772,3.968
3188,2.7,3.0,0.0,0.8953,3.8539
3189,3.9,6.0,0.0,1.253,4.0054
3190,3.6,5.0,0.0,1.1395,3.9069
3191,2.8,4.0,0.0,0.9495,3.8182
3192,4.4,8.0,0.0,1.479,3.8267
3193,5.3,9.0,0.0,1.7068,3.9668
3194,4.0,7.0,0.0,1.3572,3.9106
3195,4.1,9.0,0.0,1.4051,3.9857
3196,3.2,4.0,0.0,1.0607,3.9782
3197,3.5,5.0,0.0,1.1322,4.0175
3198,4.6,7.0,0.0,1.4676,4.0331
3199,4.7,7.0,0.0,1.5143,3.9553
3200,5.0,7.0,0.0,1.5772,3.8173
3201,4.9,6.0,0.0,1.6086,4.1717
3202,4.2,9.0,0.0,1.4538,3.891
3203,4.2,8.0,0.0,1.3666,4.0585
3204,4.6,6.0,0.0,1.4785,4.1495
3205,4.6,7.0,0.0,1.4283,4.0488
3206,4.7,6.0,0.0,1.4682,4.1239
3207,5.3,9.0,0.0,1.6997,4.2055
3208,5.1,8.0,0.0,1.5734,4.0399
3209,4.3,9.0,0.0,1.4888,4.0067
3210,5.3,7.0,0.0,1.6815,4.1598
3211,3.9,6.0,0.0,1.253,4.184
3212,3.9,9.0,0.0,1.3334,3.9814
3213,4.4,7.0,0.0,1.4517,3.955
3214,3.1,5.0,0.0,1.1045,3.94
3215,4.2,7.0,0.0,1.3361,3.8022
3216,4.6,6.0,0.0,1.4468,3.8477
3217,4.3,6.0,0.0,1.3748,4.0202
3218,4.6,7.0,0.0,1.501,4.1062
3219,4.7,6.0,0.0,1.5213,4.0094
3220,5.9,8.0,0.0,1.9311,4.0408
3221,4.4,6.0,0.0,1.4373,3.833
3222,3.4,7.0,0.0,1.1887,3.8423
3223,4.1,6.0,0.0,1.3177,3.9559
3224,3.0,4.0,0.0,1.0089,3.8955
3225,4.8,8.0,0.0,1.5644,4.1796
3226,4.3,8.0,0.0,1.4177,3.9405
3227,3.6,5.0,0.0,1.172,4.011
3228,5.9,12.0,0.0,2.034,4.0216
3229,4.7,9.0,0.0,1.5251,3.811
3230,3.9,7.0,0.0,1.3593,3.807
3231,4.6,6.0,0.0,1.4881,3.8229
3232,4.9,7.0,0.0,1.5819,3.9461
3233,3.8,6.0,0.0,1.232,4.0549
3234,5.0,8.0,0.0,1.6394,3.9677
3235,5.1,11.0,0.0,1.7385,4.0114
3236,5.5,15.0,0.0,1.9974,4.0504
3237,4.6,9.0,0.0,1.5575,4.0885
3238,4.2,5.0,0.0,1.306,4.0512
3239,4.4,6.0,0.0,1.4256,4.0134
3240,3.9,6.0,0.0,1.253,3.979
3241,5.9,9.0,0.0,1.8985,3.9792
3242,7.3,12.0,0.0,2.3319,4.2402
3243,7.0,10.0,0.0,2.2956,4.4701
3244,7.1,11.0,0.0,2.2938,4.2196
3245,6.4,10.0,0.0,2.0205,4.2679
3246,6.3,10.0,0.0,1.9771,4.1138
3247,5.8,10.0,0.0,1.8459,4.0641
3248,5.9,8.0,0.0,1.8264,4.1701
3249,4.3,7.0,0.0,1.4132,3.9449
3250,4.2,6.0,0.0,1.3592,3.9143
3251,4.7,11.0,0.0,1.5869,3.9341
3252,3.4,5.0,0.0,1.1143,3.9262
3253,4.2,6.0,0.0,1.3905,3.9054
3254,4.0,6.0,0.0,1.2679,3.9023
3255,3.6,7.0,0.0,1.2088,3.9242
3256,3.4,6.0,0.0,1.1581,3.8621
3257,3.5,6.0,0.0,1.1563,3.9103
3258,3.3,5.0,0.0,1.1169,3.8799
3259,3.9,5.0,0.0,1.3032,3.9706
3260,4.4,7.0,0.0,1.4448,4.0983
3261,4.2,5.0,0.0,1.2953,3.8844
3262,2.7,4.0,0.0,0.9197,3.8394
3263,3.2,5.0,0.0,1.0819,3.8942
3264,4.6,9.0,0.0,1.5064,3.9943
3265,3.3,6.0,0.0,1.141,3.9525
3266,5.9,12.0,0.0,1.965,4.0193
3267,5.4,10.0,0.0,1.8005,4.0393
3268,5.3,7.0,0.0,1.6389,4.0034
3269,3.1,5.0,0.0,1.0619,3.9599
3270,3.8,5.0,0.0,1.2369,3.9369
3271,3.3,5.0,0.0,1.0772,3.892
3272,2.7,4.0,0.0,0.9261,3.9177
3273,4.1,5.0,0.0,1.2883,3.9415
3274,3.5,6.0,0.0,1.1672,3.8918
3275,3.9,6.0,0.0,1.2891,3.8133
3276,4.1,7.0,0.0,1.364,3.8054
3277,3.7,5.0,0.0,1.244,3.9674
3278,4.3,6.0,0.0,1.3884,3.944
3279,5.0,6.0,0.0,1.6879,3.9802
3280,4.2,6.0,0.0,1.324,4.2
3281,4.6,9.0,0.0,1.5354,4.2117
3282,5.3,10.0,0.0,1.6673,4.0566
3283,4.8,8.0,0.0,1.5882,4.0003
3284,4.3,6.0,0.0,1.3644,3.9772
3285,4.0,6.0,0.0,1.3265,3.9754
3286,3.8,5.0,0.0,1.2349,3.9423
3287,3.7,6.0,0.0,1.2151,3.9857
3288,4.0,6.0,0.0,1.3189,4.0317
3289,4.6,8.0,0.0,1.4831,4.0196
3290,6.4,9.0,0.0,2.0528,4.0647
3291,6.9,12.0,0.0,2.2238,4.1126
3292,4.3,7.0,0.0,1.4169,4.0218
3293,5.2,8.0,0.0,1.6953,4.025
3294,5.0,10.0,0.0,1.6942,3.9652
3295,5.3,11.0,0.0,1.7378,3.9902
3296,4.1,7.0,0.0,1.3524,3.9292
3297,3.4,6.0,0.0,1.1941,4.12
3298,3.0,4.0,0.0,0.9865,3.8583
3299,3.7,6.0,0.0,1.2433,3.936
3300,4.5,6.0,0.0,1.4697,4.005
3301,4.0,8.0,0.0,1.3625,3.8373
3302,4.3,7.0,0.0,1.3645,3.8774
3303,3.1,6.0,0.0,1.111,3.9398
3304,5.5,16.0,0.0,1.9975,4.1235
3305,4.6,7.0,0.0,1.4888,3.9308
3306,5.0,7.0,0.0,1.5662,3.9893
3307,4.2,6.0,0.0,1.4183,3.8965
3308,4.0,5.0,0.0,1.3615,4.0521
3309,4.1,6.0,0.0,1.3435,4.0515
3310,3.8,5.0,0.0,1.3,4.0091
3311,3.5,5.0,0.0,1.14,4.0351
3312,5.4,8.0,0.0,1.7469,3.95
3313,3.5,7.0,0.0,1.2002,3.9725
3314,3.2,5.0,0.0,1.0744,4.0254
3315,3.9,8.0,0.0,1.3557,3.9511
3316,5.1,7.0,0.0,1.6544,3.8186
3317,4.6,9.0,0.0,1.5516,3.9896
3318,4.7,6.0,0.0,1.4491,4.0572
3319,4.7,9.0,0.0,1.5302,4.1884
3320,4.6,7.0,0.0,1.4358,4.3004
3321,4.9,9.0,0.0,1.5911,4.0966
3322,5.9,11.0,0.0,1.9622,4.031
3323,5.8,11.0,0.0,1.8756,4.0198
3324,3.2,4.0,0.0,1.0619,3.9288
3325,5.4,10.0,0.0,1.7406,4.109
3326,6.2,10.0,0.0,1.9784,4.2179
3327,5.0,6.0,0.0,1.5843,3.9942
3328,3.9,6.0,0.0,1.2301,3.9551
3329,4.1,6.0,0.0,1.3242,3.9252
3330,5.0,12.0,0.0,1.7737,3.9423
3331,5.3,8.0,0.0,1.7188,3.901
3332,6.5,9.0,0.0,1.9965,4.0431
3333,4.5,8.0,0.0,1.3999,3.8409
3334,2.8,4.0,0.0,1.0008,3.8201
3335,3.7,5.0,0.0,1.1864,3.8122
3336,4.4,7.0,0.0,1.4277,3.802
3337,3.9,6.0,0.0,1.3265,3.8154
3338,3.5,5.0,0.0,1.1522,3.9061
3339,3.5,6.0,0.0,1.1948,3.864
3340,3.7,6.0,0.0,1.2278,3.8723
3341,4.6,6.0,0.0,1.5058,3.8569
3342,4.5,7.0,0.0,1.5387,3.8138
3343,4.3,7.0,0.0,1.4177,3.9081
3344,4.0,8.0,0.0,1.371,3.8101
3345,4.0,6.0,0.0,1.3107,3.8406
3346,3.2,5.0,0.0,1.0712,3.7757
3347,3.2,5.0,0.0,1.0398,3.8498
3348,4.4,7.0,0.0,1.4832,3.8472
3349,3.6,5.0,0.0,1.1901,3.8701
3350,5.1,7.0,0.0,1.556,3.9632
3351,4.8,6.0,0.0,1.5409,3.9645
3352,4.2,8.0,0.0,1.4193,4.0545
3353,4.0,7.0,0.0,1.3006,4.0132
3354,5.0,9.0,0.0,1.6374,4.1642
3355,5.6,9.0,0.0,1.7776,4.0501
3356,3.8,5.0,0.0,1.2717,3.9023
3357,4.4,7.0,0.0,1.3785,3.8186
3358,2.4,4.0,0.0,0.8718,3.856
3359,4.6,8.0,0.0,1.5081,3.9667
3360,3.6,5.0,0.0,1.2057,4.0267
3361,3.8,7.0,0.0,1.2757,3.945
3362,4.0,7.0,0.0,1.3183,3.921
3363,5.2,8.0,0.0,1.6715,4.109
3364,5.5,8.0,0.0,1.8061,4.1109
3365,3.9,6.0,0.0,1.2301,4.0703
3366,3.4,4.0,0.0,1.1435,4.0174
3367,3.6,5.0,0.0,1.1805,4.0415
3368,4.6,9.0,0.0,1.4454,3.9284
3369,5.2,7.0,0.0,1.6255,3.9077
3370,3.2,4.0,0.0,1.0461,3.8699
3371,4.0,7.0,0.0,1.3286,4.0318
3372,4.6,7.0,0.0,1.5561,4.1189
3373,4.8,9.0,0.0,1.6325,4.0963
3374,3.6,5.0,0.0,1.2057,3.9323
3375,3.3,5.0,0.0,1.1108,3.939
3376,4.6,8.0,0.0,1.6165,3.9736
3377,3.5,5.0,0.0,1.1779,3.9766
3378,5.2,8.0,0.0,1.6128,3.8916
3379,3.3,5.0,0.0,1.1283,3.8192
3380,3.1,5.0,0.0,1.0712,4.1418
3381,2.9,4.0,0.0,0.9836,4.2787
3382,3.8,8.0,0.0,1.2983,4.0595
3383,4.7,6.0,0.0,1.4671,4.0122
3384,5.7,9.0,0.0,1.8593,3.8667
3385,5.0,8.0,0.0,1.6701,4.1187
3386,3.6,7.0,0.0,1.1938,4.0552
3387,3.6,7.0,0.0,1.2031,3.9987
3388,4.5,7.0,0.0,1.402,4.0912
3389,3.6,6.0,0.0,1.2068,3.9839
3390,4.3,8.0,0.0,1.4456,4.0188
3391,4.4,7.0,0.0,1.4379,4.1112
3392,4.2,6.0,0.0,1.3964,3.8203
3393,4.3,6.0,0.0,1.3892,3.9414
3394,3.5,6.0,0.0,1.1721,3.9535
3395,3.3,4.0,0.0,1.1108,3.9814
3396,5.1,12.0,0.0,1.7889,4.0764
3397,5.5,10.0,0.0,1.7957,4.0575
3398,4.2,5.0,0.0,1.3454,4.0192
3399,3.7,5.0,0.0,1.2091,3.9771
3400,3.8,6.0,0.0,1.2464,3.9872
3401,3.6,5.0,0.0,1.2246,4.0051
3402,4.7,11.0,0.0,1.5989,3.9365
3403,3.7,5.0,0.0,1.2032,3.9518
3404,4.2,7.0,0.0,1.3987,3.9328
3405,3.9,8.0,0.0,1.296,3.9953
3406,4.7,8.0,0.0,1.5594,4.0013
3407,4.7,8.0,0.0,1.5355,3.9288
3408,3.3,5.0,0.0,1.089,3.9086
3409,3.8,6.0,0.0,1.244,3.8863
3410,4.1,7.0,0.0,1.3632,4.0379
3411,2.6,5.0,0.0,0.968,4.0466
3412,4.5,6.0,0.0,1.4526,4.163
3413,5.6,8.0,0.0,1.758,4.0902
3414,6.7,11.0,0.0,2.2611,4.2806
3415,7.0,11.0,0.0,2.2068,4.4754
3416,8.3,13.0,0.0,2.655,4.4695
3417,8.2,13.0,0.0,2.5182,4.3861
3418,9.4,19.0,0.0,3.052,4.4447
3419,6.0,10.0,0.0,1.9548,4.2046
3420,6.2,9.0,0.0,1.9944,4.1774
3421,4.1,7.0,0.0,1.3642,4.0748
3422,3.8,6.0,0.0,1.2729,4.0342
3423,4.6,8.0,0.0,1.5256,4.0095
3424,5.0,12.0,0.0,1.7418,3.9952
3425,3.2,4.0,0.0,1.0744,3.9253
3426,3.5,5.0,0.0,1.1993,3.9081
3427,3.3,6.0,0.0,1.1098,3.9694
3428,3.9,8.0,0.0,1.321,3.9581
3429,4.1,6.0,0.0,1.3961,4.0633
3430,3.8,8.0,0.0,1.2906,4.013
3431,4.3,6.0,0.0,1.4379,4.0273
3432,5.0,7.0,0.0,1.5353,4.0595
3433,5.5,11.0,0.0,1.8385,3.9979
3434,5.0,11.0,0.0,1.6751,4.1037
3435,3.4,5.0,0.0,1.123,3.909
3436,3.7,5.0,0.0,1.1985,4.0366
3437,4.5,9.0,0.0,1.5199,3.9902
3438,4.2,5.0,0.0,1.3733,4.0115
3439,4.9,8.0,0.0,1.6471,4.0421
3440,3.8,6.0,0.0,1.2186,4.0125
3441,4.8,10.0,0.0,1.6086,3.9429
3442,4.4,9.0,0.0,1.5226,3.9082
3443,3.7,6.0,0.0,1.244,3.9685
3444,4.7,6.0,0.0,1.5266,4.0276
3445,5.2,7.0,0.0,1.6443,4.0201
3446,4.2,8.0,0.0,1.4071,3.9625
3447,4.6,7.0,0.0,1.4654,3.9965
3448,4.3,6.0,0.0,1.3764,4.0164
3449,4.6,8.0,0.0,1.5429,4.0222
3450,3.7,5.0,0.0,1.2068,4.0177
3451,3.9,5.0,0.0,1.275,3.8655
3452,3.9,5.0,0.0,1.2953,3.8369
3453,4.1,7.0,0.0,1.3883,3.8569
3454,3.7,6.0,0.0,1.2574,3.8295
3455,3.3,5.0,0.0,1.0488,3.8802
3456,3.8,6.0,0.0,1.2919,3.8644
3457,4.0,7.0,0.0,1.3666,3.7831
3458,3.8,5.0,0.0,1.2482,3.9046
3459,5.2,10.0,0.0,1.7628,3.964
3460,4.2,8.0,0.0,1.4454,3.921
3461,3.5,7.0,0.0,1.1971,3.8244
3462,3.1,6.0,0.0,1.1287,3.7774
3463,2.9,4.0,0.0,0.9646,3.772
3464,4.8,9.0,0.0,1.5813,3.8515
3465,3.7,6.0,0.0,1.2288,3.9214
3466,3.8,5.0,0.0,1.1993,3.9134
3467,3.8,7.0,0.0,1.2544,3.9081
3468,3.7,6.0,0.0,1.2359,3.9691
3469,4.1,7.0,0.0,1.3625,3.9101
3470,3.2,5.0,0.0,1.0592,3.9039
3471,3.8,6.0,0.0,1.2446,3.9452
3472,3.9,7.0,0.0,1.2883,3.933
3473,4.0,6.0,0.0,1.296,3.905
3474,3.0,6.0,0.0,1.0442,3.841
3475,4.3,5.0,0.0,1.3674,3.8777
3476,5.5,9.0,0.0,1.8007,3.8809
3477,3.1,4.0,0.0,1.0037,3.8667
3478,3.8,6.0,0.0,1.2464,3.8599
3479,3.5,5.0,0.0,1.1871,4.0528
3480,4.3,9.0,0.0,1.449,3.9036
3481,5.0,10.0,0.0,1.7418,3.941
3482,4.2,6.0,0.0,1.3551,3.8805
3483,4.6,7.0,0.0,1.4743,3.8767
3484,3.3,6.0,0.0,1.117,3.8845
3485,4.2,10.0,0.0,1.4675,3.8936
3486,4.4,9.0,0.0,1.4523,3.8684
3487,3.6,5.0,0.0,1.1473,3.8974
3488,4.3,7.0,0.0,1.4207,3.9411
3489,6.2,9.0,0.0,1.9245,4.0041
3490,3.7,7.0,0.0,1.2884,4.0812
3491,4.4,7.0,0.0,1.4627,4.0383
3492,4.8,9.0,0.0,1.562,4.1286
3493,6.3,9.0,0.0,2.0272,4.1297
3494,4.4,10.0,0.0,1.4614,3.9954
3495,4.7,9.0,0.0,1.5239,3.9679
3496,4.3,6.0,0.0,1.3733,3.9234
3497,3.3,6.0,0.0,1.1889,3.8723
3498,4.3,6.0,0.0,1.3804,3.8906
3499,4.3,5.0,0.0,1.3437,3.8603
3500,4.2,8.0,0.0,1.4174,3.9826
3501,4.2,7.0,0.0,1.4517,3.9702
3502,4.2,7.0,0.0,1.3403,3.9944
3503,4.4,7.0,0.0,1.4744,3.9693
3504,6.2,13.0,0.0,2.0635,4.1481
3505,4.4,6.0,0.0,1.4717,4.0254
3506,5.7,14.0,0.0,2.0069,4.0043
3507,7.0,12.0,0.0,2.3685,4.2438
3508,9.2,18.0,0.0,3.034,4.2998
3509,7.3,9.0,0.0,2.241,4.1813
3510,5.6,10.0,0.0,1.8264,4.1207
3511,5.5,9.0,0.0,1.8055,4.0508
3512,5.9,8.0,0.0,1.8117,4.3008
3513,6.4,10.0,0.0,1.9981,4.4374
3514,5.3,9.0,0.0,1.6858,4.1906
3515,5.6,9.0,0.0,1.7628,4.2486
3516,4.5,8.0,0.0,1.5,4.0103
3517,4.1,7.0,0.0,1.321,3.9458
3518,4.9,7.0,0.0,1.5667,3.9774
3519,5.1,7.0,0.0,1.6889,4.0804
3520,4.2,9.0,0.0,1.4525,3.9852
3521,5.4,8.0,0.0,1.7199,4.0196
3522,6.6,10.0,0.0,2.0943,4.1414
3523,5.6,8.0,0.0,1.7667,4.0472
3524,4.4,5.0,0.0,1.4121,3.9561
3525,4.3,7.0,0.0,1.4036,4.0225
3526,3.8,5.0,0.0,1.2679,3.9501
3527,3.6,7.0,0.0,1.244,4.0115
3528,3.6,7.0,0.0,1.2221,4.1611
3529,4.3,8.0,0.0,1.4722,4.1115
3530,3.8,6.0,0.0,1.252,3.9271
3531,3.8,5.0,0.0,1.3101,4.0337
3532,3.4,4.0,0.0,1.114,4.0308
3533,4.0,6.0,0.0,1.3301,4.0875
3534,6.0,11.0,0.0,1.981,4.1324
3535,4.4,8.0,0.0,1.5081,4.0557
3536,5.7,8.0,0.0,1.8626,4.0508
3537,3.8,5.0,0.0,1.2767,3.9916
3538,3.4,5.0,0.0,1.118,3.8021
3539,4.2,9.0,0.0,1.44,3.7852
3540,4.6,9.0,0.0,1.5835,3.8982
3541,5.1,7.0,0.0,1.6763,3.8497
3542,4.7,8.0,0.0,1.5662,3.7849
3543,4.2,6.0,0.0,1.3477,3.8087
3544,4.4,11.0,0.0,1.5724,3.8116
3545,4.2,6.0,0.0,1.3698,3.9669
3546,3.8,5.0,0.0,1.299,3.8894
3547,5.2,11.0,0.0,1.7973,3.9953
3548,4.1,5.0,0.0,1.3304,3.9247
3549,5.2,7.0,0.0,1.6583,4.0998
3550,4.0,7.0,0.0,1.3698,3.9992
3551,4.7,7.0,0.0,1.5446,3.9415
3552,5.0,7.0,0.0,1.5708,4.0784
3553,4.4,6.0,0.0,1.4823,4.1262
3554,4.7,9.0,0.0,1.5675,4.0701
3555,5.5,9.0,0.0,1.7703,4.1074
3556,5.3,9.0,0.0,1.7009,4.0129
3557,5.0,9.0,0.0,1.7022,4.0811
3558,4.7,6.0,0.0,1.5081,4.1156
3559,4.9,7.0,0.0,1.5251,4.0454
3560,5.3,8.0,0.0,1.7059,4.0399
3561,4.5,6.0,0.0,1.5311,4.0522
3562,5.6,10.0,0.0,1.7876,3.9687
3563,5.0,11.0,0.0,1.7437,3.9425
3564,4.5,7.0,0.0,1.4654,3.969
3565,5.3,6.0,0.0,1.6922,3.9117
3566,6.5,15.0,0.0,2.273,4.0632
3567,3.8,7.0,0.0,1.2278,4.0699
3568,4.3,8.0,0.0,1.4517,4.1101
3569,4.4,8.0,0.0,1.4217,4.023
3570,4.4,7.0,0.0,1.4276,4.0996
3571,5.6,10.0,0.0,1.8446,3.9752
3572,5.2,8.0,0.0,1.6439,4.1119
3573,5.4,9.0,0.0,1.7151,4.1229
3574,9.2,17.0,0.0,2.8961,4.4259
3575,12.0,26.0,0.0,3.8979,4.4995
3576,9.6,15.0,0.0,3.003,4.2274
3577,7.1,9.0,0.0,2.2517,4.0825
3578,4.7,7.0,0.0,1.4838,3.9216
3579,4.2,8.0,0.0,1.4317,3.7912
3580,3.9,6.0,0.0,1.3153,3.8404
3581,3.6,7.0,0.0,1.1842,3.8443
3582,4.3,8.0,0.0,1.4315,3.9355
3583,4.1,9.0,0.0,1.3713,3.9258
3584,4.3,8.0,0.0,1.5026,3.957
3585,3.6,5.0,0.0,1.1832,3.936
3586,4.0,6.0,0.0,1.3253,3.9699
3587,3.9,6.0,0.0,1.2937,4.0137
3588,3.4,6.0,0.0,1.1543,3.9309
3589,5.0,7.0,0.0,1.5785,3.9937
3590,5.7,8.0,0.0,1.8092,4.0983
3591,3.9,5.0,0.0,1.2558,4.0033
3592,4.1,6.0,0.0,1.3301,3.8655
3593,3.7,5.0,0.0,1.2278,3.8131
3594,3.5,5.0,0.0,1.1374,3.8265
3595,3.9,6.0,0.0,1.2627,3.8622
3596,4.7,8.0,0.0,1.4898,3.9326
3597,4.6,7.0,0.0,1.5132,3.7999
3598,4.6,7.0,0.0,1.5106,3.7804
3599,4.1,6.0,0.0,1.2805,3.8132
3600,3.2,4.0,0.0,1.0812,3.877
3601,4.8,9.0,0.0,1.6041,3.9557
3602,4.1,7.0,0.0,1.4263,3.9761
3603,3.6,5.0,0.0,1.2352,3.9578
3604,4.3,6.0,0.0,1.4188,3.9647
3605,4.2,8.0,0.0,1.3892,3.8761
3606,5.2,15.0,0.0,1.9303,3.9309
3607,4.3,7.0,0.0,1.3908,3.9087
3608,4.1,6.0,0.0,1.3025,3.8584
3609,3.9,5.0,0.0,1.2288,3.9361
3610,4.9,8.0,0.0,1.651,3.968
3611,4.1,10.0,0.0,1.4564,3.9337
3612,4.5,7.0,0.0,1.4595,3.907
3613,5.1,8.0,0.0,1.6066,3.9254
3614,5.0,8.0,0.0,1.6259,3.8782
3615,4.7,8.0,0.0,1.5225,3.8909
3616,5.9,7.0,0.0,1.8888,4.0285
3617,6.3,9.0,0.0,1.9926,3.9639
3618,7.2,12.0,0.0,2.2357,4.1068
3619,5.6,12.0,0.0,1.8488,3.9913
3620,6.9,9.0,0.0,2.1471,4.0704
3621,7.8,13.0,0.0,2.4644,4.0995
3622,6.9,9.0,0.0,2.1499,4.0888
3623,6.5,10.0,0.0,2.0851,4.0836
3624,5.8,7.0,0.0,1.8016,4.0644
3625,6.5,8.0,0.0,2.1481,4.017
3626,4.3,8.0,0.0,1.4799,3.8963
3627,4.3,7.0,0.0,1.4036,3.9023
3628,4.2,7.0,0.0,1.3618,3.8344
3629,4.3,6.0,0.0,1.3444,4.0226
3630,4.0,6.0,0.0,1.2729,3.9057
3631,4.4,9.0,0.0,1.4607,3.9136
3632,3.3,5.0,0.0,1.0849,3.8765
3633,4.5,7.0,0.0,1.4155,3.8815
3634,4.1,7.0,0.0,1.3817,3.8307
3635,5.1,9.0,0.0,1.6857,3.9225
3636,7.8,12.0,0.0,2.503,4.2693
3637,5.4,8.0,0.0,1.7901,4.1537
3638,5.6,11.0,0.0,1.8125,4.0503
3639,5.9,10.0,0.0,1.8782,4.0673
3640,4.2,8.0,0.0,1.3491,3.8475
3641,3.9,7.0,0.0,1.2764,3.8445
3642,3.9,8.0,0.0,1.3657,3.8872
3643,3.7,6.0,0.0,1.179,3.8872
3644,3.9,6.0,0.0,1.3,3.9308
3645,3.4,6.0,0.0,1.1772,3.8885
3646,2.8,4.0,0.0,0.9759,3.9102
3647,3.7,6.0,0.0,1.232,3.9172
3648,4.1,6.0,0.0,1.3657,3.9187
3649,4.4,7.0,0.0,1.4769,4.1115
3650,4.8,9.0,0.0,1.6496,3.9639
3651,4.7,7.0,0.0,1.5041,4.0144
3652,4.8,7.0,0.0,1.5587,4.0188
3653,6.0,8.0,0.0,1.8877,4.0825
3654,5.7,9.0,0.0,1.8055,4.0213
3655,4.4,7.0,0.0,1.4318,4.104
3656,5.1,6.0,0.0,1.5492,4.0316
3657,4.6,7.0,0.0,1.519,3.989
3658,6.1,8.0,0.0,1.9415,3.9954
3659,6.9,9.0,0.0,2.0606,4.305
3660,5.8,9.0,0.0,1.8993,4.2282
3661,5.1,7.0,0.0,1.6484,4.122
3662,5.1,9.0,0.0,1.6768,3.9129
3663,6.0,9.0,0.0,2.0497,4.2832
3664,5.4,13.0,0.0,1.8943,4.1391
3665,7.1,17.0,0.0,2.3958,4.1136
3666,4.8,8.0,0.0,1.5235,3.9719
3667,4.2,9.0,0.0,1.4753,3.9443
3668,3.4,5.0,0.0,1.066,3.8685
3669,4.1,5.0,0.0,1.3379,3.8803
3670,4.0,10.0,0.0,1.4066,3.9206
3671,3.5,6.0,0.0,1.182,3.8758
3672,4.8,9.0,0.0,1.5813,4.1362
3673,2.6,3.0,0.0,0.9152,3.8733
3674,3.3,5.0,0.0,1.1212,3.8292
3675,3.8,7.0,0.0,1.253,3.8796
3676,3.6,7.0,0.0,1.1864,3.8703
3677,4.2,5.0,0.0,1.3477,3.8914
3678,3.7,7.0,0.0,1.2303,3.9035
3679,4.1,6.0,0.0,1.3318,3.8457
3680,3.9,6.0,0.0,1.2732,3.8723
3681,4.9,9.0,0.0,1.5794,3.8263
3682,3.4,6.0,0.0,1.1212,3.8599
3683,3.5,6.0,0.0,1.1738,3.85
3684,4.1,8.0,0.0,1.3519,3.8228
3685,4.4,6.0,0.0,1.4315,3.7774
3686,3.8,5.0,0.0,1.2781,3.8886
3687,4.8,7.0,0.0,1.5843,3.9582
3688,4.1,5.0,0.0,1.296,4.0362
3689,3.5,4.0,0.0,1.1532,3.8405
3690,4.0,7.0,0.0,1.2649,3.8898
3691,3.8,6.0,0.0,1.296,3.8948
3692,4.1,6.0,0.0,1.4135,3.9501
3693,4.7,7.0,0.0,1.4906,3.9492
3694,5.2,10.0,0.0,1.711,4.0057
3695,5.2,9.0,0.0,1.7051,4.0882
3696,5.0,9.0,0.0,1.6763,3.9963
3697,4.9,7.0,0.0,1.5558,3.9787
3698,4.3,6.0,0.0,1.4345,3.9112
3699,2.5,4.0,0.0,0.8405,3.8852
3700,3.5,5.0,0.0,1.227,3.9541
3701,3.7,7.0,0.0,1.2255,3.9996
3702,4.0,7.0,0.0,1.3219,3.9971
3703,3.8,6.0,0.0,1.2679,3.95
3704,3.1,7.0,0.0,1.0934,3.9153
3705,2.6,5.0,0.0,0.9171,3.896
3706,4.1,7.0,0.0,1.3747,3.7856
3707,3.2,7.0,0.0,1.1453,3.7865
3708,3.4,6.0,0.0,1.1322,3.7965
3709,4.3,8.0,0.0,1.4728,3.9557
3710,4.0,8.0,0.0,1.3855,3.9241
3711,4.4,12.0,0.0,1.6153,3.861
3712,4.3,5.0,0.0,1.3748,3.9334
3713,4.8,7.0,0.0,1.5615,3.9765
3714,4.6,7.0,0.0,1.4925,3.889
3715,3.6,5.0,0.0,1.1786,3.8243
3716,3.3,5.0,0.0,1.0796,4.0167
3717,4.5,6.0,0.0,1.44,4.1253
3718,4.6,8.0,0.0,1.5368,4.1258
3719,3.9,5.0,0.0,1.287,4.0583
3720,3.9,6.0,0.0,1.2935,4.0394
3721,3.3,6.0,0.0,1.1336,4.0211
3722,3.7,5.0,0.0,1.1837,4.0201
3723,4.3,8.0,0.0,1.4144,4.0307
3724,3.4,5.0,0.0,1.1045,4.0524
3725,5.8,7.0,0.0,1.8357,3.9702
3726,4.9,7.0,0.0,1.5802,3.7833
3727,2.9,6.0,0.0,0.9836,3.8685
3728,3.1,4.0,0.0,1.02,3.8823
3729,4.8,15.0,0.0,1.7996,3.8768
3730,4.4,8.0,0.0,1.3851,3.899
3731,3.7,7.0,0.0,1.2611,3.9009
3732,5.2,8.0,0.0,1.6492,3.8772
3733,4.1,5.0,0.0,1.3444,3.9142
3734,5.0,8.0,0.0,1.6415,3.9405
3735,4.0,8.0,0.0,1.334,3.9431
3736,4.5,7.0,0.0,1.4663,3.9523
3737,4.1,5.0,0.0,1.3437,3.8923
3738,4.2,7.0,0.0,1.3519,3.9637
3739,4.5,9.0,0.0,1.4965,4.0728
3740,3.5,6.0,0.0,1.1465,3.906
3741,3.8,8.0,0.0,1.3551,3.8048
3742,4.8,8.0,0.0,1.579,4.018
3743,5.2,10.0,0.0,1.7748,3.988
3744,5.6,10.0,0.0,1.8023,3.8229
3745,3.9,5.0,0.0,1.2835,3.7993
3746,4.1,5.0,0.0,1.321,3.7725
3747,3.4,4.0,0.0,1.2057,3.7966
3748,4.2,9.0,0.0,1.4315,3.8758
3749,4.9,8.0,0.0,1.6314,3.8569
3750,4.1,6.0,0.0,1.3672,3.8015
3751,3.5,4.0,0.0,1.1948,3.9659
3752,3.7,5.0,0.0,1.1971,3.9042
3753,3.8,5.0,0.0,1.2417,3.9408
3754,4.7,7.0,0.0,1.5353,4.0924
3755,8.0,13.0,0.0,2.5922,4.2307
3756,10.9,20.0,0.0,3.4596,4.4483
3757,10.2,16.0,0.0,3.2071,4.4937
3758,13.3,25.0,0.0,4.041,4.6507
3759,10.8,16.0,0.0,3.4215,4.3073
3760,4.4,6.0,0.0,1.4073,3.9959
3761,4.0,6.0,0.0,1.3165,3.9865
3762,4.9,7.0,0.0,1.5928,3.9454
3763,4.2,7.0,0.0,1.4048,3.9444
3764,3.5,6.0,0.0,1.2023,4.0259
3765,3.3,4.0,0.0,1.089,4.0172
3766,5.6,7.0,0.0,1.7737,4.0739
3767,3.8,5.0,0.0,1.2369,4.142
3768,3.5,5.0,0.0,1.1548,4.091
3769,5.3,9.0,0.0,1.7051,3.9576
3770,4.8,10.0,0.0,1.6522,3.9165
3771,4.7,12.0,0.0,1.6491,3.8492
3772,4.6,7.0,0.0,1.5094,3.8362
3773,4.1,6.0,0.0,1.3672,3.8761
3774,10.3,30.0,0.0,3.9619,4.1009
3775,16.5,24.0,0.0,5.0432,4.9134
3776,10.6,17.0,0.0,3.3901,4.3393
3777,9.4,16.0,0.0,3.0345,4.3604
3778,4.1,8.0,0.0,1.4169,3.8855
3779,4.8,7.0,0.0,1.5235,3.8242
3780,3.9,5.0,0.0,1.3,3.8032
3781,4.4,6.0,0.0,1.44,3.7566
3782,4.5,7.0,0.0,1.4398,3.7421
3783,4.1,7.0,0.0,1.3524,3.8211
3784,4.5,8.0,0.0,1.4866,3.8734
3785,4.0,8.0,0.0,1.3301,3.8777
3786,5.5,8.0,0.0,1.7704,3.9215
3787,3.8,6.0,0.0,1.2574,3.895
3788,3.8,6.0,0.0,1.2592,3.9499
3789,4.8,11.0,0.0,1.7077,3.8906
3790,5.3,9.0,0.0,1.8003,3.9647
3791,4.6,7.0,0.0,1.4559,3.8991
3792,3.7,6.0,0.0,1.2278,3.8809
3793,4.4,6.0,0.0,1.3906,3.8617
3794,3.4,6.0,0.0,1.179,3.8732
3795,3.1,4.0,0.0,1.0898,3.8868
3796,3.3,4.0,0.0,1.166,3.9281
3797,4.4,9.0,0.0,1.4763,3.9589
3798,3.9,7.0,0.0,1.2845,3.9049
3799,4.2,5.0,0.0,1.3592,3.9184
3800,4.3,7.0,0.0,1.3803,3.919
3801,4.4,12.0,0.0,1.6001,3.8239
3802,4.6,7.0,0.0,1.4946,3.8753
3803,4.1,6.0,0.0,1.3715,3.8301
3804,5.3,12.0,0.0,1.8016,3.9261
3805,5.9,8.0,0.0,1.9177,4.0647
3806,3.7,7.0,0.0,1.2835,3.9626
3807,5.7,8.0,0.0,1.74,4.1195
3808,4.5,10.0,0.0,1.5431,4.0073
3809,4.9,7.0,0.0,1.5419,4.1073
3810,3.6,5.0,0.0,1.2167,4.048
3811,3.1,5.0,0.0,1.0301,3.9502
3812,4.3,8.0,0.0,1.4048,3.8804
3813,4.4,6.0,0.0,1.4035,4.0596
3814,3.1,4.0,0.0,1.0149,3.9683
3815,4.7,6.0,0.0,1.4866,3.9938
3816,4.4,9.0,0.0,1.5032,3.924
3817,4.0,8.0,0.0,1.3191,3.9392
3818,3.9,6.0,0.0,1.315,3.958
3819,2.9,4.0,0.0,0.9734,3.8888
3820,2.9,4.0,0.0,1.0198,3.8761
3821,4.4,6.0,0.0,1.4486,3.9193
3822,3.7,5.0,0.0,1.1938,3.9111
3823,4.5,7.0,0.0,1.4753,3.9903
3824,4.6,7.0,0.0,1.5238,4.0083
3825,5.0,7.0,0.0,1.6262,4.1075
3826,4.0,8.0,0.0,1.3454,4.0092
3827,4.3,8.0,0.0,1.4301,3.9944
3828,3.1,6.0,0.0,1.0824,3.892
3829,4.2,8.0,0.0,1.3892,3.8473
3830,3.6,6.0,0.0,1.1705,3.8978
3831,5.0,9.0,0.0,1.6188,3.9757
3832,4.4,8.0,0.0,1.4169,4.0236
3833,5.2,10.0,0.0,1.7093,4.2195
3834,3.8,5.0,0.0,1.2685,4.0777
3835,4.4,6.0,0.0,1.4541,4.0373
3836,4.4,6.0,0.0,1.4149,4.0594
3837,4.0,6.0,0.0,1.337,4.0521
3838,4.8,9.0,0.0,1.6039,4.1681
3839,5.5,12.0,0.0,1.831,4.102
3840,7.4,9.0,0.0,2.2622,4.1599
3841,5.6,7.0,0.0,1.7324,4.1334
3842,4.6,11.0,0.0,1.5583,3.959
3843,5.3,8.0,0.0,1.7457,4.0379
3844,6.3,10.0,0.0,2.0594,4.1707
3845,3.9,5.0,0.0,1.2797,4.0246
3846,3.8,6.0,0.0,1.2855,4.0314
3847,5.2,11.0,0.0,1.728,4.0334
3848,5.5,9.0,0.0,1.76,3.9927
3849,4.5,6.0,0.0,1.4458,3.8758
3850,4.5,10.0,0.0,1.5816,3.8752
3851,4.0,6.0,0.0,1.3273,3.9047
3852,4.7,6.0,0.0,1.4903,4.0778
3853,4.8,9.0,0.0,1.588,4.0219
3854,4.7,8.0,0.0,1.496,4.0157
3855,5.5,8.0,0.0,1.7196,4.0796
3856,5.0,15.0,0.0,1.9167,3.9815
3857,4.5,7.0,0.0,1.4823,3.8827
3858,4.4,7.0,0.0,1.4177,3.8689
3859,3.7,6.0,0.0,1.2196,3.8902
3860,3.5,7.0,0.0,1.2157,3.887
3861,4.5,8.0,0.0,1.4562,3.9059
3862,4.5,7.0,0.0,1.444,3.9575
3863,4.6,9.0,0.0,1.5264,3.9659
3864,4.1,6.0,0.0,1.3265,3.9319
3865,5.3,10.0,0.0,1.7325,4.1114
3866,5.1,9.0,0.0,1.683,4.0728
3867,3.8,5.0,0.0,1.2722,4.0813
3868,3.8,7.0,0.0,1.3435,4.0169
3869,9.8,16.0,0.0,3.0538,4.3355
3870,8.8,14.0,0.0,2.7823,4.4545
3871,8.6,27.0,0.0,3.2753,4.3013
3872,4.8,7.0,0.0,1.579,3.8703
3873,6.8,13.0,0.0,2.22,3.9631
3874,5.0,9.0,0.0,1.6314,3.8633
3875,5.4,13.0,0.0,1.8799,3.8729
3876,4.8,11.0,0.0,1.6523,3.9449
3877,4.6,9.0,0.0,1.519,3.9904
3878,4.1,6.0,0.0,1.3153,4.056
3879,3.9,6.0,0.0,1.3265,4.004
3880,4.6,10.0,0.0,1.608,4.0837
3881,6.0,10.0,0.0,1.9323,3.7934
3882,4.7,7.0,0.0,1.4852,3.7624
3883,3.5,6.0,0.0,1.1653,3.8155
3884,3.6,6.0,0.0,1.2154,3.7718
3885,3.3,5.0,0.0,1.0897,3.8038
3886,4.2,6.0,0.0,1.3076,3.8991
3887,4.1,6.0,0.0,1.363,3.9278
3888,4.0,5.0,0.0,1.3498,3.9393
3889,4.5,8.0,0.0,1.4553,3.9084
3890,4.8,6.0,0.0,1.5167,3.9364
3891,3.9,8.0,0.0,1.3191,3.8322
3892,3.6,5.0,0.0,1.2657,3.8957
3893,4.5,9.0,0.0,1.4798,3.8884
3894,10.7,19.0,0.0,3.3661,4.4463
3895,13.0,14.0,0.0,3.8436,5.1973
3896,13.5,22.0,0.0,4.1754,5.3829
3897,5.1,11.0,0.0,1.6912,4.1107
3898,5.1,7.0,0.0,1.5703,4.0009
3899,4.7,9.0,0.0,1.6076,4.0558
3900,4.8,6.0,0.0,1.5256,3.9202
3901,4.3,8.0,0.0,1.3964,3.9312
3902,4.1,8.0,0.0,1.3528,3.9111
3903,3.7,6.0,0.0,1.2091,3.9008
3904,3.7,6.0,0.0,1.2085,3.9233
3905,2.9,5.0,0.0,1.0301,3.9509
3906,4.4,7.0,0.0,1.4675,3.8794
3907,5.2,8.0,0.0,1.6772,3.816
3908,4.9,8.0,0.0,1.6323,3.9082
3909,4.4,6.0,0.0,1.3805,3.8565
3910,4.8,8.0,0.0,1.6471,3.9336
3911,5.7,16.0,0.0,2.1179,3.9622
3912,3.8,8.0,0.0,1.2845,3.9617
3913,6.3,11.0,0.0,2.0175,4.0186
3914,6.7,11.0,0.0,2.133,3.9495
3915,5.7,18.0,0.0,2.1774,4.137
3916,8.3,13.0,0.0,2.4995,4.2129
3917,9.3,13.0,0.0,2.9942,4.4021
3918,9.4,14.0,0.0,2.8827,4.4084
3919,6.5,10.0,0.0,2.0469,4.0534
3920,4.7,10.0,0.0,1.5918,4.004
3921,4.9,9.0,0.0,1.5906,4.0192
3922,4.1,6.0,0.0,1.3657,3.9676
3923,3.8,8.0,0.0,1.2748,3.9129
3924,3.4,5.0,0.0,1.1522,3.9347
3925,4.8,6.0,0.0,1.5708,4.0198
3926,5.3,12.0,0.0,1.8547,4.1781
3927,4.8,7.0,0.0,1.566,4.0627
3928,4.6,6.0,0.0,1.4809,4.0897
3929,8.6,15.0,0.0,2.7436,4.3907
3930,6.7,10.0,0.0,2.2045,4.2271
3931,5.7,8.0,0.0,1.7349,4.1189
3932,4.5,6.0,0.0,1.4662,4.1905
3933,4.6,7.0,0.0,1.5025,4.0087
3934,4.0,5.0,0.0,1.304,3.8135
3935,4.5,7.0,0.0,1.4634,3.8928
3936,4.8,7.0,0.0,1.5658,3.9409
3937,4.1,6.0,0.0,1.3492,3.9376
3938,4.0,6.0,0.0,1.2728,3.8453
3939,4.8,10.0,0.0,1.6177,3.9184
3940,4.6,12.0,0.0,1.6398,3.8336
3941,3.8,7.0,0.0,1.243,3.914
3942,4.1,6.0,0.0,1.3295,3.9525
3943,4.2,7.0,0.0,1.382,3.9212
3944,4.3,7.0,0.0,1.4239,3.9191
3945,4.7,7.0,0.0,1.4985,3.9961
3946,4.9,9.0,0.0,1.6515,4.0127
3947,5.2,6.0,0.0,1.6733,4.006
3948,4.0,8.0,0.0,1.3259,3.9073
3949,3.7,5.0,0.0,1.2625,3.9432
3950,4.4,5.0,0.0,1.4071,3.9465
3951,4.1,10.0,0.0,1.3905,3.9698
3952,5.3,7.0,0.0,1.694,4.0949
3953,7.0,14.0,0.0,2.2995,4.3109
3954,6.5,13.0,0.0,2.0479,4.1556
3955,4.9,9.0,0.0,1.5945,4.0968
3956,5.2,6.0,0.0,1.6461,4.0257
3957,5.2,8.0,0.0,1.711,4.3516
3958,5.4,8.0,0.0,1.6702,4.0919
3959,6.1,9.0,0.0,1.9026,4.0891
3960,3.8,6.0,0.0,1.2648,3.9443
3961,4.7,8.0,0.0,1.556,3.9041
3962,4.2,5.0,0.0,1.3321,3.8181
3963,3.9,7.0,0.0,1.3274,3.8235
3964,3.6,6.0,0.0,1.1834,3.7975
3965,4.9,11.0,0.0,1.6303,3.9499
3966,4.4,6.0,0.0,1.3905,3.9892
3967,4.1,6.0,0.0,1.3776,4.0555
3968,3.6,5.0,0.0,1.1374,3.9269
3969,5.9,10.0,0.0,1.9252,4.0821
3970,5.6,8.0,0.0,1.7273,3.876
3971,4.3,9.0,0.0,1.4462,3.9245
3972,4.9,9.0,0.0,1.5942,4.015
3973,5.5,9.0,0.0,1.7058,3.9635
3974,4.7,7.0,0.0,1.5079,3.9658
3975,3.7,7.0,0.0,1.2241,3.8624
3976,4.7,6.0,0.0,1.4495,3.9183
3977,5.0,8.0,0.0,1.5937,3.93
3978,4.8,10.0,0.0,1.5779,3.9858
3979,4.6,7.0,0.0,1.4892,4.063
3980,3.7,5.0,0.0,1.2657,4.0733
3981,4.8,7.0,0.0,1.5427,3.9583
3982,6.1,10.0,0.0,1.8841,4.003
3983,6.3,12.0,0.0,1.9975,4.0284
3984,5.3,7.0,0.0,1.681,3.7942
3985,6.2,11.0,0.0,1.9742,3.8959
3986,5.7,9.0,0.0,1.7854,3.9394
3987,6.4,12.0,0.0,2.0379,4.1927
3988,4.3,6.0,0.0,1.3542,4.0344
3989,7.3,11.0,0.0,2.3302,4.1555
3990,5.4,9.0,0.0,1.8021,4.2159
3991,5.2,8.0,0.0,1.693,4.0359
3992,6.9,9.0,0.0,2.1726,4.1462
3993,7.6,13.0,0.0,2.4045,4.1179
3994,6.9,10.0,0.0,2.1878,4.0961
3995,5.3,9.0,0.0,1.7314,4.0307
3996,4.8,7.0,0.0,1.5387,4.0399
3997,4.4,6.0,0.0,1.4309,4.0132
3998,4.6,8.0,0.0,1.5516,4.0019
3999,5.3,10.0,0.0,1.7342,4.0161
4000,4.2,8.0,0.0,1.3906,3.9139
4001,4.5,8.0,0.0,1.5132,3.9252
4002,4.2,6.0,0.0,1.3747,3.9214
4003,4.2,9.0,0.0,1.433,3.9386
4004,4.2,6.0,0.0,1.3336,3.9897
4005,4.5,6.0,0.0,1.4698,4.0
4006,4.8,8.0,0.0,1.5274,4.0619
4007,4.1,6.0,0.0,1.3189,4.1197
4008,5.0,9.0,0.0,1.6857,4.1483
4009,3.5,5.0,0.0,1.1459,4.1117
4010,4.6,10.0,0.0,1.5471,4.0941
4011,3.5,6.0,0.0,1.2041,4.048
4012,4.3,6.0,0.0,1.4122,3.9883
4013,4.3,7.0,0.0,1.4564,3.9961
4014,4.3,9.0,0.0,1.4578,3.9967
4015,3.6,4.0,0.0,1.1948,3.9633
4016,3.7,6.0,0.0,1.2042,4.092
4017,4.7,6.0,0.0,1.4763,4.0405
4018,3.7,6.0,0.0,1.2083,3.9488
4019,3.7,8.0,0.0,1.2883,3.9565
4020,4.8,8.0,0.0,1.5551,3.9337
4021,4.6,7.0,0.0,1.4823,3.9321
4022,5.4,9.0,0.0,1.6916,3.9727
4023,6.8,13.0,0.0,2.278,4.2147
4024,9.4,18.0,0.0,3.0525,4.7076
4025,8.2,13.0,0.0,2.682,4.3175
4026,7.3,11.0,0.0,2.3616,4.2058
4027,5.3,7.0,0.0,1.7035,3.9836
4028,4.9,8.0,0.0,1.5673,3.9139
4029,4.0,6.0,0.0,1.2773,3.9019
4030,3.9,7.0,0.0,1.2955,3.897
4031,3.0,5.0,0.0,1.0378,3.8644
4032,4.5,7.0,0.0,1.4698,3.9398
4033,3.6,5.0,0.0,1.2333,3.8925
4034,3.1,5.0,0.0,1.0356,3.8621
4035,4.2,9.0,0.0,1.4302,3.9127
4036,4.2,6.0,0.0,1.3585,3.8737
4037,5.5,10.0,0.0,1.7473,3.9117
4038,4.1,6.0,0.0,1.3058,3.8863
4039,4.3,7.0,0.0,1.4078,3.8611
4040,5.6,9.0,0.0,1.7759,3.9339
4041,4.8,9.0,0.0,1.5392,3.9876
4042,4.8,7.0,0.0,1.5644,4.0236
4043,10.5,19.0,0.0,3.3879,4.4316
4044,14.4,21.0,0.0,4.4866,5.2898
4045,16.4,25.0,0.0,5.0309,5.1114
4046,8.0,16.0,0.0,2.6015,4.4108
4047,7.9,11.0,0.0,2.4742,4.404
4048,8.4,11.0,0.0,2.6055,4.3285
4049,4.8,9.0,0.0,1.5754,3.9679
4050,4.2,5.0,0.0,1.3759,3.968
4051,5.0,7.0,0.0,1.6103,3.9273
4052,4.1,6.0,0.0,1.3,3.9642
4053,4.2,6.0,0.0,1.3363,3.9856
4054,3.9,6.0,0.0,1.244,3.8128
4055,4.1,8.0,0.0,1.3904,3.843
4056,3.6,6.0,0.0,1.2327,3.9182
4057,3.7,5.0,0.0,1.2091,3.931
4058,3.8,5.0,0.0,1.2031,3.8995
4059,4.0,7.0,0.0,1.3265,3.9279
4060,3.5,6.0,0.0,1.1803,3.8855
4061,4.6,6.0,0.0,1.469,3.9622
4062,3.8,6.0,0.0,1.2464,4.0031
4063,3.9,6.0,0.0,1.337,3.9595
4064,5.6,8.0,0.0,1.8213,3.9842
4065,6.1,9.0,0.0,1.9597,4.1604
4066,10.0,13.0,0.0,3.0778,4.4814
4067,9.2,10.0,0.0,3.0328,5.0162
4068,9.5,14.0,0.0,2.7548,4.5319
4069,8.4,12.0,0.0,2.4314,4.6467
4070,8.9,11.0,0.0,2.7199,4.5013
4071,6.2,10.0,0.0,1.9767,4.2459
4072,8.1,13.0,0.0,2.5767,4.2095
4073,6.1,9.0,0.0,1.9767,4.0084
4074,4.7,8.0,0.0,1.5357,3.9236
4075,3.7,7.0,0.0,1.2488,3.8999
4076,4.3,6.0,0.0,1.4129,3.9179
4077,4.6,7.0,0.0,1.4871,3.8842
4078,4.7,8.0,0.0,1.5256,3.816
4079,7.9,17.0,0.0,2.7288,4.0195
4080,5.3,10.0,0.0,1.7493,3.9335
4081,7.3,12.0,0.0,2.3362,4.1018
4082,5.4,8.0,0.0,1.7464,3.9361
4083,9.0,20.0,0.0,2.9186,4.2365
4084,5.6,8.0,0.0,1.7115,4.004
4085,6.3,10.0,0.0,2.0561,4.038
4086,4.2,6.0,0.0,1.3465,4.0332
4087,4.8,9.0,0.0,1.6893,3.9673
4088,3.8,7.0,0.0,1.3376,3.9467
4089,3.8,6.0,0.0,1.2685,4.0213
4090,3.1,5.0,0.0,1.0927,3.9952
4091,4.4,6.0,0.0,1.4078,3.9165
4092,5.5,11.0,0.0,1.804,4.0103
4093,3.9,7.0,0.0,1.3318,3.9309
4094,3.4,6.0,0.0,1.1874,4.028
4095,4.0,9.0,0.0,1.3572,4.0666
4096,3.5,4.0,0.0,1.1489,4.1042
4097,4.3,6.0,0.0,1.3748,4.0977
4098,5.2,8.0,0.0,1.6216,4.1016
4099,4.2,6.0,0.0,1.4317,4.051
4100,3.3,4.0,0.0,1.1029,4.0624
4101,4.4,6.0,0.0,1.3961,3.9349
4102,4.3,6.0,0.0,1.4141,3.7732
4103,3.9,6.0,0.0,1.3592,3.8462
4104,3.9,6.0,0.0,1.2835,3.8478
4105,4.0,5.0,0.0,1.3328,4.0264
4106,4.2,7.0,0.0,1.4384,3.8474
4107,3.6,6.0,0.0,1.1746,3.7653
4108,3.4,5.0,0.0,1.098,3.8284
4109,4.1,5.0,0.0,1.3524,3.831
4110,4.8,11.0,0.0,1.657,3.9448
4111,3.9,5.0,0.0,1.2492,3.919
4112,4.1,6.0,0.0,1.3349,3.9493
4113,3.3,4.0,0.0,1.0909,3.9256
4114,3.8,8.0,0.0,1.3812,3.8949
4115,3.6,5.0,0.0,1.2159,3.8161
4116,4.5,6.0,0.0,1.4315,3.8336
4117,4.6,7.0,0.0,1.534,3.7573
4118,4.3,10.0,0.0,1.4858,3.8366
4119,3.3,5.0,0.0,1.0837,3.9474
4120,4.2,10.0,0.0,1.4635,3.8893
4121,5.1,9.0,0.0,1.6794,3.8617
4122,3.1,5.0,0.0,1.0554,3.8563
4123,4.2,6.0,0.0,1.3544,3.9113
4124,3.9,6.0,0.0,1.2139,3.869
4125,4.8,8.0,0.0,1.5683,4.0003
4126,6.2,10.0,0.0,1.9482,4.0616
4127,5.1,9.0,0.0,1.6875,4.0568
4128,7.8,17.0,0.0,2.6299,4.2956
4129,7.9,14.0,0.0,2.5121,4.4446
4130,7.8,12.0,0.0,2.4128,4.6559
4131,8.3,10.0,0.0,2.7295,4.5426
4132,8.5,10.0,0.0,2.5183,4.627
4133,8.1,11.0,0.0,2.523,4.569
4134,6.9,9.0,0.0,2.2688,4.3695
4135,5.9,9.0,0.0,1.8993,4.2048
4136,4.8,7.0,0.0,1.5141,4.0795
4137,3.1,4.0,0.0,1.0611,3.998
4138,3.3,5.0,0.0,1.102,4.039
4139,5.0,8.0,0.0,1.6474,4.0846
4140,4.1,8.0,0.0,1.3915,4.0451
4141,3.8,8.0,0.0,1.2757,4.0334
4142,4.5,6.0,0.0,1.4696,4.0439
4143,3.6,5.0,0.0,1.2002,3.9366
4144,4.3,7.0,0.0,1.3675,3.8198
4145,3.6,6.0,0.0,1.1758,3.8118
4146,3.9,5.0,0.0,1.2288,3.8368
4147,3.9,5.0,0.0,1.317,3.8898
4148,5.6,12.0,0.0,1.8926,3.9319
4149,5.5,11.0,0.0,1.8127,3.9533
4150,3.8,6.0,0.0,1.3331,3.9783
4151,5.6,13.0,0.0,1.9188,4.0352
4152,3.9,5.0,0.0,1.2814,3.9629
4153,4.5,6.0,0.0,1.5418,3.9771
4154,4.3,7.0,0.0,1.3485,3.8963
4155,4.8,7.0,0.0,1.551,4.0277
4156,5.0,7.0,0.0,1.5506,3.9936
4157,4.1,7.0,0.0,1.3711,3.7628
4158,4.8,7.0,0.0,1.5266,3.8765
4159,5.6,8.0,0.0,1.7354,3.8517
4160,7.3,13.0,0.0,2.3125,3.9743
4161,5.9,9.0,0.0,1.8193,3.9042
4162,4.6,8.0,0.0,1.5166,3.9011
4163,4.2,5.0,0.0,1.4283,3.8937
4164,4.3,7.0,0.0,1.4247,3.8713
4165,3.2,5.0,0.0,1.1016,3.8465
4166,4.2,7.0,0.0,1.3817,3.9067
4167,3.8,6.0,0.0,1.2272,3.9496
4168,5.7,11.0,0.0,1.8941,4.0989
4169,4.6,7.0,0.0,1.5079,4.088
4170,6.3,11.0,0.0,1.9731,4.1139
4171,5.2,7.0,0.0,1.6696,4.1124
4172,5.4,10.0,0.0,1.7915,4.2771
4173,7.2,17.0,0.0,2.6038,4.2708
4174,6.1,10.0,0.0,1.9722,4.1525
4175,4.8,9.0,0.0,1.558,3.9177
4176,4.6,8.0,0.0,1.5932,3.9221
4177,3.9,7.0,0.0,1.2922,3.9111
4178,4.6,7.0,0.0,1.4967,3.8875
4179,3.5,6.0,0.0,1.1347,3.882
4180,2.9,5.0,0.0,1.0259,3.8948
4181,3.8,7.0,0.0,1.2906,3.8872
4182,5.3,8.0,0.0,1.6883,3.9164
4183,4.1,7.0,0.0,1.3811,3.8823
4184,3.9,8.0,0.0,1.3748,3.8449
4185,4.6,7.0,0.0,1.4594,3.8488
4186,5.7,9.0,0.0,1.8453,3.8338
4187,4.4,9.0,0.0,1.5261,3.8044
4188,4.3,7.0,0.0,1.4073,3.8366
4189,4.5,9.0,0.0,1.4635,3.7758
4190,3.0,4.0,0.0,0.9718,3.8275
4191,3.4,5.0,0.0,1.1283,3.8549
4192,4.1,8.0,0.0,1.3415,3.8858
4193,3.0,7.0,0.0,1.055,3.9055
4194,4.0,6.0,0.0,1.2798,3.9918
4195,4.9,10.0,0.0,1.6667,4.0869
4196,4.1,7.0,0.0,1.3349,3.9354
4197,4.7,7.0,0.0,1.4431,3.9845
4198,5.4,8.0,0.0,1.7094,3.9603
4199,4.0,6.0,0.0,1.2883,3.9897
4200,4.5,8.0,0.0,1.4247,3.9593
4201,4.2,8.0,0.0,1.4261,4.052
4202,3.8,6.0,0.0,1.2548,3.9063
4203,5.8,11.0,0.0,1.8835,4.0717
4204,5.7,10.0,0.0,1.8488,4.0155
4205,4.6,8.0,0.0,1.4654,3.9573
4206,3.9,7.0,0.0,1.3435,3.9592
4207,3.7,6.0,0.0,1.2482,3.9891
4208,3.6,5.0,0.0,1.1389,3.9657
4209,4.1,7.0,0.0,1.3136,3.9214
4210,4.0,6.0,0.0,1.296,3.8953
4211,3.9,5.0,0.0,1.2649,4.0274
4212,4.0,11.0,0.0,1.4616,3.9646
4213,4.2,7.0,0.0,1.3771,3.8929
4214,5.0,7.0,0.0,1.645,3.7584
4215,4.8,7.0,0.0,1.556,3.837
4216,3.8,6.0,0.0,1.261,3.7901
4217,3.5,5.0,0.0,1.1522,3.8087
4218,5.1,7.0,0.0,1.6351,3.8455
4219,3.9,6.0,0.0,1.3038,3.9688
4220,4.1,7.0,0.0,1.3485,3.8042
4221,4.0,7.0,0.0,1.3961,3.8016
4222,4.5,8.0,0.0,1.5381,3.8267
4223,4.6,6.0,0.0,1.5124,3.8036
4224,3.8,7.0,0.0,1.2544,3.7545
4225,4.7,8.0,0.0,1.5474,3.7978
4226,5.2,9.0,0.0,1.6798,3.8578
4227,3.7,6.0,0.0,1.3067,3.8636
4228,5.9,9.0,0.0,1.8671,3.8251
4229,4.6,8.0,0.0,1.5261,3.8276
4230,4.5,8.0,0.0,1.5081,3.8738
4231,4.6,7.0,0.0,1.519,3.9451
4232,4.3,8.0,0.0,1.4696,3.8668
4233,3.6,5.0,0.0,1.2223,3.8953
4234,4.7,6.0,0.0,1.4741,3.8908
4235,4.0,8.0,0.0,1.3376,3.8861
4236,3.2,5.0,0.0,1.0459,3.8529
4237,3.5,6.0,0.0,1.1672,3.8376
4238,4.9,7.0,0.0,1.5588,3.875
4239,3.6,6.0,0.0,1.1552,3.8404
4240,3.8,7.0,0.0,1.2369,3.8167
4241,4.0,6.0,0.0,1.249,3.8375
4242,3.4,4.0,0.0,1.1608,3.8933
4243,3.4,4.0,0.0,1.1312,3.8828
4244,3.8,5.0,0.0,1.2384,3.9062
4245,4.3,6.0,0.0,1.3563,3.9096
4246,3.2,6.0,0.0,1.0651,3.8949
4247,4.2,8.0,0.0,1.4731,3.928
4248,3.8,6.0,0.0,1.2555,3.805
4249,4.7,8.0,0.0,1.542,3.7854
4250,5.0,8.0,0.0,1.5898,3.7927
4251,5.1,12.0,0.0,1.7533,3.861
4252,4.0,5.0,0.0,1.2997,3.8613
4253,3.6,5.0,0.0,1.1908,3.8227
4254,4.2,7.0,0.0,1.4032,3.8568
4255,3.8,6.0,0.0,1.2643,3.8415
4256,4.7,8.0,0.0,1.546,3.8557
4257,4.0,7.0,0.0,1.3618,3.9208
4258,3.7,6.0,0.0,1.2353,3.8911
4259,3.5,6.0,0.0,1.1718,3.9228
4260,3.8,8.0,0.0,1.2955,3.8305
4261,4.8,7.0,0.0,1.4876,3.8782
4262,4.9,7.0,0.0,1.5762,3.9173
4263,5.8,7.0,0.0,1.8221,3.9708
4264,5.3,8.0,0.0,1.6459,3.9205
4265,5.5,7.0,0.0,1.6752,3.8686
4266,4.5,7.0,0.0,1.4892,3.8384
4267,4.3,6.0,0.0,1.4119,3.8064
4268,4.0,8.0,0.0,1.3811,3.8083
4269,4.1,6.0,0.0,1.3266,3.817
4270,3.9,5.0,0.0,1.3409,3.8662
4271,3.9,5.0,0.0,1.2417,3.9403
4272,4.0,6.0,0.0,1.2835,3.9097
4273,3.0,5.0,0.0,1.0105,3.9146
4274,2.6,4.0,0.0,0.895,3.8808
4275,3.8,5.0,0.0,1.2322,3.9738
4276,2.8,4.0,0.0,0.9579,3.9964
4277,4.5,7.0,0.0,1.4233,3.9273
4278,4.8,9.0,0.0,1.547,3.9671
4279,4.5,7.0,0.0,1.4678,3.9957
4280,4.1,7.0,0.0,1.3527,3.8431
4281,5.3,8.0,0.0,1.7021,3.94
4282,4.4,8.0,0.0,1.4276,3.8257
4283,4.1,10.0,0.0,1.4578,3.8753
4284,7.0,12.0,0.0,2.2068,4.0442
4285,6.0,14.0,0.0,2.0933,4.1544
4286,7.7,12.0,0.0,2.392,4.1567
4287,5.0,7.0,0.0,1.5918,3.9592
4288,5.0,12.0,0.0,1.6882,4.0687
4289,6.6,11.0,0.0,2.1096,3.9481
4290,4.9,7.0,0.0,1.5632,4.1109
4291,6.6,11.0,0.0,2.2,4.076
4292,6.0,11.0,0.0,1.9989,4.1208
4293,4.9,8.0,0.0,1.5832,4.093
4294,4.4,6.0,0.0,1.4739,4.0538
4295,4.6,7.0,0.0,1.5055,4.0574
4296,5.9,10.0,0.0,1.9818,4.2336
4297,4.1,7.0,0.0,1.3168,4.2291
4298,5.0,8.0,0.0,1.5394,4.1525
4299,5.0,10.0,0.0,1.6532,3.8823
4300,4.5,6.0,0.0,1.4481,3.9256
4301,5.1,8.0,0.0,1.6239,3.9868
4302,7.4,19.0,0.0,2.5908,4.1726
4303,7.5,9.0,0.0,2.3413,4.32
4304,8.4,11.0,0.0,2.7474,4.5237
4305,5.9,9.0,0.0,1.9174,4.3017
4306,6.3,10.0,0.0,1.9462,4.1892
4307,5.1,8.0,0.0,1.6321,4.0188
4308,5.3,7.0,0.0,1.6679,3.9993
4309,5.5,7.0,0.0,1.7543,3.9669
4310,3.5,4.0,0.0,1.2319,4.0374
4311,6.0,9.0,0.0,1.9482,4.0496
4312,5.3,10.0,0.0,1.7173,3.9606
4313,7.9,12.0,0.0,2.4725,4.0579
4314,4.4,6.0,0.0,1.4001,4.0422
4315,4.0,5.0,0.0,1.3077,4.0152
4316,3.4,5.0,0.0,1.1375,3.9388
4317,4.7,6.0,0.0,1.5427,3.8561
4318,10.3,20.0,0.0,3.3421,4.082
4319,9.3,11.0,0.0,2.8823,4.1297
4320,10.1,15.0,0.0,3.2289,4.406
4321,11.7,18.0,0.0,3.6641,4.6466
4322,15.8,25.0,0.0,4.7535,5.1429
4323,22.4,40.0,0.0,7.1497,5.8381
4324,17.5,20.0,0.0,5.2746,5.4941
4325,15.0,20.0,0.0,4.6066,5.6114
4326,21.1,31.0,0.0,6.2746,5.2359
4327,15.3,22.0,0.0,4.6906,4.7018
4328,15.7,26.0,0.0,4.8008,4.5795
4329,17.4,28.0,0.0,5.4202,4.7333
4330,12.4,19.0,0.0,3.8839,4.501
4331,11.9,20.0,0.0,3.7014,4.4158
4332,10.9,15.0,0.0,3.2725,4.3672
4333,8.5,21.0,0.0,2.9216,4.011
4334,10.1,17.0,0.0,3.2143,4.082
4335,8.2,14.0,0.0,2.6279,4.1621
4336,7.8,11.0,0.0,2.4029,4.0775
4337,8.2,12.0,0.0,2.4819,4.0757
4338,9.0,14.0,0.0,2.7616,4.3838
4339,10.4,20.0,0.0,3.3771,4.3794
4340,12.8,17.0,0.0,3.9256,4.4617
4341,8.0,11.0,0.0,2.5566,4.0592
4342,5.6,10.0,0.0,1.8399,4.0669
4343,4.2,10.0,0.0,1.5028,4.0119
4344,5.3,10.0,0.0,1.7984,4.0613
4345,5.4,7.0,0.0,1.7383,3.9994
4346,4.1,7.0,0.0,1.3418,3.9839
4347,3.1,5.0,0.0,1.0235,3.9717
4348,3.7,6.0,0.0,1.1918,3.9852
4349,4.8,9.0,0.0,1.614,3.7931
4350,4.8,7.0,0.0,1.5854,3.7665
4351,3.9,7.0,0.0,1.3761,3.913
4352,3.6,6.0,0.0,1.1687,3.7349
4353,3.2,4.0,0.0,1.0831,3.743
4354,3.6,4.0,0.0,1.1402,3.7981
4355,4.0,7.0,0.0,1.2781,3.8411
4356,6.1,11.0,0.0,2.0083,3.9019
4357,5.1,6.0,0.0,1.6758,4.0198
4358,4.6,7.0,0.0,1.4919,3.9783
4359,5.8,7.0,0.0,1.889,4.032
4360,5.0,7.0,0.0,1.5598,4.0317
4361,7.3,12.0,0.0,2.3228,4.0333
4362,4.9,7.0,0.0,1.6117,4.0226
4363,4.2,5.0,0.0,1.3883,3.8381
4364,4.9,6.0,0.0,1.5635,3.801
4365,5.5,10.0,0.0,1.7797,3.8206
4366,4.3,7.0,0.0,1.4149,3.7728
4367,4.4,8.0,0.0,1.4961,3.8176
4368,5.1,8.0,0.0,1.7075,3.8444
4369,5.7,9.0,0.0,1.8247,3.9415
4370,6.6,10.0,0.0,2.0847,4.0095
4371,7.0,12.0,0.0,2.1831,4.0579
4372,5.9,8.0,0.0,1.8843,3.9781
4373,8.3,15.0,0.0,2.7323,4.1122
4374,9.2,14.0,0.0,2.8309,4.2863
4375,8.7,13.0,0.0,2.7228,4.2202
4376,6.5,9.0,0.0,2.0749,4.3053
4377,6.1,8.0,0.0,1.9096,4.1963
4378,6.6,15.0,0.0,2.1761,4.1318
4379,7.8,12.0,0.0,2.4387,4.4409
4380,7.8,17.0,0.0,2.5822,4.3509
4381,10.0,21.0,0.0,3.2921,4.471
4382,11.6,15.0,0.0,3.5667,4.8717
4383,11.6,18.0,0.0,3.6823,4.554
4384,11.7,18.0,0.0,3.7162,4.9056
4385,8.9,18.0,0.0,2.8102,4.7386
4386,8.5,11.0,0.0,2.5354,4.7101
4387,10.8,15.0,0.0,3.3416,4.7212
4388,9.3,17.0,0.0,2.927,4.4948
4389,7.6,17.0,0.0,2.4772,4.3843
4390,8.7,13.0,0.0,2.6783,4.7269
4391,10.2,16.0,0.0,3.1307,4.5379
4392,18.0,33.0,0.0,5.6696,5.2897
4393,12.0,25.0,0.0,3.7776,4.7967
4394,13.2,25.0,0.0,4.109,5.0341
4395,13.1,29.0,0.0,4.3983,4.6821
4396,13.8,29.0,0.0,4.6344,4.8561
4397,13.4,28.0,0.0,4.3893,4.6742
4398,10.0,13.0,0.0,3.0812,4.6065
4399,12.3,18.0,0.0,3.7914,4.7376
4400,13.8,26.0,0.0,4.2827,4.5783
4401,13.6,22.0,0.0,4.1934,4.5556
4402,12.5,22.0,0.0,3.9708,4.5528
4403,9.0,14.0,0.0,2.8143,4.4153
4404,7.4,15.0,0.0,2.3584,4.1018
4405,9.7,24.0,0.0,3.2742,4.1786
4406,4.3,6.0,0.0,1.4291,4.0632
4407,3.5,5.0,0.0,1.1958,4.0876
4408,3.6,6.0,0.0,1.2781,3.9369
4409,4.1,6.0,0.0,1.3185,3.941
4410,3.6,5.0,0.0,1.2246,3.9438
4411,4.5,8.0,0.0,1.5457,3.9497
4412,3.5,8.0,0.0,1.1941,3.9001
4413,4.0,5.0,0.0,1.303,3.907
4414,3.0,4.0,0.0,1.0429,3.8375
4415,4.3,6.0,0.0,1.3892,3.861
4416,5.9,10.0,0.0,1.8877,3.9554
4417,5.5,12.0,0.0,1.8467,4.2352
4418,6.6,9.0,0.0,2.0816,4.3023
4419,7.4,15.0,0.0,2.4203,4.3049
4420,8.4,13.0,0.0,2.5886,4.4217
4421,6.3,14.0,0.0,2.0816,4.3004
4422,5.4,12.0,0.0,1.7883,4.094
4423,4.7,8.0,0.0,1.5058,3.9686
4424,3.9,5.0,0.0,1.2609,3.8994
4425,4.0,6.0,0.0,1.3601,3.9029
4426,4.2,7.0,0.0,1.3527,3.8364
4427,3.6,8.0,0.0,1.3037,3.8056
4428,4.0,7.0,0.0,1.3435,3.8808
4429,3.6,4.0,0.0,1.1779,3.9344
4430,3.9,5.0,0.0,1.2937,3.9841
4431,4.7,7.0,0.0,1.5342,3.9944
4432,3.4,5.0,0.0,1.1655,3.9373
4433,4.3,6.0,0.0,1.3527,3.9055
4434,4.0,6.0,0.0,1.3638,4.0349
4435,4.6,8.0,0.0,1.5141,3.9665
4436,4.1,6.0,0.0,1.3744,3.9622
4437,5.0,9.0,0.0,1.636,3.9667
4438,3.2,7.0,0.0,1.15,3.928
4439,4.1,5.0,0.0,1.3744,3.9233
4440,5.4,9.0,0.0,1.7365,4.081
4441,3.9,6.0,0.0,1.2969,4.0183
4442,4.5,5.0,0.0,1.4309,4.0457
4443,4.8,8.0,0.0,1.5865,4.0134
4444,5.2,10.0,0.0,1.7345,4.1118
4445,9.3,14.0,0.0,2.899,4.3089
4446,11.0,18.0,0.0,3.4565,4.4108
4447,5.2,7.0,0.0,1.6938,4.0525
4448,8.6,20.0,0.0,2.9142,4.0763
4449,6.6,9.0,0.0,2.0291,4.0464
4450,5.2,7.0,0.0,1.6606,3.9869
4451,5.0,7.0,0.0,1.5956,3.9748
4452,3.6,5.0,0.0,1.2845,3.8499
4453,3.5,6.0,0.0,1.1543,3.8231
4454,3.5,6.0,0.0,1.1735,3.8108
4455,3.6,5.0,0.0,1.2606,3.8071
4456,7.9,18.0,0.0,2.7865,4.3012
4457,6.8,13.0,0.0,2.222,4.2101
4458,22.6,29.0,0.0,6.8693,5.5666
4459,20.8,26.0,0.0,6.304,5.7361
4460,17.8,28.0,0.0,5.5369,4.7996
4461,14.2,38.0,0.0,4.9007,4.2238
4462,9.1,14.0,0.0,2.8583,4.1485
4463,6.0,11.0,0.0,2.0019,4.0837
4464,4.2,8.0,0.0,1.4136,3.9435
4465,4.5,10.0,0.0,1.5903,3.9488
4466,3.7,6.0,0.0,1.2197,3.9218
4467,4.3,7.0,0.0,1.3904,3.9657
4468,4.0,6.0,0.0,1.3077,3.9316
4469,3.2,7.0,0.0,1.1453,3.9603
4470,3.6,5.0,0.0,1.1453,3.9728
4471,2.9,4.0,0.0,0.9828,3.9808
4472,3.8,8.0,0.0,1.3444,3.9541
4473,4.0,6.0,0.0,1.3101,3.9362
4474,3.5,5.0,0.0,1.1958,3.8002
4475,3.3,6.0,0.0,1.1347,3.8597
4476,4.0,7.0,0.0,1.3908,3.9175
4477,5.3,9.0,0.0,1.753,4.0199
4478,4.9,8.0,0.0,1.5932,3.92
4479,6.7,9.0,0.0,2.1456,4.0891
4480,4.0,5.0,0.0,1.3192,3.9242
4481,3.6,5.0,0.0,1.1924,3.9284
4482,6.0,11.0,0.0,1.9269,4.0555
4483,4.6,5.0,0.0,1.4739,4.0645
4484,5.4,7.0,0.0,1.7358,4.1275
4485,6.2,8.0,0.0,1.9519,4.1725
4486,5.6,7.0,0.0,1.7918,3.9782
4487,5.0,11.0,0.0,1.5986,3.9686
4488,5.2,6.0,0.0,1.6793,3.9821
4489,3.8,7.0,0.0,1.2767,3.9411
4490,3.9,10.0,0.0,1.4121,3.9514
4491,4.5,6.0,0.0,1.466,3.9569
4492,3.6,6.0,0.0,1.2352,3.8443
4493,4.8,10.0,0.0,1.6243,3.8464
4494,3.4,6.0,0.0,1.1227,3.7259
4495,3.9,10.0,0.0,1.4317,3.8234
4496,4.0,5.0,0.0,1.3557,3.8663
4497,4.6,6.0,0.0,1.5446,3.9545
4498,6.7,11.0,0.0,2.1449,4.0638
4499,5.7,11.0,0.0,1.8573,3.9987
4500,3.9,5.0,0.0,1.3136,3.8861
