generation,top_mean_fitness,max_fitness,min_fitness,std_fitness,elapsed_time_sec
1,3.3,7.0,0.0,1.1662,3.7195
2,2.9,4.0,0.0,0.9836,3.6502
3,3.8,9.0,0.0,1.3393,3.6864
4,4.2,7.0,0.0,1.3948,3.6897
5,3.3,5.0,0.0,1.1092,3.6567
6,3.4,5.0,0.0,1.114,3.6954
7,3.9,4.0,0.0,1.2757,3.7475
8,4.4,7.0,0.0,1.3923,3.7378
9,5.1,9.0,0.0,1.6286,3.7137
10,4.3,8.0,0.0,1.4548,3.7098
11,3.2,7.0,0.0,1.0909,3.7782
12,3.9,6.0,0.0,1.28,3.7824
13,3.7,6.0,0.0,1.2278,3.7582
14,4.6,10.0,0.0,1.565,3.7217
15,3.8,6.0,0.0,1.2544,3.7906
16,3.6,5.0,0.0,1.2285,3.9176
17,3.8,7.0,0.0,1.2764,3.9583
18,2.8,4.0,0.0,0.9421,3.8591
19,4.0,8.0,0.0,1.3153,3.8233
20,5.0,7.0,0.0,1.5937,3.7862
21,3.5,6.0,0.0,1.1634,3.7724
22,4.2,8.0,0.0,1.434,3.8543
23,4.2,10.0,0.0,1.4387,3.8549
24,2.7,4.0,0.0,0.9474,3.8549
25,4.0,8.0,0.0,1.3519,3.8579
26,4.4,9.0,0.0,1.4553,3.8773
27,4.0,6.0,0.0,1.2703,3.8445
28,4.4,9.0,0.0,1.5183,3.8509
29,3.8,5.0,0.0,1.227,3.8437
30,4.2,11.0,0.0,1.51,3.8131
31,3.9,6.0,0.0,1.2937,3.8617
32,4.4,6.0,0.0,1.4142,3.7948
33,4.1,6.0,0.0,1.3189,3.7999
34,3.5,7.0,0.0,1.2223,3.85
35,5.1,10.0,0.0,1.6972,3.9679
36,3.5,6.0,0.0,1.1426,3.8381
37,3.3,6.0,0.0,1.1314,3.8029
38,4.4,7.0,0.0,1.4136,3.8512
39,4.0,6.0,0.0,1.304,3.8183
40,3.3,6.0,0.0,1.1563,3.876
41,4.6,7.0,0.0,1.5098,3.8245
42,4.5,9.0,0.0,1.4827,3.8318
43,3.4,6.0,0.0,1.1079,3.8208
44,4.1,6.0,0.0,1.3465,3.8344
45,3.5,6.0,0.0,1.1393,3.8308
46,3.6,9.0,0.0,1.3046,3.8337
47,3.6,5.0,0.0,1.2233,3.8483
48,4.2,8.0,0.0,1.351,3.8212
49,2.4,4.0,0.0,0.8325,3.8315
50,3.1,4.0,0.0,1.0524,3.824
51,2.9,5.0,0.0,1.0266,3.8353
52,3.9,6.0,0.0,1.2726,3.8729
53,3.7,5.0,0.0,1.184,3.8689
54,3.6,6.0,0.0,1.1881,3.8788
55,3.3,5.0,0.0,1.1108,3.8977
56,4.3,6.0,0.0,1.3739,3.8301
57,5.0,9.0,0.0,1.6571,3.8981
58,4.1,7.0,0.0,1.3601,3.8494
59,5.7,10.0,0.0,1.8016,3.8517
60,3.7,5.0,0.0,1.2706,3.9324
61,4.4,7.0,0.0,1.4518,3.9027
62,2.5,3.0,0.0,0.8865,3.8463
63,3.6,6.0,0.0,1.2008,3.9191
64,5.8,15.0,0.0,2.0952,3.9365
65,4.4,7.0,0.0,1.4484,3.9578
66,2.8,3.0,0.0,0.9597,3.9158
67,4.2,8.0,0.0,1.373,3.8421
68,2.8,5.0,0.0,0.9985,3.8601
69,4.0,7.0,0.0,1.3304,3.8866
70,3.9,6.0,0.0,1.2278,3.8965
71,3.3,6.0,0.0,1.1289,3.894
72,4.4,7.0,0.0,1.449,3.847
73,3.8,5.0,0.0,1.244,3.8844
74,3.3,4.0,0.0,1.1285,3.7952
75,3.6,7.0,0.0,1.2387,3.8386
76,3.3,4.0,0.0,1.1146,3.8855
77,4.0,8.0,0.0,1.3519,3.8637
78,3.4,6.0,0.0,1.15,3.904
79,3.6,5.0,0.0,1.1871,3.9169
80,4.2,7.0,0.0,1.3674,3.8787
81,3.2,5.0,0.0,1.0641,3.8469
82,3.8,6.0,0.0,1.2679,3.8854
83,4.9,9.0,0.0,1.5955,3.8946
84,4.6,10.0,0.0,1.5615,3.907
85,3.9,7.0,0.0,1.3454,3.8825
86,4.3,8.0,0.0,1.4329,3.8496
87,5.1,12.0,0.0,1.7245,3.9337
88,5.1,7.0,0.0,1.651,3.9145
89,4.7,6.0,0.0,1.5053,3.9276
90,5.3,7.0,0.0,1.6447,3.9048
91,5.6,10.0,0.0,1.7973,3.8782
92,3.9,6.0,0.0,1.3143,3.9299
93,5.0,7.0,0.0,1.6763,3.9677
94,4.2,7.0,0.0,1.3774,3.8922
95,4.5,7.0,0.0,1.4353,3.9881
96,4.9,11.0,0.0,1.6853,3.9579
97,4.3,7.0,0.0,1.4429,3.9759
98,5.5,14.0,0.0,1.9082,3.9741
99,4.7,9.0,0.0,1.5166,3.8528
100,3.9,6.0,0.0,1.3219,3.9278
101,3.7,10.0,0.0,1.3803,3.791
102,4.2,8.0,0.0,1.434,3.7498
103,3.8,5.0,0.0,1.3364,3.8054
104,3.6,5.0,0.0,1.1752,3.9538
105,6.1,8.0,0.0,1.8843,3.945
106,3.6,5.0,0.0,1.1515,3.8596
107,3.9,6.0,0.0,1.2878,3.822
108,5.0,7.0,0.0,1.5961,3.9425
109,5.9,9.0,0.0,1.8733,4.0458
110,6.1,9.0,0.0,1.893,4.0075
111,3.2,4.0,0.0,1.0619,3.819
112,4.6,8.0,0.0,1.5444,3.7562
113,3.8,5.0,0.0,1.2285,3.6885
114,3.9,7.0,0.0,1.2795,3.7365
115,3.3,5.0,0.0,1.1187,3.7204
116,5.0,11.0,0.0,1.6576,3.8046
117,3.7,5.0,0.0,1.2641,3.7957
118,5.0,9.0,0.0,1.6103,3.835
119,4.7,8.0,0.0,1.5662,3.9589
120,4.3,6.0,0.0,1.4107,3.8653
121,4.5,7.0,0.0,1.4525,3.9105
122,4.3,8.0,0.0,1.4174,3.8602
123,4.7,8.0,0.0,1.5064,3.869
124,5.1,12.0,0.0,1.8138,3.8995
125,4.3,7.0,0.0,1.4007,3.9049
126,3.3,8.0,0.0,1.1806,3.8412
127,4.3,10.0,0.0,1.4918,3.9068
128,3.7,6.0,0.0,1.2387,3.7836
129,3.9,6.0,0.0,1.2884,3.7353
130,3.0,5.0,0.0,1.0037,3.7087
131,3.7,6.0,0.0,1.2025,3.7079
132,3.8,6.0,0.0,1.2197,3.7395
133,4.2,8.0,0.0,1.4162,3.7199
134,3.1,5.0,0.0,1.0324,3.7691
135,4.3,9.0,0.0,1.4898,3.9258
136,2.5,5.0,0.0,0.882,3.8897
137,3.0,4.0,0.0,1.021,3.7722
138,3.7,6.0,0.0,1.3143,3.7523
139,3.9,5.0,0.0,1.26,3.8104
140,3.6,5.0,0.0,1.1662,3.7591
141,4.3,7.0,0.0,1.3994,3.7639
142,3.1,6.0,0.0,1.087,3.8508
143,3.2,6.0,0.0,1.0941,3.8944
144,4.3,7.0,0.0,1.419,4.0231
145,4.4,7.0,0.0,1.4663,3.9807
146,2.9,5.0,0.0,1.005,3.9091
147,3.8,6.0,0.0,1.2466,3.9925
148,4.5,7.0,0.0,1.4484,4.0035
149,3.8,7.0,0.0,1.2609,3.9172
150,3.4,6.0,0.0,1.1806,3.9281
151,4.7,7.0,0.0,1.484,4.0751
152,4.9,7.0,0.0,1.6302,4.0545
153,3.6,5.0,0.0,1.1694,4.0077
154,4.0,8.0,0.0,1.3875,3.9729
155,3.3,4.0,0.0,1.0965,3.9693
156,4.6,10.0,0.0,1.5551,4.062
157,5.0,10.0,0.0,1.6411,4.0766
158,4.8,6.0,0.0,1.5709,3.986
159,3.6,4.0,0.0,1.1662,3.972
160,5.8,11.0,0.0,1.8852,3.9564
161,4.7,8.0,0.0,1.5556,4.0704
162,5.4,6.0,0.0,1.6727,4.0094
163,4.7,6.0,0.0,1.5452,3.9351
164,5.5,11.0,0.0,1.8433,3.948
165,4.1,6.0,0.0,1.3601,3.9383
166,4.2,6.0,0.0,1.3416,3.9083
167,5.2,10.0,0.0,1.7335,3.9803
168,3.9,6.0,0.0,1.303,3.9433
169,4.1,7.0,0.0,1.3524,3.9022
170,5.8,11.0,0.0,1.919,3.9694
171,4.1,5.0,0.0,1.3955,3.8743
172,5.0,9.0,0.0,1.6788,3.9078
173,4.9,8.0,0.0,1.612,3.9318
174,4.5,7.0,0.0,1.4663,3.8974
175,3.9,6.0,0.0,1.2685,3.9303
176,3.2,4.0,0.0,1.0738,3.9314
177,3.7,6.0,0.0,1.2246,4.0245
178,5.8,12.0,0.0,1.8888,3.8483
179,4.3,7.0,0.0,1.4146,3.8265
180,4.5,7.0,0.0,1.4605,3.9314
181,4.4,6.0,0.0,1.4231,4.0467
182,5.4,9.0,0.0,1.7423,4.1436
183,4.2,6.0,0.0,1.3826,4.0852
184,6.0,11.0,0.0,2.0109,4.2108
185,4.8,6.0,0.0,1.5256,3.9966
186,5.1,9.0,0.0,1.6636,4.0983
187,4.5,8.0,0.0,1.5058,4.1532
188,3.9,5.0,0.0,1.2329,4.0263
189,3.8,6.0,0.0,1.2167,4.1508
190,4.0,6.0,0.0,1.299,4.1932
191,4.1,7.0,0.0,1.3259,4.1973
192,5.3,8.0,0.0,1.7103,4.2334
193,3.9,6.0,0.0,1.2826,3.9685
194,5.1,7.0,0.0,1.6229,4.2733
195,5.0,10.0,0.0,1.6536,4.2534
196,3.9,6.0,0.0,1.2883,4.1784
197,3.9,7.0,0.0,1.2955,4.0784
198,4.2,7.0,0.0,1.3572,4.0099
199,4.9,8.0,0.0,1.6276,4.1211
200,3.8,7.0,0.0,1.2828,4.0898
201,3.9,5.0,0.0,1.2748,4.0923
202,2.4,4.0,0.0,0.9009,4.009
203,4.4,7.0,0.0,1.4174,4.1199
204,4.3,6.0,0.0,1.3855,4.1759
205,4.5,7.0,0.0,1.4785,4.108
206,5.6,15.0,0.0,1.9892,4.2026
207,6.3,14.0,0.0,2.1418,4.0839
208,5.1,9.0,0.0,1.6212,4.2538
209,6.1,11.0,0.0,1.966,4.3096
210,5.1,9.0,0.0,1.6117,4.0408
211,3.6,4.0,0.0,1.2512,4.0375
212,4.1,6.0,0.0,1.3791,4.0297
213,4.1,6.0,0.0,1.3435,4.065
214,4.8,6.0,0.0,1.5041,4.1155
215,5.4,9.0,0.0,1.7187,4.1042
216,5.9,11.0,0.0,1.941,4.2387
217,5.4,10.0,0.0,1.8115,4.2254
218,6.2,11.0,0.0,1.9373,4.2869
219,5.8,8.0,0.0,1.8226,4.2258
220,6.1,11.0,0.0,1.957,4.3009
221,5.0,7.0,0.0,1.6031,4.2002
222,6.2,9.0,0.0,2.0061,4.272
223,4.5,12.0,0.0,1.5993,4.1321
224,4.2,5.0,0.0,1.3115,4.2855
225,4.4,7.0,0.0,1.4663,4.1313
226,5.6,8.0,0.0,1.7741,4.0933
227,3.8,5.0,0.0,1.2322,4.0916
228,4.0,6.0,0.0,1.3025,4.0098
229,4.5,10.0,0.0,1.5226,3.988
230,2.3,3.0,0.0,0.8204,3.9875
231,4.9,9.0,0.0,1.5936,3.993
232,4.2,6.0,0.0,1.3376,4.0339
233,2.7,5.0,0.0,0.9592,3.9702
234,3.1,6.0,0.0,1.1108,3.8871
235,3.8,7.0,0.0,1.26,3.9605
236,3.2,6.0,0.0,1.1191,3.943
237,2.9,5.0,0.0,1.0018,3.9101
238,2.9,5.0,0.0,1.0184,3.9335
239,3.7,6.0,0.0,1.2288,3.934
240,3.5,5.0,0.0,1.1513,3.9764
241,4.4,7.0,0.0,1.4469,4.0024
242,3.9,7.0,0.0,1.28,4.1611
243,4.6,7.0,0.0,1.5103,4.1393
244,4.3,5.0,0.0,1.3892,4.0735
245,5.3,12.0,0.0,1.8311,4.0052
246,5.7,11.0,0.0,1.855,4.1099
247,5.7,8.0,0.0,1.805,4.0793
248,6.3,11.0,0.0,1.9925,4.1883
249,7.0,13.0,0.0,2.2401,4.1259
250,6.1,8.0,0.0,1.9136,4.1515
251,6.0,11.0,0.0,1.9299,4.1828
252,5.1,10.0,0.0,1.6696,4.3124
253,6.1,12.0,0.0,1.9818,4.2327
254,6.8,23.0,0.0,2.6772,4.0835
255,5.5,9.0,0.0,1.7146,4.2286
256,5.6,7.0,0.0,1.7791,4.0054
257,5.8,7.0,0.0,1.8718,4.2006
258,4.3,7.0,0.0,1.4,4.0983
259,5.6,8.0,0.0,1.8466,4.1054
260,5.4,9.0,0.0,1.7157,4.0794
261,4.3,6.0,0.0,1.4089,3.9835
262,5.4,9.0,0.0,1.7457,3.8818
263,4.7,7.0,0.0,1.4541,3.968
264,5.5,8.0,0.0,1.7589,4.1782
265,4.8,8.0,0.0,1.5767,4.049
266,5.0,10.0,0.0,1.6605,4.3698
267,4.2,6.0,0.0,1.3666,4.0441
268,4.2,7.0,0.0,1.3593,4.1614
269,4.3,6.0,0.0,1.3927,4.1645
270,4.4,8.0,0.0,1.523,4.1277
271,4.0,7.0,0.0,1.3295,4.2035
272,4.9,7.0,0.0,1.5381,4.1665
273,5.0,6.0,0.0,1.6154,4.2194
274,4.0,6.0,0.0,1.3037,4.0629
275,3.8,9.0,0.0,1.3328,4.1267
276,4.9,11.0,0.0,1.7011,4.0947
277,3.7,5.0,0.0,1.2083,4.0925
278,4.3,6.0,0.0,1.3437,4.1117
279,4.9,13.0,0.0,1.7374,4.025
280,4.3,6.0,0.0,1.4315,4.0496
281,4.6,9.0,0.0,1.6148,4.0367
282,4.5,6.0,0.0,1.4344,4.2129
283,4.8,6.0,0.0,1.5611,4.1523
284,4.9,8.0,0.0,1.5868,4.1814
285,3.8,8.0,0.0,1.2669,4.0402
286,3.6,6.0,0.0,1.1924,4.0756
287,3.5,8.0,0.0,1.1941,4.0167
288,4.1,6.0,0.0,1.4058,4.0547
289,4.0,5.0,0.0,1.2606,4.0484
290,4.3,6.0,0.0,1.382,4.0686
291,5.0,8.0,0.0,1.5865,4.1289
292,3.9,7.0,0.0,1.2782,4.0217
293,4.1,5.0,0.0,1.3134,4.1034
294,3.7,6.0,0.0,1.2337,4.0845
295,4.0,6.0,0.0,1.3115,4.0104
296,4.3,8.0,0.0,1.4782,4.0692
297,5.0,8.0,0.0,1.6528,4.2706
298,4.5,7.0,0.0,1.5212,4.1075
299,5.0,12.0,0.0,1.7052,3.9429
300,4.6,9.0,0.0,1.5387,4.0097
301,3.8,5.0,0.0,1.3073,3.9692
302,4.6,8.0,0.0,1.4925,3.9549
303,5.0,6.0,0.0,1.557,3.9509
304,4.0,9.0,0.0,1.347,4.0271
305,4.6,7.0,0.0,1.4637,4.1806
306,4.9,9.0,0.0,1.5961,4.0201
307,5.1,7.0,0.0,1.62,4.0701
308,5.5,6.0,0.0,1.7335,4.2061
309,4.6,7.0,0.0,1.5413,4.0946
310,4.5,8.0,0.0,1.4387,4.0122
311,5.2,6.0,0.0,1.6607,4.1198
312,6.7,12.0,0.0,2.2212,4.3232
313,5.5,9.0,0.0,1.7965,4.0628
314,5.8,10.0,0.0,1.8311,4.3144
315,4.8,7.0,0.0,1.5248,4.1268
316,5.6,10.0,0.0,1.7965,4.233
317,5.9,10.0,0.0,1.9101,4.264
318,5.5,7.0,0.0,1.785,4.2577
319,6.1,9.0,0.0,1.8921,4.1099
320,3.3,6.0,0.0,1.1161,4.0799
321,2.5,3.0,0.0,0.8683,4.0508
322,4.0,5.0,0.0,1.2767,4.0357
323,2.9,4.0,0.0,0.9552,3.9757
324,2.8,5.0,0.0,1.0186,3.9641
325,3.1,6.0,0.0,1.05,3.9703
326,2.8,4.0,0.0,0.9518,3.9585
327,2.9,5.0,0.0,0.9722,3.954
328,2.8,4.0,0.0,0.9664,3.9243
329,3.0,4.0,0.0,0.9747,3.8861
330,2.4,4.0,0.0,0.8515,3.9248
331,3.4,5.0,0.0,1.1402,3.9446
332,2.7,6.0,0.0,0.9714,3.9601
333,3.2,6.0,0.0,1.0738,4.0096
334,3.2,5.0,0.0,1.0648,3.9586
335,4.0,9.0,0.0,1.3829,3.8646
336,2.8,5.0,0.0,0.9631,4.0521
337,2.6,4.0,0.0,0.8953,4.1707
338,3.3,5.0,0.0,1.0883,4.1485
339,3.5,5.0,0.0,1.1581,3.971
340,4.1,5.0,0.0,1.3185,4.0008
341,4.8,10.0,0.0,1.6736,3.9992
342,3.2,5.0,0.0,1.1277,4.1314
343,3.0,5.0,0.0,1.0363,3.9707
344,4.0,5.0,0.0,1.3511,3.8598
345,3.7,5.0,0.0,1.1915,3.955
346,4.8,8.0,0.0,1.5828,4.0307
347,3.9,5.0,0.0,1.2449,4.0564
348,3.6,4.0,0.0,1.1874,4.1087
349,3.6,6.0,0.0,1.2706,4.2193
350,4.5,7.0,0.0,1.426,3.9489
351,4.1,5.0,0.0,1.3219,4.022
352,3.8,7.0,0.0,1.2314,3.9469
353,3.9,7.0,0.0,1.3067,3.9491
354,3.4,5.0,0.0,1.12,3.9561
355,3.3,6.0,0.0,1.1251,3.986
356,4.3,6.0,0.0,1.398,4.0116
357,3.4,4.0,0.0,1.1126,4.0142
358,3.8,5.0,0.0,1.2701,4.0271
359,3.7,6.0,0.0,1.2189,4.0657
360,4.2,8.0,0.0,1.4141,4.0008
361,3.5,6.0,0.0,1.1453,4.0227
362,3.1,5.0,0.0,1.0874,4.0466
363,4.7,11.0,0.0,1.614,4.1032
364,3.3,7.0,0.0,1.1395,4.0471
365,3.1,5.0,0.0,1.0105,4.0262
366,2.6,4.0,0.0,0.9171,4.0069
367,2.9,6.0,0.0,0.9909,4.0695
368,2.1,3.0,0.0,0.7096,3.9218
369,4.0,8.0,0.0,1.2991,3.8724
370,4.5,9.0,0.0,1.5166,3.9734
371,2.5,3.0,0.0,0.9472,3.8957
372,3.8,8.0,0.0,1.2624,3.9648
373,3.2,4.0,0.0,1.089,3.9462
374,3.9,10.0,0.0,1.3572,3.9859
375,3.3,4.0,0.0,1.0805,4.0382
376,4.4,7.0,0.0,1.4162,3.9685
377,4.0,6.0,0.0,1.3483,3.9722
378,4.9,8.0,0.0,1.5974,4.02
379,5.0,8.0,0.0,1.6576,4.1826
380,5.5,7.0,0.0,1.7159,4.2025
381,5.8,10.0,0.0,1.8958,4.5022
382,5.8,12.0,0.0,1.9975,4.6031
383,4.7,7.0,0.0,1.5418,4.2491
384,4.6,7.0,0.0,1.5118,4.0302
385,5.2,12.0,0.0,1.728,3.9575
386,4.2,6.0,0.0,1.3025,4.1043
387,4.3,6.0,0.0,1.3831,4.0453
388,5.6,7.0,0.0,1.7791,4.2328
389,3.4,5.0,0.0,1.0865,4.1773
390,4.3,8.0,0.0,1.4353,4.1369
391,4.2,8.0,0.0,1.4627,4.0532
392,5.7,9.0,0.0,1.8735,4.1493
393,4.8,7.0,0.0,1.5708,4.0971
394,4.6,8.0,0.0,1.5966,4.0658
395,5.4,7.0,0.0,1.7059,4.0662
396,5.0,8.0,0.0,1.5791,4.0595
397,5.3,11.0,0.0,1.7567,4.128
398,6.1,8.0,0.0,1.924,4.0647
399,5.0,8.0,0.0,1.631,4.0112
400,6.1,16.0,0.0,2.1776,4.2666
401,5.1,7.0,0.0,1.6394,4.322
402,3.6,5.0,0.0,1.2247,4.0922
403,4.0,11.0,0.0,1.4744,3.9329
404,5.4,10.0,0.0,1.7783,3.8863
405,3.3,6.0,0.0,1.0959,3.8852
406,3.9,10.0,0.0,1.3756,3.9321
407,3.2,5.0,0.0,1.0569,3.9001
408,3.4,5.0,0.0,1.1347,3.8978
409,3.2,6.0,0.0,1.1155,3.8655
410,3.6,5.0,0.0,1.1465,3.9542
411,3.0,5.0,0.0,1.0663,3.9341
412,3.3,5.0,0.0,1.1169,3.8789
413,3.9,6.0,0.0,1.3266,3.8951
414,3.0,4.0,0.0,1.0284,3.8942
415,3.8,9.0,0.0,1.3513,3.8708
416,3.3,5.0,0.0,1.1136,3.9159
417,2.6,5.0,0.0,0.9284,3.8741
418,5.3,7.0,0.0,1.6893,3.9133
419,3.0,4.0,0.0,1.0137,3.9094
420,4.0,8.0,0.0,1.3445,3.9901
421,3.5,5.0,0.0,1.1301,3.9766
422,2.4,4.0,0.0,0.8268,3.8786
423,2.9,5.0,0.0,0.9988,3.8741
424,3.9,8.0,0.0,1.3153,3.9199
425,3.4,8.0,0.0,1.2107,3.8902
426,3.9,7.0,0.0,1.3,4.005
427,3.9,6.0,0.0,1.3253,3.9782
428,3.0,4.0,0.0,0.9937,3.947
429,3.8,7.0,0.0,1.2679,3.9038
430,3.5,6.0,0.0,1.1721,4.0296
431,6.1,11.0,0.0,1.9701,4.0599
432,3.8,8.0,0.0,1.3393,3.9623
433,4.8,8.0,0.0,1.5471,3.9972
434,4.0,6.0,0.0,1.3409,3.9796
435,4.6,6.0,0.0,1.4591,4.0639
436,5.0,8.0,0.0,1.6394,3.9647
437,5.1,10.0,0.0,1.6883,3.9418
438,3.2,4.0,0.0,1.1298,3.9257
439,5.0,8.0,0.0,1.5941,3.9189
440,4.8,8.0,0.0,1.6192,3.9104
441,4.5,6.0,0.0,1.5079,3.9033
442,5.0,8.0,0.0,1.5928,3.9961
443,4.9,8.0,0.0,1.5678,4.012
444,3.8,5.0,0.0,1.261,3.9786
445,3.6,5.0,0.0,1.1741,3.9098
446,3.6,5.0,0.0,1.1307,3.933
447,4.1,5.0,0.0,1.3379,3.9473
448,4.8,7.0,0.0,1.5072,3.9046
449,4.7,9.0,0.0,1.5422,3.9374
450,5.2,7.0,0.0,1.6532,4.0525
451,3.8,5.0,0.0,1.2814,4.1138
452,4.2,6.0,0.0,1.4048,4.0555
453,4.0,5.0,0.0,1.3955,3.9227
454,5.3,8.0,0.0,1.708,3.907
455,5.6,12.0,0.0,1.8941,4.0831
456,4.3,6.0,0.0,1.3771,3.958
457,3.8,5.0,0.0,1.2233,3.9618
458,4.3,7.0,0.0,1.3572,3.9175
459,3.1,6.0,0.0,1.1034,4.0248
460,4.6,9.0,0.0,1.5394,4.0614
461,4.7,7.0,0.0,1.4866,4.0422
462,4.5,8.0,0.0,1.4888,3.9449
463,4.3,6.0,0.0,1.4048,3.8986
464,3.6,6.0,0.0,1.2088,3.9043
465,3.1,4.0,0.0,1.0516,3.9522
466,4.0,8.0,0.0,1.4078,3.9573
467,3.8,7.0,0.0,1.2514,4.006
468,3.1,6.0,0.0,1.0824,3.7765
469,2.6,5.0,0.0,0.8857,3.9346
470,4.2,7.0,0.0,1.3657,3.9748
471,4.0,6.0,0.0,1.3393,3.9257
472,5.0,7.0,0.0,1.6105,4.0443
473,4.2,7.0,0.0,1.3961,4.0378
474,4.2,6.0,0.0,1.3304,4.0511
475,3.8,6.0,0.0,1.2592,4.1183
476,4.7,6.0,0.0,1.4685,4.0803
477,3.7,5.0,0.0,1.2219,4.1283
478,4.0,7.0,0.0,1.3435,4.0562
479,3.2,6.0,0.0,1.1072,4.0665
480,3.8,5.0,0.0,1.2137,4.0549
481,3.0,6.0,0.0,1.0363,3.9191
482,3.6,6.0,0.0,1.2074,4.0608
483,4.4,7.0,0.0,1.4594,3.9748
484,5.4,14.0,0.0,1.9217,4.0986
485,4.0,6.0,0.0,1.3032,4.1256
486,3.5,5.0,0.0,1.2085,4.0214
487,3.7,5.0,0.0,1.1958,4.0042
488,4.2,6.0,0.0,1.3843,4.0871
489,4.5,8.0,0.0,1.4469,4.0124
490,4.3,7.0,0.0,1.3762,4.0432
491,5.4,8.0,0.0,1.7633,4.0998
492,5.1,8.0,0.0,1.6411,4.1708
493,4.0,6.0,0.0,1.326,4.1432
494,3.6,5.0,0.0,1.1315,4.1407
495,4.3,7.0,0.0,1.4091,4.1264
496,5.5,8.0,0.0,1.7628,4.1595
497,5.4,16.0,0.0,2.0633,4.1647
498,4.9,8.0,0.0,1.6298,4.1007
499,4.3,6.0,0.0,1.5077,4.1441
500,6.3,10.0,0.0,1.9921,4.278
501,5.7,7.0,0.0,1.7748,4.1805
502,5.6,8.0,0.0,1.8003,4.2207
503,5.2,8.0,0.0,1.6449,4.0621
504,4.0,9.0,0.0,1.3791,4.1081
505,3.8,6.0,0.0,1.2546,4.0736
506,3.8,7.0,0.0,1.2729,4.09
507,4.1,6.0,0.0,1.3265,3.9894
508,4.2,8.0,0.0,1.3858,4.0583
509,4.5,10.0,0.0,1.5261,4.1227
510,3.6,7.0,0.0,1.26,4.086
511,3.5,5.0,0.0,1.2068,4.2115
512,4.3,10.0,0.0,1.5125,4.0892
513,3.5,5.0,0.0,1.1958,3.8512
514,4.5,6.0,0.0,1.4448,3.8031
515,3.4,5.0,0.0,1.0853,3.8594
516,4.3,6.0,0.0,1.4091,3.9682
517,3.0,4.0,0.0,0.9666,3.9403
518,3.6,4.0,0.0,1.184,3.9836
519,4.6,7.0,0.0,1.4834,4.0909
520,4.0,6.0,0.0,1.244,3.9602
521,3.7,8.0,0.0,1.2953,3.992
522,4.5,7.0,0.0,1.4836,4.0422
523,4.0,8.0,0.0,1.3713,3.9415
524,3.6,5.0,0.0,1.2074,4.0743
525,3.9,6.0,0.0,1.341,3.9961
526,4.0,5.0,0.0,1.3698,3.9972
527,4.9,7.0,0.0,1.6042,4.1325
528,4.7,10.0,0.0,1.6169,4.0642
529,6.2,15.0,0.0,2.1708,4.0808
530,3.9,5.0,0.0,1.346,4.0676
531,4.6,8.0,0.0,1.4973,4.0295
532,5.8,9.0,0.0,1.8541,4.0841
533,4.8,11.0,0.0,1.6653,4.0239
534,6.3,10.0,0.0,2.0365,4.3804
535,6.5,10.0,0.0,2.0826,4.1905
536,4.1,5.0,0.0,1.3393,4.029
537,4.5,8.0,0.0,1.4744,4.1696
538,5.1,6.0,0.0,1.5802,4.0766
539,4.8,7.0,0.0,1.5446,4.1692
540,5.1,10.0,0.0,1.6673,4.1003
541,6.2,10.0,0.0,1.9466,4.1406
542,6.1,13.0,0.0,2.1549,4.1559
543,3.6,5.0,0.0,1.1889,4.0012
544,4.8,6.0,0.0,1.6341,4.0937
545,5.1,11.0,0.0,1.7196,4.1616
546,4.5,7.0,0.0,1.485,4.1309
547,4.5,8.0,0.0,1.4722,4.0245
548,4.0,7.0,0.0,1.3304,4.0788
549,4.1,7.0,0.0,1.3185,4.1552
550,4.2,7.0,0.0,1.3784,4.0616
551,4.0,5.0,0.0,1.3107,4.1149
552,4.0,8.0,0.0,1.318,4.0107
553,3.9,6.0,0.0,1.2728,4.0065
554,4.3,7.0,0.0,1.4169,4.1075
555,4.2,7.0,0.0,1.3811,4.073
556,5.0,8.0,0.0,1.5785,4.0955
557,5.9,8.0,0.0,1.8231,4.0548
558,5.7,10.0,0.0,1.7916,4.2249
559,3.8,6.0,0.0,1.2403,4.1434
560,4.6,6.0,0.0,1.5692,4.1192
561,4.7,11.0,0.0,1.6132,4.1355
562,4.3,6.0,0.0,1.4207,4.2489
563,4.6,7.0,0.0,1.5256,4.1431
564,3.9,6.0,0.0,1.3266,3.9914
565,6.0,9.0,0.0,1.9084,4.3616
566,6.6,14.0,0.0,2.2399,4.2672
567,6.9,15.0,0.0,2.4096,4.2833
568,5.0,6.0,0.0,1.6279,4.3787
569,6.0,9.0,0.0,1.9001,4.3372
570,4.7,8.0,0.0,1.5516,4.4538
571,5.2,9.0,0.0,1.6512,4.3237
572,3.6,4.0,0.0,1.243,4.2559
573,3.1,4.0,0.0,1.0137,4.0998
574,3.2,5.0,0.0,1.0837,4.1552
575,3.2,8.0,0.0,1.1463,4.11
576,3.6,9.0,0.0,1.2906,4.0379
577,3.6,4.0,0.0,1.1747,4.033
578,4.5,7.0,0.0,1.4553,3.9553
579,4.5,7.0,0.0,1.4832,3.9356
580,3.5,5.0,0.0,1.1198,3.9277
581,3.4,7.0,0.0,1.1769,3.9622
582,3.5,5.0,0.0,1.1216,3.9366
583,3.5,5.0,0.0,1.1567,4.0243
584,4.3,7.0,0.0,1.4098,3.9802
585,4.3,8.0,0.0,1.4347,3.9576
586,3.6,8.0,0.0,1.2914,3.8906
587,4.0,6.0,0.0,1.3136,3.8815
588,4.6,8.0,0.0,1.5094,3.8629
589,5.9,11.0,0.0,1.9369,3.8892
590,3.3,4.0,0.0,1.1176,4.0763
591,4.7,7.0,0.0,1.5059,4.1108
592,3.0,6.0,0.0,1.0705,4.0404
593,4.0,7.0,0.0,1.3288,3.8872
594,3.7,5.0,0.0,1.2247,3.9185
595,3.3,4.0,0.0,1.1016,4.0362
596,4.2,6.0,0.0,1.3572,4.1574
597,4.7,10.0,0.0,1.6333,4.0648
598,4.3,7.0,0.0,1.3961,4.1362
599,5.2,8.0,0.0,1.7091,3.9394
600,5.2,10.0,0.0,1.727,3.9976
601,4.6,6.0,0.0,1.477,4.0527
602,4.5,6.0,0.0,1.493,3.9641
603,4.3,7.0,0.0,1.4064,4.1211
604,4.8,7.0,0.0,1.509,4.0077
605,5.1,8.0,0.0,1.5918,4.1542
606,4.8,9.0,0.0,1.5556,4.0419
607,4.7,9.0,0.0,1.546,4.2106
608,4.2,6.0,0.0,1.407,4.0622
609,5.3,9.0,0.0,1.7011,4.064
610,5.9,9.0,0.0,1.8736,4.0691
611,4.6,7.0,0.0,1.4784,4.1182
612,4.5,6.0,0.0,1.449,4.1407
613,5.0,11.0,0.0,1.7,4.1675
614,5.8,12.0,0.0,1.8773,4.2164
615,4.9,7.0,0.0,1.5739,4.0516
616,5.0,9.0,0.0,1.6696,4.0198
617,5.3,10.0,0.0,1.7617,4.0924
618,6.3,11.0,0.0,2.0594,4.1987
619,6.2,13.0,0.0,2.0118,4.2472
620,5.8,7.0,0.0,1.8386,4.1578
621,6.1,9.0,0.0,1.9442,4.1525
622,5.6,8.0,0.0,1.7782,4.1636
623,4.7,6.0,0.0,1.539,4.2049
624,4.5,10.0,0.0,1.5209,4.276
625,4.4,6.0,0.0,1.4379,4.1327
626,3.4,7.0,0.0,1.1797,3.9243
627,4.7,12.0,0.0,1.7234,3.8424
628,4.3,8.0,0.0,1.4303,4.0364
629,3.6,6.0,0.0,1.1973,3.9559
630,3.9,6.0,0.0,1.2703,4.0665
631,3.0,5.0,0.0,1.0029,3.9794
632,3.3,6.0,0.0,1.0772,3.9831
633,3.1,8.0,0.0,1.1225,3.8933
634,3.2,6.0,0.0,1.075,4.0581
635,4.3,6.0,0.0,1.3803,4.023
636,3.6,7.0,0.0,1.2093,3.9913
637,3.1,5.0,0.0,1.0324,4.0833
638,4.0,6.0,0.0,1.3274,4.0572
639,3.6,6.0,0.0,1.2189,4.0924
640,3.2,5.0,0.0,1.0828,3.8464
641,4.2,6.0,0.0,1.3811,4.0544
642,3.1,5.0,0.0,1.0927,4.0741
643,3.2,6.0,0.0,1.0724,3.9684
644,3.3,5.0,0.0,1.0831,3.8213
645,3.6,6.0,0.0,1.2221,3.8218
646,4.1,8.0,0.0,1.3593,3.9745
647,4.7,8.0,0.0,1.5843,4.0006
648,4.9,14.0,0.0,1.7972,4.0255
649,3.7,5.0,0.0,1.2083,4.157
650,4.5,7.0,0.0,1.4491,3.9939
651,3.8,6.0,0.0,1.2641,3.8991
652,3.7,6.0,0.0,1.2403,3.7789
653,4.0,7.0,0.0,1.2963,3.7996
654,3.8,8.0,0.0,1.3143,3.8494
655,4.0,6.0,0.0,1.3134,3.8871
656,4.1,8.0,0.0,1.3987,3.8966
657,4.3,6.0,0.0,1.3932,3.8998
658,3.2,4.0,0.0,1.0798,3.8819
659,3.6,5.0,0.0,1.1881,3.863
660,4.6,8.0,0.0,1.501,3.8907
661,5.9,11.0,0.0,1.9784,3.8982
662,4.7,6.0,0.0,1.5147,4.0
663,3.3,5.0,0.0,1.1018,3.9028
664,4.4,10.0,0.0,1.4765,3.9879
665,4.1,6.0,0.0,1.3444,3.9171
666,7.1,12.0,0.0,2.2677,4.0799
667,5.9,8.0,0.0,1.7708,4.0896
668,5.6,8.0,0.0,1.8193,4.0282
669,5.5,9.0,0.0,1.7578,4.0222
670,5.7,11.0,0.0,1.8248,4.0855
671,5.5,9.0,0.0,1.8296,4.1164
672,5.1,7.0,0.0,1.6241,4.0688
673,5.2,7.0,0.0,1.6583,4.1838
674,6.1,9.0,0.0,1.9737,4.238
675,5.5,13.0,0.0,1.9124,4.034
676,4.8,8.0,0.0,1.6376,4.2143
677,4.5,6.0,0.0,1.4545,4.1032
678,5.9,7.0,0.0,1.9098,4.0472
679,3.5,5.0,0.0,1.1511,4.0655
680,6.7,16.0,0.0,2.3041,4.1096
681,4.6,8.0,0.0,1.5387,3.9696
682,5.1,12.0,0.0,1.7244,3.9667
683,4.4,8.0,0.0,1.4555,3.9547
684,3.5,5.0,0.0,1.1915,3.9696
685,4.0,6.0,0.0,1.3491,3.9986
686,3.5,6.0,0.0,1.1948,4.0875
687,3.5,4.0,0.0,1.1161,3.9104
688,3.1,4.0,0.0,1.0332,3.8934
689,3.6,5.0,0.0,1.214,3.9435
690,4.7,6.0,0.0,1.4525,4.0441
691,3.3,4.0,0.0,1.1459,3.9972
692,3.7,8.0,0.0,1.2767,4.0176
693,3.5,6.0,0.0,1.1632,3.8573
694,4.7,8.0,0.0,1.5357,3.9241
695,5.3,8.0,0.0,1.7222,4.0216
696,3.7,7.0,0.0,1.2124,3.9548
697,3.8,5.0,0.0,1.2814,3.9809
698,5.1,8.0,0.0,1.6364,4.0822
699,5.5,9.0,0.0,1.7759,4.0841
700,5.7,10.0,0.0,1.8775,4.0622
701,6.2,13.0,0.0,2.0745,3.9937
702,3.6,6.0,0.0,1.2164,4.061
703,4.6,10.0,0.0,1.5551,4.1974
704,3.9,6.0,0.0,1.2764,4.0555
705,3.9,5.0,0.0,1.2449,3.9652
706,3.2,6.0,0.0,1.0897,4.0729
707,5.2,7.0,0.0,1.6655,4.0497
708,5.7,11.0,0.0,1.8974,4.0701
709,4.1,6.0,0.0,1.3046,4.0261
710,3.6,5.0,0.0,1.1672,3.9764
711,4.0,6.0,0.0,1.3189,4.0404
712,4.7,6.0,0.0,1.5305,3.947
713,4.4,8.0,0.0,1.4317,4.0823
714,4.9,8.0,0.0,1.5898,4.0162
715,4.5,8.0,0.0,1.4967,4.0125
716,5.4,10.0,0.0,1.8132,4.0881
717,4.1,5.0,0.0,1.3265,4.0041
718,3.7,7.0,0.0,1.2835,4.0777
719,3.6,5.0,0.0,1.1347,4.0335
720,3.5,6.0,0.0,1.1834,4.0015
721,4.0,5.0,0.0,1.3541,4.0593
722,4.2,6.0,0.0,1.2948,4.0321
723,3.3,4.0,0.0,1.1169,3.9677
724,3.3,6.0,0.0,1.0941,3.8856
725,4.0,6.0,0.0,1.275,3.9376
726,4.1,6.0,0.0,1.3559,4.0744
727,4.3,7.0,0.0,1.4283,4.0227
728,5.2,8.0,0.0,1.7021,4.0965
729,5.1,9.0,0.0,1.6423,4.1174
730,5.8,8.0,0.0,1.8628,4.1005
731,5.2,7.0,0.0,1.6382,4.0728
732,6.4,9.0,0.0,2.1583,4.2026
733,5.4,9.0,0.0,1.7349,4.1768
734,5.0,10.0,0.0,1.6858,4.1943
735,5.4,8.0,0.0,1.7208,4.2323
736,7.8,17.0,0.0,2.5669,4.1368
737,7.8,16.0,0.0,2.5406,4.3548
738,7.7,11.0,0.0,2.4513,4.421
739,5.4,7.0,0.0,1.7944,4.202
740,5.8,8.0,0.0,1.8171,4.1609
741,6.3,9.0,0.0,2.0487,4.3622
742,5.7,11.0,0.0,1.9131,3.9709
743,6.8,11.0,0.0,2.1895,4.1839
744,6.8,9.0,0.0,2.081,4.0079
745,7.3,12.0,0.0,2.3507,4.016
746,6.7,12.0,0.0,2.1599,4.1777
747,5.5,13.0,0.0,1.9631,4.0844
748,6.9,14.0,0.0,2.3281,4.1131
749,4.9,7.0,0.0,1.6018,4.0198
750,4.2,6.0,0.0,1.3674,3.9662
751,5.7,8.0,0.0,1.8016,3.9964
752,5.0,8.0,0.0,1.6051,3.8895
753,3.9,4.0,0.0,1.3403,3.9904
754,5.1,7.0,0.0,1.6018,4.0538
755,5.0,8.0,0.0,1.6168,4.068
756,4.0,6.0,0.0,1.3376,3.9978
757,4.9,11.0,0.0,1.681,4.1174
758,5.7,9.0,0.0,1.8835,4.1142
759,4.6,6.0,0.0,1.4741,4.0774
760,3.7,6.0,0.0,1.2239,4.0704
761,6.1,10.0,0.0,1.9396,4.1339
762,5.4,8.0,0.0,1.7862,4.0639
763,6.3,11.0,0.0,2.0143,4.005
764,5.5,7.0,0.0,1.7646,4.097
765,5.2,7.0,0.0,1.7054,4.0041
766,4.3,6.0,0.0,1.4219,3.9262
767,4.1,6.0,0.0,1.2798,3.9735
768,3.3,5.0,0.0,1.1079,3.9694
769,5.0,8.0,0.0,1.6181,4.0027
770,3.6,5.0,0.0,1.1864,4.0568
771,4.4,7.0,0.0,1.4967,4.0815
772,4.4,8.0,0.0,1.4318,3.9922
773,5.1,8.0,0.0,1.6366,4.0226
774,5.0,8.0,0.0,1.6031,3.9372
775,4.5,7.0,0.0,1.4973,3.9231
776,4.6,7.0,0.0,1.5081,4.0542
777,4.3,6.0,0.0,1.382,3.9789
778,4.0,6.0,0.0,1.3107,3.9954
779,4.6,8.0,0.0,1.533,4.0729
780,5.4,8.0,0.0,1.7571,4.1326
781,5.0,9.0,0.0,1.6043,4.1867
782,5.0,8.0,0.0,1.6081,4.1514
783,6.7,15.0,0.0,2.2158,4.0935
784,4.6,7.0,0.0,1.4648,4.1333
785,4.1,7.0,0.0,1.3978,3.9855
786,5.3,9.0,0.0,1.6768,4.1232
787,4.6,6.0,0.0,1.509,4.0513
788,6.7,13.0,0.0,2.1847,4.0615
789,5.0,7.0,0.0,1.6148,4.0161
790,5.5,10.0,0.0,1.7674,4.0605
791,5.6,8.0,0.0,1.7342,3.9338
792,5.9,8.0,0.0,1.8187,4.2133
793,5.6,7.0,0.0,1.7292,4.2788
794,6.1,11.0,0.0,1.9617,4.1093
795,4.7,7.0,0.0,1.4765,4.1758
796,5.5,7.0,0.0,1.7407,3.956
797,4.8,7.0,0.0,1.5024,4.1072
798,4.2,6.0,0.0,1.3453,3.9716
799,4.8,7.0,0.0,1.557,4.0498
800,4.7,12.0,0.0,1.6372,3.9934
801,5.2,8.0,0.0,1.6857,3.9677
802,2.3,4.0,0.0,0.8246,3.948
803,3.3,4.0,0.0,1.0591,3.9689
804,3.1,5.0,0.0,1.0524,3.8856
805,3.3,5.0,0.0,1.0831,3.8951
806,3.5,6.0,0.0,1.1442,3.9019
807,4.5,5.0,0.0,1.4379,4.0232
808,4.2,6.0,0.0,1.3444,4.0939
809,5.1,8.0,0.0,1.6953,4.0336
810,4.6,6.0,0.0,1.4919,3.9541
811,4.4,7.0,0.0,1.4141,3.8915
812,4.3,7.0,0.0,1.3659,4.0102
813,3.6,5.0,0.0,1.1476,3.9209
814,3.2,5.0,0.0,1.0419,3.8828
815,3.6,6.0,0.0,1.1704,3.8711
816,4.2,12.0,0.0,1.6041,3.9324
817,4.4,7.0,0.0,1.3999,3.9358
818,4.3,7.0,0.0,1.4555,4.0298
819,4.3,10.0,0.0,1.4595,3.906
820,4.9,10.0,0.0,1.631,4.0504
821,3.7,5.0,0.0,1.1958,3.9571
822,5.0,6.0,0.0,1.5792,4.0514
823,4.6,6.0,0.0,1.5331,4.0367
824,4.7,7.0,0.0,1.4959,4.1267
825,5.3,9.0,0.0,1.7674,4.0696
826,4.7,6.0,0.0,1.5467,4.0411
827,4.2,6.0,0.0,1.3878,4.0839
828,4.2,7.0,0.0,1.3764,4.1201
829,5.0,9.0,0.0,1.5898,4.1566
830,4.2,7.0,0.0,1.3495,4.1047
831,3.8,6.0,0.0,1.3185,4.2103
832,4.6,6.0,0.0,1.509,4.1508
833,4.5,8.0,0.0,1.4823,4.1762
834,5.5,12.0,0.0,1.8868,4.1669
835,5.0,9.0,0.0,1.6494,4.0235
836,3.8,6.0,0.0,1.2074,4.0422
837,4.6,6.0,0.0,1.4866,4.1168
838,5.2,9.0,0.0,1.6787,4.1211
839,4.0,5.0,0.0,1.2971,4.1777
840,4.0,6.0,0.0,1.2969,4.178
841,3.4,7.0,0.0,1.1569,4.0307
842,3.3,5.0,0.0,1.0798,3.9199
843,5.6,10.0,0.0,1.8213,3.9849
844,3.3,5.0,0.0,1.1496,4.1265
845,3.5,6.0,0.0,1.1924,4.1654
846,3.6,8.0,0.0,1.2669,4.1617
847,3.5,6.0,0.0,1.1435,4.1559
848,3.5,7.0,0.0,1.1921,4.0487
849,4.5,7.0,0.0,1.4217,3.9748
850,3.8,6.0,0.0,1.2221,3.9022
851,4.5,9.0,0.0,1.533,3.9518
852,5.6,9.0,0.0,1.7381,3.8784
853,4.6,6.0,0.0,1.4517,3.984
854,3.9,6.0,0.0,1.26,3.9056
855,5.6,11.0,0.0,1.8884,3.97
856,5.7,9.0,0.0,1.8192,4.0609
857,6.0,11.0,0.0,1.9113,4.1126
858,5.7,9.0,0.0,1.8012,3.9611
859,3.9,5.0,0.0,1.2969,4.0119
860,5.2,8.0,0.0,1.6893,3.9797
861,5.5,9.0,0.0,1.7517,4.08
862,4.4,6.0,0.0,1.4284,4.0807
863,5.4,7.0,0.0,1.714,4.0915
864,4.2,6.0,0.0,1.4027,3.9806
865,3.6,6.0,0.0,1.2,4.0041
866,3.7,5.0,0.0,1.2157,4.149
867,4.9,7.0,0.0,1.5272,4.0213
868,5.1,9.0,0.0,1.7254,4.1147
869,5.9,8.0,0.0,1.8514,4.1618
870,4.2,11.0,0.0,1.5145,4.0628
871,5.2,7.0,0.0,1.6363,4.0403
872,4.9,8.0,0.0,1.5804,3.9443
873,4.3,6.0,0.0,1.3585,3.8831
874,3.8,6.0,0.0,1.2606,3.8945
875,3.8,7.0,0.0,1.251,3.8149
876,3.8,5.0,0.0,1.2876,3.8511
877,3.6,6.0,0.0,1.1694,3.8275
878,4.3,8.0,0.0,1.5,3.9079
879,3.7,6.0,0.0,1.1901,3.9352
880,3.6,4.0,0.0,1.1954,3.9508
881,4.0,10.0,0.0,1.3927,3.9481
882,3.7,7.0,0.0,1.2249,3.9357
883,3.9,7.0,0.0,1.3113,3.8895
884,4.2,8.0,0.0,1.4691,3.9132
885,3.1,6.0,0.0,1.0759,3.8999
886,3.8,9.0,0.0,1.3363,3.9245
887,3.6,7.0,0.0,1.1948,4.07
888,3.4,5.0,0.0,1.1864,3.9694
889,4.8,8.0,0.0,1.5624,3.9512
890,3.0,4.0,0.0,1.0741,3.993
891,4.7,13.0,0.0,1.7349,4.0752
892,4.8,8.0,0.0,1.5588,4.1131
893,4.1,7.0,0.0,1.3906,4.1928
894,3.9,9.0,0.0,1.3566,4.1208
895,2.7,4.0,0.0,0.9909,4.0947
896,4.0,6.0,0.0,1.309,4.1696
897,4.6,8.0,0.0,1.4426,4.1542
898,4.7,7.0,0.0,1.5703,4.2836
899,4.0,7.0,0.0,1.2811,4.1238
900,3.8,9.0,0.0,1.2851,4.0953
901,3.6,4.0,0.0,1.1655,4.1604
902,4.2,6.0,0.0,1.3811,4.2479
903,3.9,4.0,0.0,1.2247,4.1204
904,5.1,7.0,0.0,1.619,4.1685
905,6.8,8.0,0.0,2.0673,4.3598
906,4.6,7.0,0.0,1.4941,4.3068
907,4.8,8.0,0.0,1.5516,4.0803
908,5.0,8.0,0.0,1.6576,4.1053
909,4.7,7.0,0.0,1.5688,4.0621
910,4.7,7.0,0.0,1.519,4.0064
911,6.3,10.0,0.0,1.9921,4.0557
912,4.3,6.0,0.0,1.3467,4.1237
913,4.9,9.0,0.0,1.6756,4.0625
914,3.6,4.0,0.0,1.1988,3.9897
915,4.1,5.0,0.0,1.3101,4.0186
916,4.2,8.0,0.0,1.4027,4.0624
917,3.2,6.0,0.0,1.1212,4.0169
918,3.9,6.0,0.0,1.3109,4.0707
919,6.3,12.0,0.0,1.9731,4.3184
920,4.6,7.0,0.0,1.5048,4.2579
921,6.1,9.0,0.0,1.9048,4.3187
922,6.8,10.0,0.0,2.119,4.4129
923,7.9,13.0,0.0,2.5123,4.5147
924,7.2,11.0,0.0,2.2113,4.3966
925,5.0,8.0,0.0,1.6547,4.2828
926,5.9,12.0,0.0,1.8679,4.1909
927,5.7,10.0,0.0,1.7962,4.1485
928,4.0,6.0,0.0,1.2829,4.2514
929,4.3,6.0,0.0,1.3346,4.1754
930,4.0,5.0,0.0,1.2919,4.259
931,4.8,15.0,0.0,1.8724,4.1631
932,4.2,7.0,0.0,1.3762,4.1677
933,2.9,5.0,0.0,1.02,4.0381
934,4.7,8.0,0.0,1.5739,4.2113
935,5.6,13.0,0.0,1.902,4.173
936,4.4,7.0,0.0,1.4061,4.0577
937,3.6,5.0,0.0,1.1598,4.0816
938,4.0,6.0,0.0,1.3212,4.0846
939,4.2,8.0,0.0,1.3783,4.0778
940,3.4,6.0,0.0,1.1128,4.0812
941,5.1,10.0,0.0,1.6576,4.0737
942,4.1,7.0,0.0,1.3672,4.0866
943,3.5,6.0,0.0,1.1874,4.031
944,4.3,5.0,0.0,1.4422,4.0454
945,3.6,5.0,0.0,1.167,4.0311
946,6.1,9.0,0.0,1.9365,4.1045
947,4.2,6.0,0.0,1.3393,4.099
948,4.6,6.0,0.0,1.4523,4.1038
949,7.0,11.0,0.0,2.2746,4.1024
950,7.4,13.0,0.0,2.4902,4.1789
951,4.9,11.0,0.0,1.681,4.1692
952,5.8,7.0,0.0,1.8531,4.0968
953,6.4,10.0,0.0,2.0616,4.2412
954,5.1,9.0,0.0,1.677,4.0509
955,4.9,7.0,0.0,1.5759,3.9655
956,6.1,9.0,0.0,1.9925,4.1012
957,6.3,10.0,0.0,1.9981,4.1771
958,4.7,7.0,0.0,1.5726,4.1693
959,3.7,6.0,0.0,1.2241,4.1662
960,5.0,8.0,0.0,1.6251,4.031
961,3.8,6.0,0.0,1.2784,4.0017
962,4.7,6.0,0.0,1.513,4.1603
963,4.7,8.0,0.0,1.5603,4.0812
964,4.6,6.0,0.0,1.5067,4.1692
965,3.1,6.0,0.0,1.0712,4.0499
966,4.1,5.0,0.0,1.3101,4.1506
967,4.6,8.0,0.0,1.5387,4.2836
968,5.1,7.0,0.0,1.6583,4.0756
969,4.4,7.0,0.0,1.3977,4.0372
970,5.0,6.0,0.0,1.6266,4.2193
971,3.3,5.0,0.0,1.0812,4.1982
972,4.1,9.0,0.0,1.4379,4.0325
973,5.3,8.0,0.0,1.6934,4.0614
974,3.0,6.0,0.0,1.0361,3.9534
975,5.3,7.0,0.0,1.7134,4.1852
976,4.1,8.0,0.0,1.4036,3.8583
977,4.0,5.0,0.0,1.3113,3.7517
978,4.1,5.0,0.0,1.2728,3.8754
979,4.6,7.0,0.0,1.4722,3.8211
980,3.0,4.0,0.0,1.0207,3.8318
981,3.8,5.0,0.0,1.2359,3.7871
982,3.9,6.0,0.0,1.2728,3.7931
983,3.6,6.0,0.0,1.2166,3.778
984,3.9,5.0,0.0,1.2703,3.813
985,4.8,12.0,0.0,1.7163,3.8329
986,4.0,7.0,0.0,1.4018,3.8457
987,5.4,9.0,0.0,1.7299,3.933
988,6.2,10.0,0.0,1.941,4.0419
989,5.1,7.0,0.0,1.6339,4.0759
990,6.9,16.0,0.0,2.3771,4.2448
991,5.5,8.0,0.0,1.7347,4.0296
992,4.7,8.0,0.0,1.5622,4.0038
993,4.1,6.0,0.0,1.3485,3.9832
994,4.5,9.0,0.0,1.5028,4.0298
995,4.2,7.0,0.0,1.3551,3.9965
996,4.5,9.0,0.0,1.5212,4.0028
997,4.1,6.0,0.0,1.3336,3.9269
998,4.6,7.0,0.0,1.5368,4.0016
999,4.5,7.0,0.0,1.4908,3.9287
1000,3.4,5.0,0.0,1.141,3.867
1001,4.9,7.0,0.0,1.6332,4.0342
1002,4.2,6.0,0.0,1.3961,3.9838
1003,4.2,6.0,0.0,1.3489,3.9677
1004,4.3,8.0,0.0,1.4457,3.915
1005,4.6,7.0,0.0,1.5053,3.9025
1006,4.8,5.0,0.0,1.5708,3.8849
1007,3.5,7.0,0.0,1.1755,3.8428
1008,3.9,6.0,0.0,1.249,3.8678
1009,4.2,7.0,0.0,1.398,3.9237
1010,4.7,8.0,0.0,1.527,3.8978
1011,3.1,4.0,0.0,1.1322,3.8741
1012,3.4,5.0,0.0,1.0927,3.8596
1013,4.5,7.0,0.0,1.4675,3.8542
1014,4.0,6.0,0.0,1.3067,3.8511
1015,4.4,6.0,0.0,1.4539,3.9125
1016,4.6,7.0,0.0,1.5226,3.8809
1017,3.8,6.0,0.0,1.2981,3.8752
1018,4.2,9.0,0.0,1.4616,3.8615
1019,5.1,10.0,0.0,1.6271,4.0478
1020,4.3,6.0,0.0,1.4309,4.052
1021,4.7,6.0,0.0,1.4933,4.0878
1022,3.6,5.0,0.0,1.1741,3.9464
1023,5.4,7.0,0.0,1.6687,4.073
1024,7.3,17.0,0.0,2.4009,4.1784
1025,6.4,10.0,0.0,2.0203,4.2873
1026,6.2,16.0,0.0,2.2591,4.4047
1027,7.3,18.0,0.0,2.5282,4.3904
1028,7.5,11.0,0.0,2.4016,4.2629
1029,5.8,10.0,0.0,1.8427,4.3254
1030,5.1,10.0,0.0,1.6988,4.1726
1031,5.1,8.0,0.0,1.6418,4.2058
1032,6.8,13.0,0.0,2.2185,4.4028
1033,5.7,11.0,0.0,1.8784,4.4231
1034,5.8,8.0,0.0,1.8279,4.1691
1035,6.1,11.0,0.0,2.0269,4.0956
1036,6.0,13.0,0.0,2.0658,4.3553
1037,3.6,6.0,0.0,1.2159,4.1403
1038,4.4,7.0,0.0,1.4032,4.1548
1039,4.5,5.0,0.0,1.4722,4.1459
1040,5.2,6.0,0.0,1.5961,3.9644
1041,4.7,8.0,0.0,1.5238,3.93
1042,3.5,5.0,0.0,1.108,3.9068
1043,4.0,9.0,0.0,1.3915,4.0202
1044,4.1,7.0,0.0,1.3467,4.055
1045,4.4,6.0,0.0,1.4531,4.1425
1046,4.9,10.0,0.0,1.6288,4.1723
1047,5.7,10.0,0.0,1.8314,4.0932
1048,5.2,10.0,0.0,1.6919,3.9599
1049,5.2,13.0,0.0,1.8259,4.0258
1050,5.7,12.0,0.0,1.9468,3.999
1051,5.1,7.0,0.0,1.6736,4.1007
1052,6.4,12.0,0.0,2.0697,4.0983
1053,6.8,10.0,0.0,2.17,4.0231
1054,4.1,9.0,0.0,1.4448,4.0111
1055,5.4,16.0,0.0,2.0149,3.9477
1056,4.2,9.0,0.0,1.426,4.0204
1057,3.5,4.0,0.0,1.1169,3.8622
1058,4.1,5.0,0.0,1.2748,3.7892
1059,4.8,8.0,0.0,1.5225,3.8166
1060,3.5,5.0,0.0,1.2031,3.9342
1061,4.5,8.0,0.0,1.4442,3.9308
1062,4.7,6.0,0.0,1.4483,3.8999
1063,3.7,5.0,0.0,1.1874,3.7396
1064,6.0,10.0,0.0,1.8784,3.8007
1065,4.5,6.0,0.0,1.4,3.8587
1066,3.9,7.0,0.0,1.3286,3.9182
1067,5.0,9.0,0.0,1.5614,3.9336
1068,4.2,6.0,0.0,1.3759,3.9992
1069,3.4,6.0,0.0,1.1546,3.9015
1070,4.6,7.0,0.0,1.4812,3.809
1071,3.2,4.0,0.0,1.0651,3.8556
1072,3.2,5.0,0.0,1.1056,3.8947
1073,4.1,7.0,0.0,1.3379,3.9386
1074,3.4,7.0,0.0,1.1662,3.9233
1075,4.2,7.0,0.0,1.4457,3.9375
1076,4.1,9.0,0.0,1.4716,3.9471
1077,3.9,5.0,0.0,1.3037,3.9184
1078,4.3,7.0,0.0,1.4027,3.9498
1079,3.6,7.0,0.0,1.2627,3.9696
1080,3.8,7.0,0.0,1.246,3.9215
1081,3.6,5.0,0.0,1.1948,3.8789
1082,4.5,7.0,0.0,1.466,3.8831
1083,4.6,10.0,0.0,1.5274,3.905
1084,3.9,7.0,0.0,1.296,3.9233
1085,4.2,11.0,0.0,1.5143,3.9129
1086,4.2,8.0,0.0,1.3657,3.9217
1087,3.6,8.0,0.0,1.2648,3.9106
1088,4.2,7.0,0.0,1.4239,3.9054
1089,4.3,7.0,0.0,1.4136,3.9362
1090,2.8,5.0,0.0,0.961,3.9046
1091,3.3,5.0,0.0,1.0761,3.9233
1092,3.5,5.0,0.0,1.148,3.9352
1093,3.9,6.0,0.0,1.2706,3.9279
1094,3.4,7.0,0.0,1.1856,3.859
1095,4.2,6.0,0.0,1.4347,3.8677
1096,4.2,8.0,0.0,1.3688,3.8674
1097,3.5,6.0,0.0,1.1496,3.8608
1098,2.8,5.0,0.0,0.9521,3.8677
1099,3.6,4.0,0.0,1.1389,3.873
1100,3.6,6.0,0.0,1.1626,3.8764
1101,4.1,7.0,0.0,1.3898,3.8845
1102,3.5,5.0,0.0,1.1563,3.8904
1103,3.9,6.0,0.0,1.2914,3.876
1104,4.3,6.0,0.0,1.3928,3.8694
1105,5.2,11.0,0.0,1.7533,3.9326
1106,3.6,4.0,0.0,1.2203,3.9131
1107,4.9,9.0,0.0,1.6185,3.9203
1108,3.8,6.0,0.0,1.3058,3.8921
1109,5.2,11.0,0.0,1.7521,3.9692
1110,3.4,6.0,0.0,1.1494,3.909
1111,3.6,4.0,0.0,1.2038,3.989
1112,4.2,7.0,0.0,1.3856,3.9689
1113,3.7,6.0,0.0,1.2025,3.9039
1114,3.2,4.0,0.0,1.0872,3.9408
1115,3.6,9.0,0.0,1.2558,3.9295
1116,3.3,6.0,0.0,1.1574,3.8987
1117,4.0,6.0,0.0,1.3192,3.8686
1118,3.4,8.0,0.0,1.2288,3.899
1119,3.3,5.0,0.0,1.0713,3.8853
1120,3.8,6.0,0.0,1.2512,3.9153
1121,4.0,8.0,0.0,1.3219,3.9065
1122,3.6,7.0,0.0,1.2478,3.8855
1123,4.7,7.0,0.0,1.5729,3.9331
1124,4.3,6.0,0.0,1.479,3.9077
1125,4.4,8.0,0.0,1.4456,3.9325
1126,4.7,8.0,0.0,1.5431,3.9842
1127,3.6,5.0,0.0,1.1686,3.9103
1128,4.3,7.0,0.0,1.4221,3.9665
1129,3.7,9.0,0.0,1.3092,3.9034
1130,3.8,7.0,0.0,1.2835,3.9233
1131,3.6,5.0,0.0,1.1667,3.9348
1132,4.3,6.0,0.0,1.4136,3.9112
1133,4.2,10.0,0.0,1.5545,3.9882
1134,4.2,6.0,0.0,1.3343,3.9829
1135,4.9,7.0,0.0,1.5335,3.9884
1136,4.5,6.0,0.0,1.4344,3.9395
1137,4.1,7.0,0.0,1.3467,3.9232
1138,4.9,9.0,0.0,1.5767,3.987
1139,4.7,8.0,0.0,1.5288,4.0451
1140,4.4,6.0,0.0,1.3791,3.9507
1141,4.6,8.0,0.0,1.501,3.9779
1142,5.3,8.0,0.0,1.6844,3.9921
1143,4.9,7.0,0.0,1.5709,4.0041
1144,3.5,6.0,0.0,1.1482,3.9373
1145,5.1,8.0,0.0,1.6447,3.9647
1146,4.7,7.0,0.0,1.5368,3.9312
1147,4.4,7.0,0.0,1.5026,3.8752
1148,4.3,7.0,0.0,1.3948,3.9285
1149,3.5,5.0,0.0,1.1752,3.8902
1150,4.1,7.0,0.0,1.3245,3.9033
1151,3.6,9.0,0.0,1.3094,3.9169
1152,4.4,8.0,0.0,1.4741,3.9529
1153,3.3,5.0,0.0,1.0805,3.8728
1154,4.4,6.0,0.0,1.3994,3.9323
1155,3.5,5.0,0.0,1.1803,3.8896
1156,4.1,7.0,0.0,1.3415,3.943
1157,3.2,8.0,0.0,1.1749,3.9292
1158,4.9,6.0,0.0,1.5709,3.9874
1159,5.0,8.0,0.0,1.6132,3.9978
1160,5.3,8.0,0.0,1.6665,3.9753
1161,4.2,5.0,0.0,1.382,3.9895
1162,3.8,5.0,0.0,1.2767,4.0033
1163,4.3,6.0,0.0,1.3975,3.9769
1164,3.4,5.0,0.0,1.1269,3.9295
1165,4.1,7.0,0.0,1.3422,3.986
1166,4.9,7.0,0.0,1.5748,4.0185
1167,5.0,13.0,0.0,1.772,4.0449
1168,4.9,8.0,0.0,1.5413,4.0141
1169,5.5,9.0,0.0,1.782,4.1423
1170,4.4,8.0,0.0,1.4831,3.9689
1171,5.0,8.0,0.0,1.6155,4.0241
1172,4.1,6.0,0.0,1.3394,4.0212
1173,4.7,7.0,0.0,1.534,4.0617
1174,5.5,10.0,0.0,1.8076,4.0879
1175,4.9,8.0,0.0,1.5835,4.044
1176,5.1,7.0,0.0,1.6225,4.0788
1177,5.8,12.0,0.0,2.0076,4.1143
1178,5.5,9.0,0.0,1.797,4.1895
1179,4.1,6.0,0.0,1.3527,4.0726
1180,5.9,9.0,0.0,1.8082,4.0854
1181,4.4,6.0,0.0,1.4221,4.117
1182,5.9,8.0,0.0,1.8288,4.1919
1183,5.4,9.0,0.0,1.7463,4.0837
1184,5.0,8.0,0.0,1.5775,4.1893
1185,4.9,9.0,0.0,1.6106,4.0949
1186,5.9,12.0,0.0,2.0162,4.1366
1187,4.7,8.0,0.0,1.5119,4.1649
1188,4.4,6.0,0.0,1.4232,4.1512
1189,5.0,6.0,0.0,1.6418,4.0429
1190,4.0,5.0,0.0,1.3607,3.9683
1191,3.9,5.0,0.0,1.2329,4.0597
1192,4.5,5.0,0.0,1.4946,4.0576
1193,5.2,9.0,0.0,1.6756,3.9685
1194,4.9,7.0,0.0,1.5843,4.0978
1195,5.0,7.0,0.0,1.6262,4.1918
1196,5.2,9.0,0.0,1.7,4.1057
1197,3.9,6.0,0.0,1.2781,3.9619
1198,4.5,7.0,0.0,1.4412,4.0581
1199,5.0,8.0,0.0,1.6242,4.0949
1200,4.9,8.0,0.0,1.5916,4.0388
1201,5.7,9.0,0.0,1.8557,4.0517
1202,4.2,6.0,0.0,1.345,3.9657
1203,4.2,5.0,0.0,1.3987,3.9988
1204,4.5,7.0,0.0,1.4773,4.0463
1205,5.0,12.0,0.0,1.7493,4.1865
1206,4.6,11.0,0.0,1.6023,4.277
1207,4.3,6.0,0.0,1.4121,4.1337
1208,4.7,7.0,0.0,1.4709,4.2137
1209,5.2,7.0,0.0,1.7308,4.1338
1210,5.1,13.0,0.0,1.8342,4.2673
1211,5.5,9.0,0.0,1.7542,4.164
1212,5.0,7.0,0.0,1.6253,4.0251
1213,4.1,9.0,0.0,1.3994,4.0181
1214,3.7,6.0,0.0,1.249,4.1194
1215,4.3,6.0,0.0,1.3698,4.1291
1216,4.1,6.0,0.0,1.3435,4.0161
1217,5.2,13.0,0.0,1.8498,3.9811
1218,5.0,8.0,0.0,1.5638,3.9426
1219,5.7,13.0,0.0,1.9561,4.0591
1220,4.8,8.0,0.0,1.5956,4.074
1221,6.1,9.0,0.0,2.0396,4.1264
1222,4.7,8.0,0.0,1.5688,4.0631
1223,4.2,6.0,0.0,1.4007,4.0557
1224,4.5,7.0,0.0,1.5026,4.039
1225,4.2,10.0,0.0,1.523,3.9674
1226,4.9,8.0,0.0,1.5344,3.9014
1227,4.5,7.0,0.0,1.4741,4.0057
1228,3.7,5.0,0.0,1.2395,3.9748
1229,4.0,9.0,0.0,1.3901,3.9323
1230,4.1,8.0,0.0,1.4149,4.1072
1231,4.3,8.0,0.0,1.44,4.0185
1232,3.3,5.0,0.0,1.0638,3.9142
1233,5.1,8.0,0.0,1.6425,4.0861
1234,4.8,6.0,0.0,1.4541,4.0624
1235,3.8,5.0,0.0,1.2726,4.0821
1236,4.7,8.0,0.0,1.5484,4.0436
1237,5.4,9.0,0.0,1.7324,4.0062
1238,5.9,10.0,0.0,1.8675,4.0723
1239,5.9,10.0,0.0,1.9106,4.137
1240,5.9,10.0,0.0,1.8733,4.0303
1241,5.9,8.0,0.0,1.8399,4.069
1242,5.2,6.0,0.0,1.6875,4.0292
1243,5.8,10.0,0.0,1.9094,4.1843
1244,4.3,7.0,0.0,1.3803,4.0365
1245,5.7,12.0,0.0,1.9418,3.9928
1246,4.1,7.0,0.0,1.3761,3.9638
1247,6.0,10.0,0.0,1.8996,4.1111
1248,6.8,13.0,0.0,2.2374,3.988
1249,5.4,7.0,0.0,1.7,3.9665
1250,5.2,8.0,0.0,1.7103,3.974
1251,4.9,7.0,0.0,1.6129,3.9814
1252,4.5,6.0,0.0,1.4481,4.0475
1253,4.2,5.0,0.0,1.3883,3.964
1254,4.8,8.0,0.0,1.5974,4.0415
1255,4.6,6.0,0.0,1.4925,3.9751
1256,4.3,7.0,0.0,1.4135,3.9405
1257,4.7,8.0,0.0,1.5013,3.982
1258,5.5,8.0,0.0,1.7574,4.0819
1259,4.0,6.0,0.0,1.2624,4.0387
1260,4.3,9.0,0.0,1.4594,4.0428
1261,5.0,9.0,0.0,1.6148,3.9659
1262,6.9,17.0,0.0,2.3924,4.2394
1263,6.5,13.0,0.0,2.1771,4.4745
1264,7.2,15.0,0.0,2.3448,4.327
1265,6.4,8.0,0.0,2.049,4.1954
1266,5.1,7.0,0.0,1.6111,4.0851
1267,6.1,14.0,0.0,2.0904,4.1033
1268,5.9,9.0,0.0,1.9304,4.1202
1269,6.6,11.0,0.0,2.0664,4.2243
1270,4.9,6.0,0.0,1.6271,4.1354
1271,4.8,8.0,0.0,1.5452,3.9862
1272,3.8,6.0,0.0,1.2767,3.9096
1273,4.1,5.0,0.0,1.3379,3.9412
1274,4.7,9.0,0.0,1.5362,4.0185
1275,3.1,5.0,0.0,1.1007,3.9711
1276,3.0,5.0,0.0,1.0547,4.0112
1277,3.3,7.0,0.0,1.1806,3.9368
1278,3.3,5.0,0.0,1.089,3.9492
1279,3.8,5.0,0.0,1.2563,4.0221
1280,3.6,5.0,0.0,1.1779,3.9935
1281,3.6,6.0,0.0,1.1803,3.8923
1282,2.8,6.0,0.0,0.9798,3.9569
1283,3.4,7.0,0.0,1.1721,3.8674
1284,2.7,4.0,0.0,0.951,3.9436
1285,2.6,4.0,0.0,0.9002,3.8082
1286,3.7,5.0,0.0,1.233,3.8848
1287,3.6,5.0,0.0,1.1948,3.8712
1288,4.0,5.0,0.0,1.363,3.9391
1289,4.7,10.0,0.0,1.6067,3.9251
1290,5.0,7.0,0.0,1.619,3.9112
1291,4.7,7.0,0.0,1.4518,4.0426
1292,4.4,7.0,0.0,1.4291,4.0092
1293,4.9,9.0,0.0,1.5802,4.044
1294,5.0,8.0,0.0,1.6055,3.8781
1295,3.8,9.0,0.0,1.363,3.8912
1296,4.5,8.0,0.0,1.4957,3.8814
1297,4.6,6.0,0.0,1.4449,3.9009
1298,4.5,9.0,0.0,1.485,3.8666
1299,5.3,7.0,0.0,1.6756,3.8692
1300,3.7,6.0,0.0,1.2476,3.8822
1301,4.8,8.0,0.0,1.5675,3.9591
1302,4.8,7.0,0.0,1.5387,4.1061
1303,4.4,11.0,0.0,1.5185,4.0194
1304,5.3,9.0,0.0,1.7075,3.957
1305,5.9,14.0,0.0,2.0459,4.0754
1306,5.7,12.0,0.0,1.8827,4.2136
1307,6.0,8.0,0.0,1.8402,4.2568
1308,4.5,8.0,0.0,1.5243,4.1269
1309,5.4,8.0,0.0,1.6582,4.2203
1310,5.2,6.0,0.0,1.6665,4.0532
1311,5.2,11.0,0.0,1.7562,4.0506
1312,5.7,9.0,0.0,1.8296,4.1034
1313,5.1,9.0,0.0,1.7406,4.0572
1314,7.5,11.0,0.0,2.3485,4.1334
1315,6.8,13.0,0.0,2.1683,4.0967
1316,5.7,9.0,0.0,1.9094,4.1042
1317,5.9,15.0,0.0,2.0538,4.3318
1318,6.5,12.0,0.0,2.0291,4.269
1319,4.8,6.0,0.0,1.5741,4.3332
1320,4.9,12.0,0.0,1.6657,4.1266
1321,5.5,8.0,0.0,1.7806,4.2393
1322,3.8,6.0,0.0,1.2369,4.087
1323,4.9,10.0,0.0,1.6341,4.108
1324,5.4,13.0,0.0,1.8688,4.1444
1325,4.8,9.0,0.0,1.6111,4.1266
1326,4.1,6.0,0.0,1.4004,4.1244
1327,4.6,7.0,0.0,1.4531,4.0893
1328,3.9,6.0,0.0,1.3242,4.0568
1329,5.1,9.0,0.0,1.6663,4.0386
1330,3.0,5.0,0.0,1.0607,4.1276
1331,5.0,9.0,0.0,1.6394,4.1071
1332,5.0,10.0,0.0,1.6799,4.1759
1333,5.3,7.0,0.0,1.6445,4.1913
1334,5.3,9.0,0.0,1.7408,4.1718
1335,6.3,11.0,0.0,2.0758,4.2584
1336,5.5,7.0,0.0,1.7223,4.1784
1337,5.2,10.0,0.0,1.7056,4.1717
1338,5.8,10.0,0.0,1.9053,4.1237
1339,4.7,6.0,0.0,1.5211,4.1128
1340,6.3,8.0,0.0,2.0024,4.0804
1341,4.8,8.0,0.0,1.5689,3.8713
1342,3.8,6.0,0.0,1.2352,3.9528
1343,5.0,7.0,0.0,1.5835,4.0675
1344,5.0,9.0,0.0,1.6228,3.9864
1345,3.5,5.0,0.0,1.1358,3.8817
1346,4.7,7.0,0.0,1.5164,3.9157
1347,5.4,8.0,0.0,1.7176,3.8952
1348,5.3,8.0,0.0,1.6786,3.8759
1349,6.4,11.0,0.0,2.1095,3.9868
1350,4.2,7.0,0.0,1.4141,3.9455
1351,4.3,9.0,0.0,1.4831,3.9654
1352,6.6,10.0,0.0,2.0787,4.0775
1353,3.8,6.0,0.0,1.2494,3.9243
1354,4.5,7.0,0.0,1.4632,3.9918
1355,4.0,6.0,0.0,1.303,4.001
1356,4.6,8.0,0.0,1.4866,3.9488
1357,3.8,5.0,0.0,1.2366,3.9323
1358,3.8,6.0,0.0,1.2124,3.9924
1359,3.5,6.0,0.0,1.1655,3.9391
1360,4.2,6.0,0.0,1.346,3.9515
1361,4.6,6.0,0.0,1.497,3.9968
1362,5.5,9.0,0.0,1.7746,3.9578
1363,3.8,5.0,0.0,1.2548,3.9347
1364,4.0,6.0,0.0,1.2757,3.9938
1365,5.0,10.0,0.0,1.6626,4.036
1366,4.2,5.0,0.0,1.4021,3.981
1367,4.1,8.0,0.0,1.3524,3.9919
1368,5.3,7.0,0.0,1.6357,4.0126
1369,4.4,7.0,0.0,1.4351,3.9866
1370,4.8,9.0,0.0,1.5926,3.9883
1371,4.8,8.0,0.0,1.5594,3.9748
1372,3.1,5.0,0.0,1.0365,3.9459
1373,4.0,6.0,0.0,1.3519,4.0355
1374,5.0,12.0,0.0,1.7021,4.0658
1375,4.1,6.0,0.0,1.3289,3.9592
1376,4.3,7.0,0.0,1.3572,4.0351
1377,4.2,8.0,0.0,1.3764,4.0559
1378,5.6,14.0,0.0,1.9143,4.1134
1379,4.4,6.0,0.0,1.3915,4.0022
1380,6.5,12.0,0.0,2.0761,4.1469
1381,4.5,6.0,0.0,1.497,4.0496
1382,3.9,5.0,0.0,1.2622,4.0098
1383,3.1,4.0,0.0,1.0203,3.9837
1384,3.6,5.0,0.0,1.2476,4.0295
1385,3.4,4.0,0.0,1.0989,4.0119
1386,4.4,7.0,0.0,1.4359,4.0062
1387,4.2,6.0,0.0,1.4032,4.0749
1388,4.0,8.0,0.0,1.4174,4.0528
1389,4.6,6.0,0.0,1.4527,4.0958
1390,5.2,8.0,0.0,1.6447,4.1807
1391,6.1,11.0,0.0,1.9513,4.0499
1392,5.0,8.0,0.0,1.6352,4.0957
1393,4.7,6.0,0.0,1.4621,4.0775
1394,4.7,9.0,0.0,1.5609,4.0806
1395,4.8,7.0,0.0,1.5435,4.0663
1396,3.5,5.0,0.0,1.0953,3.9263
1397,5.0,15.0,0.0,1.8735,3.9415
1398,4.9,8.0,0.0,1.5989,3.9452
1399,4.6,8.0,0.0,1.5079,3.9604
1400,4.6,6.0,0.0,1.4287,3.9547
1401,4.2,6.0,0.0,1.334,3.9244
1402,3.0,4.0,0.0,1.0478,3.9304
1403,3.7,5.0,0.0,1.1908,3.9402
1404,4.7,8.0,0.0,1.5108,4.0221
1405,3.6,6.0,0.0,1.1871,3.9173
1406,4.6,7.0,0.0,1.4898,3.9817
1407,4.2,6.0,0.0,1.3875,3.9146
1408,3.6,5.0,0.0,1.166,3.9202
1409,4.9,6.0,0.0,1.5147,4.0313
1410,5.4,7.0,0.0,1.7051,3.9672
1411,5.0,7.0,0.0,1.5853,4.0348
1412,4.2,8.0,0.0,1.4284,3.942
1413,4.0,6.0,0.0,1.2961,4.0442
1414,6.1,17.0,0.0,2.1835,4.0604
1415,7.2,11.0,0.0,2.2365,4.1478
1416,5.8,8.0,0.0,1.7828,4.3052
1417,7.3,11.0,0.0,2.2711,4.3731
1418,8.6,13.0,0.0,2.7622,4.5535
1419,7.5,11.0,0.0,2.4005,4.609
1420,8.0,13.0,0.0,2.568,4.4306
1421,7.4,11.0,0.0,2.2543,4.6161
1422,8.0,12.0,0.0,2.4137,4.6142
1423,7.7,14.0,0.0,2.465,4.4305
1424,6.2,10.0,0.0,1.9242,4.5455
1425,6.1,9.0,0.0,1.9925,4.2542
1426,7.0,10.0,0.0,2.2428,4.3137
1427,7.3,12.0,0.0,2.3565,4.1846
1428,10.1,21.0,0.0,3.2722,4.2663
1429,7.1,10.0,0.0,2.2951,4.2176
1430,6.3,15.0,0.0,2.2104,4.3043
1431,7.4,11.0,0.0,2.2442,4.1674
1432,6.2,8.0,0.0,1.959,4.0618
1433,7.3,15.0,0.0,2.4498,3.9895
1434,4.8,7.0,0.0,1.546,4.0094
1435,5.4,8.0,0.0,1.6665,4.0045
1436,6.4,9.0,0.0,2.079,3.9981
1437,5.0,6.0,0.0,1.666,4.0692
1438,4.1,7.0,0.0,1.3295,4.1164
1439,5.0,6.0,0.0,1.5573,4.1689
1440,4.4,9.0,0.0,1.4941,4.0953
1441,3.8,6.0,0.0,1.2091,4.1149
1442,3.9,6.0,0.0,1.2767,4.0367
1443,4.3,7.0,0.0,1.3739,4.0861
1444,3.9,7.0,0.0,1.3165,4.0905
1445,3.8,6.0,0.0,1.2488,3.9867
1446,4.3,9.0,0.0,1.4387,4.0339
1447,3.5,5.0,0.0,1.2083,3.8874
1448,3.9,6.0,0.0,1.3014,3.8874
1449,3.5,4.0,0.0,1.123,3.9125
1450,3.8,6.0,0.0,1.2622,3.9208
1451,2.4,4.0,0.0,0.8928,3.9414
1452,4.1,8.0,0.0,1.363,3.9208
1453,3.1,6.0,0.0,1.0524,3.9999
1454,4.1,10.0,0.0,1.4607,3.9765
1455,5.7,16.0,0.0,2.0469,3.9788
1456,3.3,6.0,0.0,1.1407,3.9202
1457,3.2,5.0,0.0,1.0835,3.9089
1458,3.8,6.0,0.0,1.2272,3.8861
1459,3.7,7.0,0.0,1.2278,3.9557
1460,4.4,6.0,0.0,1.4495,3.9279
1461,3.7,6.0,0.0,1.2606,3.9779
1462,4.4,8.0,0.0,1.426,3.8695
1463,3.7,7.0,0.0,1.2828,3.8328
1464,4.2,6.0,0.0,1.3376,3.8371
1465,3.8,7.0,0.0,1.2757,3.9178
1466,3.4,6.0,0.0,1.1269,3.9129
1467,4.3,5.0,0.0,1.3883,3.9084
1468,4.6,7.0,0.0,1.4728,3.9032
1469,3.7,5.0,0.0,1.2189,3.9066
1470,4.2,6.0,0.0,1.3637,3.8999
1471,3.2,5.0,0.0,1.0566,3.8548
1472,4.4,6.0,0.0,1.3978,3.93
1473,5.0,6.0,0.0,1.6078,3.9069
1474,4.3,6.0,0.0,1.4232,3.8769
1475,3.7,6.0,0.0,1.296,3.8639
1476,5.2,9.0,0.0,1.6915,3.8813
1477,3.9,5.0,0.0,1.2395,3.8287
1478,3.9,8.0,0.0,1.3253,3.8126
1479,4.0,7.0,0.0,1.3153,3.8347
1480,3.8,7.0,0.0,1.2488,3.8312
1481,3.5,5.0,0.0,1.1365,3.8297
1482,4.8,8.0,0.0,1.584,3.8672
1483,3.7,5.0,0.0,1.214,3.8885
1484,4.2,8.0,0.0,1.4347,3.829
1485,3.1,4.0,0.0,1.0307,3.6954
1486,3.3,4.0,0.0,1.0738,3.6747
1487,3.7,5.0,0.0,1.2544,3.7243
1488,3.9,6.0,0.0,1.3077,3.8576
1489,3.3,5.0,0.0,1.098,3.7974
1490,3.6,6.0,0.0,1.1638,3.9844
1491,4.0,6.0,0.0,1.3025,3.9486
1492,3.9,8.0,0.0,1.2948,3.9688
1493,4.0,5.0,0.0,1.2857,3.9601
1494,3.9,6.0,0.0,1.2758,3.9619
1495,4.2,10.0,0.0,1.4484,3.9711
1496,4.1,5.0,0.0,1.3542,3.9914
1497,3.9,6.0,0.0,1.2826,3.9758
1498,3.7,8.0,0.0,1.2845,3.9741
1499,4.1,6.0,0.0,1.3613,4.0077
1500,4.1,7.0,0.0,1.3642,3.9829
1501,4.1,6.0,0.0,1.3409,3.9799
1502,4.1,7.0,0.0,1.3905,3.9664
1503,4.5,7.0,0.0,1.5147,4.0022
1504,3.6,6.0,0.0,1.1808,3.9516
1505,3.6,6.0,0.0,1.2,3.9432
1506,3.5,7.0,0.0,1.2071,3.9238
1507,3.9,7.0,0.0,1.299,3.9631
1508,3.7,7.0,0.0,1.2484,3.9382
1509,4.3,7.0,0.0,1.4495,3.9952
1510,3.7,7.0,0.0,1.2189,4.0137
1511,3.4,7.0,0.0,1.1662,3.9443
1512,3.9,5.0,0.0,1.2845,3.9765
1513,5.5,7.0,0.0,1.768,4.1184
1514,5.3,7.0,0.0,1.6328,4.097
1515,3.5,5.0,0.0,1.1569,4.0125
1516,3.3,7.0,0.0,1.182,4.0215
1517,4.2,6.0,0.0,1.3638,4.0153
1518,4.1,5.0,0.0,1.3396,4.0084
1519,5.7,14.0,0.0,2.0616,4.0841
1520,5.0,9.0,0.0,1.6556,4.1666
1521,4.2,7.0,0.0,1.4205,4.1211
1522,3.8,5.0,0.0,1.1871,4.1595
1523,3.6,6.0,0.0,1.1741,4.1477
1524,4.7,6.0,0.0,1.5362,4.16
1525,3.6,4.0,0.0,1.1045,4.1021
1526,5.4,12.0,0.0,1.7865,4.1556
1527,5.2,9.0,0.0,1.7173,4.3078
1528,6.6,13.0,0.0,2.1654,4.2821
1529,4.0,7.0,0.0,1.3593,4.1889
1530,4.5,7.0,0.0,1.4429,4.1992
1531,5.5,7.0,0.0,1.7292,4.1923
1532,5.4,9.0,0.0,1.7465,4.2565
1533,6.1,14.0,0.0,2.0144,4.0986
1534,7.6,10.0,0.0,2.3533,4.1584
1535,7.7,13.0,0.0,2.5353,4.1347
1536,8.7,12.0,0.0,2.6675,4.152
1537,8.3,18.0,0.0,2.8159,4.1154
1538,5.4,8.0,0.0,1.7016,4.1459
1539,4.9,8.0,0.0,1.5772,4.008
1540,4.4,6.0,0.0,1.4925,4.1566
1541,5.0,8.0,0.0,1.6492,4.0169
1542,4.9,11.0,0.0,1.6584,4.0841
1543,4.4,8.0,0.0,1.4676,4.013
1544,4.6,6.0,0.0,1.5387,4.0005
1545,4.5,8.0,0.0,1.4233,4.0253
1546,4.1,6.0,0.0,1.3437,3.8318
1547,4.6,9.0,0.0,1.5387,3.814
1548,4.4,6.0,0.0,1.3955,3.9072
1549,3.9,6.0,0.0,1.3229,3.9388
1550,3.9,5.0,0.0,1.252,3.9649
1551,3.9,6.0,0.0,1.2767,4.1161
1552,3.7,6.0,0.0,1.2337,4.2124
1553,4.5,6.0,0.0,1.4239,4.0811
1554,4.6,8.0,0.0,1.5167,4.036
1555,5.8,9.0,0.0,1.8735,4.1851
1556,5.3,7.0,0.0,1.654,4.3463
1557,5.4,9.0,0.0,1.7723,4.2355
1558,3.8,7.0,0.0,1.2574,4.0193
1559,3.8,5.0,0.0,1.2563,3.9864
1560,4.2,7.0,0.0,1.3754,4.1797
1561,4.2,6.0,0.0,1.373,4.1676
1562,4.2,6.0,0.0,1.4261,4.0011
1563,4.5,8.0,0.0,1.5525,4.0366
1564,4.5,6.0,0.0,1.4758,3.9745
1565,4.4,6.0,0.0,1.4426,4.0444
1566,4.3,6.0,0.0,1.3977,3.9898
1567,4.1,6.0,0.0,1.399,4.0901
1568,3.4,5.0,0.0,1.1487,3.9541
1569,4.0,7.0,0.0,1.2948,3.9032
1570,4.8,9.0,0.0,1.562,3.9598
1571,3.9,6.0,0.0,1.2857,3.943
1572,4.7,7.0,0.0,1.5487,3.9792
1573,4.3,9.0,0.0,1.4351,3.9317
1574,5.0,9.0,0.0,1.6454,3.9271
1575,5.2,7.0,0.0,1.6679,3.9245
1576,4.4,10.0,0.0,1.5444,3.9601
1577,4.9,7.0,0.0,1.5264,3.9723
1578,3.3,5.0,0.0,1.0794,3.9696
1579,3.1,5.0,0.0,1.0778,3.9269
1580,4.0,5.0,0.0,1.2488,4.0311
1581,6.3,8.0,0.0,1.9071,4.2662
1582,6.0,13.0,0.0,2.042,4.2066
1583,4.2,6.0,0.0,1.3017,4.1759
1584,5.8,10.0,0.0,1.8999,4.2596
1585,5.2,10.0,0.0,1.7273,4.336
1586,5.4,9.0,0.0,1.7226,4.3095
1587,4.6,7.0,0.0,1.4799,4.2143
1588,4.1,8.0,0.0,1.386,4.2344
1589,4.0,6.0,0.0,1.3265,4.2462
1590,4.1,6.0,0.0,1.382,4.1894
1591,5.3,7.0,0.0,1.6905,4.2426
1592,4.6,7.0,0.0,1.4957,4.1328
1593,4.2,8.0,0.0,1.3645,4.1054
1594,5.2,8.0,0.0,1.6467,4.1225
1595,4.3,7.0,0.0,1.4401,4.113
1596,4.2,6.0,0.0,1.3444,3.901
1597,4.9,12.0,0.0,1.7051,3.8546
1598,5.1,7.0,0.0,1.6887,3.9834
1599,3.4,6.0,0.0,1.1619,3.9574
1600,5.1,9.0,0.0,1.687,3.949
1601,3.7,7.0,0.0,1.244,3.9517
1602,4.1,7.0,0.0,1.2781,3.9908
1603,5.0,8.0,0.0,1.5843,3.9968
1604,5.0,8.0,0.0,1.6447,4.0417
1605,4.3,6.0,0.0,1.3961,4.0142
1606,4.2,6.0,0.0,1.3904,4.0635
1607,5.4,9.0,0.0,1.7244,4.0553
1608,4.2,8.0,0.0,1.4129,3.9019
1609,4.4,6.0,0.0,1.3747,3.8798
1610,4.4,10.0,0.0,1.4831,3.811
1611,4.7,8.0,0.0,1.5012,3.9922
1612,4.7,9.0,0.0,1.534,4.0569
1613,4.2,8.0,0.0,1.4018,4.1095
1614,4.3,6.0,0.0,1.3468,4.1576
1615,4.6,6.0,0.0,1.4758,4.0981
1616,4.5,9.0,0.0,1.5387,4.1351
1617,5.7,10.0,0.0,1.8692,4.1142
1618,4.2,7.0,0.0,1.3642,4.0088
1619,4.6,7.0,0.0,1.5301,4.0279
1620,4.6,6.0,0.0,1.4678,4.0034
1621,3.4,4.0,0.0,1.1694,4.0137
1622,5.1,10.0,0.0,1.6469,3.9974
1623,3.6,5.0,0.0,1.1701,3.9811
1624,4.4,7.0,0.0,1.4387,4.0035
1625,3.8,6.0,0.0,1.2288,3.9778
1626,3.6,7.0,0.0,1.2139,3.9179
1627,4.3,6.0,0.0,1.3834,4.0332
1628,4.1,7.0,0.0,1.3361,3.9489
1629,4.3,6.0,0.0,1.3732,4.0476
1630,3.5,6.0,0.0,1.1636,4.0854
1631,5.2,9.0,0.0,1.6432,4.0551
1632,4.2,8.0,0.0,1.3906,3.9115
1633,4.9,9.0,0.0,1.6276,3.9745
1634,4.8,8.0,0.0,1.5614,4.02
1635,4.5,9.0,0.0,1.5452,4.0054
1636,4.5,6.0,0.0,1.5251,3.9419
1637,3.6,6.0,0.0,1.1336,3.9219
1638,5.1,7.0,0.0,1.635,4.0185
1639,4.6,6.0,0.0,1.5,4.0028
1640,5.4,10.0,0.0,1.7861,3.9955
1641,5.1,8.0,0.0,1.6515,4.0237
1642,5.7,8.0,0.0,1.8303,3.9403
1643,5.5,8.0,0.0,1.7517,3.9655
1644,5.4,8.0,0.0,1.7973,4.0548
1645,5.7,9.0,0.0,1.8514,4.2235
1646,8.3,18.0,0.0,2.728,4.2878
1647,5.6,10.0,0.0,1.8762,4.1436
1648,6.2,9.0,0.0,1.96,4.0513
1649,7.3,18.0,0.0,2.5671,4.1734
1650,6.3,9.0,0.0,1.99,4.2778
1651,6.5,9.0,0.0,2.0414,4.1438
1652,6.8,13.0,0.0,2.2706,4.3851
1653,5.9,13.0,0.0,1.9743,4.227
1654,7.6,14.0,0.0,2.5601,4.4936
1655,4.9,11.0,0.0,1.6651,4.129
1656,5.4,7.0,0.0,1.7454,4.1018
1657,6.1,12.0,0.0,1.9733,4.1015
1658,6.2,12.0,0.0,2.0144,4.1339
1659,3.8,5.0,0.0,1.2196,4.0481
1660,4.6,9.0,0.0,1.5292,4.0144
1661,3.3,7.0,0.0,1.1619,3.976
1662,6.7,19.0,0.0,2.4011,4.0072
1663,3.9,5.0,0.0,1.2577,4.0045
1664,4.6,7.0,0.0,1.5185,4.0236
1665,4.2,6.0,0.0,1.3932,3.9588
1666,3.4,4.0,0.0,1.2327,4.0032
1667,3.6,6.0,0.0,1.2568,4.1055
1668,2.8,3.0,0.0,0.9287,3.9101
1669,4.2,7.0,0.0,1.402,3.9833
1670,3.5,5.0,0.0,1.1374,3.9323
1671,4.7,8.0,0.0,1.5021,3.9648
1672,3.3,4.0,0.0,1.1126,3.9537
1673,5.1,10.0,0.0,1.6893,4.0604
1674,4.4,8.0,0.0,1.4866,4.0271
1675,3.3,5.0,0.0,1.1128,3.9616
1676,3.6,6.0,0.0,1.2057,4.0625
1677,2.9,4.0,0.0,0.9421,3.888
1678,4.3,6.0,0.0,1.341,3.9489
1679,3.2,4.0,0.0,1.0677,3.9155
1680,4.7,8.0,0.0,1.5716,3.9946
1681,4.3,6.0,0.0,1.4098,3.9142
1682,4.8,10.0,0.0,1.6467,4.0975
1683,4.2,9.0,0.0,1.4217,4.042
1684,4.0,5.0,0.0,1.3435,4.0379
1685,4.5,6.0,0.0,1.4518,4.055
1686,3.9,6.0,0.0,1.2904,4.018
1687,5.9,11.0,0.0,1.9301,4.1525
1688,4.9,7.0,0.0,1.5792,4.135
1689,4.1,8.0,0.0,1.4021,4.0375
1690,2.9,5.0,0.0,1.0049,3.9925
1691,4.0,8.0,0.0,1.3265,4.0
1692,4.5,9.0,0.0,1.4851,4.0039
1693,4.7,9.0,0.0,1.5537,3.9609
1694,4.1,5.0,0.0,1.3826,4.03
1695,4.7,6.0,0.0,1.4852,4.0566
1696,5.7,10.0,0.0,1.8246,4.1765
1697,6.7,13.0,0.0,2.1737,4.1207
1698,4.0,7.0,0.0,1.3067,4.043
1699,3.1,5.0,0.0,1.0543,4.0128
1700,4.5,10.0,0.0,1.6106,4.1019
1701,4.2,8.0,0.0,1.4649,4.1136
1702,4.0,8.0,0.0,1.3393,4.1757
1703,5.4,9.0,0.0,1.7036,4.2247
1704,3.1,4.0,0.0,1.0398,3.9746
1705,3.7,5.0,0.0,1.2159,4.1032
1706,4.0,6.0,0.0,1.3229,3.9792
1707,5.1,10.0,0.0,1.6508,3.9946
1708,4.2,8.0,0.0,1.3883,3.9721
1709,3.1,5.0,0.0,1.0874,3.9244
1710,3.7,5.0,0.0,1.1993,3.936
1711,4.7,8.0,0.0,1.5117,3.9479
1712,3.8,10.0,0.0,1.3747,3.9634
1713,3.5,5.0,0.0,1.1404,3.9375
1714,3.4,4.0,0.0,1.1289,3.9328
1715,2.6,5.0,0.0,0.892,3.9367
1716,4.7,7.0,0.0,1.5357,3.9331
1717,3.5,7.0,0.0,1.1857,3.9718
1718,3.8,7.0,0.0,1.3379,3.9426
1719,3.1,5.0,0.0,1.0835,3.9548
1720,2.6,4.0,0.0,0.9539,3.9215
1721,4.1,7.0,0.0,1.337,3.9268
1722,3.9,6.0,0.0,1.2376,3.9375
1723,4.1,6.0,0.0,1.3435,3.956
1724,3.6,6.0,0.0,1.2432,3.8976
1725,4.6,8.0,0.0,1.5555,3.9448
1726,4.1,7.0,0.0,1.3524,3.9772
1727,4.2,6.0,0.0,1.4358,3.9797
1728,2.8,4.0,0.0,0.9704,3.9843
1729,3.4,6.0,0.0,1.1667,3.9333
1730,3.7,5.0,0.0,1.1938,3.8856
1731,3.7,5.0,0.0,1.2306,3.9403
1732,3.4,6.0,0.0,1.1459,3.9317
1733,3.0,5.0,0.0,0.9962,3.8915
1734,3.5,5.0,0.0,1.178,3.9096
1735,4.6,6.0,0.0,1.4247,3.956
1736,4.3,6.0,0.0,1.3559,3.7925
1737,2.6,3.0,0.0,0.9389,3.9238
1738,3.8,4.0,0.0,1.2488,3.8489
1739,3.8,5.0,0.0,1.2285,3.882
1740,3.3,4.0,0.0,1.1461,3.9466
1741,3.7,5.0,0.0,1.1908,3.9943
1742,3.0,4.0,0.0,1.0296,4.0765
1743,3.4,5.0,0.0,1.1101,3.9331
1744,4.7,6.0,0.0,1.496,3.8971
1745,4.5,9.0,0.0,1.5459,3.888
1746,3.7,6.0,0.0,1.2726,4.1093
1747,5.5,10.0,0.0,1.8079,4.0446
1748,5.4,8.0,0.0,1.7301,4.2184
1749,5.0,7.0,0.0,1.6508,4.1746
1750,7.4,10.0,0.0,2.2813,4.1988
1751,4.9,7.0,0.0,1.5635,4.1153
1752,5.4,11.0,0.0,1.7802,4.1874
1753,4.5,6.0,0.0,1.479,4.0191
1754,4.2,6.0,0.0,1.3474,4.1045
1755,4.4,7.0,0.0,1.4361,4.0395
1756,5.4,8.0,0.0,1.687,4.0818
1757,3.9,6.0,0.0,1.3396,3.94
1758,3.4,7.0,0.0,1.2196,3.951
1759,4.8,10.0,0.0,1.6024,4.0878
1760,4.8,7.0,0.0,1.621,4.1086
1761,5.5,9.0,0.0,1.8509,4.1414
1762,5.2,8.0,0.0,1.6655,4.1997
1763,5.1,10.0,0.0,1.6459,4.2043
1764,4.9,8.0,0.0,1.5498,4.2312
1765,4.5,6.0,0.0,1.4595,4.165
1766,5.4,10.0,0.0,1.744,4.1091
1767,5.2,13.0,0.0,1.8139,4.094
1768,3.9,6.0,0.0,1.287,4.1003
1769,5.3,10.0,0.0,1.6708,4.049
1770,4.4,8.0,0.0,1.4997,3.98
1771,4.2,9.0,0.0,1.3784,4.0013
1772,3.5,6.0,0.0,1.2151,4.0215
1773,3.9,6.0,0.0,1.2764,3.9326
1774,4.3,7.0,0.0,1.4,3.9221
1775,4.0,6.0,0.0,1.2859,4.0306
1776,3.0,5.0,0.0,1.0109,3.9271
1777,4.1,6.0,0.0,1.306,3.8745
1778,4.3,7.0,0.0,1.4403,4.088
1779,4.6,8.0,0.0,1.4531,3.7887
1780,3.4,7.0,0.0,1.1746,3.8756
1781,4.2,7.0,0.0,1.3964,3.7921
1782,3.6,6.0,0.0,1.2196,3.9115
1783,4.3,6.0,0.0,1.3994,3.9258
1784,4.0,5.0,0.0,1.3027,3.8578
1785,5.4,9.0,0.0,1.74,3.9122
1786,3.8,5.0,0.0,1.2751,3.8635
1787,4.7,9.0,0.0,1.5855,3.8905
1788,4.2,6.0,0.0,1.3513,3.9754
1789,3.9,6.0,0.0,1.2466,3.9562
1790,3.6,7.0,0.0,1.2648,3.9601
1791,4.2,10.0,0.0,1.4663,3.8953
1792,4.3,9.0,0.0,1.4632,3.8628
1793,5.0,8.0,0.0,1.621,3.9507
1794,4.8,7.0,0.0,1.5251,4.0724
1795,6.2,9.0,0.0,2.0199,4.1699
1796,4.3,5.0,0.0,1.366,4.0614
1797,4.2,5.0,0.0,1.4001,4.0566
1798,3.8,6.0,0.0,1.2114,4.1366
1799,5.7,9.0,0.0,1.7514,4.2851
1800,3.0,5.0,0.0,1.0645,4.2331
1801,4.5,6.0,0.0,1.4512,4.1532
1802,4.2,6.0,0.0,1.3485,3.959
1803,4.4,6.0,0.0,1.4717,4.0145
1804,5.3,7.0,0.0,1.6523,4.1696
1805,5.8,8.0,0.0,1.7787,4.0741
1806,4.8,11.0,0.0,1.7434,4.1179
1807,5.3,8.0,0.0,1.7423,4.1979
1808,5.1,7.0,0.0,1.652,4.2501
1809,5.1,7.0,0.0,1.6328,4.1746
1810,5.7,10.0,0.0,1.8158,4.1758
1811,4.4,6.0,0.0,1.4676,4.1794
1812,3.5,6.0,0.0,1.184,4.0629
1813,3.8,6.0,0.0,1.2757,3.9805
1814,5.3,8.0,0.0,1.6389,4.1132
1815,3.6,6.0,0.0,1.2233,4.0457
1816,5.5,9.0,0.0,1.755,4.1678
1817,5.0,10.0,0.0,1.6509,4.1043
1818,5.0,8.0,0.0,1.6105,4.0544
1819,4.2,6.0,0.0,1.3691,3.9595
1820,5.6,10.0,0.0,1.8617,3.8986
1821,3.4,5.0,0.0,1.14,4.0188
1822,4.7,9.0,0.0,1.6006,3.9499
1823,4.1,7.0,0.0,1.3551,3.8936
1824,3.7,5.0,0.0,1.2247,3.9321
1825,4.0,7.0,0.0,1.3675,3.8761
1826,4.7,5.0,0.0,1.6111,3.96
1827,4.5,8.0,0.0,1.4957,3.9892
1828,4.6,9.0,0.0,1.5556,3.9506
1829,5.1,7.0,0.0,1.6148,3.8975
1830,4.6,8.0,0.0,1.4984,3.9383
1831,3.5,5.0,0.0,1.1198,3.859
1832,4.1,6.0,0.0,1.2929,3.7201
1833,3.5,5.0,0.0,1.1347,3.8718
1834,4.0,7.0,0.0,1.3437,3.8252
1835,5.3,9.0,0.0,1.6875,3.9416
1836,5.1,10.0,0.0,1.6673,4.0514
1837,3.9,6.0,0.0,1.26,3.9072
1838,3.4,5.0,0.0,1.1615,3.7621
1839,3.7,8.0,0.0,1.2728,3.8579
1840,3.7,5.0,0.0,1.2142,3.9395
1841,3.7,5.0,0.0,1.2054,3.8876
1842,3.1,4.0,0.0,1.0259,3.8589
1843,3.6,5.0,0.0,1.1971,3.7712
1844,3.5,4.0,0.0,1.1375,3.8601
1845,3.7,7.0,0.0,1.2303,3.9615
1846,3.6,5.0,0.0,1.1586,4.0313
1847,4.2,6.0,0.0,1.3437,3.8302
1848,4.1,6.0,0.0,1.3089,3.8259
1849,4.3,6.0,0.0,1.4174,3.8816
1850,5.3,8.0,0.0,1.6571,3.9046
1851,4.6,6.0,0.0,1.5098,3.9005
1852,4.6,7.0,0.0,1.5079,3.9681
1853,6.1,9.0,0.0,1.9105,3.9498
1854,7.0,11.0,0.0,2.2354,3.9837
1855,6.5,16.0,0.0,2.2229,4.0426
1856,6.9,14.0,0.0,2.3233,3.9812
1857,6.2,12.0,0.0,2.0139,4.0908
1858,5.6,7.0,0.0,1.8574,4.059
1859,4.8,7.0,0.0,1.5364,3.9931
1860,8.4,17.0,0.0,2.6126,4.0771
1861,6.7,11.0,0.0,2.2041,4.0398
1862,7.3,15.0,0.0,2.4794,4.0628
1863,7.1,10.0,0.0,2.242,3.953
1864,5.0,7.0,0.0,1.6389,3.9561
1865,6.0,15.0,0.0,2.1056,3.9118
1866,4.4,6.0,0.0,1.449,3.875
1867,4.3,6.0,0.0,1.3632,3.8112
1868,4.2,6.0,0.0,1.4047,3.9492
1869,3.2,5.0,0.0,1.0675,3.9144
1870,5.0,9.0,0.0,1.6186,4.0247
1871,4.4,6.0,0.0,1.4231,3.8431
1872,4.1,7.0,0.0,1.3748,3.853
1873,4.8,7.0,0.0,1.5132,3.9302
1874,4.5,6.0,0.0,1.456,3.9139
1875,5.1,9.0,0.0,1.6515,4.0276
1876,4.9,8.0,0.0,1.533,4.0173
1877,4.4,8.0,0.0,1.4728,4.0
1878,4.7,6.0,0.0,1.5035,3.9966
1879,5.2,9.0,0.0,1.6584,3.9802
1880,3.9,5.0,0.0,1.2757,3.9272
1881,3.9,5.0,0.0,1.2446,3.8967
1882,4.8,8.0,0.0,1.5301,3.9821
1883,4.6,7.0,0.0,1.4555,3.9692
1884,4.9,8.0,0.0,1.5961,3.9636
1885,4.0,6.0,0.0,1.3351,3.9776
1886,6.3,8.0,0.0,2.0881,3.9668
1887,6.3,9.0,0.0,1.9363,4.0265
1888,4.4,6.0,0.0,1.4559,3.9242
1889,5.1,9.0,0.0,1.6836,3.8744
1890,5.3,9.0,0.0,1.755,3.9233
1891,4.0,6.0,0.0,1.341,4.1557
1892,4.3,7.0,0.0,1.3915,4.1194
1893,5.5,9.0,0.0,1.7104,4.0889
1894,4.0,7.0,0.0,1.3037,4.0285
1895,4.2,5.0,0.0,1.3334,4.0297
1896,4.5,8.0,0.0,1.5213,4.0386
1897,3.7,5.0,0.0,1.1857,3.9734
1898,3.9,7.0,0.0,1.2679,3.9993
1899,4.0,9.0,0.0,1.3955,4.0008
1900,3.3,4.0,0.0,1.1358,4.1003
1901,4.0,6.0,0.0,1.2859,4.1081
1902,3.7,6.0,0.0,1.2382,4.2176
1903,3.5,7.0,0.0,1.2114,3.9962
1904,4.3,8.0,0.0,1.4149,3.9603
1905,3.9,6.0,0.0,1.2685,3.9772
1906,4.8,8.0,0.0,1.5381,3.9513
1907,5.1,11.0,0.0,1.7256,4.0771
1908,3.6,4.0,0.0,1.2042,4.0689
1909,6.8,10.0,0.0,2.1039,4.0624
1910,5.1,11.0,0.0,1.7068,4.1276
1911,5.0,9.0,0.0,1.5875,4.0259
1912,4.0,8.0,0.0,1.3898,4.0213
1913,4.7,9.0,0.0,1.6078,4.0569
1914,5.2,12.0,0.0,1.7748,3.9223
1915,4.1,6.0,0.0,1.3713,3.9592
1916,5.3,8.0,0.0,1.6796,4.0345
1917,4.4,6.0,0.0,1.4509,3.9503
1918,5.4,9.0,0.0,1.7157,3.9922
1919,5.2,9.0,0.0,1.7254,3.9462
1920,4.8,11.0,0.0,1.6617,3.9369
1921,3.9,6.0,0.0,1.2883,3.9162
1922,4.8,6.0,0.0,1.5198,3.9696
1923,4.1,7.0,0.0,1.3791,4.0622
1924,3.5,6.0,0.0,1.1789,3.9358
1925,3.3,5.0,0.0,1.1,3.9262
1926,4.3,6.0,0.0,1.4066,3.9465
1927,4.6,8.0,0.0,1.497,3.986
1928,4.3,7.0,0.0,1.4716,3.8887
1929,3.9,8.0,0.0,1.3485,3.9297
1930,5.4,14.0,0.0,1.9094,3.8981
1931,5.1,8.0,0.0,1.583,3.9871
1932,4.3,6.0,0.0,1.4169,3.8678
1933,3.7,6.0,0.0,1.2382,3.775
1934,4.4,9.0,0.0,1.4579,3.9301
1935,3.6,6.0,0.0,1.1998,3.8555
1936,4.2,6.0,0.0,1.3592,3.9744
1937,4.4,7.0,0.0,1.3955,4.1287
1938,3.8,5.0,0.0,1.28,3.9971
1939,5.0,11.0,0.0,1.6691,3.8092
1940,4.3,6.0,0.0,1.3489,3.7964
1941,4.1,5.0,0.0,1.3268,3.8431
1942,3.9,7.0,0.0,1.2792,3.8353
1943,3.2,4.0,0.0,1.1056,3.8371
1944,3.6,5.0,0.0,1.2041,3.8397
1945,4.6,6.0,0.0,1.455,3.9236
1946,3.4,5.0,0.0,1.1533,3.8422
1947,4.2,6.0,0.0,1.3524,3.8817
1948,4.2,6.0,0.0,1.3975,3.9058
1949,4.1,6.0,0.0,1.3167,3.849
1950,3.9,8.0,0.0,1.3301,3.8995
1951,4.0,6.0,0.0,1.2643,3.9366
1952,4.3,8.0,0.0,1.4317,3.9013
1953,3.7,5.0,0.0,1.1854,3.9063
1954,4.2,8.0,0.0,1.3843,3.8874
1955,4.3,7.0,0.0,1.4107,3.8839
1956,3.9,8.0,0.0,1.3219,3.951
1957,3.8,5.0,0.0,1.2542,3.8712
1958,4.8,9.0,0.0,1.5805,3.8264
1959,4.2,8.0,0.0,1.3761,3.7687
1960,3.5,4.0,0.0,1.1522,3.905
1961,4.0,6.0,0.0,1.3191,3.9783
1962,4.8,7.0,0.0,1.5459,3.9437
1963,3.4,6.0,0.0,1.1476,3.8831
1964,3.4,6.0,0.0,1.1958,3.923
1965,2.8,5.0,0.0,0.9922,3.8637
1966,4.1,6.0,0.0,1.3444,3.9248
1967,3.8,6.0,0.0,1.2695,3.8959
1968,3.4,5.0,0.0,1.1347,3.8829
1969,3.5,6.0,0.0,1.18,3.8898
1970,4.2,7.0,0.0,1.3747,3.9117
1971,4.0,6.0,0.0,1.3177,3.9278
1972,3.0,5.0,0.0,1.0072,3.9283
1973,4.0,6.0,0.0,1.3379,3.9046
1974,4.4,6.0,0.0,1.4141,3.8989
1975,4.8,10.0,0.0,1.6713,3.9044
1976,4.0,7.0,0.0,1.2862,3.8492
1977,3.7,6.0,0.0,1.2239,3.8731
1978,3.9,8.0,0.0,1.382,3.8648
1979,4.8,8.0,0.0,1.5777,3.9004
1980,3.3,5.0,0.0,1.0667,3.8864
1981,4.2,7.0,0.0,1.3803,3.9333
1982,3.5,6.0,0.0,1.1779,3.9378
1983,4.8,8.0,0.0,1.6023,3.9216
1984,3.5,5.0,0.0,1.1032,3.9634
1985,3.6,5.0,0.0,1.2005,3.9861
1986,4.0,8.0,0.0,1.3119,3.998
1987,4.0,6.0,0.0,1.3416,3.9528
1988,4.6,9.0,0.0,1.5433,3.9938
1989,4.3,9.0,0.0,1.4607,3.9881
1990,3.6,8.0,0.0,1.2808,3.9576
1991,3.5,4.0,0.0,1.1584,4.0046
1992,5.0,7.0,0.0,1.5891,4.041
1993,3.7,5.0,0.0,1.227,4.0451
1994,3.9,8.0,0.0,1.3396,3.9889
1995,3.8,6.0,0.0,1.2792,3.9869
1996,3.8,6.0,0.0,1.2225,3.9534
1997,3.7,8.0,0.0,1.2779,3.8594
1998,4.0,5.0,0.0,1.2622,4.0512
1999,4.6,10.0,0.0,1.5427,4.0145
2000,4.4,7.0,0.0,1.4169,3.9111
2001,4.0,10.0,0.0,1.4048,3.9299
2002,3.7,5.0,0.0,1.2288,4.0442
2003,3.4,4.0,0.0,1.1347,4.1156
2004,4.2,6.0,0.0,1.3883,4.173
2005,3.5,5.0,0.0,1.1446,4.1704
2006,4.7,10.0,0.0,1.6559,4.0489
2007,5.7,13.0,0.0,1.9676,4.0021
2008,4.1,6.0,0.0,1.3265,4.033
2009,4.7,8.0,0.0,1.4812,3.992
2010,4.3,8.0,0.0,1.4586,3.9962
2011,3.7,6.0,0.0,1.2767,4.0175
2012,4.3,7.0,0.0,1.4429,3.867
2013,3.8,5.0,0.0,1.2031,3.8342
2014,3.5,6.0,0.0,1.1522,4.0054
2015,4.1,7.0,0.0,1.3657,3.9404
2016,4.7,8.0,0.0,1.525,3.7893
2017,3.4,5.0,0.0,1.1212,3.8484
2018,3.8,5.0,0.0,1.2679,3.8478
2019,3.9,5.0,0.0,1.3485,3.8317
2020,3.6,5.0,0.0,1.1864,3.8014
2021,3.8,7.0,0.0,1.2814,3.7969
2022,5.0,7.0,0.0,1.5835,3.8258
2023,3.8,5.0,0.0,1.2352,3.8808
2024,4.7,9.0,0.0,1.5368,3.9179
2025,4.3,7.0,0.0,1.3994,3.9362
2026,3.7,9.0,0.0,1.3068,3.8878
2027,4.5,7.0,0.0,1.4607,3.9212
2028,4.2,8.0,0.0,1.3732,3.9747
2029,4.6,8.0,0.0,1.5492,3.9014
2030,5.0,9.0,0.0,1.6028,3.9207
2031,3.4,4.0,0.0,1.1916,3.9068
2032,3.9,6.0,0.0,1.28,3.9033
2033,3.8,6.0,0.0,1.2387,3.882
2034,3.3,8.0,0.0,1.1735,3.8822
2035,3.3,4.0,0.0,1.108,3.9475
2036,3.0,5.0,0.0,1.0296,3.8446
2037,3.6,7.0,0.0,1.2031,3.8956
2038,4.4,6.0,0.0,1.4027,3.8982
2039,4.8,6.0,0.0,1.5012,3.9027
2040,3.8,5.0,0.0,1.2233,3.9335
2041,3.4,6.0,0.0,1.1251,3.9015
2042,2.8,6.0,0.0,0.9749,3.9074
2043,2.9,6.0,0.0,1.0065,3.8666
2044,4.4,8.0,0.0,1.4517,3.9062
2045,3.3,4.0,0.0,1.0744,3.8622
2046,4.3,7.0,0.0,1.3961,3.9285
2047,3.9,6.0,0.0,1.3144,3.8809
2048,4.4,7.0,0.0,1.4858,3.9703
2049,3.9,5.0,0.0,1.3183,3.9407
2050,4.4,7.0,0.0,1.4517,3.9702
2051,4.1,5.0,0.0,1.3632,3.891
2052,4.2,9.0,0.0,1.4177,4.0016
2053,5.3,8.0,0.0,1.6953,3.9823
2054,3.0,5.0,0.0,1.0184,3.9059
2055,4.2,6.0,0.0,1.3666,3.8122
2056,4.1,6.0,0.0,1.3077,3.7921
2057,3.9,6.0,0.0,1.2685,3.7897
2058,4.2,9.0,0.0,1.3817,3.8204
2059,4.7,7.0,0.0,1.5185,3.8723
2060,4.4,6.0,0.0,1.3908,3.9714
2061,5.0,8.0,0.0,1.6165,4.0103
2062,6.9,9.0,0.0,2.2108,4.5093
2063,5.6,7.0,0.0,1.7692,4.2543
2064,5.7,8.0,0.0,1.8193,4.2579
2065,5.3,7.0,0.0,1.6799,4.18
2066,5.8,11.0,0.0,1.957,4.2991
2067,7.1,13.0,0.0,2.2374,4.3628
2068,7.0,10.0,0.0,2.2164,4.4485
2069,6.9,12.0,0.0,2.2472,4.3038
2070,7.0,11.0,0.0,2.2189,4.3883
2071,6.5,10.0,0.0,2.1424,4.2029
2072,4.6,9.0,0.0,1.5865,4.1206
2073,5.1,10.0,0.0,1.7635,4.0866
2074,5.1,8.0,0.0,1.6512,4.1566
2075,4.7,7.0,0.0,1.5235,4.1439
2076,4.6,6.0,0.0,1.4359,3.9337
2077,5.3,9.0,0.0,1.6641,3.9023
2078,4.7,8.0,0.0,1.4664,3.9248
2079,3.5,4.0,0.0,1.1958,3.8236
2080,4.4,7.0,0.0,1.4309,3.8403
2081,4.2,8.0,0.0,1.3884,3.9425
2082,4.3,6.0,0.0,1.4191,3.9524
2083,5.0,7.0,0.0,1.5951,3.9291
2084,5.4,8.0,0.0,1.7054,4.0723
2085,6.3,14.0,0.0,2.171,4.1417
2086,3.9,7.0,0.0,1.3143,4.1111
2087,4.0,5.0,0.0,1.3444,4.0423
2088,4.6,7.0,0.0,1.4967,4.0598
2089,4.0,6.0,0.0,1.3046,4.08
2090,3.9,6.0,0.0,1.2395,4.0727
2091,4.1,7.0,0.0,1.3863,4.0573
2092,4.4,6.0,0.0,1.3519,4.0317
2093,4.2,7.0,0.0,1.3774,4.0567
2094,4.1,6.0,0.0,1.2845,4.0128
2095,5.1,13.0,0.0,1.8138,4.0057
2096,3.9,6.0,0.0,1.3416,3.9587
2097,4.3,9.0,0.0,1.4177,3.8266
2098,4.4,6.0,0.0,1.4071,3.8494
2099,4.4,6.0,0.0,1.4517,3.8694
2100,3.7,6.0,0.0,1.2031,3.8327
2101,4.7,7.0,0.0,1.5226,3.8389
2102,4.8,7.0,0.0,1.5538,3.8555
2103,3.3,5.0,0.0,1.1079,3.8607
2104,4.5,7.0,0.0,1.4673,3.8789
2105,3.8,6.0,0.0,1.2606,3.8698
2106,4.0,6.0,0.0,1.3453,3.8574
2107,4.7,6.0,0.0,1.533,3.8582
2108,3.1,5.0,0.0,1.0282,3.8462
2109,4.5,8.0,0.0,1.493,3.8424
2110,3.8,10.0,0.0,1.3774,3.8401
2111,3.5,5.0,0.0,1.1522,3.8854
2112,3.8,7.0,0.0,1.244,3.8616
2113,3.0,7.0,0.0,1.0817,3.9133
2114,3.2,5.0,0.0,1.0198,4.0134
2115,4.1,6.0,0.0,1.3524,3.9527
2116,3.7,8.0,0.0,1.2728,3.8615
2117,3.2,4.0,0.0,1.0404,3.998
2118,3.6,6.0,0.0,1.3115,3.9831
2119,3.9,6.0,0.0,1.2758,3.9933
2120,5.7,11.0,0.0,1.8816,4.0271
2121,4.2,8.0,0.0,1.4129,3.9674
2122,4.2,9.0,0.0,1.4646,3.9964
2123,4.3,6.0,0.0,1.3964,4.0
2124,2.5,3.0,0.0,0.8646,3.9537
2125,3.9,8.0,0.0,1.3089,3.9611
2126,4.6,12.0,0.0,1.6592,3.9441
2127,3.6,5.0,0.0,1.1808,3.994
2128,4.3,9.0,0.0,1.4379,4.0121
2129,3.5,5.0,0.0,1.117,3.9497
2130,4.2,8.0,0.0,1.437,4.0072
2131,4.5,7.0,0.0,1.4919,3.9706
2132,4.6,7.0,0.0,1.4629,3.8854
2133,3.3,5.0,0.0,1.1056,3.9195
2134,4.2,8.0,0.0,1.3783,3.9181
2135,3.9,10.0,0.0,1.3784,3.9088
2136,2.9,6.0,0.0,1.0282,3.9268
2137,4.2,8.0,0.0,1.4146,3.9791
2138,3.0,6.0,0.0,1.0831,3.9537
2139,3.6,5.0,0.0,1.1522,3.9337
2140,3.1,6.0,0.0,1.1034,3.926
2141,3.9,6.0,0.0,1.244,4.0077
2142,3.9,6.0,0.0,1.244,4.0033
2143,5.0,8.0,0.0,1.6194,3.9995
2144,4.2,6.0,0.0,1.3618,3.9425
2145,3.0,5.0,0.0,0.9985,3.9218
2146,2.9,4.0,0.0,0.9985,3.9318
2147,3.2,4.0,0.0,1.0524,3.9359
2148,3.4,5.0,0.0,1.178,3.9759
2149,4.2,6.0,0.0,1.3551,3.9672
2150,4.0,7.0,0.0,1.3289,3.9648
2151,4.6,8.0,0.0,1.4827,3.959
2152,2.9,5.0,0.0,1.0072,3.9488
2153,3.4,6.0,0.0,1.1461,4.0099
2154,4.2,6.0,0.0,1.3286,3.972
2155,4.4,8.0,0.0,1.4553,3.9102
2156,4.9,6.0,0.0,1.569,3.9376
2157,3.7,6.0,0.0,1.243,3.9855
2158,3.2,4.0,0.0,1.0461,3.9008
2159,3.6,7.0,0.0,1.1891,3.8885
2160,3.7,5.0,0.0,1.253,3.9482
2161,4.5,9.0,0.0,1.4878,3.9222
2162,2.9,7.0,0.0,1.0648,3.8352
2163,3.6,9.0,0.0,1.2948,3.8566
2164,3.9,7.0,0.0,1.3435,3.8571
2165,4.5,6.0,0.0,1.4421,3.8792
2166,2.9,4.0,0.0,0.9938,3.7734
2167,3.9,5.0,0.0,1.2688,3.8683
2168,3.8,7.0,0.0,1.2773,3.726
2169,3.7,6.0,0.0,1.2167,3.7276
2170,3.4,5.0,0.0,1.1225,3.6788
2171,3.2,5.0,0.0,1.0663,3.7291
2172,3.9,7.0,0.0,1.3083,3.8191
2173,3.3,7.0,0.0,1.1338,3.7509
2174,2.9,5.0,0.0,0.9836,3.9217
2175,2.8,7.0,0.0,1.0052,3.9368
2176,4.0,7.0,0.0,1.3444,4.0008
2177,4.1,5.0,0.0,1.3592,4.0696
2178,4.1,8.0,0.0,1.3592,4.1928
2179,4.5,8.0,0.0,1.493,3.9486
2180,4.3,7.0,0.0,1.3467,3.9886
2181,4.0,6.0,0.0,1.2845,3.9966
2182,5.8,9.0,0.0,1.8325,4.0116
2183,4.8,9.0,0.0,1.5611,3.9992
2184,4.6,6.0,0.0,1.4259,4.0651
2185,5.2,8.0,0.0,1.5662,4.0781
2186,5.4,8.0,0.0,1.7284,3.905
2187,6.4,10.0,0.0,2.0396,4.1922
2188,4.3,6.0,0.0,1.3732,3.9125
2189,3.8,5.0,0.0,1.1874,3.9686
2190,4.7,7.0,0.0,1.518,3.9953
2191,4.6,8.0,0.0,1.5032,3.9353
2192,4.2,6.0,0.0,1.3684,3.9784
2193,4.5,6.0,0.0,1.4517,3.9519
2194,4.4,10.0,0.0,1.5196,3.9499
2195,3.7,5.0,0.0,1.2703,3.8714
2196,4.8,7.0,0.0,1.527,3.9338
2197,3.6,5.0,0.0,1.2041,3.979
2198,2.9,5.0,0.0,0.9724,3.9934
2199,4.7,7.0,0.0,1.5322,4.0045
2200,3.9,7.0,0.0,1.3,3.9739
2201,4.4,6.0,0.0,1.4219,4.0071
2202,5.7,10.0,0.0,1.8628,4.0566
2203,4.9,8.0,0.0,1.6376,4.1798
2204,5.8,9.0,0.0,1.8137,4.176
2205,3.1,5.0,0.0,1.0344,4.0117
2206,4.3,8.0,0.0,1.4315,4.0184
2207,3.3,5.0,0.0,1.0573,3.9549
2208,3.4,5.0,0.0,1.1322,3.8369
2209,3.2,5.0,0.0,1.0705,3.8899
2210,4.2,7.0,0.0,1.3489,3.8925
2211,3.4,4.0,0.0,1.0741,3.8473
2212,3.9,5.0,0.0,1.2842,3.8853
2213,4.4,8.0,0.0,1.4071,3.854
2214,4.2,8.0,0.0,1.402,3.9022
2215,3.5,6.0,0.0,1.148,3.8699
2216,4.3,5.0,0.0,1.4705,3.8917
2217,4.8,7.0,0.0,1.5132,3.9366
2218,6.0,13.0,0.0,1.9748,4.097
2219,6.2,13.0,0.0,2.0848,4.094
2220,6.0,10.0,0.0,1.982,4.2684
2221,6.0,12.0,0.0,1.9569,4.0832
2222,5.1,9.0,0.0,1.6958,4.024
2223,5.2,8.0,0.0,1.6853,3.9782
2224,5.3,9.0,0.0,1.695,4.1278
2225,4.9,8.0,0.0,1.5816,4.0386
2226,4.9,7.0,0.0,1.5961,3.9561
2227,4.9,10.0,0.0,1.6834,4.1242
2228,5.0,9.0,0.0,1.6462,3.9205
2229,3.4,4.0,0.0,1.166,3.8593
2230,3.4,6.0,0.0,1.1497,3.9186
2231,4.8,9.0,0.0,1.5772,3.8455
2232,4.7,6.0,0.0,1.461,3.9678
2233,3.6,6.0,0.0,1.2526,3.9619
2234,3.4,5.0,0.0,1.1301,4.0058
2235,4.3,8.0,0.0,1.4731,4.0497
2236,5.1,10.0,0.0,1.6703,4.2071
2237,4.9,9.0,0.0,1.6498,4.1113
2238,4.3,6.0,0.0,1.4098,4.211
2239,4.0,6.0,0.0,1.2624,4.1815
2240,3.3,5.0,0.0,1.1426,4.2319
2241,3.5,5.0,0.0,1.1054,4.2248
2242,4.1,6.0,0.0,1.3183,4.0833
2243,4.7,8.0,0.0,1.5561,4.1575
2244,4.0,6.0,0.0,1.2963,4.0834
2245,6.0,12.0,0.0,2.0322,4.1585
2246,4.4,7.0,0.0,1.45,4.117
2247,4.2,7.0,0.0,1.3585,3.9918
2248,4.1,5.0,0.0,1.3715,3.9289
2249,4.8,7.0,0.0,1.5891,3.9343
2250,4.5,6.0,0.0,1.4498,3.7698
2251,3.8,7.0,0.0,1.257,4.0127
2252,4.2,7.0,0.0,1.3748,3.9247
2253,3.8,6.0,0.0,1.2068,3.9949
2254,3.7,5.0,0.0,1.2203,3.8137
2255,3.1,5.0,0.0,1.0585,3.8117
2256,4.0,5.0,0.0,1.2781,3.8488
2257,3.9,6.0,0.0,1.2828,3.8039
2258,3.8,5.0,0.0,1.2164,3.8387
2259,4.2,6.0,0.0,1.3583,3.8478
2260,4.1,6.0,0.0,1.26,3.8605
2261,3.1,4.0,0.0,1.0305,3.85
2262,3.9,7.0,0.0,1.317,3.8515
2263,3.7,6.0,0.0,1.1958,3.7806
2264,3.6,6.0,0.0,1.1653,3.8133
2265,3.8,6.0,0.0,1.232,3.7642
2266,4.0,6.0,0.0,1.3032,3.8084
2267,4.0,5.0,0.0,1.2805,3.8485
2268,3.7,6.0,0.0,1.2041,3.8865
2269,3.5,6.0,0.0,1.1546,3.9455
2270,4.0,5.0,0.0,1.2648,3.8661
2271,3.3,6.0,0.0,1.1236,3.9645
2272,4.8,8.0,0.0,1.5431,3.9299
2273,4.5,8.0,0.0,1.4731,3.9106
2274,3.7,6.0,0.0,1.1786,3.849
2275,3.5,6.0,0.0,1.1772,3.883
2276,5.0,9.0,0.0,1.6617,3.928
2277,4.0,6.0,0.0,1.309,3.882
2278,5.0,10.0,0.0,1.6116,3.9112
2279,4.1,7.0,0.0,1.3688,3.9133
2280,3.9,5.0,0.0,1.2808,3.931
2281,4.7,7.0,0.0,1.5355,3.9369
2282,3.2,5.0,0.0,1.0688,3.8989
2283,4.1,6.0,0.0,1.3674,3.9074
2284,3.2,6.0,0.0,1.0741,3.9598
2285,6.4,11.0,0.0,2.0026,4.0193
2286,3.7,4.0,0.0,1.2462,3.9192
2287,5.0,12.0,0.0,1.7219,3.858
2288,3.3,5.0,0.0,1.1072,3.8225
2289,4.0,6.0,0.0,1.3067,3.8686
2290,3.6,5.0,0.0,1.1653,3.9076
2291,3.4,6.0,0.0,1.1758,3.8701
2292,3.9,7.0,0.0,1.2888,3.8571
2293,4.3,6.0,0.0,1.382,3.8769
2294,3.5,4.0,0.0,1.184,3.8591
2295,4.2,6.0,0.0,1.373,3.8862
2296,3.5,5.0,0.0,1.1539,3.9286
2297,3.6,7.0,0.0,1.2083,3.9385
2298,3.7,5.0,0.0,1.1973,3.8938
2299,4.3,6.0,0.0,1.3905,3.8277
2300,3.4,6.0,0.0,1.1615,3.898
2301,3.6,7.0,0.0,1.2249,3.9065
2302,3.5,6.0,0.0,1.1563,4.0232
2303,3.8,7.0,0.0,1.2728,4.019
2304,3.5,6.0,0.0,1.2005,3.9057
2305,4.6,7.0,0.0,1.4825,3.8802
2306,4.0,7.0,0.0,1.2997,3.9225
2307,4.5,6.0,0.0,1.5,3.9499
2308,3.5,7.0,0.0,1.2,3.8988
2309,3.8,8.0,0.0,1.2314,3.8975
2310,5.5,8.0,0.0,1.7025,3.8596
2311,5.4,8.0,0.0,1.7227,3.9477
2312,4.9,7.0,0.0,1.5811,3.9628
2313,5.7,7.0,0.0,1.7594,4.0044
2314,4.2,6.0,0.0,1.479,3.9311
2315,4.0,5.0,0.0,1.2648,3.8897
2316,4.9,8.0,0.0,1.5598,3.8863
2317,3.8,5.0,0.0,1.2648,3.9249
2318,3.6,5.0,0.0,1.1511,3.9103
2319,3.3,6.0,0.0,1.1287,3.9574
2320,3.9,5.0,0.0,1.2494,3.88
2321,3.9,7.0,0.0,1.3068,3.9014
2322,3.9,5.0,0.0,1.2997,3.8787
2323,3.7,10.0,0.0,1.3165,3.9922
2324,4.1,7.0,0.0,1.315,3.9596
2325,4.1,7.0,0.0,1.3143,3.9307
2326,3.6,5.0,0.0,1.1834,3.9075
2327,4.2,8.0,0.0,1.3975,3.9124
2328,4.4,9.0,0.0,1.4691,3.9199
2329,3.5,5.0,0.0,1.1543,3.9182
2330,3.3,4.0,0.0,1.0332,3.9044
2331,5.3,7.0,0.0,1.6962,3.9379
2332,3.5,5.0,0.0,1.1456,3.7198
2333,4.9,9.0,0.0,1.58,3.7767
2334,4.1,6.0,0.0,1.345,3.7867
2335,2.7,4.0,0.0,0.9222,3.7712
2336,4.6,14.0,0.0,1.7776,3.7872
2337,3.8,6.0,0.0,1.2233,3.8029
2338,3.7,5.0,0.0,1.2124,3.8294
2339,4.3,6.0,0.0,1.3423,3.8426
2340,5.1,16.0,0.0,1.9527,3.7782
2341,4.0,5.0,0.0,1.294,3.7696
2342,3.2,4.0,0.0,1.0712,3.7918
2343,3.1,5.0,0.0,1.0477,3.8292
2344,4.8,9.0,0.0,1.6325,4.0368
2345,3.6,6.0,0.0,1.2025,4.0386
2346,4.0,8.0,0.0,1.3672,4.0456
2347,4.0,6.0,0.0,1.3143,3.8589
2348,4.7,9.0,0.0,1.5779,3.6846
2349,3.6,7.0,0.0,1.1887,3.668
2350,3.0,6.0,0.0,1.0618,3.7215
2351,3.4,5.0,0.0,1.1126,3.7729
2352,3.8,10.0,0.0,1.3764,3.6939
2353,3.7,7.0,0.0,1.2249,3.6976
2354,4.3,6.0,0.0,1.4456,3.8569
2355,4.5,8.0,0.0,1.5159,3.8093
2356,4.4,8.0,0.0,1.4301,3.8371
2357,4.4,7.0,0.0,1.4,3.7016
2358,5.2,8.0,0.0,1.6867,3.7791
2359,3.6,5.0,0.0,1.1581,3.8225
2360,4.4,10.0,0.0,1.5524,3.8348
2361,4.7,8.0,0.0,1.5619,3.8204
2362,4.4,8.0,0.0,1.4523,3.8577
2363,3.3,6.0,0.0,1.1549,3.84
2364,4.1,9.0,0.0,1.4188,3.8268
2365,3.7,4.0,0.0,1.2085,3.7261
2366,3.8,6.0,0.0,1.2352,3.871
2367,4.0,7.0,0.0,1.3228,3.8763
2368,4.2,8.0,0.0,1.4078,3.9434
2369,4.4,9.0,0.0,1.4765,3.9388
2370,3.9,7.0,0.0,1.2836,3.9529
2371,3.2,4.0,0.0,1.0524,3.9609
2372,4.3,11.0,0.0,1.5508,3.8159
2373,3.7,5.0,0.0,1.2468,3.9346
2374,3.7,6.0,0.0,1.2577,3.9598
2375,3.9,6.0,0.0,1.2526,3.9012
2376,3.5,5.0,0.0,1.1806,3.9503
2377,3.6,5.0,0.0,1.1916,3.8297
2378,3.8,5.0,0.0,1.2223,3.8095
2379,4.6,6.0,0.0,1.4678,3.754
2380,3.1,5.0,0.0,1.0663,3.8884
2381,4.7,7.0,0.0,1.5191,3.8965
2382,4.9,9.0,0.0,1.6588,3.8071
2383,3.5,6.0,0.0,1.1649,3.9245
2384,5.2,12.0,0.0,1.7509,3.981
2385,3.5,5.0,0.0,1.1546,3.899
2386,2.9,4.0,0.0,0.9421,3.8339
2387,3.9,7.0,0.0,1.3637,3.8253
2388,4.4,7.0,0.0,1.4559,3.8236
2389,4.9,12.0,0.0,1.7514,3.835
2390,3.6,5.0,0.0,1.1694,3.844
2391,4.2,7.0,0.0,1.3744,3.9018
2392,3.8,5.0,0.0,1.2643,3.8128
2393,4.1,6.0,0.0,1.3415,3.8492
2394,4.3,8.0,0.0,1.4387,3.8607
2395,3.5,5.0,0.0,1.1347,3.9873
2396,3.5,5.0,0.0,1.1265,3.9589
2397,2.5,4.0,0.0,0.8874,3.9446
2398,3.3,4.0,0.0,1.1347,3.9773
2399,4.4,8.0,0.0,1.4616,3.931
2400,5.6,7.0,0.0,1.7285,3.9986
2401,4.6,11.0,0.0,1.5673,3.954
2402,5.2,11.0,0.0,1.7431,3.9732
2403,4.6,7.0,0.0,1.4957,3.9601
2404,4.1,5.0,0.0,1.3153,3.9639
2405,5.2,7.0,0.0,1.6498,3.9799
2406,4.4,7.0,0.0,1.4648,3.9112
2407,3.6,6.0,0.0,1.1991,3.8703
2408,4.4,7.0,0.0,1.4491,3.9183
2409,4.8,8.0,0.0,1.5767,3.9602
2410,4.1,9.0,0.0,1.4032,3.9545
2411,4.5,7.0,0.0,1.4555,3.9524
2412,4.1,7.0,0.0,1.4142,3.9888
2413,3.8,7.0,0.0,1.3185,3.9721
2414,4.3,7.0,0.0,1.3889,4.0113
2415,4.0,9.0,0.0,1.3863,3.9319
2416,4.3,9.0,0.0,1.4036,4.0735
2417,4.4,9.0,0.0,1.5183,3.9821
2418,4.0,7.0,0.0,1.2835,4.011
2419,5.2,9.0,0.0,1.6691,4.0063
2420,2.9,4.0,0.0,0.9804,3.9715
2421,4.1,6.0,0.0,1.3585,3.9567
2422,4.0,6.0,0.0,1.3177,4.0454
2423,4.5,7.0,0.0,1.4523,4.0337
2424,4.9,9.0,0.0,1.6352,4.0556
2425,6.3,12.0,0.0,2.0681,4.108
2426,4.1,7.0,0.0,1.3253,4.1155
2427,3.5,9.0,0.0,1.2433,4.0184
2428,4.7,6.0,0.0,1.5147,4.0216
2429,3.3,4.0,0.0,1.0889,3.9618
2430,3.6,5.0,0.0,1.2349,4.0213
2431,3.7,8.0,0.0,1.2798,4.0324
2432,3.6,8.0,0.0,1.26,4.0108
2433,2.9,5.0,0.0,0.9828,3.8763
2434,3.6,5.0,0.0,1.2023,3.9033
2435,3.4,5.0,0.0,1.123,3.8728
2436,4.1,7.0,0.0,1.3544,3.9122
2437,3.3,7.0,0.0,1.1428,3.8948
2438,4.2,7.0,0.0,1.3444,3.8768
2439,3.9,5.0,0.0,1.299,3.9198
2440,4.2,7.0,0.0,1.3784,3.8924
2441,4.0,6.0,0.0,1.3101,3.9455
2442,3.9,7.0,0.0,1.2981,4.0194
2443,3.1,6.0,0.0,1.0656,4.0004
2444,3.9,6.0,0.0,1.2476,3.9146
2445,4.0,7.0,0.0,1.347,3.9306
2446,4.3,7.0,0.0,1.3915,3.8835
2447,4.3,6.0,0.0,1.3704,3.8829
2448,3.9,6.0,0.0,1.2781,3.7746
2449,4.6,8.0,0.0,1.5394,3.7223
2450,4.4,7.0,0.0,1.4591,3.6764
2451,3.7,6.0,0.0,1.2492,3.7208
2452,4.0,6.0,0.0,1.3143,3.8787
2453,3.4,7.0,0.0,1.1752,3.9175
2454,4.1,7.0,0.0,1.3698,3.9498
2455,4.7,7.0,0.0,1.4894,3.9228
2456,5.4,11.0,0.0,1.8311,4.0187
2457,3.7,9.0,0.0,1.2913,3.9118
2458,4.5,6.0,0.0,1.4673,3.9694
2459,4.3,7.0,0.0,1.3811,3.9104
2460,3.9,5.0,0.0,1.2606,3.9155
2461,3.7,5.0,0.0,1.2449,3.9689
2462,4.1,6.0,0.0,1.2805,3.9438
2463,4.8,6.0,0.0,1.4965,3.9744
2464,3.3,4.0,0.0,1.1581,3.9015
2465,2.7,4.0,0.0,0.8986,3.9201
2466,3.7,6.0,0.0,1.1634,3.9816
2467,5.1,11.0,0.0,1.795,3.9584
2468,4.1,7.0,0.0,1.3104,3.9243
2469,4.0,5.0,0.0,1.3038,4.0767
2470,3.6,6.0,0.0,1.1653,4.1891
2471,3.4,8.0,0.0,1.217,4.0368
2472,5.0,7.0,0.0,1.5619,4.0912
2473,4.1,6.0,0.0,1.3068,3.958
2474,3.2,5.0,0.0,1.1079,3.933
2475,3.3,5.0,0.0,1.0865,3.8817
2476,4.0,6.0,0.0,1.2963,3.8344
2477,2.7,5.0,0.0,0.9734,3.923
2478,4.6,11.0,0.0,1.5708,3.9448
2479,3.6,4.0,0.0,1.1921,3.9441
2480,4.3,8.0,0.0,1.5015,3.9181
2481,2.9,5.0,0.0,1.0524,3.8894
2482,3.6,5.0,0.0,1.1609,4.0612
2483,3.7,7.0,0.0,1.251,3.8657
2484,3.1,4.0,0.0,1.0332,3.8632
2485,4.3,8.0,0.0,1.4032,3.8966
2486,5.9,16.0,0.0,2.1018,3.9657
2487,3.7,5.0,0.0,1.2782,3.78
2488,4.2,10.0,0.0,1.4239,3.8905
2489,4.1,8.0,0.0,1.3444,3.8233
2490,4.2,6.0,0.0,1.363,3.8828
2491,4.9,9.0,0.0,1.6204,3.8738
2492,4.0,5.0,0.0,1.3077,3.8956
2493,3.7,7.0,0.0,1.227,3.8909
2494,3.6,12.0,0.0,1.4442,3.9031
2495,4.1,7.0,0.0,1.4193,3.8955
2496,6.1,16.0,0.0,2.1394,4.0454
2497,5.9,10.0,0.0,1.9203,4.0047
2498,5.1,11.0,0.0,1.7252,3.9692
2499,5.7,10.0,0.0,1.8514,4.0001
2500,5.4,7.0,0.0,1.7776,4.0565
2501,5.7,8.0,0.0,1.8137,4.0878
2502,6.3,11.0,0.0,1.9976,4.0864
2503,5.5,11.0,0.0,1.7734,4.2121
2504,7.0,13.0,0.0,2.2765,4.2365
2505,6.1,9.0,0.0,1.8985,4.1034
2506,8.2,16.0,0.0,2.6287,4.2766
2507,5.9,8.0,0.0,1.8958,4.0861
2508,8.7,14.0,0.0,2.7509,4.3075
2509,6.6,8.0,0.0,2.0527,4.3879
2510,5.5,8.0,0.0,1.8225,4.2867
2511,6.4,15.0,0.0,2.1591,4.304
2512,6.5,10.0,0.0,2.0606,4.2488
2513,5.5,11.0,0.0,1.8076,4.229
2514,5.1,8.0,0.0,1.6568,4.1937
2515,4.6,6.0,0.0,1.6016,4.215
2516,5.8,12.0,0.0,1.8877,4.1133
2517,5.0,8.0,0.0,1.6143,4.0444
2518,5.6,8.0,0.0,1.7564,4.0063
2519,4.3,5.0,0.0,1.3775,3.9995
2520,5.1,11.0,0.0,1.7094,3.9301
2521,4.9,9.0,0.0,1.616,3.9169
2522,4.5,7.0,0.0,1.447,3.9645
2523,5.0,11.0,0.0,1.681,3.9689
2524,5.2,10.0,0.0,1.7011,3.9728
2525,5.0,13.0,0.0,1.7909,3.9746
2526,4.4,7.0,0.0,1.4412,3.9704
2527,6.4,9.0,0.0,1.8885,4.0008
2528,4.8,7.0,0.0,1.5492,4.0487
2529,3.3,5.0,0.0,1.0618,3.9997
2530,4.2,8.0,0.0,1.4191,3.9331
2531,5.3,6.0,0.0,1.7402,4.0395
2532,3.8,5.0,0.0,1.2906,4.0291
2533,4.8,8.0,0.0,1.533,4.0164
2534,3.7,5.0,0.0,1.252,4.0386
2535,4.9,9.0,0.0,1.6548,3.9346
2536,4.2,6.0,0.0,1.3527,3.951
2537,4.6,6.0,0.0,1.4412,3.9302
2538,3.9,8.0,0.0,1.3403,3.9336
2539,3.5,5.0,0.0,1.2164,3.8692
2540,4.9,8.0,0.0,1.5692,3.9518
2541,4.6,12.0,0.0,1.612,3.9547
2542,3.7,6.0,0.0,1.2337,4.0183
2543,4.2,6.0,0.0,1.3705,3.9658
2544,4.3,8.0,0.0,1.4401,3.9682
2545,4.3,6.0,0.0,1.4345,3.9769
2546,4.5,6.0,0.0,1.4309,4.0863
2547,6.6,13.0,0.0,2.0946,4.0678
2548,6.1,10.0,0.0,1.9424,4.1538
2549,6.1,17.0,0.0,2.2356,4.2661
2550,6.0,9.0,0.0,1.9577,4.3693
2551,5.4,9.0,0.0,1.6905,4.1421
2552,4.9,7.0,0.0,1.5448,4.2868
2553,7.6,16.0,0.0,2.44,4.2229
2554,4.1,6.0,0.0,1.366,4.1142
2555,6.6,13.0,0.0,2.0923,4.3084
2556,5.5,10.0,0.0,1.7391,4.0667
2557,5.0,8.0,0.0,1.6202,3.9932
2558,6.7,11.0,0.0,2.1191,3.8715
2559,5.3,9.0,0.0,1.7159,4.0232
2560,4.9,6.0,0.0,1.5187,4.0256
2561,4.1,6.0,0.0,1.299,4.2279
2562,4.5,6.0,0.0,1.3666,3.9995
2563,5.0,7.0,0.0,1.621,3.9619
2564,4.7,6.0,0.0,1.4629,3.9094
2565,4.2,8.0,0.0,1.3889,3.9358
2566,5.4,9.0,0.0,1.6739,4.0759
2567,5.3,8.0,0.0,1.8018,4.0433
2568,4.3,5.0,0.0,1.3541,3.96
2569,4.1,6.0,0.0,1.3104,3.9328
2570,3.8,6.0,0.0,1.2207,3.9031
2571,4.8,7.0,0.0,1.5322,4.0572
2572,4.6,8.0,0.0,1.4894,3.9363
2573,4.1,6.0,0.0,1.3225,3.9581
2574,4.0,5.0,0.0,1.3092,4.0942
2575,4.6,8.0,0.0,1.4443,4.0679
2576,3.5,5.0,0.0,1.1854,4.1971
2577,4.8,10.0,0.0,1.621,3.8769
2578,3.9,11.0,0.0,1.4539,3.977
2579,3.2,6.0,0.0,1.1018,3.8824
2580,4.8,9.0,0.0,1.5961,4.1334
2581,3.0,5.0,0.0,0.981,4.032
2582,4.0,5.0,0.0,1.2981,4.1899
2583,4.5,6.0,0.0,1.4169,4.1753
2584,4.2,9.0,0.0,1.4098,4.2055
2585,5.1,9.0,0.0,1.5843,4.1547
2586,5.7,9.0,0.0,1.7957,4.09
2587,4.6,7.0,0.0,1.4205,4.0323
2588,4.6,6.0,0.0,1.4663,4.045
2589,5.6,11.0,0.0,1.7689,4.1006
2590,4.4,6.0,0.0,1.4343,4.0049
2591,4.4,8.0,0.0,1.4552,3.8498
2592,6.0,9.0,0.0,1.8702,3.9516
2593,5.1,8.0,0.0,1.6398,4.0319
2594,5.9,10.0,0.0,1.8366,4.1126
2595,5.6,10.0,0.0,1.8003,4.1467
2596,4.0,6.0,0.0,1.3045,3.9498
2597,4.0,6.0,0.0,1.3068,3.971
2598,4.2,6.0,0.0,1.3894,3.9475
2599,4.3,6.0,0.0,1.4132,3.958
2600,4.3,6.0,0.0,1.4091,4.0377
2601,4.0,6.0,0.0,1.3601,3.9345
2602,5.9,9.0,0.0,1.8408,3.9465
2603,3.8,6.0,0.0,1.2512,3.9452
2604,4.1,5.0,0.0,1.3245,3.8748
2605,4.6,8.0,0.0,1.5207,3.9534
2606,4.1,6.0,0.0,1.3774,3.8849
2607,4.5,9.0,0.0,1.5427,4.0039
2608,4.9,8.0,0.0,1.5926,3.9142
2609,4.1,8.0,0.0,1.4142,3.9955
2610,3.6,6.0,0.0,1.2278,3.8313
2611,4.2,8.0,0.0,1.4553,3.9115
2612,3.5,5.0,0.0,1.1619,3.9038
2613,4.5,7.0,0.0,1.4722,3.8662
2614,5.3,12.0,0.0,1.7475,3.9589
2615,4.4,5.0,0.0,1.4303,3.8847
2616,4.3,7.0,0.0,1.366,3.9585
2617,6.5,20.0,0.0,2.4203,4.0151
2618,5.6,8.0,0.0,1.7349,4.0292
2619,5.5,10.0,0.0,1.8014,4.0672
2620,6.9,12.0,0.0,2.2257,4.1262
2621,5.6,7.0,0.0,1.7597,4.1551
2622,6.0,8.0,0.0,1.8531,4.2458
2623,4.5,5.0,0.0,1.4517,4.0251
2624,4.3,7.0,0.0,1.4077,3.979
2625,4.8,8.0,0.0,1.5525,4.073
2626,4.9,8.0,0.0,1.5121,4.026
2627,3.9,8.0,0.0,1.2835,4.1105
2628,3.8,6.0,0.0,1.2068,4.0538
2629,4.9,13.0,0.0,1.7657,4.0777
2630,3.6,5.0,0.0,1.236,4.1108
2631,4.2,5.0,0.0,1.3477,4.0757
2632,3.7,6.0,0.0,1.2703,4.0359
2633,4.6,7.0,0.0,1.4481,4.0657
2634,4.2,9.0,0.0,1.4261,3.9967
2635,4.8,7.0,0.0,1.5547,3.9613
2636,3.5,4.0,0.0,1.1377,3.9744
2637,3.5,6.0,0.0,1.1916,4.0525
2638,3.9,9.0,0.0,1.345,4.0983
2639,3.4,6.0,0.0,1.12,4.0787
2640,4.5,8.0,0.0,1.5452,4.1176
2641,4.9,13.0,0.0,1.8679,4.1526
2642,5.3,9.0,0.0,1.7685,4.1981
2643,4.0,7.0,0.0,1.3191,4.0136
2644,4.1,6.0,0.0,1.4106,3.9953
2645,4.1,6.0,0.0,1.4412,4.0544
2646,4.3,8.0,0.0,1.4814,4.0237
2647,4.5,8.0,0.0,1.4866,4.06
2648,4.1,9.0,0.0,1.3851,4.0259
2649,4.8,6.0,0.0,1.5787,4.0615
2650,4.2,6.0,0.0,1.3559,3.9674
2651,4.3,8.0,0.0,1.4066,3.9733
2652,4.0,6.0,0.0,1.3177,4.0619
2653,4.5,6.0,0.0,1.4457,3.9587
2654,5.0,9.0,0.0,1.6364,4.0158
2655,4.0,6.0,0.0,1.3094,3.8773
2656,5.3,9.0,0.0,1.7685,3.8375
2657,3.1,4.0,0.0,1.0404,3.862
2658,3.8,7.0,0.0,1.26,3.9957
2659,3.2,5.0,0.0,1.1047,4.0554
2660,4.9,6.0,0.0,1.5917,4.0274
2661,4.8,10.0,0.0,1.6389,4.1954
2662,3.2,6.0,0.0,1.0611,4.0135
2663,3.8,11.0,0.0,1.4329,3.9834
2664,4.2,8.0,0.0,1.4066,4.0717
2665,5.2,7.0,0.0,1.6262,4.1089
2666,4.2,6.0,0.0,1.3928,4.1028
2667,5.6,12.0,0.0,1.8871,4.1228
2668,5.2,7.0,0.0,1.6922,4.064
2669,4.2,5.0,0.0,1.3625,4.1269
2670,4.0,5.0,0.0,1.3328,4.1804
2671,4.0,8.0,0.0,1.4027,4.1355
2672,5.0,8.0,0.0,1.6062,4.1088
2673,4.5,6.0,0.0,1.3913,3.9416
2674,4.2,5.0,0.0,1.4047,3.985
2675,4.3,7.0,0.0,1.4064,3.9693
2676,4.4,7.0,0.0,1.4518,3.9674
2677,6.2,9.0,0.0,1.928,4.0339
2678,5.6,8.0,0.0,1.795,4.0676
2679,4.4,7.0,0.0,1.4798,3.9579
2680,4.8,8.0,0.0,1.5367,3.9936
2681,4.2,8.0,0.0,1.4448,4.0321
2682,4.2,6.0,0.0,1.3403,4.0542
2683,4.5,7.0,0.0,1.4509,3.9069
2684,4.6,7.0,0.0,1.4379,4.0552
2685,5.3,10.0,0.0,1.7082,4.0808
2686,4.1,7.0,0.0,1.3349,4.0425
2687,5.3,10.0,0.0,1.7101,4.1101
2688,3.3,4.0,0.0,1.1459,4.0001
2689,3.8,5.0,0.0,1.2327,3.9548
2690,4.5,8.0,0.0,1.4838,4.0622
2691,5.1,11.0,0.0,1.7358,4.1377
2692,3.8,7.0,0.0,1.2577,4.04
2693,4.9,9.0,0.0,1.6186,4.0709
2694,3.8,6.0,0.0,1.2563,3.9737
2695,4.5,10.0,0.0,1.5361,4.0067
2696,3.1,4.0,0.0,1.048,4.0216
2697,4.1,6.0,0.0,1.3328,3.9958
2698,4.6,9.0,0.0,1.5211,4.0254
2699,2.6,4.0,0.0,0.8888,4.0923
2700,3.7,7.0,0.0,1.209,3.993
2701,3.8,6.0,0.0,1.2728,3.9935
2702,3.7,7.0,0.0,1.1948,4.0038
2703,3.6,5.0,0.0,1.1615,4.0036
2704,4.0,5.0,0.0,1.3113,3.9754
2705,2.5,3.0,0.0,0.8953,4.0974
2706,3.6,7.0,0.0,1.2751,4.0954
2707,4.7,7.0,0.0,1.4933,4.1517
2708,3.7,9.0,0.0,1.3134,4.0864
2709,5.0,7.0,0.0,1.6106,4.051
2710,5.1,8.0,0.0,1.6964,3.8773
2711,3.9,8.0,0.0,1.3046,3.7107
2712,4.6,6.0,0.0,1.4905,3.7551
2713,3.8,7.0,0.0,1.2884,3.7281
2714,3.7,6.0,0.0,1.2411,3.6847
2715,4.2,7.0,0.0,1.3831,3.8793
2716,4.6,7.0,0.0,1.455,3.7502
2717,5.1,13.0,0.0,1.7714,3.8331
2718,5.0,9.0,0.0,1.6177,3.7582
2719,3.7,6.0,0.0,1.2401,3.7412
2720,5.0,10.0,0.0,1.6279,3.793
2721,4.8,6.0,0.0,1.6074,3.8551
2722,4.7,8.0,0.0,1.4992,3.7941
2723,5.2,10.0,0.0,1.7326,3.8349
2724,3.8,7.0,0.0,1.315,3.7468
2725,5.9,10.0,0.0,1.9385,3.7395
2726,4.2,6.0,0.0,1.3883,3.7503
2727,3.5,5.0,0.0,1.1465,3.7155
2728,3.9,9.0,0.0,1.3361,3.772
2729,4.5,9.0,0.0,1.5491,3.7683
2730,3.7,6.0,0.0,1.2137,3.7637
2731,4.4,6.0,0.0,1.4073,3.7719
2732,4.2,6.0,0.0,1.3638,3.806
2733,4.3,10.0,0.0,1.4491,3.7751
2734,4.6,9.0,0.0,1.4823,3.7009
2735,4.3,6.0,0.0,1.3385,3.6623
2736,5.5,9.0,0.0,1.7293,3.6626
2737,4.4,7.0,0.0,1.4673,3.6513
2738,4.9,7.0,0.0,1.5138,3.68
2739,4.4,9.0,0.0,1.4717,3.6565
2740,4.2,7.0,0.0,1.3637,3.6418
2741,4.5,10.0,0.0,1.5133,3.6912
2742,4.7,6.0,0.0,1.5072,3.7335
2743,4.7,8.0,0.0,1.5392,3.7358
2744,5.8,9.0,0.0,1.8933,3.702
2745,7.9,12.0,0.0,2.4691,3.7907
2746,6.4,8.0,0.0,2.1424,3.9731
2747,6.7,9.0,0.0,2.0851,3.9206
2748,8.1,18.0,0.0,2.7092,4.045
2749,4.9,8.0,0.0,1.5855,3.8308
2750,5.0,7.0,0.0,1.5753,3.7126
2751,5.2,7.0,0.0,1.6727,3.7657
2752,4.3,6.0,0.0,1.4163,3.763
2753,5.3,8.0,0.0,1.6677,3.8006
2754,4.7,8.0,0.0,1.5716,3.6981
2755,5.1,7.0,0.0,1.6363,3.7472
2756,2.9,4.0,0.0,1.0005,3.7869
2757,6.6,11.0,0.0,2.1197,3.807
2758,6.3,9.0,0.0,2.0224,3.7543
2759,7.0,10.0,0.0,2.1745,3.7257
2760,6.2,9.0,0.0,1.9812,3.8107
2761,6.3,9.0,0.0,1.9884,3.8242
2762,5.7,8.0,0.0,1.7075,3.8403
2763,6.6,12.0,0.0,2.1443,3.7526
2764,5.4,8.0,0.0,1.7208,3.7967
2765,4.3,7.0,0.0,1.4595,3.7454
2766,6.2,8.0,0.0,1.9407,3.9086
2767,4.6,7.0,0.0,1.5316,3.7499
2768,4.4,9.0,0.0,1.4878,3.8142
2769,5.4,10.0,0.0,1.7936,3.7851
2770,5.1,7.0,0.0,1.7173,3.7694
2771,5.6,10.0,0.0,1.8259,3.755
2772,3.9,5.0,0.0,1.2878,3.7072
2773,4.4,8.0,0.0,1.5,3.6449
2774,4.4,6.0,0.0,1.4232,3.6884
2775,4.4,6.0,0.0,1.3992,3.6639
2776,3.8,7.0,0.0,1.2722,3.6565
2777,5.0,9.0,0.0,1.6128,3.7137
2778,4.9,6.0,0.0,1.6138,3.8009
2779,4.8,10.0,0.0,1.6402,3.7878
2780,4.1,6.0,0.0,1.321,3.8536
2781,6.2,10.0,0.0,2.0469,3.9007
2782,4.1,5.0,0.0,1.322,3.7493
2783,4.6,7.0,0.0,1.4851,3.6961
2784,5.0,9.0,0.0,1.618,3.7579
2785,3.6,6.0,0.0,1.1991,3.6841
2786,4.1,6.0,0.0,1.3109,3.6667
2787,3.8,5.0,0.0,1.1948,3.6385
2788,4.0,7.0,0.0,1.3153,3.6584
2789,3.7,8.0,0.0,1.2114,3.668
2790,3.6,6.0,0.0,1.1755,3.8356
2791,4.2,7.0,0.0,1.4586,3.7101
2792,4.2,7.0,0.0,1.416,3.6855
2793,4.1,6.0,0.0,1.3393,3.8895
2794,5.8,7.0,0.0,1.78,4.0542
2795,4.8,7.0,0.0,1.5446,3.834
2796,5.7,9.0,0.0,1.8475,3.6862
2797,5.2,10.0,0.0,1.7116,3.8409
2798,4.4,7.0,0.0,1.4032,3.7733
2799,4.2,9.0,0.0,1.4716,3.7691
2800,3.8,7.0,0.0,1.2845,3.6925
2801,4.5,6.0,0.0,1.4426,3.8322
2802,4.0,8.0,0.0,1.3328,3.7608
2803,4.5,9.0,0.0,1.5124,3.8368
2804,4.1,6.0,0.0,1.3563,3.7675
2805,5.3,8.0,0.0,1.7122,3.816
2806,6.0,8.0,0.0,1.8621,3.9587
2807,6.1,11.0,0.0,1.9913,3.8517
2808,6.8,16.0,0.0,2.3044,3.7831
2809,5.6,7.0,0.0,1.7915,3.7876
2810,5.4,7.0,0.0,1.6643,3.6912
2811,5.1,8.0,0.0,1.7011,3.8733
2812,4.8,6.0,0.0,1.54,3.7903
2813,7.0,14.0,0.0,2.2709,3.8209
2814,5.2,8.0,0.0,1.6938,3.7623
2815,5.4,8.0,0.0,1.7349,3.7375
2816,6.1,10.0,0.0,2.0024,3.8932
2817,5.8,9.0,0.0,1.8214,3.9707
2818,7.5,14.0,0.0,2.4276,4.0109
2819,5.3,9.0,0.0,1.7668,3.8572
2820,7.5,12.0,0.0,2.3764,3.9307
2821,7.9,24.0,0.0,2.9304,3.8044
2822,6.8,12.0,0.0,2.2035,3.8996
2823,6.0,8.0,0.0,1.9303,3.7526
2824,5.8,8.0,0.0,1.9155,3.8107
2825,6.0,9.0,0.0,1.8466,3.7886
2826,5.7,15.0,0.0,2.0184,3.8343
2827,5.6,8.0,0.0,1.7568,3.8245
2828,4.0,6.0,0.0,1.2757,3.7634
2829,5.1,8.0,0.0,1.7462,3.7876
2830,4.4,7.0,0.0,1.4422,3.7747
2831,5.2,8.0,0.0,1.7226,3.8408
2832,4.9,7.0,0.0,1.5644,3.8362
2833,4.1,5.0,0.0,1.3225,3.879
2834,5.7,12.0,0.0,1.8443,3.9981
2835,4.7,9.0,0.0,1.5662,3.9313
2836,4.9,9.0,0.0,1.6214,3.7751
2837,4.9,8.0,0.0,1.5573,3.7484
2838,3.8,6.0,0.0,1.2561,3.7194
2839,3.7,8.0,0.0,1.2643,3.7095
2840,3.7,6.0,0.0,1.1769,3.7095
2841,3.0,6.0,0.0,1.0417,3.6544
2842,3.7,6.0,0.0,1.252,3.6417
2843,4.4,6.0,0.0,1.3843,3.7165
2844,3.3,7.0,0.0,1.1973,3.6452
2845,4.5,6.0,0.0,1.4333,3.7058
2846,3.4,4.0,0.0,1.1732,3.7414
2847,3.4,6.0,0.0,1.1322,3.7784
2848,4.7,7.0,0.0,1.5196,3.7028
2849,5.2,9.0,0.0,1.651,3.7693
2850,3.5,4.0,0.0,1.1285,3.7229
2851,3.9,7.0,0.0,1.2955,3.7576
2852,4.5,7.0,0.0,1.4273,3.7598
2853,3.3,5.0,0.0,1.1169,3.775
2854,5.0,9.0,0.0,1.6028,3.7385
2855,5.0,8.0,0.0,1.6432,3.7603
2856,4.8,7.0,0.0,1.542,3.8071
2857,3.0,4.0,0.0,0.9899,3.7661
2858,4.8,7.0,0.0,1.4858,3.7827
2859,3.9,8.0,0.0,1.4,3.7752
2860,5.6,10.0,0.0,1.7667,3.8
2861,4.0,7.0,0.0,1.337,3.7068
2862,4.4,6.0,0.0,1.3921,3.7205
2863,3.3,5.0,0.0,1.1314,3.7161
2864,2.7,4.0,0.0,0.9297,3.6965
2865,3.8,7.0,0.0,1.2781,3.7084
2866,4.1,6.0,0.0,1.3877,3.7057
2867,3.9,5.0,0.0,1.2464,3.7507
2868,4.1,7.0,0.0,1.3328,3.7111
2869,4.2,9.0,0.0,1.4526,3.7261
2870,3.1,6.0,0.0,1.0852,3.7191
2871,3.5,5.0,0.0,1.1515,3.716
2872,4.3,6.0,0.0,1.4098,3.7131
2873,4.7,6.0,0.0,1.496,3.7017
2874,5.0,12.0,0.0,1.7961,3.7947
2875,4.9,7.0,0.0,1.5868,3.7514
2876,4.5,8.0,0.0,1.5124,3.6976
2877,4.3,7.0,0.0,1.4852,3.8208
2878,6.4,11.0,0.0,2.0139,3.8099
2879,4.4,8.0,0.0,1.4472,3.781
2880,4.9,8.0,0.0,1.5684,3.9299
2881,5.2,7.0,0.0,1.6484,3.8217
2882,5.0,7.0,0.0,1.5966,3.8876
2883,6.3,16.0,0.0,2.2064,3.9055
2884,5.9,10.0,0.0,1.9617,3.8049
2885,3.9,6.0,0.0,1.3286,3.7938
2886,5.3,9.0,0.0,1.7168,3.9066
2887,5.8,10.0,0.0,1.8871,3.8365
2888,4.7,8.0,0.0,1.592,3.9335
2889,5.2,8.0,0.0,1.6642,3.9485
2890,5.8,11.0,0.0,1.8894,3.877
2891,5.3,16.0,0.0,1.9894,3.9096
2892,5.8,13.0,0.0,1.9714,4.0732
2893,5.1,9.0,0.0,1.6268,3.8815
2894,4.5,6.0,0.0,1.4373,3.7903
2895,5.5,12.0,0.0,1.8595,3.8581
2896,5.5,8.0,0.0,1.7139,3.843
2897,5.7,10.0,0.0,1.8139,4.0109
2898,5.8,7.0,0.0,1.8193,3.9313
2899,3.8,6.0,0.0,1.2558,3.7425
2900,4.1,7.0,0.0,1.3474,3.8219
2901,4.6,6.0,0.0,1.4858,3.8333
2902,5.2,9.0,0.0,1.7115,3.9681
2903,4.3,6.0,0.0,1.3418,3.789
2904,3.6,5.0,0.0,1.1904,3.8795
2905,4.5,7.0,0.0,1.4893,3.9073
2906,5.3,7.0,0.0,1.6624,3.8357
2907,4.2,5.0,0.0,1.3544,3.8098
2908,4.1,6.0,0.0,1.3295,3.7902
2909,4.7,7.0,0.0,1.5138,3.7401
2910,3.6,4.0,0.0,1.2031,3.7302
2911,5.0,9.0,0.0,1.6411,3.7425
2912,3.5,5.0,0.0,1.118,3.7715
2913,4.6,9.0,0.0,1.5353,3.7441
2914,5.5,8.0,0.0,1.7333,3.7894
2915,3.0,4.0,0.0,1.0167,3.7539
2916,3.2,6.0,0.0,1.0927,3.7193
2917,4.0,8.0,0.0,1.3167,3.7405
2918,4.4,6.0,0.0,1.3601,3.737
2919,3.8,6.0,0.0,1.2249,3.7165
2920,4.2,7.0,0.0,1.3877,3.7693
2921,4.3,5.0,0.0,1.3565,3.7131
2922,3.4,5.0,0.0,1.1347,3.6326
2923,4.0,10.0,0.0,1.402,3.6777
2924,3.9,6.0,0.0,1.3025,3.7425
2925,3.5,6.0,0.0,1.1721,3.6613
2926,4.9,8.0,0.0,1.581,3.7183
2927,3.3,6.0,0.0,1.1324,3.6865
2928,3.9,5.0,0.0,1.3477,3.6823
2929,4.1,9.0,0.0,1.3948,3.7205
2930,3.9,7.0,0.0,1.3077,3.7823
2931,3.8,6.0,0.0,1.259,3.8229
2932,4.1,6.0,0.0,1.3778,3.8118
2933,5.5,8.0,0.0,1.8131,3.7921
2934,4.3,6.0,0.0,1.4018,3.7662
2935,6.0,11.0,0.0,1.9431,3.8054
2936,4.9,7.0,0.0,1.6125,3.8048
2937,4.3,7.0,0.0,1.4098,3.7847
2938,7.3,16.0,0.0,2.4046,3.9218
2939,6.7,12.0,0.0,2.1369,3.8606
2940,5.7,12.0,0.0,1.8955,3.7988
2941,4.6,11.0,0.0,1.6714,3.723
2942,5.1,11.0,0.0,1.7303,3.8112
2943,4.9,8.0,0.0,1.6014,3.8321
2944,3.6,5.0,0.0,1.1161,3.7019
2945,4.0,8.0,0.0,1.3947,3.6799
2946,3.5,4.0,0.0,1.118,3.7075
2947,4.7,7.0,0.0,1.4986,3.7304
2948,5.4,8.0,0.0,1.6518,3.7368
2949,6.5,10.0,0.0,2.0204,3.6753
2950,4.3,8.0,0.0,1.3601,3.7196
2951,5.7,12.0,0.0,1.8894,3.7841
2952,4.4,8.0,0.0,1.4261,3.7561
2953,7.0,11.0,0.0,2.1734,3.9276
2954,4.7,7.0,0.0,1.4825,3.7151
2955,5.6,9.0,0.0,1.8139,3.8618
2956,6.3,8.0,0.0,1.9758,3.7792
2957,4.2,6.0,0.0,1.382,3.7875
2958,5.8,8.0,0.0,1.8583,3.793
2959,4.2,6.0,0.0,1.398,3.8672
2960,5.3,7.0,0.0,1.6515,3.8762
2961,4.4,9.0,0.0,1.5026,3.781
2962,4.2,6.0,0.0,1.3904,3.7856
2963,4.6,7.0,0.0,1.5124,3.7506
2964,4.4,7.0,0.0,1.4373,3.7741
2965,5.2,8.0,0.0,1.6619,3.7554
2966,5.4,8.0,0.0,1.6974,3.7881
2967,5.6,8.0,0.0,1.8187,3.8636
2968,7.5,14.0,0.0,2.4301,3.936
2969,7.9,12.0,0.0,2.4995,3.9474
2970,9.0,16.0,0.0,2.9052,3.9145
2971,5.9,8.0,0.0,1.8202,3.8167
2972,5.9,9.0,0.0,1.8397,3.7987
2973,5.4,8.0,0.0,1.7331,3.7997
2974,6.6,13.0,0.0,2.2049,3.8445
2975,5.7,15.0,0.0,2.0175,3.7273
2976,5.3,8.0,0.0,1.6617,3.7708
2977,4.9,8.0,0.0,1.5829,3.8069
2978,5.5,9.0,0.0,1.8202,3.7856
2979,5.6,9.0,0.0,1.8134,3.8202
2980,6.4,14.0,0.0,2.1703,4.0308
2981,6.6,8.0,0.0,2.0557,3.8509
2982,7.4,11.0,0.0,2.3119,4.0353
2983,5.0,8.0,0.0,1.6556,3.8521
2984,4.0,6.0,0.0,1.3361,3.7705
2985,5.3,9.0,0.0,1.7628,3.7974
2986,6.4,11.0,0.0,2.0516,3.7435
2987,3.6,5.0,0.0,1.2076,3.6571
2988,5.8,9.0,0.0,1.8608,3.714
2989,5.9,16.0,0.0,2.1591,3.8316
2990,4.9,7.0,0.0,1.5426,3.7263
2991,4.0,7.0,0.0,1.3349,3.7426
2992,5.5,14.0,0.0,1.9404,3.7844
2993,3.3,5.0,0.0,1.0738,3.672
2994,3.9,6.0,0.0,1.3185,3.7884
2995,5.4,7.0,0.0,1.7571,3.6629
2996,4.0,6.0,0.0,1.326,3.6623
2997,4.4,6.0,0.0,1.4107,3.6582
2998,3.4,8.0,0.0,1.1975,3.6343
2999,3.8,5.0,0.0,1.2233,3.6934
3000,3.4,5.0,0.0,1.1259,3.6526
3001,4.0,6.0,0.0,1.2963,3.6546
3002,4.0,7.0,0.0,1.3089,3.819
3003,3.2,5.0,0.0,1.0775,3.695
3004,4.7,9.0,0.0,1.5459,3.7006
3005,3.8,6.0,0.0,1.2359,3.5975
3006,3.9,6.0,0.0,1.2609,3.7251
3007,2.8,4.0,0.0,0.9368,3.7099
3008,3.3,7.0,0.0,1.1615,3.7495
3009,3.3,7.0,0.0,1.1563,3.7481
3010,3.8,5.0,0.0,1.2657,3.7189
3011,3.1,5.0,0.0,1.0611,3.7008
3012,5.1,10.0,0.0,1.7185,3.8043
3013,5.7,9.0,0.0,1.7612,3.8051
3014,6.0,11.0,0.0,1.9228,3.7317
3015,4.7,5.0,0.0,1.4497,3.7977
3016,4.4,7.0,0.0,1.4566,3.9166
3017,5.7,8.0,0.0,1.7894,3.8502
3018,3.3,5.0,0.0,1.0846,3.6887
3019,4.0,7.0,0.0,1.3572,3.7774
3020,3.3,6.0,0.0,1.1161,3.7463
3021,4.0,5.0,0.0,1.2935,3.8508
3022,4.1,7.0,0.0,1.3727,3.7803
3023,4.9,8.0,0.0,1.6026,3.8183
3024,3.5,4.0,0.0,1.16,3.8119
3025,4.5,11.0,0.0,1.6081,3.7411
3026,4.7,8.0,0.0,1.519,3.7692
3027,5.3,7.0,0.0,1.6402,3.7282
3028,5.2,7.0,0.0,1.6325,3.7767
3029,5.0,7.0,0.0,1.5705,3.8177
3030,5.1,9.0,0.0,1.6592,3.8714
3031,5.8,12.0,0.0,1.9203,3.8394
3032,4.7,7.0,0.0,1.5483,3.8397
3033,4.5,7.0,0.0,1.4673,3.7751
3034,3.6,6.0,0.0,1.2247,3.7146
3035,3.7,5.0,0.0,1.1915,3.7916
3036,5.0,7.0,0.0,1.5716,3.674
3037,4.4,7.0,0.0,1.4421,3.6457
3038,5.4,10.0,0.0,1.8542,3.7172
3039,3.4,5.0,0.0,1.1047,3.6958
3040,3.9,7.0,0.0,1.3396,3.7195
3041,4.2,7.0,0.0,1.3559,3.6917
3042,3.6,6.0,0.0,1.1948,3.6661
3043,4.2,8.0,0.0,1.3883,3.6991
3044,4.2,7.0,0.0,1.4483,3.6519
3045,4.4,8.0,0.0,1.4233,3.6573
3046,3.9,6.0,0.0,1.2643,3.6674
3047,3.3,5.0,0.0,1.1194,3.6807
3048,3.8,6.0,0.0,1.2544,3.6761
3049,3.7,5.0,0.0,1.1954,3.7102
3050,4.3,8.0,0.0,1.4066,3.65
3051,2.6,4.0,0.0,0.9196,3.6135
3052,3.8,6.0,0.0,1.2219,3.6542
3053,5.4,9.0,0.0,1.7949,3.7495
3054,4.5,7.0,0.0,1.4354,3.6608
3055,4.2,6.0,0.0,1.4001,3.655
3056,4.5,7.0,0.0,1.4743,3.6865
3057,3.4,4.0,0.0,1.1511,3.7726
3058,3.8,7.0,0.0,1.2757,3.6635
3059,4.8,9.0,0.0,1.5628,3.7043
3060,4.7,6.0,0.0,1.4858,3.6664
3061,3.9,7.0,0.0,1.3198,3.6212
3062,4.1,6.0,0.0,1.3491,3.6288
3063,2.7,4.0,0.0,0.9783,3.5957
3064,4.4,6.0,0.0,1.4066,3.6476
3065,4.1,9.0,0.0,1.4277,3.6791
3066,5.0,8.0,0.0,1.6168,3.8619
3067,3.9,8.0,0.0,1.363,3.6744
3068,4.3,6.0,0.0,1.3301,3.6151
3069,4.3,7.0,0.0,1.3883,3.6623
3070,4.7,7.0,0.0,1.4992,3.6616
3071,3.8,5.0,0.0,1.2748,3.6754
3072,4.5,7.0,0.0,1.426,3.6439
3073,4.2,6.0,0.0,1.4119,3.6729
3074,4.9,10.0,0.0,1.6725,3.6987
3075,4.0,5.0,0.0,1.3956,3.6886
3076,5.4,7.0,0.0,1.7103,3.6919
3077,4.0,6.0,0.0,1.3477,3.6241
3078,4.2,6.0,0.0,1.4007,3.6605
3079,4.4,7.0,0.0,1.4007,3.6897
3080,3.9,6.0,0.0,1.2196,3.6524
3081,3.4,5.0,0.0,1.1395,3.6614
3082,3.5,6.0,0.0,1.1948,3.6745
3083,4.1,7.0,0.0,1.3689,3.6781
3084,3.7,7.0,0.0,1.2476,3.6739
3085,4.8,7.0,0.0,1.5429,3.6747
3086,3.7,5.0,0.0,1.1786,3.629
3087,4.8,8.0,0.0,1.5708,3.6895
3088,3.3,5.0,0.0,1.0865,3.6471
3089,5.3,13.0,0.0,1.794,3.6229
3090,3.1,5.0,0.0,1.0679,3.668
3091,5.1,10.0,0.0,1.6494,3.7515
3092,4.2,7.0,0.0,1.4564,3.8855
3093,5.4,11.0,0.0,1.8131,3.681
3094,5.7,13.0,0.0,1.995,3.7264
3095,4.4,6.0,0.0,1.3638,3.6588
3096,4.8,10.0,0.0,1.613,3.6721
3097,4.3,6.0,0.0,1.4469,3.6482
3098,3.6,5.0,0.0,1.1718,3.671
3099,3.3,5.0,0.0,1.0989,3.664
3100,3.9,6.0,0.0,1.2288,3.646
3101,3.7,7.0,0.0,1.2649,3.6339
3102,4.0,8.0,0.0,1.3189,3.6652
3103,3.3,6.0,0.0,1.1315,3.6854
3104,5.6,8.0,0.0,1.8149,3.6875
3105,3.0,7.0,0.0,1.1007,3.6539
3106,4.8,7.0,0.0,1.5588,3.6665
3107,5.9,13.0,0.0,1.9701,3.7075
3108,4.2,5.0,0.0,1.3744,3.6204
3109,4.5,11.0,0.0,1.5805,3.7135
3110,4.3,5.0,0.0,1.4281,3.655
3111,4.1,6.0,0.0,1.2948,3.6526
3112,4.1,7.0,0.0,1.3364,3.6248
3113,2.7,3.0,0.0,0.8977,3.6501
3114,4.6,11.0,0.0,1.6153,3.7526
3115,4.7,7.0,0.0,1.5474,3.7504
3116,4.6,6.0,0.0,1.4717,3.6905
3117,3.6,5.0,0.0,1.2057,3.7014
3118,3.6,7.0,0.0,1.2285,3.6614
3119,4.1,7.0,0.0,1.4089,3.6927
3120,5.2,6.0,0.0,1.6606,3.715
3121,5.2,10.0,0.0,1.6496,3.731
3122,4.8,7.0,0.0,1.6254,3.7177
3123,4.3,7.0,0.0,1.4443,3.7866
3124,5.2,10.0,0.0,1.7457,3.7198
3125,4.9,7.0,0.0,1.5483,3.7391
3126,4.0,7.0,0.0,1.3583,3.757
3127,4.6,9.0,0.0,1.5301,3.7498
3128,3.8,5.0,0.0,1.2268,3.7816
3129,4.8,6.0,0.0,1.5222,3.6854
3130,4.3,7.0,0.0,1.3858,3.7585
3131,4.8,7.0,0.0,1.4933,3.8408
3132,4.0,6.0,0.0,1.3229,3.7915
3133,5.8,8.0,0.0,1.8248,3.7155
3134,4.5,6.0,0.0,1.4839,3.8018
3135,4.2,6.0,0.0,1.3566,3.6996
3136,4.8,8.0,0.0,1.6402,3.747
3137,4.6,6.0,0.0,1.4847,3.7561
3138,3.9,5.0,0.0,1.2808,3.7821
3139,5.5,9.0,0.0,1.7542,3.8565
3140,5.1,7.0,0.0,1.6229,3.7562
3141,5.5,11.0,0.0,1.8147,3.9227
3142,3.7,5.0,0.0,1.2366,3.8362
3143,4.0,7.0,0.0,1.2955,3.7001
3144,4.6,7.0,0.0,1.4578,3.7089
3145,3.2,8.0,0.0,1.1721,3.6526
3146,3.7,6.0,0.0,1.1971,3.6871
3147,4.3,10.0,0.0,1.4429,3.6778
3148,4.9,7.0,0.0,1.6394,3.7375
3149,4.4,8.0,0.0,1.461,3.7115
3150,3.9,5.0,0.0,1.2704,3.6719
3151,2.4,4.0,0.0,0.8958,3.6681
3152,4.9,8.0,0.0,1.6062,3.7399
3153,4.2,8.0,0.0,1.4422,3.7203
3154,3.4,5.0,0.0,1.1161,3.6585
3155,3.7,5.0,0.0,1.2166,3.7347
3156,2.9,4.0,0.0,1.0068,3.667
3157,4.8,9.0,0.0,1.6374,3.698
3158,4.2,5.0,0.0,1.3817,3.7534
3159,4.9,8.0,0.0,1.5756,3.744
3160,4.0,5.0,0.0,1.3229,3.8199
3161,5.5,10.0,0.0,1.7578,3.9247
3162,5.3,8.0,0.0,1.7804,3.835
3163,6.3,8.0,0.0,2.0875,4.0
3164,6.2,8.0,0.0,1.9261,3.8903
3165,4.3,6.0,0.0,1.4073,3.7866
3166,4.6,8.0,0.0,1.5124,3.7832
3167,4.5,7.0,0.0,1.4717,3.768
3168,3.5,5.0,0.0,1.0996,3.6398
3169,3.7,5.0,0.0,1.194,3.6338
3170,5.8,7.0,0.0,1.7889,3.7204
3171,5.2,9.0,0.0,1.7867,3.7609
3172,3.7,5.0,0.0,1.253,3.7838
3173,4.3,6.0,0.0,1.3733,3.7483
3174,5.0,12.0,0.0,1.7304,3.7132
3175,4.3,6.0,0.0,1.364,3.7353
3176,3.7,7.0,0.0,1.2038,3.6003
3177,4.3,7.0,0.0,1.4498,3.6279
3178,3.9,6.0,0.0,1.337,3.6626
3179,3.5,5.0,0.0,1.1137,3.6567
3180,5.3,8.0,0.0,1.6845,3.6323
3181,5.3,13.0,0.0,1.8047,3.6237
3182,5.3,10.0,0.0,1.7227,3.618
3183,4.8,8.0,0.0,1.5251,3.6563
3184,4.1,6.0,0.0,1.3361,3.6338
3185,2.9,4.0,0.0,0.9592,3.6241
3186,5.3,7.0,0.0,1.7737,3.6623
3187,4.4,6.0,0.0,1.416,3.6396
3188,6.0,11.0,0.0,1.9975,3.7594
3189,5.1,7.0,0.0,1.7465,3.8258
3190,4.9,8.0,0.0,1.5916,3.7075
3191,4.5,7.0,0.0,1.4834,3.6532
3192,4.1,8.0,0.0,1.382,3.6498
3193,5.0,6.0,0.0,1.619,3.6753
3194,3.6,7.0,0.0,1.2031,3.6145
3195,4.6,7.0,0.0,1.5058,3.6483
3196,4.7,10.0,0.0,1.5708,3.6092
3197,4.3,7.0,0.0,1.4107,3.6314
3198,4.9,14.0,0.0,1.8014,3.6508
3199,4.4,8.0,0.0,1.4654,3.6273
3200,4.8,7.0,0.0,1.558,3.6784
3201,4.9,10.0,0.0,1.683,3.6564
3202,6.3,10.0,0.0,1.9468,3.6562
3203,5.8,9.0,0.0,1.8302,3.7175
3204,6.4,11.0,0.0,2.0803,3.7365
3205,6.1,8.0,0.0,1.9019,3.8143
3206,7.2,13.0,0.0,2.2764,3.9174
3207,9.1,15.0,0.0,2.816,4.0215
3208,6.3,9.0,0.0,2.0616,3.9261
3209,6.7,13.0,0.0,2.229,3.8627
3210,6.2,11.0,0.0,1.9956,3.7575
3211,4.5,8.0,0.0,1.4825,3.7833
3212,7.0,16.0,0.0,2.357,3.6742
3213,4.9,12.0,0.0,1.7342,3.603
3214,5.0,8.0,0.0,1.6266,3.5978
3215,4.9,9.0,0.0,1.6311,3.6716
3216,4.2,7.0,0.0,1.3923,3.6367
3217,4.2,5.0,0.0,1.3229,3.5727
3218,4.6,9.0,0.0,1.5327,3.5855
3219,4.2,6.0,0.0,1.4211,3.682
3220,3.2,4.0,0.0,1.0965,3.6557
3221,4.4,8.0,0.0,1.5133,3.6797
3222,4.2,7.0,0.0,1.3928,3.7084
3223,3.7,6.0,0.0,1.2246,3.7638
3224,2.9,4.0,0.0,0.9899,3.6685
3225,3.6,7.0,0.0,1.2306,3.6608
3226,3.1,4.0,0.0,1.0365,3.5903
3227,3.6,5.0,0.0,1.2369,3.5927
3228,2.6,3.0,0.0,0.9135,3.6105
3229,5.2,11.0,0.0,1.7692,3.7356
3230,4.5,8.0,0.0,1.4627,3.6023
3231,4.2,8.0,0.0,1.4457,3.6829
3232,5.6,10.0,0.0,1.8189,3.7716
3233,4.4,9.0,0.0,1.444,3.7208
3234,5.0,8.0,0.0,1.5865,3.707
3235,4.3,6.0,0.0,1.3826,3.7237
3236,3.5,7.0,0.0,1.1529,3.6466
3237,4.2,8.0,0.0,1.3977,3.6471
3238,3.9,8.0,0.0,1.275,3.6156
3239,3.8,8.0,0.0,1.2955,3.6457
3240,3.8,9.0,0.0,1.3393,3.6168
3241,3.9,5.0,0.0,1.3198,3.7291
3242,3.8,7.0,0.0,1.2722,3.6509
3243,4.9,10.0,0.0,1.6386,3.6985
3244,4.8,8.0,0.0,1.527,3.6032
3245,6.4,10.0,0.0,2.0356,3.8058
3246,5.9,8.0,0.0,1.8962,3.8214
3247,7.7,11.0,0.0,2.4691,3.9839
3248,7.5,12.0,0.0,2.3904,4.0371
3249,6.8,11.0,0.0,2.1407,4.024
3250,6.3,9.0,0.0,2.0111,3.8493
3251,6.1,14.0,0.0,2.1129,3.6725
3252,6.1,9.0,0.0,1.9498,3.749
3253,6.9,11.0,0.0,2.1627,3.8249
3254,4.6,6.0,0.0,1.4769,3.7519
3255,5.9,10.0,0.0,1.9383,3.8155
3256,5.0,7.0,0.0,1.5542,3.7381
3257,5.0,8.0,0.0,1.6086,3.7188
3258,5.6,9.0,0.0,1.7947,3.6904
3259,6.4,9.0,0.0,1.9767,3.6384
3260,5.4,7.0,0.0,1.7177,3.7068
3261,5.7,9.0,0.0,1.827,3.7518
3262,7.4,15.0,0.0,2.4269,3.8258
3263,4.9,11.0,0.0,1.6794,3.6205
3264,5.2,8.0,0.0,1.6576,3.7041
3265,4.2,6.0,0.0,1.4586,3.807
3266,6.2,11.0,0.0,2.0261,3.779
3267,6.3,10.0,0.0,2.0497,3.7949
3268,7.3,14.0,0.0,2.3761,3.9584
3269,4.9,8.0,0.0,1.6241,3.7184
3270,5.8,13.0,0.0,1.9591,3.6294
3271,7.0,10.0,0.0,2.2324,3.8753
3272,4.9,7.0,0.0,1.5315,3.6714
3273,4.5,6.0,0.0,1.4387,3.6486
3274,3.5,5.0,0.0,1.1653,3.5865
3275,4.8,10.0,0.0,1.6276,3.6848
3276,4.8,7.0,0.0,1.5728,3.7525
3277,5.2,6.0,0.0,1.6665,3.7137
3278,4.5,7.0,0.0,1.4741,3.748
3279,4.3,8.0,0.0,1.4525,3.7718
3280,6.0,12.0,0.0,1.9636,3.7011
3281,4.1,7.0,0.0,1.3978,3.7873
3282,4.2,6.0,0.0,1.405,3.6583
3283,5.4,8.0,0.0,1.7475,3.6708
3284,4.4,8.0,0.0,1.449,3.7052
3285,4.8,6.0,0.0,1.5534,3.6522
3286,3.0,4.0,0.0,1.0105,3.588
3287,4.2,6.0,0.0,1.3675,3.6074
3288,3.7,8.0,0.0,1.2659,3.6137
3289,5.6,8.0,0.0,1.8221,3.718
3290,4.1,5.0,0.0,1.3438,3.6315
3291,4.7,7.0,0.0,1.5158,3.6519
3292,4.3,9.0,0.0,1.477,3.6552
3293,4.4,7.0,0.0,1.4484,3.6508
3294,4.1,6.0,0.0,1.3884,3.634
3295,4.4,10.0,0.0,1.5721,3.7395
3296,3.1,4.0,0.0,1.0294,3.6319
3297,4.5,6.0,0.0,1.3622,3.6889
3298,4.5,6.0,0.0,1.4687,3.6368
3299,5.3,8.0,0.0,1.7072,3.6537
3300,4.5,6.0,0.0,1.4188,3.7459
3301,5.1,9.0,0.0,1.6515,3.835
3302,3.0,6.0,0.0,1.067,3.6421
3303,4.0,6.0,0.0,1.3542,3.6696
3304,4.1,5.0,0.0,1.2703,3.6554
3305,3.4,5.0,0.0,1.0989,3.5862
3306,3.9,5.0,0.0,1.3076,3.5869
3307,2.7,4.0,0.0,0.9552,3.6038
3308,4.0,7.0,0.0,1.3301,3.5644
3309,3.0,4.0,0.0,1.0168,3.593
3310,4.5,6.0,0.0,1.4698,3.6083
3311,4.8,7.0,0.0,1.5835,3.608
3312,4.4,9.0,0.0,1.4894,3.5741
3313,3.0,6.0,0.0,1.1016,3.5855
3314,3.6,5.0,0.0,1.1779,3.5677
3315,4.8,6.0,0.0,1.5191,3.6618
3316,3.9,6.0,0.0,1.3014,3.668
3317,4.2,7.0,0.0,1.4036,3.5963
3318,4.2,8.0,0.0,1.3771,3.5913
3319,3.7,7.0,0.0,1.2955,3.6163
3320,2.8,5.0,0.0,0.9861,3.6006
3321,5.2,8.0,0.0,1.6401,3.5989
3322,2.8,4.0,0.0,0.9783,3.5713
3323,3.3,4.0,0.0,1.0712,3.5888
3324,2.9,4.0,0.0,1.0,3.5706
3325,4.3,13.0,0.0,1.6657,3.5862
3326,5.2,11.0,0.0,1.7782,3.6842
3327,3.6,6.0,0.0,1.2464,3.5853
3328,3.0,4.0,0.0,0.9905,3.5631
3329,4.0,6.0,0.0,1.3318,3.5891
3330,2.9,4.0,0.0,0.9849,3.5796
3331,2.7,4.0,0.0,0.9171,3.5783
3332,3.4,6.0,0.0,1.1187,3.5961
3333,5.1,12.0,0.0,1.8552,3.5786
3334,4.4,7.0,0.0,1.5716,3.6099
3335,3.8,5.0,0.0,1.2369,3.6062
3336,3.7,6.0,0.0,1.2408,3.5884
3337,3.2,5.0,0.0,1.0781,3.5748
3338,4.4,7.0,0.0,1.4354,3.6024
3339,3.9,6.0,0.0,1.299,3.5655
3340,4.4,12.0,0.0,1.657,3.6929
3341,5.2,8.0,0.0,1.6675,3.6334
3342,5.0,11.0,0.0,1.7727,3.6811
3343,6.4,16.0,0.0,2.2866,3.8333
3344,4.0,6.0,0.0,1.3228,3.6461
3345,4.9,10.0,0.0,1.5855,3.6617
3346,4.0,9.0,0.0,1.4481,3.6001
3347,2.8,5.0,0.0,0.9646,3.6001
3348,3.3,6.0,0.0,1.1079,3.6478
3349,3.8,7.0,0.0,1.2703,3.6878
3350,4.9,7.0,0.0,1.58,3.7025
3351,4.0,8.0,0.0,1.3403,3.7172
3352,3.8,5.0,0.0,1.2081,3.7465
3353,3.9,10.0,0.0,1.3747,3.7436
3354,3.5,5.0,0.0,1.1823,3.7047
3355,4.0,6.0,0.0,1.3453,3.6325
3356,5.7,10.0,0.0,1.9197,3.8363
3357,5.8,10.0,0.0,1.8733,3.7554
3358,6.1,10.0,0.0,1.9974,3.6976
3359,5.5,9.0,0.0,1.7577,3.7071
3360,5.9,11.0,0.0,1.8797,3.7978
3361,5.6,8.0,0.0,1.7487,3.7121
3362,5.3,7.0,0.0,1.6619,3.9077
3363,7.6,12.0,0.0,2.454,3.9708
3364,6.8,12.0,0.0,2.2129,3.806
3365,5.6,7.0,0.0,1.7349,3.7733
3366,3.8,6.0,0.0,1.2961,3.8395
3367,4.8,8.0,0.0,1.5524,3.8503
3368,5.4,7.0,0.0,1.6925,3.7512
3369,3.5,5.0,0.0,1.0953,3.6458
3370,5.1,8.0,0.0,1.6229,3.6531
3371,4.8,9.0,0.0,1.5538,3.6967
3372,5.7,8.0,0.0,1.8244,3.7627
3373,4.2,9.0,0.0,1.4283,3.7543
3374,3.4,4.0,0.0,1.1386,3.7429
3375,3.7,5.0,0.0,1.2369,3.6967
3376,4.1,7.0,0.0,1.371,3.6698
3377,4.6,7.0,0.0,1.5074,3.7244
3378,5.0,10.0,0.0,1.6512,3.7237
3379,6.9,12.0,0.0,2.1231,3.8495
3380,5.2,8.0,0.0,1.5825,3.8466
3381,4.2,7.0,0.0,1.3585,3.8147
3382,4.0,5.0,0.0,1.2462,3.7245
3383,4.2,5.0,0.0,1.4233,3.7691
3384,4.1,5.0,0.0,1.3177,3.7696
3385,5.1,7.0,0.0,1.6576,3.7474
3386,4.8,9.0,0.0,1.5516,3.7117
3387,3.5,7.0,0.0,1.2151,3.6426
3388,4.6,8.0,0.0,1.4879,3.6999
3389,4.0,8.0,0.0,1.3616,3.6629
3390,5.3,9.0,0.0,1.8076,3.6269
3391,5.2,8.0,0.0,1.621,3.6395
3392,4.0,6.0,0.0,1.3415,3.566
3393,2.7,4.0,0.0,0.9344,3.5634
3394,5.0,11.0,0.0,1.6929,3.5821
3395,3.8,7.0,0.0,1.2314,3.5545
3396,4.9,11.0,0.0,1.6736,3.6229
3397,4.2,6.0,0.0,1.4177,3.5935
3398,3.4,6.0,0.0,1.1772,3.5677
3399,4.1,9.0,0.0,1.4213,3.5547
3400,4.5,7.0,0.0,1.4714,3.5638
3401,4.2,7.0,0.0,1.3674,3.5704
3402,3.9,8.0,0.0,1.3274,3.5657
3403,3.8,6.0,0.0,1.2403,3.5925
3404,3.7,6.0,0.0,1.1646,3.5809
3405,3.9,6.0,0.0,1.2574,3.5991
3406,4.2,8.0,0.0,1.4245,3.6353
3407,3.5,6.0,0.0,1.182,3.5786
3408,3.9,6.0,0.0,1.2935,3.6019
3409,3.7,5.0,0.0,1.259,3.605
3410,3.8,5.0,0.0,1.2057,3.5843
3411,4.3,7.0,0.0,1.3905,3.6297
3412,3.6,6.0,0.0,1.2369,3.6777
3413,5.2,12.0,0.0,1.839,3.6062
3414,4.9,8.0,0.0,1.6394,3.6091
3415,4.0,7.0,0.0,1.3999,3.6373
3416,6.4,12.0,0.0,2.0633,3.6794
3417,4.0,9.0,0.0,1.4247,3.5907
3418,3.4,6.0,0.0,1.1136,3.5802
3419,3.8,6.0,0.0,1.2221,3.6287
3420,4.0,7.0,0.0,1.3645,3.5919
3421,4.4,8.0,0.0,1.4731,3.6117
3422,3.6,5.0,0.0,1.1918,3.6011
3423,4.3,8.0,0.0,1.4548,3.5973
3424,5.2,10.0,0.0,1.7056,3.624
3425,4.6,11.0,0.0,1.5968,3.6036
3426,4.4,6.0,0.0,1.4548,3.6092
3427,3.2,4.0,0.0,1.1091,3.5916
3428,4.0,7.0,0.0,1.3189,3.6089
3429,3.3,5.0,0.0,1.0761,3.6213
3430,4.0,5.0,0.0,1.2688,3.6413
3431,3.9,5.0,0.0,1.337,3.6262
3432,4.8,7.0,0.0,1.5305,3.6635
3433,4.8,8.0,0.0,1.5551,3.6268
3434,3.7,6.0,0.0,1.2651,3.6021
3435,3.2,4.0,0.0,1.1314,3.5914
3436,3.7,5.0,0.0,1.2304,3.6558
3437,3.8,5.0,0.0,1.1686,3.5905
3438,4.0,6.0,0.0,1.2883,3.6064
3439,4.4,14.0,0.0,1.7013,3.5936
3440,3.5,6.0,0.0,1.1543,3.5609
3441,4.3,8.0,0.0,1.4232,3.5733
3442,3.4,5.0,0.0,1.1236,3.5511
3443,3.9,5.0,0.0,1.2714,3.5831
3444,2.6,4.0,0.0,0.9495,3.5775
3445,3.4,5.0,0.0,1.1227,3.6057
3446,4.0,6.0,0.0,1.3403,3.6101
3447,5.6,10.0,0.0,1.8763,3.6349
3448,4.0,5.0,0.0,1.3253,3.6246
3449,3.8,6.0,0.0,1.2735,3.6881
3450,5.0,13.0,0.0,1.8388,3.6797
3451,4.1,7.0,0.0,1.3295,3.6925
3452,4.9,7.0,0.0,1.5662,3.6303
3453,3.4,4.0,0.0,1.1225,3.6866
3454,4.3,6.0,0.0,1.4098,3.7179
3455,4.2,6.0,0.0,1.3947,3.6675
3456,5.1,7.0,0.0,1.5718,3.784
3457,4.6,7.0,0.0,1.4358,3.7402
3458,4.7,7.0,0.0,1.4925,3.6602
3459,4.9,6.0,0.0,1.5053,3.618
3460,4.3,5.0,0.0,1.3191,3.6321
3461,4.8,8.0,0.0,1.5311,3.7498
3462,4.7,7.0,0.0,1.5251,3.7204
3463,5.1,7.0,0.0,1.5452,3.7375
3464,4.5,5.0,0.0,1.4809,3.6494
3465,5.0,7.0,0.0,1.5366,3.6344
3466,6.1,9.0,0.0,1.8954,3.7223
3467,4.0,6.0,0.0,1.2773,3.6915
3468,4.6,6.0,0.0,1.501,3.7378
3469,4.7,11.0,0.0,1.6471,3.6647
3470,5.5,8.0,0.0,1.6763,3.6954
3471,4.4,8.0,0.0,1.4632,3.6562
3472,3.3,4.0,0.0,1.063,3.7039
3473,4.5,8.0,0.0,1.5285,3.7196
3474,4.0,7.0,0.0,1.347,3.7256
3475,3.6,4.0,0.0,1.184,3.6032
3476,3.3,4.0,0.0,1.1446,3.6165
3477,3.7,7.0,0.0,1.3037,3.5901
3478,4.9,8.0,0.0,1.5748,3.6314
3479,3.7,5.0,0.0,1.1741,3.6188
3480,4.5,6.0,0.0,1.4372,3.6403
3481,4.5,12.0,0.0,1.6113,3.6056
3482,3.5,5.0,0.0,1.1461,3.5974
3483,3.1,5.0,0.0,1.0798,3.5937
3484,4.4,7.0,0.0,1.3803,3.6574
3485,3.6,4.0,0.0,1.1864,3.5881
3486,4.1,7.0,0.0,1.3228,3.6189
3487,3.4,7.0,0.0,1.1584,3.5818
3488,3.3,5.0,0.0,1.1098,3.5542
3489,5.0,7.0,0.0,1.5701,3.5689
3490,3.0,4.0,0.0,0.9929,3.5445
3491,3.7,5.0,0.0,1.2249,3.5343
3492,2.8,3.0,0.0,0.9556,3.5567
3493,3.6,5.0,0.0,1.1664,3.5765
3494,4.3,7.0,0.0,1.4898,3.573
3495,3.5,6.0,0.0,1.1456,3.5804
3496,3.7,7.0,0.0,1.2891,3.5832
3497,4.5,10.0,0.0,1.5679,3.6013
3498,4.8,7.0,0.0,1.5028,3.5841
3499,2.9,4.0,0.0,0.9701,3.574
3500,4.8,7.0,0.0,1.4955,3.5595
3501,3.5,5.0,0.0,1.1047,3.5575
3502,5.2,8.0,0.0,1.6716,3.6022
3503,4.3,7.0,0.0,1.4384,3.5766
3504,4.9,15.0,0.0,1.8595,3.5948
3505,5.2,8.0,0.0,1.7,3.5786
3506,3.9,6.0,0.0,1.3077,3.594
3507,4.6,7.0,0.0,1.4594,3.6026
3508,3.6,7.0,0.0,1.2255,3.5525
3509,3.3,5.0,0.0,1.0618,3.534
3510,4.6,7.0,0.0,1.5,3.5763
3511,3.6,5.0,0.0,1.2002,3.594
3512,4.0,7.0,0.0,1.2883,3.6164
3513,3.9,6.0,0.0,1.28,3.5408
3514,3.5,5.0,0.0,1.1632,3.5144
3515,3.8,6.0,0.0,1.2278,3.571
3516,4.3,10.0,0.0,1.4933,3.526
3517,4.1,5.0,0.0,1.3037,3.5305
3518,4.3,9.0,0.0,1.4812,3.6137
3519,3.9,6.0,0.0,1.2748,3.574
3520,3.4,5.0,0.0,1.1134,3.5869
3521,4.4,12.0,0.0,1.5989,3.6023
3522,3.6,6.0,0.0,1.1985,3.5603
3523,4.7,10.0,0.0,1.5652,3.5372
3524,4.6,8.0,0.0,1.6192,3.5538
3525,3.9,5.0,0.0,1.2878,3.5451
3526,3.7,5.0,0.0,1.1797,3.5176
3527,3.7,5.0,0.0,1.2114,3.5565
3528,4.3,13.0,0.0,1.6366,3.5838
3529,4.1,6.0,0.0,1.3783,3.5477
3530,4.5,8.0,0.0,1.5172,3.6293
3531,5.4,9.0,0.0,1.728,3.7278
3532,4.9,11.0,0.0,1.6681,3.6038
3533,5.0,7.0,0.0,1.5367,3.6597
3534,4.8,9.0,0.0,1.6288,3.6216
3535,5.0,10.0,0.0,1.6701,3.5885
3536,4.1,6.0,0.0,1.3592,3.6145
3537,5.9,9.0,0.0,1.8601,3.6842
3538,5.2,10.0,0.0,1.7245,3.8562
3539,4.6,8.0,0.0,1.5272,3.8565
3540,6.5,10.0,0.0,2.0555,3.8714
3541,5.8,9.0,0.0,1.828,3.8963
3542,4.9,9.0,0.0,1.6279,3.8465
3543,4.0,6.0,0.0,1.3454,3.6899
3544,4.5,13.0,0.0,1.6669,3.7099
3545,4.2,8.0,0.0,1.3883,3.7041
3546,3.6,7.0,0.0,1.219,3.6834
3547,5.4,10.0,0.0,1.8103,3.7425
3548,5.3,9.0,0.0,1.7349,3.6709
3549,3.8,6.0,0.0,1.3038,3.759
3550,4.0,6.0,0.0,1.2922,3.6485
3551,4.1,5.0,0.0,1.3598,3.6497
3552,5.1,9.0,0.0,1.7349,3.7761
3553,6.8,9.0,0.0,2.0615,3.7634
3554,4.6,6.0,0.0,1.5105,3.679
3555,4.2,6.0,0.0,1.3168,3.6716
3556,3.5,5.0,0.0,1.1598,3.6049
3557,3.4,5.0,0.0,1.1105,3.6089
3558,3.3,6.0,0.0,1.1107,3.6086
3559,2.9,4.0,0.0,1.0028,3.6471
3560,3.5,6.0,0.0,1.1609,3.6844
3561,5.5,8.0,0.0,1.7749,3.7133
3562,4.4,7.0,0.0,1.497,3.6245
3563,4.1,5.0,0.0,1.3394,3.6299
3564,5.9,12.0,0.0,1.9601,3.6177
3565,4.2,6.0,0.0,1.3363,3.5686
3566,3.7,6.0,0.0,1.2563,3.5678
3567,3.7,5.0,0.0,1.2236,3.5783
3568,4.1,7.0,0.0,1.3955,3.59
3569,4.1,7.0,0.0,1.3739,3.5502
3570,4.6,7.0,0.0,1.4858,3.66
3571,5.5,10.0,0.0,1.7383,3.6609
3572,3.9,6.0,0.0,1.3027,3.6878
3573,5.7,9.0,0.0,1.7903,3.7134
3574,5.2,8.0,0.0,1.6882,3.7088
3575,4.1,6.0,0.0,1.3046,3.7339
3576,6.1,7.0,0.0,1.9203,3.7992
3577,4.8,10.0,0.0,1.5724,3.7292
3578,5.4,7.0,0.0,1.6566,3.7906
3579,4.4,7.0,0.0,1.4476,3.8564
3580,4.2,5.0,0.0,1.3883,3.6832
3581,6.2,11.0,0.0,1.9494,3.6207
3582,6.0,11.0,0.0,2.0537,3.8197
3583,5.9,12.0,0.0,1.9334,3.8135
3584,5.2,6.0,0.0,1.6713,3.8728
3585,5.4,8.0,0.0,1.7514,4.0325
3586,4.1,6.0,0.0,1.3379,3.6406
3587,4.6,9.0,0.0,1.5754,3.5973
3588,4.3,8.0,0.0,1.4616,3.5615
3589,5.2,8.0,0.0,1.6739,3.6021
3590,4.0,6.0,0.0,1.3615,3.5606
3591,3.7,5.0,0.0,1.2186,3.5465
3592,4.0,6.0,0.0,1.3964,3.5547
3593,4.1,6.0,0.0,1.337,3.568
3594,4.1,6.0,0.0,1.3761,3.5291
3595,4.9,6.0,0.0,1.5213,3.5023
3596,4.1,6.0,0.0,1.3592,3.525
3597,4.0,7.0,0.0,1.3551,3.5298
3598,3.8,7.0,0.0,1.3143,3.5215
3599,3.9,7.0,0.0,1.253,3.5444
3600,5.3,15.0,0.0,1.9435,3.5601
3601,4.8,10.0,0.0,1.6314,3.5698
3602,3.7,5.0,0.0,1.2609,3.5483
3603,2.9,7.0,0.0,1.0428,3.5358
3604,4.4,6.0,0.0,1.3715,3.5717
3605,4.2,7.0,0.0,1.3856,3.5563
3606,5.1,11.0,0.0,1.6966,3.6305
3607,5.4,8.0,0.0,1.7187,3.6075
3608,4.2,7.0,0.0,1.4586,3.5799
3609,4.7,7.0,0.0,1.5366,3.6305
3610,4.5,6.0,0.0,1.4678,3.6045
3611,5.9,11.0,0.0,1.9751,3.7038
3612,4.4,6.0,0.0,1.395,3.6395
3613,5.1,13.0,0.0,1.8213,3.6676
3614,4.9,9.0,0.0,1.5931,3.637
3615,4.6,7.0,0.0,1.5106,3.6482
3616,4.8,8.0,0.0,1.5698,3.5889
3617,4.7,7.0,0.0,1.458,3.5697
3618,3.5,5.0,0.0,1.1576,3.5572
3619,4.8,7.0,0.0,1.5652,3.5575
3620,3.6,5.0,0.0,1.2166,3.5487
3621,4.6,7.0,0.0,1.4676,3.5998
3622,5.4,8.0,0.0,1.7245,3.6665
3623,5.7,8.0,0.0,1.8583,3.7415
3624,7.4,14.0,0.0,2.3297,4.0371
3625,6.1,10.0,0.0,2.0095,4.0394
3626,7.1,13.0,0.0,2.2995,4.2027
3627,4.5,6.0,0.0,1.4483,3.7656
3628,5.5,11.0,0.0,1.8296,3.8645
3629,4.9,6.0,0.0,1.6031,3.8287
3630,5.1,9.0,0.0,1.6447,3.7279
3631,5.6,10.0,0.0,1.7962,3.8222
3632,6.6,10.0,0.0,2.0512,3.9691
3633,6.5,14.0,0.0,2.1993,3.8337
3634,5.9,10.0,0.0,1.8634,3.8996
3635,5.9,9.0,0.0,1.8356,3.8471
3636,4.6,6.0,0.0,1.4723,3.8078
3637,6.3,12.0,0.0,2.0223,3.8992
3638,4.7,8.0,0.0,1.5754,3.7347
3639,4.2,6.0,0.0,1.3817,3.7794
3640,4.2,6.0,0.0,1.3527,3.7213
3641,4.1,5.0,0.0,1.303,3.7398
3642,5.6,11.0,0.0,1.8661,3.7892
3643,4.5,6.0,0.0,1.4302,3.6819
3644,5.3,8.0,0.0,1.7486,3.724
3645,4.7,9.0,0.0,1.5452,3.761
3646,4.0,6.0,0.0,1.3274,3.6604
3647,4.0,6.0,0.0,1.287,3.6116
3648,4.4,6.0,0.0,1.4,3.6749
3649,3.6,7.0,0.0,1.214,3.6669
3650,4.4,7.0,0.0,1.3784,3.6599
3651,4.4,10.0,0.0,1.4685,3.6693
3652,4.0,7.0,0.0,1.3274,3.6251
3653,3.7,5.0,0.0,1.2352,3.6805
3654,4.0,6.0,0.0,1.2938,3.6244
3655,5.0,8.0,0.0,1.6351,3.607
3656,3.3,4.0,0.0,1.0959,3.649
3657,4.1,9.0,0.0,1.3999,3.7005
3658,5.3,7.0,0.0,1.7124,3.6417
3659,3.3,4.0,0.0,1.0824,3.6372
3660,4.3,9.0,0.0,1.4456,3.6639
3661,3.1,5.0,0.0,1.0651,3.6316
3662,3.6,5.0,0.0,1.1948,3.6935
3663,5.5,9.0,0.0,1.7196,3.7235
3664,4.4,5.0,0.0,1.4957,3.7335
3665,5.0,10.0,0.0,1.6993,3.7016
3666,4.0,7.0,0.0,1.3331,3.7025
3667,3.6,6.0,0.0,1.1924,3.6386
3668,3.6,5.0,0.0,1.1874,3.6262
3669,4.1,8.0,0.0,1.3955,3.6218
3670,4.9,7.0,0.0,1.6014,3.7205
3671,5.0,7.0,0.0,1.5768,3.6637
3672,4.5,8.0,0.0,1.455,3.661
3673,3.9,6.0,0.0,1.3644,3.6643
3674,4.6,7.0,0.0,1.5199,3.6651
3675,4.3,5.0,0.0,1.4177,3.6658
3676,3.9,6.0,0.0,1.2643,3.623
3677,3.6,6.0,0.0,1.2206,3.6069
3678,4.9,9.0,0.0,1.5976,3.6683
3679,4.5,7.0,0.0,1.4169,3.6956
3680,3.6,6.0,0.0,1.1837,3.6133
3681,4.2,7.0,0.0,1.3955,3.6094
3682,4.0,6.0,0.0,1.3467,3.634
3683,5.2,7.0,0.0,1.656,3.6648
3684,4.3,6.0,0.0,1.4358,3.6917
3685,3.9,5.0,0.0,1.309,3.6655
3686,4.2,5.0,0.0,1.3956,3.7117
3687,4.5,7.0,0.0,1.4401,3.7092
3688,4.3,6.0,0.0,1.3836,3.7909
3689,5.7,11.0,0.0,1.8624,3.8436
3690,5.9,9.0,0.0,1.8786,3.9936
3691,5.2,8.0,0.0,1.7168,3.8158
3692,3.2,5.0,0.0,1.044,3.7338
3693,3.3,4.0,0.0,1.0723,3.7213
3694,4.2,5.0,0.0,1.3379,3.6975
3695,4.0,8.0,0.0,1.3379,3.6546
3696,3.8,6.0,0.0,1.194,3.6425
3697,3.3,5.0,0.0,1.0923,3.6702
3698,3.5,6.0,0.0,1.1269,3.6709
3699,5.8,8.0,0.0,1.8158,3.711
3700,4.5,9.0,0.0,1.5264,3.6557
3701,5.0,8.0,0.0,1.6116,3.7417
3702,4.0,8.0,0.0,1.3598,3.6073
3703,5.2,13.0,0.0,1.8638,3.6961
3704,3.7,6.0,0.0,1.2884,3.6703
3705,4.5,8.0,0.0,1.4716,3.6754
3706,6.5,12.0,0.0,2.1325,3.7685
3707,7.2,11.0,0.0,2.2857,3.8868
3708,5.2,10.0,0.0,1.7177,3.7507
3709,6.0,9.0,0.0,1.872,3.7574
3710,7.3,11.0,0.0,2.2409,3.8129
3711,5.8,8.0,0.0,1.8713,3.6848
3712,6.1,10.0,0.0,1.9605,3.8093
3713,5.9,10.0,0.0,1.9983,3.8585
3714,4.5,7.0,0.0,1.4871,3.6385
3715,4.1,6.0,0.0,1.3921,3.687
3716,3.8,6.0,0.0,1.2969,3.6449
3717,4.6,7.0,0.0,1.49,3.6106
3718,4.4,7.0,0.0,1.4608,3.6207
3719,5.7,10.0,0.0,1.8346,3.644
3720,4.4,6.0,0.0,1.4104,3.6379
3721,4.2,7.0,0.0,1.4214,3.6845
3722,5.9,10.0,0.0,1.9172,3.7267
3723,5.0,9.0,0.0,1.6496,3.6646
3724,7.1,10.0,0.0,2.1941,3.8154
3725,8.8,19.0,0.0,2.8,4.0511
3726,8.2,13.0,0.0,2.5445,4.1372
3727,8.5,16.0,0.0,2.736,4.15
3728,8.4,12.0,0.0,2.5879,4.1643
3729,6.9,10.0,0.0,2.1055,4.0929
3730,8.2,13.0,0.0,2.5996,4.0952
3731,7.0,9.0,0.0,2.2365,3.9909
3732,8.2,16.0,0.0,2.6346,3.9721
3733,7.2,11.0,0.0,2.2655,3.8433
3734,9.6,12.0,0.0,2.9471,3.988
3735,9.6,14.0,0.0,3.0393,3.7726
3736,8.6,17.0,0.0,2.7857,3.8902
3737,6.0,11.0,0.0,1.9328,3.7214
3738,4.9,8.0,0.0,1.5835,3.6831
3739,5.4,10.0,0.0,1.8187,3.6941
3740,4.3,6.0,0.0,1.4027,3.7243
3741,6.0,10.0,0.0,1.9126,3.6981
3742,6.3,10.0,0.0,2.0785,3.7854
3743,5.3,7.0,0.0,1.6763,3.8063
3744,9.0,11.0,0.0,2.7458,3.8665
3745,4.9,7.0,0.0,1.5772,3.8031
3746,5.2,8.0,0.0,1.6751,3.745
3747,4.9,10.0,0.0,1.6971,3.7547
3748,4.4,6.0,0.0,1.4302,3.6687
3749,4.6,11.0,0.0,1.6433,3.6488
3750,4.7,7.0,0.0,1.5146,3.7636
3751,3.9,5.0,0.0,1.2649,3.7042
3752,5.6,11.0,0.0,1.8554,3.7967
3753,4.0,6.0,0.0,1.3115,3.8082
3754,4.3,6.0,0.0,1.4142,3.6404
3755,4.9,7.0,0.0,1.5534,3.6957
3756,3.9,5.0,0.0,1.2842,3.7005
3757,4.2,7.0,0.0,1.363,3.7091
3758,5.3,9.0,0.0,1.6818,3.6306
3759,4.5,8.0,0.0,1.4654,3.6745
3760,4.8,8.0,0.0,1.593,3.7108
3761,5.2,9.0,0.0,1.6974,3.6819
3762,4.6,6.0,0.0,1.4892,3.7603
3763,4.8,6.0,0.0,1.5237,3.7691
3764,5.2,7.0,0.0,1.6738,3.7022
3765,3.8,6.0,0.0,1.2203,3.6524
3766,4.4,7.0,0.0,1.4696,3.7202
3767,5.4,11.0,0.0,1.7397,3.7111
3768,5.8,11.0,0.0,1.8915,3.7453
3769,7.7,17.0,0.0,2.5316,3.9287
3770,7.2,13.0,0.0,2.3289,3.8758
3771,7.3,10.0,0.0,2.2333,3.8532
3772,6.8,12.0,0.0,2.2045,3.9032
3773,5.7,8.0,0.0,1.8346,3.8575
3774,6.1,12.0,0.0,2.0215,3.7876
3775,4.7,11.0,0.0,1.6515,3.7947
3776,4.5,7.0,0.0,1.4539,3.7704
3777,4.9,9.0,0.0,1.6143,3.6612
3778,4.2,9.0,0.0,1.4106,3.6744
3779,4.0,8.0,0.0,1.3541,3.696
3780,3.6,7.0,0.0,1.2032,3.5992
3781,4.1,6.0,0.0,1.326,3.6956
3782,4.0,9.0,0.0,1.4035,3.6177
3783,4.4,9.0,0.0,1.4548,3.7149
3784,3.7,6.0,0.0,1.2592,3.7195
3785,4.0,7.0,0.0,1.3089,3.8063
3786,4.2,5.0,0.0,1.4098,3.8186
3787,5.2,8.0,0.0,1.6363,3.8213
3788,4.8,8.0,0.0,1.5297,3.8202
3789,3.8,5.0,0.0,1.3078,3.8035
3790,4.5,8.0,0.0,1.4678,3.7385
3791,6.0,9.0,0.0,1.8991,3.7477
3792,4.6,6.0,0.0,1.4379,3.7052
3793,4.9,9.0,0.0,1.5662,3.6959
3794,3.7,5.0,0.0,1.2002,3.6398
3795,4.7,6.0,0.0,1.4824,3.6356
3796,4.1,8.0,0.0,1.3774,3.5779
3797,4.0,6.0,0.0,1.2225,3.6074
3798,3.7,6.0,0.0,1.2038,3.6459
3799,4.4,8.0,0.0,1.44,3.6387
3800,3.1,5.0,0.0,1.044,3.5899
3801,3.9,8.0,0.0,1.3015,3.5905
3802,4.0,7.0,0.0,1.3256,3.6964
3803,3.5,7.0,0.0,1.1871,3.7097
3804,3.7,7.0,0.0,1.3143,3.6954
3805,4.3,7.0,0.0,1.4353,3.692
3806,3.5,6.0,0.0,1.1548,3.638
3807,3.8,6.0,0.0,1.2446,3.6872
3808,3.9,8.0,0.0,1.3511,3.6742
3809,4.7,7.0,0.0,1.5026,3.7097
3810,5.2,12.0,0.0,1.8003,3.7076
3811,5.1,8.0,0.0,1.6148,3.7039
3812,4.9,10.0,0.0,1.6248,3.6757
3813,3.6,5.0,0.0,1.2464,3.6552
3814,4.4,7.0,0.0,1.3739,3.6563
3815,4.5,9.0,0.0,1.4914,3.6799
3816,4.6,10.0,0.0,1.5169,3.6422
3817,6.5,9.0,0.0,2.0039,3.7102
3818,3.7,5.0,0.0,1.2196,3.6863
3819,5.6,13.0,0.0,1.8542,3.7414
3820,4.6,7.0,0.0,1.4663,3.6234
3821,3.7,8.0,0.0,1.257,3.6616
3822,3.8,7.0,0.0,1.2795,3.6339
3823,3.4,4.0,0.0,1.1574,3.6282
3824,3.5,5.0,0.0,1.2159,3.6342
3825,3.8,5.0,0.0,1.2252,3.6445
3826,5.0,6.0,0.0,1.5635,3.6448
3827,3.9,6.0,0.0,1.2679,3.6467
3828,5.1,8.0,0.0,1.6362,3.6501
3829,4.8,8.0,0.0,1.5547,3.695
3830,3.8,5.0,0.0,1.2352,3.6658
3831,4.9,7.0,0.0,1.5348,3.7497
3832,6.0,9.0,0.0,1.9143,3.7438
3833,3.6,5.0,0.0,1.245,3.7389
3834,4.9,7.0,0.0,1.6251,3.8306
3835,4.8,6.0,0.0,1.6056,3.7583
3836,4.9,7.0,0.0,1.4975,3.7991
3837,4.7,8.0,0.0,1.4992,3.7242
3838,4.5,8.0,0.0,1.4984,3.6765
3839,5.5,11.0,0.0,1.816,3.6968
3840,3.3,5.0,0.0,1.0609,3.6311
3841,4.0,8.0,0.0,1.337,3.6053
3842,4.5,7.0,0.0,1.4903,3.6761
3843,3.4,6.0,0.0,1.1672,3.6052
3844,5.0,7.0,0.0,1.5843,3.6569
3845,4.1,6.0,0.0,1.3632,3.6137
3846,3.7,6.0,0.0,1.2419,3.6647
3847,3.9,5.0,0.0,1.2329,3.6335
3848,4.2,8.0,0.0,1.3715,3.6754
3849,4.1,7.0,0.0,1.3601,3.6004
3850,3.1,4.0,0.0,1.0184,3.6271
3851,5.0,10.0,0.0,1.6491,3.589
3852,3.1,4.0,0.0,0.9836,3.623
3853,3.4,6.0,0.0,1.1608,3.6052
3854,4.1,8.0,0.0,1.4048,3.5989
3855,3.4,5.0,0.0,1.1029,3.657
3856,3.8,5.0,0.0,1.3122,3.6868
3857,4.7,8.0,0.0,1.5627,3.6771
3858,4.9,12.0,0.0,1.6993,3.6783
3859,4.1,6.0,0.0,1.3483,3.6812
3860,4.1,8.0,0.0,1.3855,3.652
3861,3.7,7.0,0.0,1.2225,3.6552
3862,4.3,9.0,0.0,1.4827,3.6652
3863,3.7,6.0,0.0,1.2186,3.621
3864,4.5,7.0,0.0,1.46,3.6577
3865,3.9,5.0,0.0,1.2609,3.6387
3866,4.2,8.0,0.0,1.4673,3.6364
3867,3.5,5.0,0.0,1.1638,3.6146
3868,3.4,5.0,0.0,1.118,3.6062
3869,3.2,5.0,0.0,1.089,3.6236
3870,3.4,6.0,0.0,1.1522,3.6245
3871,4.0,6.0,0.0,1.3336,3.6581
3872,2.7,5.0,0.0,0.9287,3.5893
3873,3.8,5.0,0.0,1.2845,3.6039
3874,4.2,10.0,0.0,1.4973,3.6048
3875,5.1,8.0,0.0,1.6498,3.6436
3876,3.5,4.0,0.0,1.191,3.5987
3877,3.9,6.0,0.0,1.3101,3.6265
3878,3.4,6.0,0.0,1.1837,3.634
3879,3.4,4.0,0.0,1.1319,3.6123
3880,4.3,7.0,0.0,1.3947,3.6047
3881,3.2,6.0,0.0,1.0536,3.5963
3882,2.9,6.0,0.0,1.0381,3.6099
3883,4.8,9.0,0.0,1.6522,3.5955
3884,3.5,5.0,0.0,1.111,3.5904
3885,2.8,5.0,0.0,0.9887,3.6287
3886,4.3,8.0,0.0,1.4858,3.6113
3887,3.9,6.0,0.0,1.2726,3.6045
3888,2.9,4.0,0.0,0.9602,3.6055
3889,4.1,9.0,0.0,1.3833,3.6117
3890,4.2,8.0,0.0,1.4351,3.6168
3891,3.5,5.0,0.0,1.1435,3.596
3892,4.3,7.0,0.0,1.3711,3.6736
3893,3.7,6.0,0.0,1.2806,3.6341
3894,3.0,4.0,0.0,1.0129,3.5898
3895,3.4,4.0,0.0,1.114,3.6629
3896,2.8,5.0,0.0,0.9464,3.6082
3897,4.0,6.0,0.0,1.286,3.5969
3898,3.7,8.0,0.0,1.3067,3.6283
3899,4.9,8.0,0.0,1.5716,3.6345
3900,3.1,4.0,0.0,1.005,3.6197
3901,4.0,6.0,0.0,1.3438,3.6447
3902,3.9,5.0,0.0,1.2671,3.6049
3903,4.3,6.0,0.0,1.4193,3.63
3904,4.6,9.0,0.0,1.5198,3.6144
3905,3.7,7.0,0.0,1.2814,3.6074
3906,4.5,8.0,0.0,1.5303,3.6123
3907,4.8,9.0,0.0,1.5555,3.6183
3908,4.2,6.0,0.0,1.3659,3.6493
3909,3.6,5.0,0.0,1.1755,3.6324
3910,3.9,6.0,0.0,1.3014,3.6749
3911,3.7,8.0,0.0,1.2649,3.5997
3912,3.2,5.0,0.0,1.05,3.6055
3913,4.4,8.0,0.0,1.4731,3.6328
3914,4.4,8.0,0.0,1.463,3.5937
3915,3.5,5.0,0.0,1.2,3.6029
3916,3.4,4.0,0.0,1.1251,3.607
3917,4.0,7.0,0.0,1.3705,3.6402
3918,4.8,6.0,0.0,1.5058,3.6677
3919,4.4,8.0,0.0,1.4277,3.6215
3920,3.7,6.0,0.0,1.2278,3.6392
3921,3.7,5.0,0.0,1.2417,3.6236
3922,4.2,5.0,0.0,1.3977,3.6176
3923,3.8,5.0,0.0,1.2288,3.6225
3924,4.0,7.0,0.0,1.3519,3.6463
3925,3.4,6.0,0.0,1.1705,3.5995
3926,3.4,4.0,0.0,1.1487,3.6177
3927,3.4,8.0,0.0,1.2317,3.5579
3928,4.1,8.0,0.0,1.3453,3.5395
3929,4.6,8.0,0.0,1.5459,3.5258
3930,3.6,5.0,0.0,1.1864,3.5562
3931,2.8,4.0,0.0,0.9695,3.554
3932,3.2,6.0,0.0,1.1225,3.5506
3933,2.5,3.0,0.0,0.9013,3.5417
3934,4.3,7.0,0.0,1.4525,3.5665
3935,4.1,6.0,0.0,1.3616,3.6255
3936,6.3,15.0,0.0,2.1509,3.66
3937,4.6,10.0,0.0,1.5854,3.6137
3938,4.8,6.0,0.0,1.5108,3.6433
3939,4.2,8.0,0.0,1.3563,3.6084
3940,3.8,7.0,0.0,1.2544,3.596
3941,3.7,6.0,0.0,1.1985,3.5847
3942,5.0,8.0,0.0,1.6643,3.594
3943,2.7,6.0,0.0,1.0085,3.5519
3944,4.6,8.0,0.0,1.5154,3.5538
3945,5.6,9.0,0.0,1.764,3.6227
3946,4.0,9.0,0.0,1.4047,3.5865
3947,4.3,6.0,0.0,1.4213,3.5774
3948,4.5,6.0,0.0,1.4716,3.6318
3949,2.8,4.0,0.0,1.0029,3.5624
3950,6.8,11.0,0.0,2.178,3.6559
3951,3.6,6.0,0.0,1.2779,3.6257
3952,4.4,7.0,0.0,1.4421,3.6006
3953,5.3,12.0,0.0,1.7685,3.6555
3954,6.0,9.0,0.0,1.9073,3.6357
3955,3.3,5.0,0.0,1.0488,3.5605
3956,3.3,5.0,0.0,1.1216,3.6211
3957,5.1,9.0,0.0,1.6875,3.5786
3958,3.7,5.0,0.0,1.1825,3.6477
3959,5.1,7.0,0.0,1.6006,3.6268
3960,4.4,6.0,0.0,1.4064,3.6847
3961,4.2,7.0,0.0,1.4032,3.6172
3962,3.8,5.0,0.0,1.2971,3.5938
3963,4.4,6.0,0.0,1.4331,3.682
3964,4.0,5.0,0.0,1.306,3.6648
3965,4.4,6.0,0.0,1.4309,3.621
3966,4.7,7.0,0.0,1.5246,3.6251
3967,4.8,7.0,0.0,1.5787,3.5979
3968,4.7,7.0,0.0,1.4941,3.6387
3969,5.0,8.0,0.0,1.6402,3.6643
3970,4.0,6.0,0.0,1.2913,3.5681
3971,4.9,7.0,0.0,1.547,3.5585
3972,3.9,9.0,0.0,1.3524,3.579
3973,5.5,9.0,0.0,1.761,3.6292
3974,4.5,7.0,0.0,1.4773,3.6496
3975,3.3,4.0,0.0,1.1312,3.5704
3976,4.8,8.0,0.0,1.5564,3.5726
3977,2.8,4.0,0.0,0.9899,3.5352
3978,3.9,5.0,0.0,1.2303,3.5641
3979,3.4,4.0,0.0,1.1161,3.5729
3980,5.6,10.0,0.0,1.8213,3.6484
3981,4.6,7.0,0.0,1.5125,3.6246
3982,4.3,6.0,0.0,1.4058,3.5648
3983,5.0,7.0,0.0,1.6,3.5797
3984,4.5,8.0,0.0,1.4586,3.6372
3985,4.0,7.0,0.0,1.371,3.5602
3986,4.7,10.0,0.0,1.5524,3.6221
3987,4.2,7.0,0.0,1.3379,3.5853
3988,4.4,7.0,0.0,1.4566,3.6023
3989,4.3,8.0,0.0,1.4213,3.5891
3990,4.6,6.0,0.0,1.4703,3.5605
3991,4.0,5.0,0.0,1.318,3.5474
3992,4.4,11.0,0.0,1.6227,3.5738
3993,4.2,7.0,0.0,1.3803,3.5407
3994,5.3,8.0,0.0,1.6964,3.605
3995,5.0,10.0,0.0,1.6352,3.5656
3996,4.3,6.0,0.0,1.3803,3.5668
3997,4.3,7.0,0.0,1.4301,3.5583
3998,5.2,10.0,0.0,1.7404,3.5458
3999,4.3,6.0,0.0,1.3739,3.6245
4000,4.7,7.0,0.0,1.4825,3.5536
4001,4.3,6.0,0.0,1.3761,3.5671
4002,5.4,8.0,0.0,1.7226,3.5544
4003,3.9,6.0,0.0,1.2983,3.5745
4004,4.3,6.0,0.0,1.4359,3.5565
4005,4.0,6.0,0.0,1.2498,3.5405
4006,4.4,10.0,0.0,1.5172,3.5566
4007,3.5,4.0,0.0,1.2038,3.5594
4008,4.1,5.0,0.0,1.2953,3.5809
4009,3.2,6.0,0.0,1.0461,3.5423
4010,4.0,6.0,0.0,1.3778,3.5821
4011,4.2,8.0,0.0,1.3883,3.5409
4012,4.0,7.0,0.0,1.3601,3.547
4013,5.4,9.0,0.0,1.7324,3.5569
4014,2.9,7.0,0.0,1.0852,3.5229
4015,3.6,5.0,0.0,1.2221,3.5365
4016,4.8,11.0,0.0,1.6482,3.6138
4017,3.6,6.0,0.0,1.2278,3.5551
4018,3.7,5.0,0.0,1.2571,3.5239
4019,3.5,6.0,0.0,1.1921,3.5135
4020,3.8,6.0,0.0,1.3198,3.5216
4021,3.7,6.0,0.0,1.2337,3.5144
4022,4.2,7.0,0.0,1.3705,3.5301
4023,5.0,8.0,0.0,1.5991,3.5325
4024,4.4,6.0,0.0,1.4219,3.501
4025,4.2,6.0,0.0,1.4177,3.5292
4026,4.7,11.0,0.0,1.6243,3.4932
4027,4.8,6.0,0.0,1.5575,3.4952
4028,3.6,9.0,0.0,1.2893,3.4427
4029,4.0,5.0,0.0,1.3225,3.4733
4030,5.6,13.0,0.0,1.9486,3.4955
4031,4.5,8.0,0.0,1.4866,3.4443
4032,3.9,5.0,0.0,1.2492,3.4615
4033,3.3,5.0,0.0,1.0849,3.4504
4034,4.8,8.0,0.0,1.5538,3.4792
4035,3.4,6.0,0.0,1.1489,3.4427
4036,4.2,7.0,0.0,1.3923,3.4706
4037,4.8,8.0,0.0,1.5644,3.4748
4038,3.6,7.0,0.0,1.2213,3.4577
4039,3.4,4.0,0.0,1.1169,3.4336
4040,3.8,4.0,0.0,1.245,3.4436
4041,4.0,7.0,0.0,1.3659,3.4512
4042,3.9,9.0,0.0,1.4136,3.4516
4043,3.7,5.0,0.0,1.178,3.4391
4044,3.2,5.0,0.0,1.1122,3.4083
4045,3.7,5.0,0.0,1.2484,3.4539
4046,3.6,5.0,0.0,1.2384,3.4553
4047,4.6,8.0,0.0,1.4591,3.4493
4048,3.7,7.0,0.0,1.2492,3.4396
4049,4.0,6.0,0.0,1.3067,3.4861
4050,3.8,6.0,0.0,1.3304,3.4569
4051,5.2,10.0,0.0,1.7188,3.4888
4052,4.1,6.0,0.0,1.3435,3.4579
4053,5.5,8.0,0.0,1.7658,3.5346
4054,5.0,8.0,0.0,1.7115,3.5681
4055,4.3,7.0,0.0,1.427,3.4893
4056,5.2,9.0,0.0,1.7293,3.561
4057,4.2,7.0,0.0,1.373,3.5276
4058,5.9,13.0,0.0,2.0174,3.638
4059,3.8,6.0,0.0,1.2464,3.5409
4060,6.3,10.0,0.0,2.0083,3.6077
4061,4.9,10.0,0.0,1.6568,3.5717
4062,6.6,11.0,0.0,2.1372,3.6098
4063,5.7,14.0,0.0,1.9723,3.6699
4064,5.1,7.0,0.0,1.5898,3.5584
4065,4.2,7.0,0.0,1.3321,3.5622
4066,6.4,8.0,0.0,1.9261,3.8043
4067,4.4,6.0,0.0,1.4449,3.5792
4068,4.5,5.0,0.0,1.5053,3.5342
4069,4.8,8.0,0.0,1.6971,3.5647
4070,5.6,8.0,0.0,1.8055,3.636
4071,4.6,7.0,0.0,1.4984,3.5738
4072,4.0,7.0,0.0,1.26,3.6048
4073,3.9,5.0,0.0,1.3192,3.5055
4074,4.6,7.0,0.0,1.5288,3.5854
4075,3.8,12.0,0.0,1.4933,3.5149
4076,4.7,9.0,0.0,1.542,3.4815
4077,3.9,6.0,0.0,1.3316,3.5166
4078,4.2,5.0,0.0,1.3403,3.5055
4079,4.3,7.0,0.0,1.3805,3.541
4080,4.3,5.0,0.0,1.3704,3.5105
4081,3.9,6.0,0.0,1.3198,3.4704
4082,5.0,10.0,0.0,1.6394,3.4872
4083,3.8,5.0,0.0,1.2462,3.5163
4084,4.1,6.0,0.0,1.2997,3.4931
4085,5.1,9.0,0.0,1.6335,3.5014
4086,3.7,6.0,0.0,1.1634,3.4865
4087,4.9,9.0,0.0,1.5708,3.5855
4088,4.6,7.0,0.0,1.4518,3.5009
4089,5.3,9.0,0.0,1.7217,3.6041
4090,6.2,9.0,0.0,2.0134,3.6923
4091,4.0,5.0,0.0,1.317,3.549
4092,4.5,7.0,0.0,1.4874,3.6088
4093,4.5,6.0,0.0,1.4586,3.6092
4094,6.0,10.0,0.0,1.8735,3.7363
4095,5.1,7.0,0.0,1.6496,3.5073
4096,4.5,6.0,0.0,1.5048,3.5496
4097,4.3,6.0,0.0,1.4141,3.5292
4098,3.7,5.0,0.0,1.2288,3.5561
4099,3.3,4.0,0.0,1.0609,3.4967
4100,4.8,7.0,0.0,1.5427,3.6103
4101,5.3,10.0,0.0,1.7664,3.5019
4102,4.4,8.0,0.0,1.4142,3.5224
4103,3.6,6.0,0.0,1.2091,3.551
4104,4.8,7.0,0.0,1.5581,3.5121
4105,4.3,7.0,0.0,1.4239,3.5035
4106,3.4,5.0,0.0,1.1567,3.4648
4107,4.4,7.0,0.0,1.3883,3.5165
4108,4.9,9.0,0.0,1.6217,3.4961
4109,3.9,5.0,0.0,1.272,3.5031
4110,4.4,10.0,0.0,1.6123,3.4733
4111,4.5,8.0,0.0,1.4984,3.4922
4112,3.6,5.0,0.0,1.1817,3.5056
4113,4.9,8.0,0.0,1.5416,3.4714
4114,4.9,6.0,0.0,1.5534,3.4836
4115,4.3,5.0,0.0,1.4303,3.496
4116,3.6,6.0,0.0,1.1817,3.4804
4117,3.4,5.0,0.0,1.1377,3.4776
4118,4.1,9.0,0.0,1.4309,3.4726
4119,3.9,5.0,0.0,1.2417,3.4774
4120,4.6,7.0,0.0,1.479,3.5452
4121,5.0,7.0,0.0,1.6081,3.5133
4122,3.9,8.0,0.0,1.2922,3.4993
4123,4.4,6.0,0.0,1.4287,3.5498
4124,4.8,7.0,0.0,1.5658,3.517
4125,4.3,6.0,0.0,1.3704,3.5054
4126,4.2,6.0,0.0,1.3104,3.4871
4127,4.2,5.0,0.0,1.3913,3.5057
4128,3.5,5.0,0.0,1.1985,3.4675
4129,3.2,5.0,0.0,1.0524,3.4912
4130,4.1,6.0,0.0,1.3585,3.4917
4131,4.6,11.0,0.0,1.643,3.5149
4132,6.7,10.0,0.0,2.0941,3.553
4133,4.2,6.0,0.0,1.408,3.5501
4134,5.9,7.0,0.0,1.8824,3.7361
4135,7.5,11.0,0.0,2.3463,3.9413
4136,5.5,12.0,0.0,1.8881,3.942
4137,7.0,10.0,0.0,2.1984,3.8804
4138,4.9,9.0,0.0,1.6103,3.785
4139,4.4,6.0,0.0,1.3483,3.8795
4140,6.6,9.0,0.0,2.163,3.9639
4141,5.5,8.0,0.0,1.7738,3.8251
4142,5.2,7.0,0.0,1.6363,3.7653
4143,6.2,9.0,0.0,1.962,3.7438
4144,6.6,12.0,0.0,2.0803,3.7126
4145,6.1,12.0,0.0,2.0204,3.6421
4146,4.8,6.0,0.0,1.5395,3.7062
4147,4.7,13.0,0.0,1.7118,3.637
4148,7.1,20.0,0.0,2.5807,3.6348
4149,5.2,8.0,0.0,1.6775,3.6267
4150,5.3,8.0,0.0,1.6974,3.6348
4151,3.3,7.0,0.0,1.1662,3.5612
4152,3.7,6.0,0.0,1.2322,3.6267
4153,4.3,6.0,0.0,1.3698,3.5663
4154,4.4,5.0,0.0,1.4051,3.5524
4155,4.8,6.0,0.0,1.5237,3.5847
4156,4.0,7.0,0.0,1.2571,3.5635
4157,4.3,11.0,0.0,1.4945,3.5643
4158,4.2,7.0,0.0,1.4078,3.5473
4159,3.3,5.0,0.0,1.1144,3.5451
4160,5.3,8.0,0.0,1.7542,3.5529
4161,2.6,4.0,0.0,0.9088,3.4856
4162,3.7,5.0,0.0,1.1864,3.5241
4163,3.6,6.0,0.0,1.1977,3.4794
4164,3.5,6.0,0.0,1.1667,3.5132
4165,3.6,6.0,0.0,1.184,3.4686
4166,3.3,6.0,0.0,1.1056,3.4317
4167,4.0,5.0,0.0,1.3212,3.4447
4168,2.7,5.0,0.0,0.9592,3.4881
4169,4.2,8.0,0.0,1.3898,3.4921
4170,5.5,9.0,0.0,1.7981,3.6342
4171,5.3,13.0,0.0,1.8686,3.6519
4172,4.8,10.0,0.0,1.583,3.5914
4173,3.5,5.0,0.0,1.1598,3.625
4174,4.9,6.0,0.0,1.525,3.6398
4175,4.9,9.0,0.0,1.6787,3.5305
4176,4.3,6.0,0.0,1.382,3.5447
4177,4.6,7.0,0.0,1.5298,3.5725
4178,4.4,5.0,0.0,1.393,3.5373
4179,4.9,8.0,0.0,1.6206,3.5664
4180,4.2,8.0,0.0,1.3877,3.5302
4181,6.1,11.0,0.0,2.0751,3.5139
4182,5.1,7.0,0.0,1.6129,3.6033
4183,4.1,6.0,0.0,1.3618,3.6483
4184,3.1,5.0,0.0,1.0363,3.5844
4185,5.3,13.0,0.0,1.8475,3.6088
4186,3.8,9.0,0.0,1.3265,3.6179
4187,5.6,8.0,0.0,1.7791,3.67
4188,5.4,11.0,0.0,1.8138,3.7318
4189,4.6,12.0,0.0,1.6607,3.6285
4190,6.2,10.0,0.0,1.9854,3.6801
4191,5.6,10.0,0.0,1.7568,3.7183
4192,5.1,8.0,0.0,1.6016,3.7581
4193,6.5,10.0,0.0,2.0816,3.803
4194,6.9,12.0,0.0,2.2614,3.7467
4195,7.9,16.0,0.0,2.4952,3.6781
4196,7.5,14.0,0.0,2.3927,3.8035
4197,5.4,8.0,0.0,1.721,3.7582
4198,6.8,11.0,0.0,2.1853,3.724
4199,6.5,12.0,0.0,2.1213,3.7066
4200,3.8,5.0,0.0,1.2333,3.6479
4201,4.4,6.0,0.0,1.4309,3.6014
4202,4.3,8.0,0.0,1.4607,3.5549
4203,4.6,8.0,0.0,1.5406,3.5815
4204,5.8,9.0,0.0,1.8722,3.6451
4205,4.8,8.0,0.0,1.5377,3.6034
4206,5.6,8.0,0.0,1.7383,3.5351
4207,6.5,10.0,0.0,2.0316,3.6254
4208,3.6,5.0,0.0,1.2023,3.5456
4209,6.1,8.0,0.0,1.893,3.6116
4210,5.1,8.0,0.0,1.6303,3.5823
4211,5.4,7.0,0.0,1.7798,3.5478
4212,5.4,9.0,0.0,1.7134,3.6233
4213,3.9,6.0,0.0,1.2369,3.5313
4214,4.5,5.0,0.0,1.4537,3.5161
4215,3.8,5.0,0.0,1.2401,3.5449
4216,3.5,5.0,0.0,1.1461,3.512
4217,3.9,8.0,0.0,1.3037,3.5253
4218,3.9,6.0,0.0,1.2913,3.529
4219,5.2,8.0,0.0,1.6606,3.5689
4220,4.0,6.0,0.0,1.243,3.6101
4221,3.8,5.0,0.0,1.2679,3.5145
4222,4.4,6.0,0.0,1.3849,3.5053
4223,3.3,4.0,0.0,1.0772,3.4605
4224,3.7,6.0,0.0,1.2648,3.4466
4225,3.3,5.0,0.0,1.0978,3.4364
4226,3.9,7.0,0.0,1.3295,3.4532
4227,4.3,7.0,0.0,1.4089,3.4316
4228,3.6,7.0,0.0,1.2337,3.4388
4229,3.6,6.0,0.0,1.2076,3.466
4230,2.7,4.0,0.0,0.9421,3.4474
4231,3.5,5.0,0.0,1.1747,3.4303
4232,3.5,5.0,0.0,1.1634,3.423
4233,3.6,5.0,0.0,1.1864,3.4449
4234,4.2,7.0,0.0,1.393,3.4674
4235,5.1,7.0,0.0,1.6311,3.5209
4236,3.6,6.0,0.0,1.1948,3.4722
4237,5.7,11.0,0.0,1.9094,3.5252
4238,5.8,10.0,0.0,1.8187,3.5743
4239,4.1,7.0,0.0,1.3935,3.5192
4240,5.8,9.0,0.0,1.7971,3.5916
4241,5.3,9.0,0.0,1.729,3.6927
4242,5.5,12.0,0.0,1.8388,3.6067
4243,5.2,8.0,0.0,1.7066,3.6926
4244,4.8,7.0,0.0,1.5564,3.5728
4245,5.2,12.0,0.0,1.816,3.6007
4246,6.1,10.0,0.0,1.9208,3.7579
4247,4.6,7.0,0.0,1.5362,3.5353
4248,4.4,7.0,0.0,1.4654,3.6019
4249,4.8,7.0,0.0,1.5351,3.5871
4250,4.7,8.0,0.0,1.5467,3.5659
4251,4.6,7.0,0.0,1.4866,3.5012
4252,4.5,8.0,0.0,1.4744,3.5222
4253,4.3,7.0,0.0,1.4791,3.5478
4254,4.3,8.0,0.0,1.4616,3.4979
4255,4.1,8.0,0.0,1.3905,3.4589
4256,3.6,5.0,0.0,1.1532,3.4794
4257,3.1,7.0,0.0,1.1557,3.4562
4258,3.7,7.0,0.0,1.2223,3.4677
4259,4.0,7.0,0.0,1.2784,3.4872
4260,3.7,6.0,0.0,1.2369,3.4888
4261,4.1,7.0,0.0,1.3,3.5288
4262,4.1,6.0,0.0,1.3038,3.5091
4263,4.8,7.0,0.0,1.551,3.527
4264,4.0,6.0,0.0,1.3061,3.5911
4265,4.5,7.0,0.0,1.4589,3.5158
4266,5.1,8.0,0.0,1.6229,3.5618
4267,3.1,4.0,0.0,1.0768,3.5358
4268,3.5,6.0,0.0,1.1424,3.5223
4269,5.7,11.0,0.0,1.8675,3.5393
4270,4.8,7.0,0.0,1.5797,3.4954
4271,3.7,5.0,0.0,1.2166,3.4718
4272,4.2,8.0,0.0,1.3783,3.4633
4273,4.2,8.0,0.0,1.3964,3.4711
4274,2.8,5.0,0.0,0.9928,3.4481
4275,4.2,5.0,0.0,1.4071,3.4581
4276,3.6,6.0,0.0,1.178,3.44
4277,4.4,6.0,0.0,1.4851,3.4295
4278,4.6,7.0,0.0,1.482,3.437
4279,3.6,5.0,0.0,1.1301,3.4365
4280,3.6,5.0,0.0,1.1837,3.4441
4281,3.7,6.0,0.0,1.2151,3.4676
4282,3.2,4.0,0.0,1.0806,3.4507
4283,3.3,5.0,0.0,1.0781,3.4408
4284,3.7,5.0,0.0,1.2124,3.4349
4285,4.2,7.0,0.0,1.3364,3.4226
4286,4.1,7.0,0.0,1.3935,3.4944
4287,4.1,5.0,0.0,1.3153,3.4396
4288,3.5,4.0,0.0,1.1779,3.4414
4289,3.8,5.0,0.0,1.2542,3.4565
4290,4.3,6.0,0.0,1.3875,3.4884
4291,3.7,6.0,0.0,1.2246,3.4867
4292,3.5,5.0,0.0,1.1552,3.4994
4293,5.3,9.0,0.0,1.6696,3.5019
4294,4.9,9.0,0.0,1.6292,3.5476
4295,3.3,5.0,0.0,1.1072,3.4642
4296,5.1,11.0,0.0,1.7087,3.4937
4297,4.3,6.0,0.0,1.3817,3.4474
4298,3.8,6.0,0.0,1.2476,3.4341
4299,4.2,7.0,0.0,1.4372,3.4873
4300,4.7,11.0,0.0,1.6815,3.4725
4301,3.9,6.0,0.0,1.3192,3.4597
4302,3.9,5.0,0.0,1.252,3.4433
4303,3.3,4.0,0.0,1.0701,3.4574
4304,3.3,5.0,0.0,1.0705,3.4475
4305,4.6,8.0,0.0,1.5103,3.4626
4306,3.6,7.0,0.0,1.2131,3.4419
4307,5.4,10.0,0.0,1.8149,3.5266
4308,3.7,7.0,0.0,1.2679,3.4892
4309,3.4,6.0,0.0,1.1546,3.4649
4310,3.2,4.0,0.0,1.0324,3.4608
4311,3.8,10.0,0.0,1.3615,3.4666
4312,3.8,6.0,0.0,1.2241,3.4518
4313,4.5,10.0,0.0,1.5133,3.5135
4314,3.2,5.0,0.0,1.0428,3.4765
4315,3.4,4.0,0.0,1.0916,3.4446
4316,3.3,5.0,0.0,1.0959,3.4435
4317,4.9,7.0,0.0,1.5524,3.5184
4318,5.6,14.0,0.0,1.8913,3.5065
4319,4.3,9.0,0.0,1.4743,3.4731
4320,3.7,6.0,0.0,1.2476,3.4822
4321,4.5,5.0,0.0,1.4379,3.4797
4322,4.9,7.0,0.0,1.6053,3.4586
4323,5.1,8.0,0.0,1.6515,3.4989
4324,4.0,6.0,0.0,1.294,3.5183
4325,3.8,6.0,0.0,1.2792,3.469
4326,3.9,7.0,0.0,1.3046,3.4712
4327,3.4,5.0,0.0,1.1176,3.4471
4328,2.9,4.0,0.0,0.9861,3.4555
4329,3.8,6.0,0.0,1.2236,3.4651
4330,3.4,4.0,0.0,1.072,3.4822
4331,4.2,9.0,0.0,1.4668,3.5078
4332,3.4,5.0,0.0,1.1391,3.5109
4333,3.8,11.0,0.0,1.4291,3.5333
4334,4.7,10.0,0.0,1.6592,3.5146
4335,4.4,7.0,0.0,1.4259,3.478
4336,3.1,8.0,0.0,1.1916,3.4924
4337,3.2,5.0,0.0,1.0553,3.5079
4338,3.6,7.0,0.0,1.2369,3.4624
4339,5.1,11.0,0.0,1.7342,3.4956
4340,4.1,6.0,0.0,1.2913,3.4632
4341,4.2,7.0,0.0,1.3784,3.5216
4342,4.8,7.0,0.0,1.5627,3.4999
4343,4.3,7.0,0.0,1.4058,3.4654
4344,5.2,8.0,0.0,1.7542,3.5329
4345,5.4,7.0,0.0,1.7063,3.4944
4346,4.5,6.0,0.0,1.5103,3.5963
4347,5.1,8.0,0.0,1.639,3.6255
4348,3.9,6.0,0.0,1.2225,3.5841
4349,4.6,7.0,0.0,1.5147,3.7216
4350,4.8,8.0,0.0,1.5547,3.5495
4351,4.2,7.0,0.0,1.3613,3.5923
4352,4.4,7.0,0.0,1.4632,3.6322
4353,5.2,8.0,0.0,1.6605,3.6608
4354,4.1,6.0,0.0,1.2781,3.6002
4355,5.2,11.0,0.0,1.7408,3.6288
4356,4.2,6.0,0.0,1.4186,3.593
4357,3.9,6.0,0.0,1.2669,3.5714
4358,4.7,9.0,0.0,1.5508,3.5837
4359,4.5,6.0,0.0,1.4908,3.6189
4360,4.9,9.0,0.0,1.6093,3.5227
4361,3.9,6.0,0.0,1.2384,3.5115
4362,4.2,8.0,0.0,1.4048,3.4877
4363,3.1,4.0,0.0,1.0724,3.4782
4364,3.3,6.0,0.0,1.1487,3.4349
4365,3.7,6.0,0.0,1.1985,3.4709
4366,3.7,5.0,0.0,1.2124,3.5025
4367,3.7,5.0,0.0,1.2544,3.5349
4368,4.2,7.0,0.0,1.3947,3.5156
4369,3.6,6.0,0.0,1.2159,3.5067
4370,6.2,12.0,0.0,2.0112,3.5353
4371,4.8,7.0,0.0,1.5072,3.4935
4372,4.9,7.0,0.0,1.588,3.5543
4373,4.0,5.0,0.0,1.3304,3.4713
4374,5.7,12.0,0.0,1.9297,3.5429
4375,3.8,6.0,0.0,1.2544,3.5076
4376,4.3,7.0,0.0,1.4144,3.4772
4377,4.7,7.0,0.0,1.4901,3.5243
4378,3.7,6.0,0.0,1.2689,3.4972
4379,4.1,8.0,0.0,1.382,3.4673
4380,5.0,10.0,0.0,1.6953,3.4958
4381,6.0,8.0,0.0,1.8894,3.5735
4382,6.2,11.0,0.0,1.9719,3.5507
4383,5.0,8.0,0.0,1.6186,3.5682
4384,5.5,8.0,0.0,1.8127,3.567
4385,5.5,8.0,0.0,1.7703,3.5906
4386,6.3,11.0,0.0,2.0699,3.5914
4387,5.9,8.0,0.0,1.9141,3.6067
4388,6.1,9.0,0.0,1.8892,3.5663
4389,5.3,6.0,0.0,1.715,3.5574
4390,3.7,6.0,0.0,1.2314,3.5179
4391,5.1,8.0,0.0,1.6394,3.5044
4392,4.0,5.0,0.0,1.3242,3.4768
4393,4.0,7.0,0.0,1.3977,3.5116
4394,3.9,6.0,0.0,1.3076,3.4798
4395,4.4,6.0,0.0,1.4449,3.4668
4396,4.2,6.0,0.0,1.3468,3.4826
4397,5.2,7.0,0.0,1.6301,3.4771
4398,5.1,11.0,0.0,1.7301,3.5084
4399,4.6,8.0,0.0,1.4566,3.4464
4400,4.5,6.0,0.0,1.4239,3.4693
4401,5.5,9.0,0.0,1.7256,3.4541
4402,3.6,5.0,0.0,1.1347,3.4868
4403,4.7,8.0,0.0,1.5478,3.4959
4404,5.4,11.0,0.0,1.7915,3.5127
4405,4.7,6.0,0.0,1.5283,3.5554
4406,5.8,9.0,0.0,1.8187,3.6473
4407,5.8,15.0,0.0,2.0396,3.7195
4408,7.7,16.0,0.0,2.4955,3.833
4409,5.8,8.0,0.0,1.9536,3.9511
4410,8.5,12.0,0.0,2.6062,4.0336
4411,7.9,15.0,0.0,2.5576,3.9834
4412,9.0,15.0,0.0,2.7925,4.0673
4413,7.8,13.0,0.0,2.4632,3.9438
4414,8.0,12.0,0.0,2.5239,3.7656
4415,5.6,7.0,0.0,1.8519,3.7595
4416,6.1,10.0,0.0,1.9348,3.6727
4417,7.1,16.0,0.0,2.549,3.6527
4418,6.1,15.0,0.0,2.0658,3.6236
4419,8.0,13.0,0.0,2.4657,3.7583
4420,5.6,10.0,0.0,1.8451,3.759
4421,8.2,11.0,0.0,2.5494,3.7291
4422,5.3,9.0,0.0,1.6699,3.6069
4423,4.1,7.0,0.0,1.3592,3.4981
4424,4.3,7.0,0.0,1.3778,3.5376
4425,4.4,8.0,0.0,1.4283,3.5224
4426,3.7,7.0,0.0,1.2382,3.4917
4427,4.6,6.0,0.0,1.5077,3.5884
4428,4.1,5.0,0.0,1.4073,3.526
4429,4.4,5.0,0.0,1.4357,3.5856
4430,4.5,7.0,0.0,1.4839,3.7201
4431,3.4,6.0,0.0,1.2023,3.5807
4432,4.7,6.0,0.0,1.4465,3.6476
4433,5.4,9.0,0.0,1.7219,3.7066
4434,4.2,6.0,0.0,1.3846,3.6884
4435,6.0,10.0,0.0,1.9774,3.5997
4436,4.7,8.0,0.0,1.5024,3.6684
4437,5.0,8.0,0.0,1.6177,3.6075
4438,5.7,8.0,0.0,1.8402,3.7242
4439,5.1,9.0,0.0,1.6839,3.5951
4440,5.5,10.0,0.0,1.7893,3.5681
4441,5.5,8.0,0.0,1.6818,3.6427
4442,4.7,6.0,0.0,1.5355,3.5979
4443,5.2,7.0,0.0,1.6041,3.5473
4444,4.9,9.0,0.0,1.5729,3.5824
4445,6.9,13.0,0.0,2.1969,3.6277
4446,5.6,12.0,0.0,1.8713,3.5783
4447,4.1,7.0,0.0,1.379,3.5467
4448,3.6,6.0,0.0,1.2,3.5773
4449,4.1,7.0,0.0,1.3601,3.5126
4450,4.1,5.0,0.0,1.3304,3.5001
4451,4.2,8.0,0.0,1.426,3.4483
4452,3.2,4.0,0.0,1.0833,3.5172
4453,3.7,6.0,0.0,1.1908,3.4875
4454,4.4,8.0,0.0,1.4353,3.533
4455,4.7,11.0,0.0,1.6061,3.5231
4456,3.8,5.0,0.0,1.217,3.4745
4457,3.7,5.0,0.0,1.1808,3.4725
4458,4.9,10.0,0.0,1.6636,3.454
4459,3.9,6.0,0.0,1.3437,3.4557
4460,4.3,7.0,0.0,1.3625,3.4688
4461,3.9,5.0,0.0,1.2606,3.4579
4462,4.5,9.0,0.0,1.5088,3.4781
4463,3.2,5.0,0.0,1.0775,3.4457
4464,4.7,11.0,0.0,1.6093,3.4584
4465,4.1,7.0,0.0,1.3334,3.4333
4466,4.3,6.0,0.0,1.3739,3.4752
4467,3.6,5.0,0.0,1.1546,3.4435
4468,4.4,8.0,0.0,1.4594,3.4644
4469,4.3,6.0,0.0,1.3744,3.4529
4470,3.6,5.0,0.0,1.183,3.4384
4471,3.0,6.0,0.0,1.0381,3.4101
4472,3.8,5.0,0.0,1.232,3.4628
4473,3.3,4.0,0.0,1.0731,3.4427
4474,2.8,4.0,0.0,0.9389,3.4397
4475,2.9,4.0,0.0,0.995,3.4506
4476,4.3,8.0,0.0,1.4119,3.5023
4477,4.4,6.0,0.0,1.4239,3.4667
4478,4.0,5.0,0.0,1.2835,3.4633
4479,4.1,7.0,0.0,1.3688,3.4657
4480,3.3,5.0,0.0,1.1079,3.4585
4481,4.1,9.0,0.0,1.4183,3.4392
4482,3.8,6.0,0.0,1.2432,3.4711
4483,3.3,5.0,0.0,1.0611,3.4411
4484,4.6,7.0,0.0,1.4731,3.4624
4485,4.4,6.0,0.0,1.4301,3.4522
4486,3.4,7.0,0.0,1.2329,3.4578
4487,3.0,4.0,0.0,0.9685,3.426
4488,3.3,7.0,0.0,1.1563,3.4403
4489,3.9,6.0,0.0,1.2953,3.4327
4490,3.0,4.0,0.0,1.0282,3.4417
4491,4.7,8.0,0.0,1.4961,3.4413
4492,3.7,6.0,0.0,1.2106,3.4599
4493,3.6,7.0,0.0,1.2317,3.4655
4494,3.8,6.0,0.0,1.2303,3.4301
4495,4.3,9.0,0.0,1.429,3.4351
4496,3.7,6.0,0.0,1.2114,3.4277
4497,3.1,5.0,0.0,1.0363,3.4468
4498,4.7,7.0,0.0,1.493,3.4652
4499,3.8,6.0,0.0,1.2625,3.4412
4500,2.8,4.0,0.0,0.9548,3.4391
