generation,top_mean_fitness,max_fitness,min_fitness,std_fitness,elapsed_time_sec
1,3.6,6.0,0.0,1.1842,3.6676
2,2.6,5.0,0.0,0.908,3.7112
3,3.3,5.0,0.0,1.089,3.8428
4,3.1,6.0,0.0,1.0448,3.854
5,3.6,7.0,0.0,1.2054,3.8548
6,2.1,3.0,0.0,0.713,3.8113
7,3.1,5.0,0.0,1.0833,3.7989
8,3.9,9.0,0.0,1.3572,3.818
9,4.3,6.0,0.0,1.4073,3.8944
10,4.6,10.0,0.0,1.5052,3.8787
11,3.3,5.0,0.0,1.0757,3.9594
12,3.5,5.0,0.0,1.1864,3.9158
13,3.3,7.0,0.0,1.1496,3.9005
14,4.2,9.0,0.0,1.4555,3.8271
15,3.7,6.0,0.0,1.2076,3.8544
16,4.7,8.0,0.0,1.5728,3.9315
17,4.5,9.0,0.0,1.5416,3.8841
18,4.4,6.0,0.0,1.3904,4.1226
19,4.3,6.0,0.0,1.3904,3.9398
20,5.5,11.0,0.0,1.8,3.8797
21,4.5,7.0,0.0,1.5078,3.8919
22,4.3,6.0,0.0,1.3855,4.0137
23,3.6,6.0,0.0,1.2154,3.9508
24,3.9,5.0,0.0,1.2767,3.914
25,4.0,5.0,0.0,1.2878,3.8541
26,4.1,7.0,0.0,1.337,3.9393
27,3.7,5.0,0.0,1.1921,3.9338
28,4.3,7.0,0.0,1.3817,3.9327
29,3.6,5.0,0.0,1.1874,3.9612
30,3.5,6.0,0.0,1.1871,3.9911
31,4.5,7.0,0.0,1.4784,4.023
32,3.8,7.0,0.0,1.3014,3.9495
33,3.3,5.0,0.0,1.1227,3.9382
34,4.0,8.0,0.0,1.3342,3.9294
35,5.0,8.0,0.0,1.5794,3.9771
36,3.7,5.0,0.0,1.2025,3.9797
37,2.8,5.0,0.0,0.9514,3.8754
38,3.5,5.0,0.0,1.1412,3.8415
39,5.0,8.0,0.0,1.5779,3.8559
40,4.3,7.0,0.0,1.4035,3.8629
41,3.8,7.0,0.0,1.2638,3.8648
42,4.1,9.0,0.0,1.4281,3.851
43,3.9,7.0,0.0,1.3037,3.9379
44,3.9,7.0,0.0,1.3115,3.9287
45,3.4,4.0,0.0,1.1694,3.9504
46,4.0,6.0,0.0,1.3304,3.9589
47,3.4,4.0,0.0,1.1354,3.9526
48,4.4,13.0,0.0,1.6265,3.9689
49,3.7,8.0,0.0,1.2923,3.9578
50,4.2,7.0,0.0,1.4141,3.92
51,3.2,5.0,0.0,1.063,3.9271
52,3.6,5.0,0.0,1.1522,3.927
53,4.4,7.0,0.0,1.4421,3.9173
54,3.4,6.0,0.0,1.1576,3.9083
55,4.0,6.0,0.0,1.3444,3.9354
56,3.6,4.0,0.0,1.2233,3.9195
57,3.8,5.0,0.0,1.1998,3.9385
58,4.6,9.0,0.0,1.5772,3.9672
59,3.5,5.0,0.0,1.1993,3.9803
60,4.0,6.0,0.0,1.3,3.9771
61,5.3,8.0,0.0,1.6553,3.9521
62,4.5,6.0,0.0,1.4687,3.9398
63,4.2,5.0,0.0,1.3489,3.9623
64,3.4,5.0,0.0,1.1162,3.9047
65,3.7,7.0,0.0,1.2653,3.9217
66,4.1,6.0,0.0,1.341,3.949
67,4.2,9.0,0.0,1.4239,3.9302
68,3.7,6.0,0.0,1.1779,3.9431
69,4.2,11.0,0.0,1.5035,3.949
70,4.1,7.0,0.0,1.4032,3.9828
71,4.7,6.0,0.0,1.5395,3.9719
72,4.4,13.0,0.0,1.6665,3.9304
73,3.7,8.0,0.0,1.2638,3.8503
74,3.4,6.0,0.0,1.1271,3.8822
75,3.4,5.0,0.0,1.1375,3.9144
76,3.4,7.0,0.0,1.1752,3.9009
77,3.3,5.0,0.0,1.0909,3.8144
78,5.1,9.0,0.0,1.6423,3.8177
79,3.0,6.0,0.0,1.0824,3.8211
80,4.4,8.0,0.0,1.4933,3.8606
81,2.8,4.0,0.0,0.9262,3.8704
82,4.1,5.0,0.0,1.3153,3.911
83,3.4,5.0,0.0,1.1071,3.9634
84,4.1,7.0,0.0,1.3286,3.9211
85,5.3,8.0,0.0,1.7231,4.0265
86,4.7,7.0,0.0,1.5058,4.0117
87,3.9,5.0,0.0,1.3259,4.0431
88,5.4,8.0,0.0,1.7058,4.0788
89,6.4,13.0,0.0,2.0551,4.1757
90,6.0,9.0,0.0,1.9271,4.2834
91,7.7,11.0,0.0,2.3744,4.4111
92,10.8,18.0,0.0,3.5239,4.7953
93,12.9,19.0,0.0,4.0573,5.0108
94,11.8,15.0,0.0,3.8036,4.8746
95,16.1,20.0,0.0,4.8767,5.5346
96,12.3,24.0,0.0,4.1789,5.2752
97,17.5,27.0,0.0,5.3286,5.5786
98,13.5,22.0,0.0,4.0125,5.6125
99,11.5,19.0,0.0,3.6924,4.9873
100,12.2,15.0,0.0,3.5099,5.1959
101,11.8,20.0,0.0,3.6497,4.7726
102,13.5,17.0,0.0,4.1775,4.9447
103,7.3,10.0,0.0,2.2963,4.5244
104,16.0,31.0,0.0,5.0236,4.8706
105,13.5,29.0,0.0,4.4205,4.6135
106,10.5,19.0,0.0,3.3063,4.2519
107,6.8,9.0,0.0,2.1448,4.1256
108,6.8,14.0,0.0,2.3251,4.0065
109,4.0,9.0,0.0,1.3379,3.9942
110,4.0,7.0,0.0,1.2997,4.016
111,3.3,5.0,0.0,1.105,3.9732
112,4.3,7.0,0.0,1.4205,3.9121
113,3.9,7.0,0.0,1.3569,3.8076
114,3.6,6.0,0.0,1.2189,4.0059
115,3.8,9.0,0.0,1.3491,3.8482
116,4.3,7.0,0.0,1.3855,3.9596
117,2.8,5.0,0.0,0.9734,3.9292
118,4.0,5.0,0.0,1.2726,3.8797
119,4.1,9.0,0.0,1.3771,3.7562
120,3.4,5.0,0.0,1.1371,3.8781
121,4.7,7.0,0.0,1.5644,3.9491
122,3.9,7.0,0.0,1.2653,3.9557
123,4.8,8.0,0.0,1.5892,3.9217
124,3.3,4.0,0.0,1.1169,3.8972
125,4.9,8.0,0.0,1.6337,3.9285
126,3.8,6.0,0.0,1.2417,3.9326
127,5.2,12.0,0.0,1.7439,3.9606
128,3.2,6.0,0.0,1.1065,3.9189
129,2.8,5.0,0.0,0.9718,3.8764
130,5.7,8.0,0.0,1.7712,3.9861
131,5.3,11.0,0.0,1.7528,3.981
132,5.6,8.0,0.0,1.7439,4.0143
133,6.4,9.0,0.0,2.0451,4.0957
134,14.7,26.0,0.0,4.626,4.5233
135,12.8,25.0,0.0,4.0381,4.3987
136,8.5,19.0,0.0,2.7075,4.2407
137,10.1,28.0,0.0,3.5513,4.052
138,10.2,20.0,0.0,3.4208,4.2189
139,14.6,24.0,0.0,4.7135,4.3987
140,13.2,19.0,0.0,4.0819,4.5839
141,18.1,32.0,0.0,5.5873,4.3522
142,11.5,17.0,0.0,3.5637,4.4647
143,8.6,16.0,0.0,2.8889,4.1762
144,5.3,9.0,0.0,1.7021,3.9897
145,3.6,4.0,0.0,1.1871,3.8866
146,5.0,8.0,0.0,1.6016,3.9163
147,4.0,6.0,0.0,1.3415,3.9799
148,3.9,6.0,0.0,1.2845,4.0774
149,4.7,9.0,0.0,1.6068,4.1359
150,5.5,8.0,0.0,1.7129,4.0007
151,3.4,6.0,0.0,1.1377,3.8683
152,3.6,9.0,0.0,1.2571,3.8825
153,3.7,5.0,0.0,1.2563,3.9485
154,4.1,6.0,0.0,1.299,4.0831
155,4.7,8.0,0.0,1.5395,4.0246
156,4.4,7.0,0.0,1.3681,4.0155
157,5.4,11.0,0.0,1.7759,3.9971
158,6.1,9.0,0.0,1.9092,4.2637
159,5.7,9.0,0.0,1.7849,4.1752
160,5.5,11.0,0.0,1.8636,4.3139
161,4.3,6.0,0.0,1.4309,4.1271
162,4.8,9.0,0.0,1.5662,4.0894
163,5.0,8.0,0.0,1.6078,4.0173
164,4.6,6.0,0.0,1.4939,4.0981
165,4.2,12.0,0.0,1.5529,4.0126
166,6.1,12.0,0.0,2.0142,4.1071
167,6.4,11.0,0.0,2.081,4.206
168,6.9,12.0,0.0,2.2135,4.1184
169,14.7,24.0,0.0,4.6615,4.1841
170,9.9,11.0,0.0,3.1666,4.269
171,11.3,17.0,0.0,3.4652,4.3846
172,16.6,23.0,0.0,4.9894,4.4013
173,11.4,17.0,0.0,3.5947,4.321
174,15.6,29.0,0.0,4.8801,4.5669
175,12.0,18.0,0.0,3.7552,4.2121
176,12.2,20.0,0.0,3.7825,4.189
177,11.1,17.0,0.0,3.5539,4.1621
178,11.3,15.0,0.0,3.4457,4.2339
179,8.8,14.0,0.0,2.8109,4.1306
180,9.0,14.0,0.0,2.8968,4.0939
181,8.9,15.0,0.0,2.7338,4.1486
182,10.6,16.0,0.0,3.3344,4.1863
183,9.9,13.0,0.0,3.0851,4.1771
184,11.9,17.0,0.0,3.6478,4.2854
185,16.7,35.0,0.0,5.3833,4.4015
186,10.9,20.0,0.0,3.5734,4.4327
187,13.1,18.0,0.0,4.0674,4.7057
188,18.8,25.0,0.0,5.7248,5.0191
189,16.1,22.0,0.0,4.9262,5.1318
190,19.3,36.0,0.0,5.7504,5.4798
191,18.0,24.0,0.0,5.2576,5.5758
192,16.7,27.0,0.0,4.9865,4.8756
193,14.4,23.0,0.0,4.6273,4.6706
194,12.7,18.0,0.0,3.8913,4.8181
195,17.0,26.0,0.0,5.1718,5.3842
196,20.3,28.0,0.0,6.1775,6.1761
197,16.2,28.0,0.0,5.1746,5.4135
198,15.7,21.0,0.0,4.7313,5.2973
199,16.1,20.0,0.0,4.8953,4.9059
200,13.7,21.0,0.0,4.4174,5.0384
201,9.1,13.0,0.0,2.9188,4.2605
202,10.6,19.0,0.0,3.4318,4.5436
203,11.4,17.0,0.0,3.7177,5.0165
204,12.5,15.0,0.0,3.9528,4.9672
205,7.9,11.0,0.0,2.4195,4.3816
206,5.2,7.0,0.0,1.6271,4.1319
207,5.0,8.0,0.0,1.5622,3.9836
208,7.8,13.0,0.0,2.4392,4.1122
209,11.6,16.0,0.0,3.5737,4.0782
210,12.1,22.0,0.0,3.9651,4.2908
211,12.6,25.0,0.0,4.1099,4.2136
212,15.0,23.0,0.0,4.8581,4.5671
213,17.3,27.0,0.0,5.3092,4.5182
214,17.1,23.0,0.0,5.1631,5.0378
215,22.0,37.0,0.0,6.7139,5.5191
216,17.3,21.0,0.0,5.0641,5.3444
217,16.4,32.0,0.0,5.0813,5.2019
218,21.9,29.0,0.0,6.4894,5.8206
219,17.6,25.0,0.0,5.2452,5.6236
220,15.4,22.0,0.0,4.8979,5.0423
221,15.5,31.0,0.0,4.842,4.9991
222,16.9,28.0,0.0,5.3244,5.0472
223,10.7,15.0,0.0,3.369,4.5206
224,11.3,18.0,0.0,3.5655,4.419
225,8.8,13.0,0.0,2.7295,4.3914
226,13.3,26.0,0.0,4.2767,4.546
227,12.5,31.0,0.0,4.3815,4.6252
228,13.1,19.0,0.0,4.0504,4.4795
229,13.2,18.0,0.0,4.0765,4.6074
230,11.6,22.0,0.0,3.5815,4.6406
231,12.7,21.0,0.0,4.031,4.7619
232,17.3,29.0,0.0,5.2712,5.1263
233,16.5,30.0,0.0,5.3912,5.0081
234,15.9,22.0,0.0,4.9325,5.1814
235,18.8,31.0,0.0,5.872,5.4304
236,16.8,24.0,0.0,4.984,5.2011
237,19.3,35.0,0.0,6.1483,5.3738
238,18.4,28.0,0.0,5.5396,5.6607
239,20.1,24.0,0.0,6.0407,5.4017
240,15.7,25.0,0.0,4.6632,4.9659
241,15.3,26.0,0.0,4.9255,4.9563
242,18.3,26.0,0.0,5.6487,4.9819
243,19.6,32.0,0.0,6.0476,5.1957
244,16.0,30.0,0.0,5.2828,5.0874
245,16.8,28.0,0.0,5.3346,5.0439
246,25.6,34.0,0.0,7.9795,5.3576
247,24.4,38.0,0.0,7.357,5.275
248,18.9,28.0,0.0,5.7298,5.4904
249,16.2,25.0,0.0,4.9087,5.1356
250,21.1,32.0,0.0,6.3515,5.14
251,15.8,21.0,0.0,4.6708,4.7883
252,19.6,30.0,0.0,6.0674,5.2238
253,15.9,20.0,0.0,4.7961,4.9467
254,20.5,26.0,0.0,6.0304,5.1962
255,12.8,17.0,0.0,3.9499,5.0122
256,13.5,18.0,0.0,3.9957,4.9438
257,15.7,22.0,0.0,4.8013,5.0567
258,18.9,27.0,0.0,5.6748,4.9389
259,16.2,29.0,0.0,4.8483,5.1037
260,21.1,38.0,0.0,6.5095,5.2243
261,19.3,27.0,0.0,5.7205,5.3186
262,17.0,22.0,0.0,5.1643,5.5774
263,16.6,28.0,0.0,5.2463,5.2357
264,12.7,19.0,0.0,3.9189,5.1905
265,21.3,37.0,0.0,6.5465,5.3017
266,15.9,22.0,0.0,5.0225,5.2671
267,18.0,24.0,0.0,5.211,5.4411
268,19.6,31.0,0.0,5.8264,5.5582
269,22.9,34.0,0.0,6.9946,5.8686
270,19.9,25.0,0.0,6.2493,5.276
271,21.0,31.0,0.0,6.2284,4.959
272,15.1,23.0,0.0,4.6413,4.6694
273,17.6,29.0,0.0,5.4297,4.7349
274,18.5,31.0,0.0,5.8803,5.1747
275,21.6,36.0,0.0,6.6408,5.1954
276,20.7,29.0,0.0,6.36,4.8708
277,26.6,37.0,0.0,8.2795,5.5574
278,23.7,28.0,0.0,7.2261,5.6417
279,20.1,26.0,0.0,6.0588,5.5012
280,16.8,22.0,0.0,5.0329,5.096
281,15.2,24.0,0.0,4.6593,4.8552
282,12.0,22.0,0.0,3.7933,4.5755
283,13.2,19.0,0.0,3.8617,4.6272
284,11.9,16.0,0.0,3.6515,4.4791
285,14.8,24.0,0.0,4.4295,4.6442
286,11.7,14.0,0.0,3.5157,4.7583
287,15.6,19.0,0.0,4.6333,4.9157
288,15.1,23.0,0.0,4.4897,4.9881
289,13.4,21.0,0.0,4.0334,4.7192
290,15.1,19.0,0.0,4.3897,4.7748
291,14.9,24.0,0.0,4.6079,4.711
292,14.6,20.0,0.0,4.5222,4.6837
293,11.6,14.0,0.0,3.6096,4.7381
294,18.5,29.0,0.0,5.5523,4.7943
295,9.6,15.0,0.0,2.9802,4.2771
296,10.7,14.0,0.0,3.3094,4.325
297,12.2,26.0,0.0,3.9624,4.2831
298,14.5,24.0,0.0,4.5098,4.2011
299,10.7,20.0,0.0,3.4894,4.1668
300,13.1,28.0,0.0,4.2252,4.4457
301,14.4,20.0,0.0,4.4048,4.8455
302,11.9,21.0,0.0,3.6589,4.6927
303,16.8,27.0,0.0,5.0478,5.2066
304,14.3,19.0,0.0,4.4146,4.9404
305,16.7,25.0,0.0,5.2676,5.0872
306,13.8,21.0,0.0,4.2609,4.7156
307,18.8,29.0,0.0,5.674,4.9167
308,17.5,26.0,0.0,5.3037,4.9863
309,15.3,18.0,0.0,4.7856,4.7814
310,16.4,30.0,0.0,5.1546,4.8382
311,21.1,29.0,0.0,6.4364,5.2988
312,20.9,37.0,0.0,6.5374,5.4656
313,17.2,33.0,0.0,5.3827,5.1946
314,19.6,27.0,0.0,5.6411,5.5515
315,19.1,25.0,0.0,5.675,5.2271
316,13.4,18.0,0.0,4.2435,4.7944
317,13.8,21.0,0.0,4.4623,4.648
318,11.6,22.0,0.0,3.8514,4.4233
319,15.2,24.0,0.0,4.859,4.675
320,12.4,18.0,0.0,3.8144,4.5234
321,16.2,31.0,0.0,5.2007,4.8743
322,18.6,31.0,0.0,5.9233,5.0862
323,15.6,29.0,0.0,5.0007,5.1571
324,19.3,25.0,0.0,5.9731,5.5174
325,28.6,44.0,0.0,8.5973,6.0521
326,18.7,27.0,0.0,5.9181,5.5672
327,15.9,26.0,0.0,4.9166,4.94
328,10.1,16.0,0.0,3.1729,4.557
329,10.6,13.0,0.0,3.4583,4.5291
330,13.2,27.0,0.0,4.4521,4.5955
331,10.7,14.0,0.0,3.4928,4.5238
332,15.0,19.0,0.0,4.4348,4.5475
333,12.9,18.0,0.0,4.0488,4.4416
334,12.8,27.0,0.0,4.1777,4.3967
335,10.4,14.0,0.0,3.3985,4.5967
336,12.8,19.0,0.0,3.9569,4.3468
337,12.1,18.0,0.0,3.839,4.2434
338,11.7,19.0,0.0,3.5767,4.2587
339,12.7,17.0,0.0,4.0166,4.4828
340,11.2,20.0,0.0,3.5431,4.276
341,10.6,16.0,0.0,3.328,4.5358
342,7.5,14.0,0.0,2.4668,4.1379
343,8.1,12.0,0.0,2.5135,4.1348
344,15.9,21.0,0.0,4.9082,4.9525
345,19.3,31.0,0.0,5.872,5.1864
346,20.8,30.0,0.0,6.0566,5.4842
347,26.2,38.0,0.0,7.755,5.8517
348,21.4,36.0,0.0,6.5611,5.3986
349,14.2,22.0,0.0,4.3162,4.8747
350,12.2,17.0,0.0,3.8669,4.7149
351,13.4,18.0,0.0,4.0756,4.7588
352,14.0,26.0,0.0,4.4237,4.756
353,15.7,28.0,0.0,4.9174,4.6895
354,15.0,26.0,0.0,4.761,4.4917
355,10.2,23.0,0.0,3.4627,4.1929
356,10.3,15.0,0.0,3.2105,4.2872
357,12.2,16.0,0.0,3.7433,4.2746
358,10.8,22.0,0.0,3.5196,4.2432
359,14.8,28.0,0.0,4.7444,4.4781
360,12.8,20.0,0.0,3.9964,4.2398
361,9.0,11.0,0.0,2.9202,4.2339
362,8.4,11.0,0.0,2.6369,4.343
363,13.4,22.0,0.0,4.249,4.697
364,19.0,24.0,0.0,5.7001,5.1044
365,17.0,23.0,0.0,4.9878,5.7022
366,19.8,27.0,0.0,6.2062,5.3977
367,18.0,25.0,0.0,5.5546,5.1998
368,17.7,30.0,0.0,5.4364,4.9597
369,14.4,18.0,0.0,4.458,4.5875
370,9.0,13.0,0.0,2.7455,4.1966
371,11.8,28.0,0.0,3.9532,4.161
372,15.5,35.0,0.0,5.1595,4.3496
373,13.6,28.0,0.0,4.4414,4.483
374,7.8,12.0,0.0,2.523,4.2403
375,11.1,23.0,0.0,3.6342,4.2582
376,8.9,14.0,0.0,2.8838,4.1324
377,12.9,18.0,0.0,4.0632,4.2769
378,10.9,13.0,0.0,3.3885,4.1901
379,13.2,19.0,0.0,4.0818,4.408
380,18.7,26.0,0.0,5.5739,4.7245
381,17.9,28.0,0.0,5.6148,4.6987
382,17.2,21.0,0.0,5.2328,4.729
383,13.8,24.0,0.0,4.4314,4.4739
384,17.1,32.0,0.0,5.4391,4.7123
385,15.1,22.0,0.0,4.7392,4.6193
386,15.0,30.0,0.0,4.7539,4.6945
387,14.0,19.0,0.0,4.1782,4.6305
388,11.2,15.0,0.0,3.562,4.531
389,9.7,11.0,0.0,3.1206,4.5087
390,11.3,18.0,0.0,3.5253,4.4145
391,11.1,21.0,0.0,3.4592,4.3873
392,10.1,15.0,0.0,3.0759,4.2188
393,10.3,23.0,0.0,3.4673,4.2475
394,11.3,18.0,0.0,3.5227,4.2284
395,7.8,15.0,0.0,2.5139,4.0948
396,12.5,25.0,0.0,4.006,4.0287
397,8.9,15.0,0.0,2.8278,3.9794
398,11.3,23.0,0.0,3.7952,4.2322
399,12.7,22.0,0.0,4.1499,4.7395
400,16.3,29.0,0.0,5.1948,5.1455
401,19.8,26.0,0.0,5.9302,5.2824
402,17.1,35.0,0.0,5.2007,5.1463
403,17.2,25.0,0.0,5.1478,5.1415
404,21.3,29.0,0.0,6.4199,5.3815
405,17.3,28.0,0.0,5.3323,4.933
406,17.0,27.0,0.0,5.2822,4.9694
407,13.6,24.0,0.0,4.2531,4.7421
408,18.1,30.0,0.0,5.6593,4.7916
409,14.6,21.0,0.0,4.5351,4.657
410,11.1,22.0,0.0,3.6807,4.4415
411,17.9,32.0,0.0,5.7838,4.4918
412,12.4,25.0,0.0,4.1842,4.522
413,10.3,18.0,0.0,3.3737,4.4518
414,14.3,25.0,0.0,4.5066,4.5018
415,10.2,16.0,0.0,3.3416,4.2956
416,12.2,25.0,0.0,3.8265,4.4096
417,11.3,16.0,0.0,3.5972,4.4461
418,8.8,12.0,0.0,2.6805,4.3181
419,10.2,14.0,0.0,3.3257,4.3042
420,11.5,28.0,0.0,3.9757,4.3427
421,13.9,29.0,0.0,4.4963,4.3801
422,15.6,23.0,0.0,5.2077,4.6303
423,16.8,26.0,0.0,5.3923,4.7936
424,18.5,26.0,0.0,5.5922,4.9658
425,23.6,31.0,0.0,7.17,5.3115
426,15.4,21.0,0.0,4.7228,4.6728
427,14.7,26.0,0.0,4.6374,4.554
428,14.8,22.0,0.0,4.5984,4.8432
429,15.6,21.0,0.0,4.8139,4.8013
430,16.0,21.0,0.0,4.9261,4.9059
431,10.9,14.0,0.0,3.4865,4.5171
432,17.5,24.0,0.0,5.2658,4.766
433,14.7,23.0,0.0,4.6167,4.9904
434,14.3,31.0,0.0,4.7202,4.7658
435,13.6,25.0,0.0,4.3206,4.443
436,15.3,27.0,0.0,4.857,4.5899
437,11.3,19.0,0.0,3.5329,4.2336
438,12.0,19.0,0.0,3.8765,4.3312
439,14.1,24.0,0.0,4.352,4.4009
440,8.2,11.0,0.0,2.6506,4.0804
441,9.3,19.0,0.0,3.0529,4.08
442,15.3,24.0,0.0,4.877,4.417
443,14.3,29.0,0.0,4.7213,4.496
444,15.8,29.0,0.0,5.2086,5.5405
445,16.9,20.0,0.0,5.0914,4.729
446,18.0,30.0,0.0,5.5613,4.9452
447,16.4,25.0,0.0,5.016,5.0161
448,18.4,25.0,0.0,5.5702,5.2788
449,15.2,18.0,0.0,4.5766,5.3582
450,17.4,21.0,0.0,5.4858,5.4436
451,20.0,26.0,0.0,6.2741,5.4158
452,18.1,26.0,0.0,5.2898,5.2341
453,16.2,23.0,0.0,5.3147,5.0499
454,10.1,16.0,0.0,3.1855,4.1583
455,12.3,18.0,0.0,3.9934,4.0911
456,11.1,22.0,0.0,3.7176,4.1338
457,12.3,17.0,0.0,3.842,4.1267
458,11.7,18.0,0.0,3.6063,4.232
459,5.7,8.0,0.0,1.7909,3.8771
460,7.1,13.0,0.0,2.2946,3.8707
461,10.4,22.0,0.0,3.3564,4.1863
462,14.6,32.0,0.0,4.8791,4.6131
463,18.9,36.0,0.0,5.8884,5.0508
464,17.9,24.0,0.0,5.4828,4.8376
465,22.0,33.0,0.0,6.6544,5.5451
466,18.0,34.0,0.0,5.5282,5.1178
467,16.5,22.0,0.0,4.9676,4.9198
468,18.1,29.0,0.0,5.5649,5.1289
469,17.2,31.0,0.0,5.5501,4.729
470,17.1,29.0,0.0,5.343,4.5744
471,17.4,26.0,0.0,5.5297,4.7079
472,16.0,22.0,0.0,4.9061,4.4686
473,15.4,22.0,0.0,4.9987,4.6826
474,17.6,21.0,0.0,5.5342,4.9058
475,16.1,25.0,0.0,4.9856,4.5923
476,17.5,26.0,0.0,5.2674,4.5531
477,14.7,26.0,0.0,4.7697,4.4234
478,15.2,30.0,0.0,4.9093,4.4454
479,20.2,26.0,0.0,6.4824,5.1297
480,16.7,27.0,0.0,5.1505,4.7753
481,18.5,30.0,0.0,5.5815,5.2941
482,17.1,23.0,0.0,5.1253,5.0566
483,12.1,19.0,0.0,3.8489,4.4267
484,16.4,23.0,0.0,5.0142,4.5642
485,12.0,21.0,0.0,3.7693,4.415
486,10.9,16.0,0.0,3.5663,4.2089
487,11.5,18.0,0.0,3.6444,4.2022
488,11.8,22.0,0.0,3.7749,4.0716
489,9.3,12.0,0.0,3.0081,4.2253
490,11.0,18.0,0.0,3.5545,4.1136
491,13.9,16.0,0.0,4.2412,4.2944
492,15.2,30.0,0.0,4.8321,4.3556
493,13.9,33.0,0.0,4.6829,4.4297
494,14.4,19.0,0.0,4.4942,4.6034
495,13.9,29.0,0.0,4.5199,4.6103
496,12.8,20.0,0.0,3.9438,4.6409
497,13.4,25.0,0.0,4.2073,4.5876
498,11.1,18.0,0.0,3.5544,4.6086
499,13.4,22.0,0.0,4.1532,4.4881
500,16.4,29.0,0.0,5.1798,4.4789
501,12.8,23.0,0.0,4.0285,4.4146
502,10.5,21.0,0.0,3.4142,4.1804
503,8.9,16.0,0.0,2.9304,4.2247
504,14.1,39.0,0.0,4.9831,4.2781
505,10.8,16.0,0.0,3.4796,4.4509
506,13.1,19.0,0.0,4.0324,4.5382
507,13.6,24.0,0.0,4.2474,4.5813
508,13.0,22.0,0.0,4.0081,4.4164
509,9.9,14.0,0.0,3.2781,4.2369
510,13.8,23.0,0.0,4.2507,4.3439
511,12.6,23.0,0.0,4.0931,4.5359
512,20.4,31.0,0.0,6.1092,5.0434
513,17.7,24.0,0.0,5.4539,4.8196
514,16.8,27.0,0.0,5.3959,4.7148
515,20.3,32.0,0.0,6.3437,4.7891
516,21.9,27.0,0.0,6.4967,5.5789
517,27.8,41.0,0.0,8.1829,6.0672
518,19.3,41.0,0.0,6.2156,4.8277
519,14.8,19.0,0.0,4.7054,4.7439
520,13.7,20.0,0.0,4.1291,4.8214
521,6.2,13.0,0.0,2.0671,3.9425
522,7.3,13.0,0.0,2.3882,4.0343
523,9.5,21.0,0.0,3.0512,4.0326
524,7.6,11.0,0.0,2.4717,4.0524
525,10.1,15.0,0.0,3.2252,4.0328
526,11.9,32.0,0.0,4.2214,4.1334
527,9.2,15.0,0.0,2.9356,4.0615
528,11.9,20.0,0.0,3.7679,4.224
529,9.9,22.0,0.0,3.3324,4.2489
530,12.1,19.0,0.0,3.6744,4.3575
531,12.3,19.0,0.0,3.9252,4.5117
532,10.6,20.0,0.0,3.4254,4.8177
533,16.7,29.0,0.0,5.4142,4.952
534,16.7,31.0,0.0,5.5417,4.8969
535,22.7,31.0,0.0,6.9157,5.5702
536,18.3,28.0,0.0,5.6535,5.1175
537,20.0,33.0,0.0,6.1672,5.0949
538,16.1,24.0,0.0,4.941,4.9534
539,19.0,27.0,0.0,5.6187,5.1625
540,14.1,18.0,0.0,4.3623,4.6121
541,19.9,37.0,0.0,6.4675,5.0509
542,16.0,25.0,0.0,5.0857,4.7771
543,12.8,28.0,0.0,4.195,4.3412
544,12.1,17.0,0.0,3.7073,4.3682
545,10.6,13.0,0.0,3.3466,4.265
546,13.1,18.0,0.0,4.1931,4.4048
547,11.1,19.0,0.0,3.6269,4.3935
548,9.5,12.0,0.0,2.9066,4.331
549,9.8,19.0,0.0,3.1864,4.4554
550,9.1,17.0,0.0,2.9983,4.2422
551,16.5,25.0,0.0,5.084,5.0907
552,16.1,21.0,0.0,4.9539,5.3882
553,15.2,25.0,0.0,4.5876,5.0495
554,18.5,27.0,0.0,5.6947,5.587
555,12.1,20.0,0.0,3.7739,5.0342
556,19.6,25.0,0.0,6.0008,5.2886
557,18.1,23.0,0.0,5.581,5.1571
558,12.4,25.0,0.0,3.9828,4.655
559,9.4,16.0,0.0,2.8841,4.3331
560,10.0,17.0,0.0,3.1982,4.2315
561,10.2,12.0,0.0,3.3214,4.3651
562,9.0,15.0,0.0,2.8191,4.3041
563,11.2,20.0,0.0,3.5654,4.3314
564,10.4,14.0,0.0,3.3015,4.3002
565,11.5,19.0,0.0,3.6821,4.4789
566,12.5,19.0,0.0,3.8699,4.5069
567,12.7,23.0,0.0,3.9867,4.5724
568,9.8,13.0,0.0,2.9726,4.4206
569,16.3,23.0,0.0,5.0471,5.0914
570,14.5,21.0,0.0,4.6904,5.2751
571,20.5,26.0,0.0,6.117,5.7029
572,21.0,25.0,0.0,6.5742,6.0901
573,24.2,32.0,0.0,7.362,5.8436
574,19.3,28.0,0.0,6.0253,5.1927
575,18.7,31.0,0.0,5.9567,4.846
576,14.9,23.0,0.0,4.5349,4.7295
577,13.0,21.0,0.0,4.0474,4.5747
578,13.7,23.0,0.0,4.4323,4.619
579,11.5,17.0,0.0,3.5362,4.5723
580,10.2,15.0,0.0,3.2615,4.2366
581,12.4,28.0,0.0,4.0534,4.378
582,12.4,17.0,0.0,3.7774,4.3305
583,10.9,16.0,0.0,3.4353,4.2229
584,11.7,18.0,0.0,3.5925,4.2388
585,11.2,21.0,0.0,3.651,4.3945
586,11.1,15.0,0.0,3.5143,4.4693
587,7.9,13.0,0.0,2.5176,4.3497
588,9.2,13.0,0.0,2.9749,4.1725
589,11.1,20.0,0.0,3.5673,4.1395
590,9.1,15.0,0.0,2.8805,4.1784
591,9.1,12.0,0.0,2.8414,4.1458
592,9.6,16.0,0.0,3.0803,4.1598
593,12.0,18.0,0.0,3.8277,4.4283
594,8.8,13.0,0.0,2.7022,4.2723
595,8.8,14.0,0.0,2.8392,4.1805
596,8.5,13.0,0.0,2.6166,4.0658
597,4.9,7.0,0.0,1.5493,4.0561
598,12.5,21.0,0.0,4.1252,4.5976
599,18.0,32.0,0.0,5.765,5.3413
600,19.1,28.0,0.0,5.962,5.5145
601,13.9,17.0,0.0,4.2804,5.0396
602,14.3,35.0,0.0,4.8369,4.5931
603,14.7,20.0,0.0,4.5148,4.6864
604,12.0,21.0,0.0,3.8184,4.6238
605,14.5,28.0,0.0,4.4813,5.0152
606,11.0,15.0,0.0,3.4652,5.1529
607,12.8,19.0,0.0,3.8974,5.0971
608,14.2,32.0,0.0,4.6227,4.986
609,16.6,32.0,0.0,5.3591,4.9622
610,8.5,12.0,0.0,2.6978,4.2045
611,11.3,22.0,0.0,3.7395,4.1344
612,12.1,23.0,0.0,3.9555,4.1856
613,12.7,18.0,0.0,3.9822,4.3878
614,10.1,13.0,0.0,3.1505,4.3079
615,10.4,18.0,0.0,3.2902,4.1387
616,11.7,20.0,0.0,3.6864,4.227
617,10.7,25.0,0.0,3.6069,4.3137
618,15.7,31.0,0.0,5.009,4.8612
619,15.6,19.0,0.0,4.8466,5.1162
620,20.2,34.0,0.0,6.3644,5.5296
621,20.0,38.0,0.0,6.0792,5.3946
622,17.2,24.0,0.0,5.2768,5.6663
623,14.6,19.0,0.0,4.5142,5.0064
624,20.2,33.0,0.0,6.0422,5.0782
625,15.9,23.0,0.0,4.7647,4.7874
626,12.5,17.0,0.0,3.9354,4.5819
627,15.9,22.0,0.0,5.0013,4.6733
628,14.1,22.0,0.0,4.4719,4.7553
629,14.4,21.0,0.0,4.4215,4.641
630,20.5,36.0,0.0,6.2595,4.8286
631,13.0,20.0,0.0,3.9957,4.6163
632,13.7,17.0,0.0,4.1605,4.6517
633,14.0,22.0,0.0,4.3178,4.6333
634,11.4,19.0,0.0,3.6046,4.5727
635,12.5,25.0,0.0,4.0878,4.3848
636,10.3,15.0,0.0,3.2954,4.1692
637,11.8,21.0,0.0,3.8797,4.2207
638,16.8,28.0,0.0,5.2169,4.5113
639,15.4,28.0,0.0,4.8391,4.6739
640,17.0,21.0,0.0,5.3979,4.8517
641,16.1,21.0,0.0,5.007,5.0409
642,19.2,29.0,0.0,5.8887,5.1933
643,18.7,29.0,0.0,5.7891,5.0562
644,15.9,23.0,0.0,4.9608,5.0003
645,13.8,20.0,0.0,4.3543,4.715
646,16.9,22.0,0.0,5.2818,5.0005
647,14.8,19.0,0.0,4.8767,4.8471
648,19.8,30.0,0.0,5.9051,5.0282
649,14.6,25.0,0.0,4.6435,4.8247
650,16.0,22.0,0.0,4.9296,5.0036
651,17.8,33.0,0.0,5.5756,4.9986
652,21.6,32.0,0.0,6.6893,5.3129
653,20.8,40.0,0.0,6.4562,5.3764
654,16.8,27.0,0.0,5.0661,5.1178
655,17.3,25.0,0.0,5.3819,5.118
656,16.5,23.0,0.0,5.002,5.0503
657,14.4,26.0,0.0,4.531,4.856
658,16.5,31.0,0.0,5.1932,4.8367
659,11.7,18.0,0.0,3.6509,4.5678
660,12.0,16.0,0.0,3.7092,4.6461
661,18.2,33.0,0.0,5.6716,4.8309
662,18.0,25.0,0.0,5.3771,4.9449
663,15.2,23.0,0.0,4.7051,4.7753
664,12.2,18.0,0.0,3.8923,4.5468
665,14.7,27.0,0.0,4.6433,4.7505
666,12.8,18.0,0.0,4.0159,4.5032
667,15.3,22.0,0.0,4.7704,4.4338
668,12.1,16.0,0.0,3.7768,4.2399
669,10.0,17.0,0.0,3.237,4.0697
670,11.2,21.0,0.0,3.6688,4.133
671,14.5,26.0,0.0,4.773,4.0584
672,12.2,23.0,0.0,3.9961,4.2809
673,7.5,12.0,0.0,2.4434,4.1304
674,11.4,21.0,0.0,3.6329,4.2546
675,8.7,16.0,0.0,2.8194,4.203
676,10.8,20.0,0.0,3.4144,4.3998
677,14.3,31.0,0.0,4.7034,4.6114
678,15.7,22.0,0.0,4.7456,4.6034
679,23.2,37.0,0.0,7.0859,5.4202
680,21.4,37.0,0.0,6.5012,5.8006
681,16.7,23.0,0.0,5.1867,5.2204
682,19.0,38.0,0.0,6.0605,5.0291
683,19.8,30.0,0.0,6.1264,5.1485
684,13.5,26.0,0.0,4.1961,4.9276
685,17.1,26.0,0.0,5.3987,4.901
686,14.4,22.0,0.0,4.6465,4.6258
687,13.6,26.0,0.0,4.4301,4.6377
688,14.9,24.0,0.0,4.6838,4.559
689,13.3,20.0,0.0,4.1706,4.4938
690,13.3,21.0,0.0,4.1842,4.474
691,13.3,21.0,0.0,4.0956,4.3036
692,11.0,27.0,0.0,3.6924,4.2705
693,13.4,20.0,0.0,4.1426,4.5357
694,11.0,21.0,0.0,3.4951,4.6814
695,13.7,18.0,0.0,4.3197,4.95
696,13.0,17.0,0.0,3.9759,4.844
697,11.7,20.0,0.0,3.6656,4.5277
698,11.8,16.0,0.0,3.6439,4.5131
699,10.1,14.0,0.0,3.1238,4.4878
700,15.3,28.0,0.0,4.8755,4.5963
701,14.6,28.0,0.0,4.7172,4.9792
702,11.0,16.0,0.0,3.4293,4.7976
703,12.6,17.0,0.0,3.7386,4.7319
704,9.5,14.0,0.0,3.0587,4.2714
705,10.7,15.0,0.0,3.3147,4.0503
706,11.1,20.0,0.0,3.5689,4.0758
707,14.2,30.0,0.0,4.6957,4.1384
708,10.8,18.0,0.0,3.306,4.2508
709,13.7,23.0,0.0,4.2474,4.4027
710,10.7,14.0,0.0,3.2753,4.3465
711,11.3,17.0,0.0,3.4038,4.2053
712,11.6,16.0,0.0,3.637,4.4525
713,12.2,18.0,0.0,3.8441,4.7005
714,17.1,29.0,0.0,5.2845,4.8181
715,16.6,22.0,0.0,5.2019,5.2774
716,22.7,30.0,0.0,6.8974,5.5647
717,21.6,35.0,0.0,6.5685,5.553
718,16.4,30.0,0.0,5.0957,5.1341
719,19.3,26.0,0.0,5.7042,5.6041
720,17.1,28.0,0.0,5.3813,5.1573
721,12.8,16.0,0.0,4.0139,4.8042
722,11.4,17.0,0.0,3.6373,4.2047
723,7.2,11.0,0.0,2.2963,4.1754
724,9.5,18.0,0.0,3.0344,4.137
725,9.3,17.0,0.0,3.0824,4.1231
726,13.4,18.0,0.0,4.0814,4.2133
727,11.2,19.0,0.0,3.6444,4.2477
728,14.8,34.0,0.0,5.0138,4.3732
729,10.2,16.0,0.0,3.2757,4.5161
730,17.2,27.0,0.0,5.2665,4.716
731,13.9,23.0,0.0,4.293,4.8041
732,15.2,20.0,0.0,4.6347,4.7711
733,11.6,18.0,0.0,3.6056,4.2844
734,14.0,15.0,0.0,4.1989,4.4258
735,16.0,28.0,0.0,4.9586,4.6876
736,14.5,24.0,0.0,4.2775,4.4541
737,12.4,19.0,0.0,3.7455,4.5187
738,10.9,19.0,0.0,3.4355,4.3696
739,16.4,23.0,0.0,5.2,4.7264
740,14.5,25.0,0.0,4.5415,4.6164
741,12.8,20.0,0.0,3.9214,4.4753
742,9.8,20.0,0.0,3.1125,4.2106
743,9.9,15.0,0.0,3.0348,4.2275
744,7.7,15.0,0.0,2.5174,4.1253
745,8.7,13.0,0.0,2.679,4.1686
746,9.7,16.0,0.0,3.0403,4.2082
747,10.0,15.0,0.0,3.057,4.193
748,9.7,15.0,0.0,3.0016,4.2411
749,13.0,29.0,0.0,4.3276,4.5381
750,12.4,20.0,0.0,3.7499,4.4854
751,12.2,16.0,0.0,3.6454,4.5528
752,12.4,26.0,0.0,4.0386,4.411
753,9.9,13.0,0.0,2.9668,4.5787
754,15.4,29.0,0.0,4.895,4.6901
755,12.9,26.0,0.0,4.1472,4.7261
756,12.2,17.0,0.0,3.8633,4.7372
757,10.2,14.0,0.0,3.1772,4.5487
758,12.9,27.0,0.0,4.1034,4.4819
759,10.6,14.0,0.0,3.2002,4.4397
760,13.2,24.0,0.0,4.1328,4.448
761,11.2,23.0,0.0,3.5668,4.3844
762,10.7,15.0,0.0,3.36,4.2688
763,15.3,21.0,0.0,4.7621,4.614
764,12.9,22.0,0.0,4.0044,4.5015
765,9.3,14.0,0.0,2.9653,4.352
766,11.5,16.0,0.0,3.5181,4.4655
767,17.8,35.0,0.0,5.7069,4.751
768,13.1,19.0,0.0,4.2236,4.4215
769,12.2,21.0,0.0,3.883,4.4941
770,13.9,34.0,0.0,4.5778,4.75
771,16.1,30.0,0.0,5.2554,4.6632
772,13.3,26.0,0.0,4.2787,4.5549
773,16.6,28.0,0.0,5.1064,4.5681
774,13.6,21.0,0.0,4.1917,4.5639
775,12.6,16.0,0.0,3.9321,4.5619
776,17.0,21.0,0.0,5.1225,4.8123
777,15.7,30.0,0.0,5.0474,4.6203
778,11.8,26.0,0.0,3.9345,4.4355
779,10.8,17.0,0.0,3.4752,4.6761
780,14.8,23.0,0.0,4.6483,5.0838
781,13.4,27.0,0.0,4.0061,4.7614
782,12.3,18.0,0.0,3.7688,4.5887
783,10.8,15.0,0.0,3.2184,4.6825
784,13.2,22.0,0.0,4.1465,4.7896
785,10.5,21.0,0.0,3.4125,4.3035
786,11.4,19.0,0.0,3.5363,4.4969
787,10.2,23.0,0.0,3.3114,4.4946
788,11.6,16.0,0.0,3.5948,4.4669
789,11.8,18.0,0.0,3.5496,4.5381
790,12.8,24.0,0.0,4.3246,4.5125
791,10.3,14.0,0.0,3.2413,4.49
792,11.6,25.0,0.0,3.7693,4.4951
793,9.8,13.0,0.0,2.9812,4.4826
794,11.9,14.0,0.0,3.6992,4.7161
795,12.2,20.0,0.0,3.7723,4.5117
796,15.3,24.0,0.0,4.6594,4.6167
797,14.4,25.0,0.0,4.4546,4.4921
798,13.4,20.0,0.0,4.0505,4.9055
799,10.4,14.0,0.0,3.3077,4.812
800,16.2,30.0,0.0,5.038,4.8824
801,11.1,16.0,0.0,3.4673,4.7553
802,14.8,22.0,0.0,4.5504,4.763
803,13.5,22.0,0.0,4.2311,4.7512
804,13.3,19.0,0.0,4.0508,4.7887
805,13.6,25.0,0.0,4.2747,4.7129
806,10.8,14.0,0.0,3.2966,4.4787
807,15.1,30.0,0.0,4.9077,4.7511
808,14.1,23.0,0.0,4.3036,4.5662
809,10.8,17.0,0.0,3.4242,4.4124
810,12.7,21.0,0.0,3.8092,4.5112
811,14.0,25.0,0.0,4.4643,4.5901
812,11.1,26.0,0.0,3.7172,4.5083
813,14.2,17.0,0.0,4.3218,4.8244
814,11.1,17.0,0.0,3.4013,4.5932
815,20.4,38.0,0.0,6.4722,4.9667
816,10.8,14.0,0.0,3.2234,4.6842
817,12.6,15.0,0.0,3.9422,4.6281
818,14.1,19.0,0.0,4.331,4.6837
819,13.1,24.0,0.0,4.111,4.3728
820,15.0,18.0,0.0,4.4958,4.7209
821,11.0,17.0,0.0,3.5349,4.5628
822,12.9,21.0,0.0,4.0192,4.4089
823,10.7,14.0,0.0,3.3295,4.388
824,10.6,15.0,0.0,3.3683,4.5456
825,12.1,17.0,0.0,3.827,4.6895
826,11.8,18.0,0.0,3.6783,4.611
827,11.8,18.0,0.0,3.6318,4.5686
828,10.7,22.0,0.0,3.4197,4.4776
829,14.7,23.0,0.0,4.3508,4.6044
830,11.2,15.0,0.0,3.2351,4.4579
831,10.6,17.0,0.0,3.3451,4.513
832,9.1,12.0,0.0,2.729,4.4441
833,12.3,17.0,0.0,3.6905,4.6838
834,12.0,17.0,0.0,3.7557,4.5385
835,13.4,23.0,0.0,4.1109,4.8265
836,16.6,27.0,0.0,5.3286,5.1303
837,13.0,19.0,0.0,4.0553,4.7693
838,15.1,30.0,0.0,4.7889,4.8153
839,14.7,23.0,0.0,4.4819,5.0429
840,13.7,20.0,0.0,4.2111,4.9856
841,19.3,31.0,0.0,5.9608,5.5133
842,16.7,25.0,0.0,5.0269,4.8643
843,15.2,24.0,0.0,4.7394,5.1007
844,14.1,22.0,0.0,4.4025,5.3539
845,17.1,25.0,0.0,5.1624,5.5266
846,18.7,35.0,0.0,5.8467,5.4595
847,16.8,24.0,0.0,5.1221,5.3465
848,14.3,19.0,0.0,4.3754,5.3352
849,19.1,28.0,0.0,5.7543,5.3768
850,18.7,31.0,0.0,5.7115,5.3322
851,14.9,20.0,0.0,4.577,5.0677
852,16.5,26.0,0.0,5.2931,4.6626
853,14.7,22.0,0.0,4.4057,4.8263
854,11.3,15.0,0.0,3.5338,4.5836
855,11.9,27.0,0.0,3.9138,4.6148
856,12.4,17.0,0.0,3.7684,4.6031
857,11.6,18.0,0.0,3.5233,4.4479
858,11.6,24.0,0.0,3.8686,4.5092
859,14.7,26.0,0.0,4.6606,4.5029
860,11.9,16.0,0.0,3.7546,4.4749
861,16.1,23.0,0.0,4.6904,4.7482
862,15.3,28.0,0.0,4.7683,4.9346
863,17.0,24.0,0.0,5.0989,5.0149
864,18.2,23.0,0.0,5.6016,5.269
865,15.4,26.0,0.0,4.8765,4.7687
866,13.6,18.0,0.0,3.9919,4.7928
867,14.7,21.0,0.0,4.2565,4.7931
868,15.6,19.0,0.0,4.8094,4.9836
869,18.7,34.0,0.0,5.6646,5.0009
870,18.5,29.0,0.0,5.7054,5.0709
871,17.9,31.0,0.0,5.5654,4.9845
872,15.1,34.0,0.0,4.8908,4.7349
873,14.0,28.0,0.0,4.6387,4.6148
874,14.6,23.0,0.0,4.319,4.8218
875,11.8,15.0,0.0,3.6986,4.4889
876,12.7,22.0,0.0,3.9592,4.5196
877,15.2,24.0,0.0,4.7317,4.5779
878,11.5,20.0,0.0,3.6804,4.5122
879,13.4,18.0,0.0,4.0605,4.7034
880,16.2,26.0,0.0,4.9275,4.847
881,11.8,15.0,0.0,3.6296,4.5251
882,14.2,15.0,0.0,4.2456,4.7285
883,17.8,28.0,0.0,5.5003,4.6316
884,13.8,21.0,0.0,4.3425,4.566
885,14.6,20.0,0.0,4.601,4.9924
886,12.5,19.0,0.0,3.7589,4.6129
887,13.2,19.0,0.0,4.189,4.6138
888,16.7,25.0,0.0,5.005,4.899
889,14.4,19.0,0.0,4.4887,4.9497
890,17.1,37.0,0.0,5.5034,4.975
891,15.6,35.0,0.0,5.1735,4.7839
892,14.3,21.0,0.0,4.3655,4.6928
893,12.6,22.0,0.0,3.8352,4.5626
894,13.9,22.0,0.0,4.3078,4.4966
895,14.0,20.0,0.0,4.1773,4.4766
896,12.0,18.0,0.0,3.8974,4.5503
897,13.4,26.0,0.0,4.2673,4.5569
898,13.9,32.0,0.0,4.5665,4.713
899,15.6,26.0,0.0,4.8109,4.9761
900,21.2,30.0,0.0,6.5115,5.2826
901,16.3,28.0,0.0,4.8779,4.7651
902,18.0,28.0,0.0,5.5404,5.0735
903,16.6,28.0,0.0,5.0525,5.0605
904,16.8,24.0,0.0,5.1065,5.04
905,10.5,15.0,0.0,3.1205,4.6076
906,12.1,16.0,0.0,3.9459,4.778
907,17.9,22.0,0.0,5.5332,4.9919
908,18.0,28.0,0.0,5.5873,5.0715
909,14.0,27.0,0.0,4.1795,5.0159
910,13.7,31.0,0.0,4.3986,4.7711
911,15.9,21.0,0.0,4.8975,4.8111
912,16.6,28.0,0.0,5.1484,4.7478
913,10.3,13.0,0.0,3.1626,4.589
914,10.6,16.0,0.0,3.2993,4.5804
915,12.8,22.0,0.0,4.1313,4.6306
916,12.7,23.0,0.0,3.9387,4.5631
917,12.3,17.0,0.0,3.6537,4.5572
918,10.5,20.0,0.0,3.4435,4.5977
919,13.6,19.0,0.0,4.3368,4.697
920,14.1,18.0,0.0,4.3475,4.8246
921,17.2,25.0,0.0,5.2345,5.157
922,13.9,24.0,0.0,4.3068,5.0848
923,15.4,25.0,0.0,4.8997,4.7579
924,13.3,16.0,0.0,4.1778,5.0359
925,20.5,31.0,0.0,6.1764,5.2851
926,18.5,34.0,0.0,5.8571,5.4154
927,18.2,33.0,0.0,5.7195,5.3697
928,21.8,28.0,0.0,6.5365,5.6094
929,22.7,32.0,0.0,6.8016,5.8143
930,22.3,30.0,0.0,6.5921,5.5051
931,14.4,19.0,0.0,4.2452,4.8582
932,10.7,19.0,0.0,3.3938,4.4998
933,12.1,18.0,0.0,3.7636,4.6284
934,12.8,22.0,0.0,4.1256,4.997
935,17.9,36.0,0.0,5.5519,5.086
936,11.0,15.0,0.0,3.2368,4.5181
937,9.3,18.0,0.0,2.9614,4.5298
938,9.9,14.0,0.0,3.0079,4.65
939,18.1,31.0,0.0,5.5538,4.9847
940,13.6,25.0,0.0,4.428,4.7158
941,13.3,23.0,0.0,4.1758,4.5029
942,10.6,19.0,0.0,3.3834,4.5339
943,11.0,14.0,0.0,3.3867,4.6048
944,8.3,12.0,0.0,2.5857,4.5093
945,12.1,17.0,0.0,3.7547,4.5406
946,14.9,22.0,0.0,4.6236,4.5578
947,13.8,18.0,0.0,4.1165,4.5281
948,13.1,21.0,0.0,4.1211,4.6728
949,13.2,24.0,0.0,4.2035,4.7317
950,14.8,23.0,0.0,4.5474,4.8177
951,13.5,34.0,0.0,4.5065,4.6641
952,15.5,20.0,0.0,4.7434,4.9037
953,14.4,21.0,0.0,4.4403,4.9366
954,17.4,27.0,0.0,5.3336,5.0649
955,13.4,23.0,0.0,4.231,4.9419
956,12.3,19.0,0.0,3.9489,4.7344
957,18.3,40.0,0.0,6.0669,4.8745
958,15.5,22.0,0.0,4.8122,4.8601
959,20.8,34.0,0.0,6.4237,5.1128
960,16.1,31.0,0.0,5.1076,5.0513
961,14.4,21.0,0.0,4.4369,4.9222
962,14.9,23.0,0.0,4.6739,4.8832
963,12.3,17.0,0.0,3.6426,4.6906
964,13.8,20.0,0.0,4.1478,4.6824
965,13.8,26.0,0.0,4.475,4.7987
966,8.8,14.0,0.0,2.7217,4.4086
967,13.8,19.0,0.0,4.2183,4.5062
968,13.6,22.0,0.0,4.1866,4.525
969,13.5,22.0,0.0,4.0618,4.541
970,13.0,18.0,0.0,4.036,4.7164
971,13.8,22.0,0.0,4.2708,4.8643
972,10.2,18.0,0.0,3.168,4.5494
973,13.7,21.0,0.0,4.206,4.7825
974,15.1,22.0,0.0,4.7252,4.7769
975,11.7,17.0,0.0,3.6475,4.6623
976,17.5,36.0,0.0,5.6357,4.8938
977,14.8,23.0,0.0,4.5044,4.8414
978,12.9,17.0,0.0,3.7728,4.9116
979,15.4,26.0,0.0,4.7746,4.9452
980,16.4,26.0,0.0,4.9815,5.0653
981,21.0,38.0,0.0,6.8226,5.1761
982,16.8,27.0,0.0,5.3052,5.1249
983,14.5,26.0,0.0,4.5447,4.8973
984,16.9,31.0,0.0,5.2479,4.8464
985,12.3,16.0,0.0,3.7124,4.6036
986,16.7,26.0,0.0,5.1125,4.8454
987,12.7,19.0,0.0,4.0706,4.8394
988,16.6,20.0,0.0,4.9912,5.1619
989,18.3,28.0,0.0,5.4706,5.0107
990,12.8,18.0,0.0,3.7955,4.7701
991,12.0,16.0,0.0,3.6479,4.6292
992,14.0,22.0,0.0,4.3321,4.7717
993,14.9,24.0,0.0,4.4797,4.7718
994,15.3,22.0,0.0,4.7172,4.8637
995,13.9,23.0,0.0,4.2466,4.7352
996,16.3,29.0,0.0,5.08,4.7718
997,11.1,14.0,0.0,3.4554,4.6856
998,13.4,25.0,0.0,4.3704,4.8052
999,11.6,19.0,0.0,3.6184,4.7313
1000,13.3,23.0,0.0,4.2289,4.725
1001,11.9,19.0,0.0,3.8131,4.422
1002,14.4,23.0,0.0,4.4941,4.5968
1003,12.3,18.0,0.0,3.8743,4.6255
1004,16.2,28.0,0.0,5.0697,4.8078
1005,16.7,28.0,0.0,5.1711,4.9225
1006,14.9,30.0,0.0,4.803,5.1089
1007,13.6,21.0,0.0,4.3656,4.8858
1008,16.2,33.0,0.0,5.2052,5.0012
1009,15.1,24.0,0.0,4.7204,4.8472
1010,10.2,13.0,0.0,3.1852,4.5372
1011,15.2,19.0,0.0,4.5167,4.6905
1012,13.5,22.0,0.0,4.0336,4.7523
1013,11.7,16.0,0.0,3.5507,4.5387
1014,11.5,16.0,0.0,3.579,4.6738
1015,11.9,25.0,0.0,3.7961,4.4561
1016,14.7,26.0,0.0,4.5791,4.61
1017,13.8,26.0,0.0,4.4841,4.6049
1018,12.1,20.0,0.0,3.8714,4.7239
1019,15.9,23.0,0.0,4.9044,5.0781
1020,15.2,25.0,0.0,4.6141,5.2241
1021,19.4,27.0,0.0,5.8817,5.5939
1022,19.7,28.0,0.0,6.0353,5.2546
1023,13.9,20.0,0.0,4.2715,4.7694
1024,13.4,18.0,0.0,4.1522,4.864
1025,13.0,18.0,0.0,3.9496,4.8254
1026,11.6,14.0,0.0,3.6461,4.8306
1027,16.9,20.0,0.0,5.1537,4.9166
1028,15.2,23.0,0.0,4.594,5.0307
1029,12.9,18.0,0.0,3.9504,4.8821
1030,13.8,18.0,0.0,4.1269,4.7804
1031,12.9,17.0,0.0,4.0571,4.6281
1032,10.3,17.0,0.0,3.292,4.4884
1033,12.0,17.0,0.0,3.8008,4.6987
1034,22.6,31.0,0.0,6.8388,5.7592
1035,23.1,31.0,0.0,6.932,5.7034
1036,17.3,28.0,0.0,5.4565,4.9456
1037,17.2,22.0,0.0,5.2671,5.2051
1038,21.1,35.0,0.0,6.2764,5.2995
1039,16.8,23.0,0.0,5.2167,5.005
1040,17.8,26.0,0.0,5.3708,5.4521
1041,15.3,28.0,0.0,4.7385,5.0557
1042,23.0,34.0,0.0,6.9651,5.3211
1043,16.8,22.0,0.0,4.9828,4.8781
1044,17.9,33.0,0.0,5.5424,5.0052
1045,20.6,28.0,0.0,6.2007,5.3978
1046,18.5,27.0,0.0,5.5082,5.1545
1047,18.3,21.0,0.0,5.5587,5.2444
1048,21.0,35.0,0.0,6.4214,5.2245
1049,15.8,34.0,0.0,5.2366,5.156
1050,19.3,25.0,0.0,6.0188,5.3395
1051,16.1,20.0,0.0,5.0646,5.1301
1052,17.2,33.0,0.0,5.2853,5.3538
1053,15.6,25.0,0.0,4.7466,4.8867
1054,12.3,17.0,0.0,3.7975,4.8975
1055,12.6,20.0,0.0,3.9386,4.5335
1056,12.4,16.0,0.0,3.779,4.4792
1057,11.5,27.0,0.0,3.8629,4.5586
1058,13.3,22.0,0.0,4.1713,4.6418
1059,14.2,19.0,0.0,4.419,4.9021
1060,13.4,20.0,0.0,4.0426,4.8089
1061,13.5,20.0,0.0,4.2555,4.6999
1062,15.3,31.0,0.0,4.8848,4.9063
1063,16.5,29.0,0.0,5.1499,5.0507
1064,17.5,31.0,0.0,5.3823,5.1224
1065,22.2,30.0,0.0,6.6658,5.4329
1066,19.0,34.0,0.0,5.8161,5.0803
1067,10.8,15.0,0.0,3.3984,4.6581
1068,14.0,29.0,0.0,4.4065,4.643
1069,14.7,23.0,0.0,4.5089,4.9322
1070,15.4,24.0,0.0,4.7543,4.8434
1071,15.0,25.0,0.0,4.704,4.6122
1072,13.9,20.0,0.0,4.2706,4.5404
1073,12.0,17.0,0.0,3.6246,4.5364
1074,16.9,22.0,0.0,5.2758,4.572
1075,11.1,22.0,0.0,3.5575,4.4258
1076,12.9,32.0,0.0,4.325,4.2931
1077,13.1,22.0,0.0,4.0843,4.5652
1078,18.8,28.0,0.0,5.7658,4.752
1079,15.4,35.0,0.0,5.0576,4.6982
1080,14.0,28.0,0.0,4.4344,4.593
1081,15.4,23.0,0.0,4.684,5.0498
1082,19.3,38.0,0.0,5.9936,5.5776
1083,22.3,27.0,0.0,6.7179,5.6383
1084,18.3,25.0,0.0,5.5308,5.5045
1085,14.8,25.0,0.0,4.407,4.8513
1086,14.1,19.0,0.0,4.188,4.5311
1087,13.7,17.0,0.0,4.2315,4.6993
1088,13.7,19.0,0.0,4.1624,4.9893
1089,12.5,19.0,0.0,3.9144,4.7323
1090,16.3,32.0,0.0,5.1672,5.1802
1091,14.5,18.0,0.0,4.4526,4.71
1092,12.4,18.0,0.0,4.0112,4.4755
1093,12.4,16.0,0.0,3.8721,4.1857
1094,13.5,20.0,0.0,4.1998,4.3773
1095,9.5,16.0,0.0,2.9086,4.3517
1096,13.6,25.0,0.0,4.2812,4.7127
1097,14.8,22.0,0.0,4.6615,4.728
1098,14.4,20.0,0.0,4.1997,4.8591
1099,14.1,19.0,0.0,4.225,4.7011
1100,14.1,17.0,0.0,4.2058,4.8912
1101,14.7,19.0,0.0,4.498,5.0048
1102,12.8,19.0,0.0,3.9337,4.8397
1103,14.7,21.0,0.0,4.394,4.9452
1104,16.1,24.0,0.0,4.8472,4.996
1105,12.8,21.0,0.0,4.0137,4.9086
1106,14.7,18.0,0.0,4.7272,5.1003
1107,21.9,40.0,0.0,6.9448,5.7128
1108,17.7,30.0,0.0,5.2264,5.6389
1109,18.3,24.0,0.0,5.4645,5.615
1110,14.3,21.0,0.0,4.2981,5.1467
1111,26.2,36.0,0.0,7.9124,5.7519
1112,20.0,25.0,0.0,6.0894,5.3671
1113,17.5,23.0,0.0,5.5033,5.3754
1114,20.8,37.0,0.0,6.5361,5.3184
1115,15.1,22.0,0.0,4.7977,5.0806
1116,10.8,14.0,0.0,3.2955,4.6194
1117,13.1,25.0,0.0,4.4038,4.562
1118,11.8,22.0,0.0,3.6928,4.7445
1119,11.9,14.0,0.0,3.5186,4.384
1120,12.6,15.0,0.0,3.745,4.4471
1121,13.0,18.0,0.0,3.8483,4.5227
1122,13.9,19.0,0.0,4.2341,5.0375
1123,16.0,35.0,0.0,5.3454,4.8514
1124,19.5,41.0,0.0,6.2982,4.91
1125,12.3,27.0,0.0,4.0204,4.4622
1126,12.0,15.0,0.0,3.6794,4.8033
1127,19.4,58.0,0.0,6.8994,4.9368
1128,16.8,23.0,0.0,5.3552,5.3926
1129,16.4,27.0,0.0,5.0434,5.5679
1130,16.1,31.0,0.0,4.7944,5.605
1131,22.3,31.0,0.0,6.8147,5.6438
1132,26.7,41.0,0.0,8.4285,6.7571
1133,20.1,31.0,0.0,6.2929,5.6614
1134,14.8,24.0,0.0,4.6304,4.7747
1135,17.6,24.0,0.0,5.4131,4.7816
1136,14.1,22.0,0.0,4.2107,4.6381
1137,11.3,15.0,0.0,3.5026,4.4746
1138,13.8,23.0,0.0,4.2858,4.2792
1139,13.8,21.0,0.0,4.3148,4.6154
1140,12.2,16.0,0.0,3.9651,4.3877
1141,12.0,18.0,0.0,3.732,4.5065
1142,17.1,24.0,0.0,5.4296,4.7189
1143,18.3,28.0,0.0,5.7318,5.4399
1144,25.1,41.0,0.0,7.9449,7.0274
1145,25.0,28.0,0.0,7.4063,7.8135
1146,18.9,30.0,0.0,5.8345,5.9304
1147,11.3,18.0,0.0,3.475,4.9239
1148,15.0,27.0,0.0,4.6662,4.9249
1149,12.8,18.0,0.0,3.9676,4.6327
1150,13.3,16.0,0.0,4.1743,4.6001
1151,14.1,19.0,0.0,4.1902,4.5591
1152,12.5,28.0,0.0,4.1172,4.4018
1153,12.6,27.0,0.0,4.1337,4.2514
1154,11.6,16.0,0.0,3.6149,4.3537
1155,14.0,21.0,0.0,4.2755,4.476
1156,8.9,12.0,0.0,2.8045,4.5405
1157,13.0,20.0,0.0,3.9741,4.5976
1158,13.5,27.0,0.0,4.3025,4.748
1159,14.6,21.0,0.0,4.5618,4.9408
1160,13.9,20.0,0.0,4.1792,4.9548
1161,14.8,23.0,0.0,4.5212,4.9566
1162,13.1,18.0,0.0,4.0033,4.7057
1163,11.5,28.0,0.0,4.0142,4.419
1164,5.2,7.0,0.0,1.6815,4.1139
1165,3.8,8.0,0.0,1.3076,3.9712
1166,7.1,21.0,0.0,2.621,4.0271
1167,16.9,25.0,0.0,5.3951,4.95
1168,19.8,47.0,0.0,6.6113,5.016
1169,16.7,31.0,0.0,5.3285,4.9367
1170,21.3,29.0,0.0,6.4951,6.1083
1171,24.1,41.0,0.0,7.5274,5.947
1172,26.9,45.0,0.0,7.9568,6.7217
1173,17.4,23.0,0.0,5.2905,5.8167
1174,14.4,17.0,0.0,4.1768,5.4054
1175,15.0,21.0,0.0,4.2684,5.2738
1176,12.4,16.0,0.0,3.8813,5.033
1177,18.8,32.0,0.0,5.6996,5.4053
1178,15.7,21.0,0.0,4.8495,4.839
1179,16.3,21.0,0.0,5.0241,5.1436
1180,15.9,23.0,0.0,4.8091,4.4715
1181,12.0,20.0,0.0,3.7767,4.4137
1182,13.2,26.0,0.0,4.1992,4.4033
1183,14.5,25.0,0.0,4.4257,4.6655
1184,16.1,27.0,0.0,4.9752,4.4474
1185,9.3,12.0,0.0,2.8771,4.2996
1186,10.0,16.0,0.0,3.0909,4.3605
1187,10.9,24.0,0.0,3.5974,4.2877
1188,13.3,21.0,0.0,4.0853,4.6419
1189,11.5,15.0,0.0,3.49,4.3915
1190,16.5,26.0,0.0,5.0424,4.6666
1191,14.9,23.0,0.0,4.6279,4.8044
1192,15.1,19.0,0.0,4.64,4.9299
1193,18.1,36.0,0.0,5.6329,5.1579
1194,18.0,25.0,0.0,5.6292,5.2143
1195,22.4,39.0,0.0,6.905,5.6204
1196,21.0,40.0,0.0,6.8773,5.3451
1197,14.5,18.0,0.0,4.4355,4.4729
1198,12.2,26.0,0.0,3.9504,4.2837
1199,11.8,16.0,0.0,3.5074,4.2554
1200,12.0,16.0,0.0,3.6172,4.2835
1201,13.4,22.0,0.0,4.0973,4.4043
1202,13.3,21.0,0.0,4.1435,4.4029
1203,14.5,30.0,0.0,4.7071,4.4553
1204,12.0,22.0,0.0,3.7579,4.3828
1205,11.1,17.0,0.0,3.529,4.3459
1206,13.6,23.0,0.0,4.1933,4.7087
1207,10.7,14.0,0.0,3.3168,4.5633
1208,6.0,10.0,0.0,1.908,4.2243
1209,9.8,21.0,0.0,3.127,4.1744
1210,8.5,13.0,0.0,2.6685,4.3224
1211,17.9,34.0,0.0,5.7887,4.6207
1212,17.0,26.0,0.0,5.2058,5.1022
1213,17.9,29.0,0.0,5.4816,5.779
1214,19.7,26.0,0.0,5.871,5.8288
1215,19.1,31.0,0.0,5.7721,6.2655
1216,22.9,32.0,0.0,6.7884,6.0521
1217,22.5,37.0,0.0,6.8833,6.2863
1218,21.3,31.0,0.0,6.3469,5.3078
1219,15.7,24.0,0.0,4.8374,5.0342
1220,14.2,21.0,0.0,4.218,4.6435
1221,10.8,16.0,0.0,3.327,4.5306
1222,14.7,21.0,0.0,4.5376,4.764
1223,11.5,16.0,0.0,3.492,4.5837
1224,14.6,21.0,0.0,4.6314,4.6081
1225,15.2,31.0,0.0,5.0438,4.6602
1226,15.9,36.0,0.0,5.1593,4.4574
1227,15.4,24.0,0.0,4.7456,4.5129
1228,16.0,21.0,0.0,4.6422,4.7466
1229,14.8,31.0,0.0,4.7866,4.5928
1230,17.1,22.0,0.0,5.2086,4.7511
1231,10.5,13.0,0.0,3.3478,4.6322
1232,15.1,21.0,0.0,4.6,4.738
1233,15.4,30.0,0.0,4.8446,4.7607
1234,12.9,24.0,0.0,4.0834,4.7858
1235,15.6,20.0,0.0,4.9187,4.8446
1236,13.1,20.0,0.0,4.1339,4.692
1237,11.8,17.0,0.0,3.6103,4.5416
1238,15.1,26.0,0.0,4.5507,4.504
1239,12.6,20.0,0.0,3.9458,4.4479
1240,15.4,21.0,0.0,4.6395,4.537
1241,13.2,22.0,0.0,4.0822,4.4625
1242,14.2,19.0,0.0,4.3905,4.3516
1243,17.0,22.0,0.0,5.2627,4.485
1244,13.1,20.0,0.0,4.0457,4.451
1245,13.2,25.0,0.0,4.1653,4.4053
1246,10.7,15.0,0.0,3.4003,4.4532
1247,13.7,19.0,0.0,4.3077,4.4586
1248,17.2,32.0,0.0,5.2846,4.5865
1249,17.6,25.0,0.0,5.5453,4.6414
1250,16.0,22.0,0.0,4.7757,4.442
1251,16.7,34.0,0.0,5.4312,4.5466
1252,13.6,18.0,0.0,4.0719,4.5922
1253,14.1,21.0,0.0,4.2806,4.4852
1254,15.0,22.0,0.0,4.697,4.7575
1255,14.2,23.0,0.0,4.3813,4.6019
1256,10.9,21.0,0.0,3.6551,4.5441
1257,12.2,18.0,0.0,3.8894,4.4689
1258,14.3,21.0,0.0,4.2694,4.4994
1259,14.8,21.0,0.0,4.4782,4.5377
1260,15.9,22.0,0.0,4.8077,4.4523
1261,19.3,42.0,0.0,6.2758,4.6024
1262,14.5,21.0,0.0,4.5486,4.6664
1263,15.6,23.0,0.0,4.6927,4.5539
1264,16.3,23.0,0.0,4.9071,4.6963
1265,17.4,24.0,0.0,5.3357,4.7505
1266,14.2,18.0,0.0,4.3273,4.5865
1267,16.3,26.0,0.0,5.0558,4.6602
1268,13.9,22.0,0.0,4.247,4.5693
1269,14.2,21.0,0.0,4.2905,4.8526
1270,13.3,17.0,0.0,4.0305,4.788
1271,14.2,18.0,0.0,4.5058,4.5999
1272,15.3,19.0,0.0,4.77,4.6981
1273,15.8,32.0,0.0,5.2104,4.6618
1274,14.7,28.0,0.0,4.5604,4.6704
1275,13.6,16.0,0.0,4.2846,4.82
1276,12.9,17.0,0.0,3.9737,4.3441
1277,15.0,19.0,0.0,4.5362,4.6497
1278,11.7,19.0,0.0,3.6854,4.2961
1279,15.3,23.0,0.0,4.8388,4.3998
1280,13.8,20.0,0.0,4.2977,4.4402
1281,14.1,21.0,0.0,4.3596,4.6652
1282,18.6,32.0,0.0,5.74,4.9155
1283,14.3,23.0,0.0,4.4266,4.5488
1284,15.6,20.0,0.0,4.6465,4.6699
1285,11.9,14.0,0.0,3.4753,4.4852
1286,12.6,18.0,0.0,3.8567,4.4009
1287,11.7,24.0,0.0,3.7685,4.3201
1288,19.2,34.0,0.0,6.2823,4.3997
1289,15.1,20.0,0.0,4.4937,4.571
1290,12.5,14.0,0.0,3.8882,4.3639
1291,15.3,26.0,0.0,4.766,4.5354
1292,10.9,18.0,0.0,3.5215,4.4249
1293,16.4,25.0,0.0,4.9449,4.57
1294,12.9,19.0,0.0,3.9638,4.5635
1295,16.3,26.0,0.0,4.9765,4.7011
1296,11.9,22.0,0.0,3.6919,4.3859
1297,17.1,27.0,0.0,5.2781,4.5533
1298,13.6,21.0,0.0,4.1735,4.4652
1299,12.9,21.0,0.0,4.0844,4.5515
1300,11.4,15.0,0.0,3.4042,4.4595
1301,18.4,27.0,0.0,5.7689,4.7451
1302,13.9,23.0,0.0,4.3264,4.5201
1303,14.2,26.0,0.0,4.2752,4.519
1304,11.9,15.0,0.0,3.6097,4.4365
1305,15.4,19.0,0.0,4.6837,4.5237
1306,12.4,18.0,0.0,3.7779,4.2904
1307,14.1,23.0,0.0,4.2454,4.3576
1308,16.1,30.0,0.0,5.007,4.4718
1309,14.5,18.0,0.0,4.3209,4.5229
1310,14.6,25.0,0.0,4.5343,4.5141
1311,14.9,24.0,0.0,4.5243,4.5666
1312,13.5,19.0,0.0,4.1722,4.4992
1313,14.4,20.0,0.0,4.5025,4.5661
1314,12.0,16.0,0.0,3.4621,4.4317
1315,10.1,15.0,0.0,3.2449,4.5261
1316,14.5,32.0,0.0,4.7125,4.5087
1317,15.1,21.0,0.0,4.5822,4.6146
1318,14.7,30.0,0.0,4.5858,4.6595
1319,14.7,25.0,0.0,4.6323,4.6011
1320,11.7,14.0,0.0,3.4861,4.6576
1321,13.6,30.0,0.0,4.5084,4.647
1322,14.5,16.0,0.0,4.4214,4.6607
1323,15.5,24.0,0.0,4.8904,4.5511
1324,18.0,35.0,0.0,5.8215,4.5711
1325,13.0,21.0,0.0,4.0162,4.4325
1326,12.7,24.0,0.0,4.0358,4.4347
1327,15.8,27.0,0.0,5.0436,4.6207
1328,13.8,27.0,0.0,4.3376,4.5211
1329,17.3,35.0,0.0,5.5696,4.737
1330,15.5,28.0,0.0,5.0446,4.6229
1331,18.3,27.0,0.0,5.4447,4.7266
1332,15.9,22.0,0.0,4.7659,4.6043
1333,13.4,21.0,0.0,4.0224,4.6382
1334,13.8,17.0,0.0,4.1763,4.5125
1335,14.6,21.0,0.0,4.4986,4.5055
1336,12.3,16.0,0.0,3.6348,4.4529
1337,19.1,29.0,0.0,5.8284,4.6843
1338,13.9,20.0,0.0,4.4101,4.5438
1339,15.1,22.0,0.0,4.546,4.6095
1340,13.3,16.0,0.0,3.9443,4.491
1341,13.2,18.0,0.0,4.0652,4.4079
1342,15.6,30.0,0.0,4.8857,4.5658
1343,14.7,20.0,0.0,4.6338,4.6747
1344,11.9,23.0,0.0,3.9024,4.5211
1345,15.1,27.0,0.0,4.6027,4.684
1346,12.0,19.0,0.0,3.892,4.6123
1347,12.3,21.0,0.0,4.0627,4.5478
1348,15.7,32.0,0.0,4.865,4.5959
1349,11.7,15.0,0.0,3.5165,4.4121
1350,16.4,24.0,0.0,4.9586,4.6544
1351,12.9,19.0,0.0,3.9573,4.4767
1352,11.6,17.0,0.0,3.4528,4.4023
1353,13.4,21.0,0.0,4.1556,4.4796
1354,14.1,23.0,0.0,4.3562,4.5194
1355,18.6,32.0,0.0,5.7175,4.6767
1356,13.4,17.0,0.0,4.0386,4.5351
1357,17.1,26.0,0.0,4.9747,4.5766
1358,16.0,19.0,0.0,4.8989,4.7542
1359,12.2,21.0,0.0,3.8183,4.5427
1360,14.5,22.0,0.0,4.3215,4.6019
1361,15.0,28.0,0.0,4.6876,4.4403
1362,11.1,19.0,0.0,3.3724,4.3947
1363,12.5,20.0,0.0,3.7871,4.5183
1364,17.4,27.0,0.0,5.3597,4.6073
1365,12.2,20.0,0.0,3.7766,4.4258
1366,14.9,22.0,0.0,4.5936,4.818
1367,16.3,30.0,0.0,5.1655,4.5753
1368,10.1,13.0,0.0,3.0571,4.5684
1369,12.9,25.0,0.0,4.0687,4.4876
1370,14.6,24.0,0.0,4.471,4.6898
1371,13.1,18.0,0.0,3.9902,4.3839
1372,14.6,32.0,0.0,4.7348,4.4161
1373,18.0,23.0,0.0,5.3684,4.7512
1374,12.7,15.0,0.0,3.9699,4.5559
1375,16.9,25.0,0.0,4.9745,4.606
1376,16.2,23.0,0.0,4.859,4.9289
1377,14.2,25.0,0.0,4.6257,4.6724
1378,18.1,30.0,0.0,5.6258,4.9272
1379,12.7,20.0,0.0,3.863,4.4806
1380,14.0,17.0,0.0,4.2671,4.7222
1381,16.2,23.0,0.0,4.9299,4.7366
1382,17.3,24.0,0.0,5.483,5.0102
1383,14.7,21.0,0.0,4.3963,4.8269
1384,15.8,26.0,0.0,4.9012,4.7822
1385,14.3,25.0,0.0,4.316,4.827
1386,16.8,27.0,0.0,5.2659,4.7627
1387,12.2,17.0,0.0,3.7816,4.4258
1388,14.3,26.0,0.0,4.44,4.5327
1389,14.5,19.0,0.0,4.5453,4.4939
1390,14.4,28.0,0.0,4.5898,4.6363
1391,15.0,26.0,0.0,4.64,4.4659
1392,13.4,22.0,0.0,4.2868,4.5003
1393,15.9,20.0,0.0,4.8523,4.703
1394,16.4,33.0,0.0,5.2595,4.6079
1395,12.1,20.0,0.0,3.6384,4.4637
1396,13.5,23.0,0.0,4.2636,4.5287
1397,13.9,22.0,0.0,4.3618,4.553
1398,15.9,25.0,0.0,4.8604,4.5679
1399,11.4,17.0,0.0,3.6805,4.6063
1400,12.0,19.0,0.0,3.8276,4.5694
1401,15.4,22.0,0.0,4.6551,4.6196
1402,15.2,21.0,0.0,4.6722,4.7049
1403,13.1,19.0,0.0,4.0865,4.5605
1404,14.9,35.0,0.0,4.935,4.4136
1405,15.1,31.0,0.0,4.7799,4.6494
1406,14.8,20.0,0.0,4.3249,4.5368
1407,13.8,35.0,0.0,4.7793,4.5406
1408,13.5,33.0,0.0,4.6027,4.6415
1409,12.1,16.0,0.0,3.7902,4.582
1410,17.1,26.0,0.0,5.1696,4.7111
1411,13.7,19.0,0.0,4.1039,4.7318
1412,11.8,21.0,0.0,3.7182,4.5584
1413,13.9,29.0,0.0,4.4079,4.447
1414,13.0,24.0,0.0,4.0316,4.6535
1415,13.0,21.0,0.0,4.118,4.5394
1416,13.0,19.0,0.0,4.0971,4.523
1417,10.4,24.0,0.0,3.3242,4.1905
1418,13.5,20.0,0.0,4.1638,4.4322
1419,15.9,33.0,0.0,4.9254,4.518
1420,14.5,18.0,0.0,4.449,4.8849
1421,15.5,23.0,0.0,4.6799,4.8315
1422,16.2,26.0,0.0,4.9495,4.7483
1423,16.3,26.0,0.0,5.0467,4.5957
1424,16.1,38.0,0.0,5.2429,4.6208
1425,15.3,20.0,0.0,4.5406,4.6414
1426,13.6,17.0,0.0,4.1754,4.6159
1427,16.5,24.0,0.0,4.9295,4.7013
1428,12.6,17.0,0.0,3.9015,4.5339
1429,14.5,19.0,0.0,4.3621,4.6176
1430,14.2,23.0,0.0,4.3249,4.5377
1431,15.3,26.0,0.0,4.7788,4.6199
1432,10.3,15.0,0.0,3.1664,4.449
1433,14.6,23.0,0.0,4.4603,4.5483
1434,14.2,23.0,0.0,4.4692,4.3286
1435,11.9,22.0,0.0,3.7683,4.2906
1436,12.8,20.0,0.0,4.0922,4.3855
1437,16.7,26.0,0.0,5.1174,4.5335
1438,12.9,18.0,0.0,3.9828,4.369
1439,11.8,18.0,0.0,3.5521,4.3149
1440,11.4,17.0,0.0,3.4248,4.4503
1441,15.2,23.0,0.0,4.605,4.7215
1442,13.7,37.0,0.0,4.7093,4.4569
1443,13.4,24.0,0.0,4.2334,4.6082
1444,15.2,24.0,0.0,4.5849,4.5685
1445,14.3,30.0,0.0,4.5454,4.6063
1446,15.2,22.0,0.0,4.6418,4.6799
1447,11.8,19.0,0.0,3.6396,4.601
1448,16.0,31.0,0.0,5.0327,4.7285
1449,13.9,19.0,0.0,4.2338,4.4831
1450,15.7,23.0,0.0,4.7889,4.6637
1451,16.2,26.0,0.0,5.2065,4.6041
1452,14.9,20.0,0.0,4.4997,4.5834
1453,14.5,22.0,0.0,4.4887,4.6993
1454,11.7,16.0,0.0,3.6497,4.544
1455,12.6,17.0,0.0,3.9303,4.6108
1456,13.6,27.0,0.0,4.3483,4.6079
1457,15.1,24.0,0.0,4.7222,4.5115
1458,11.6,14.0,0.0,3.5239,4.4141
1459,14.2,21.0,0.0,4.3589,4.3873
1460,15.1,40.0,0.0,5.2226,4.3087
1461,14.1,20.0,0.0,4.3486,4.4453
1462,10.9,14.0,0.0,3.2349,4.3469
1463,20.5,39.0,0.0,6.6454,4.6048
1464,13.4,26.0,0.0,4.3715,4.268
1465,12.6,17.0,0.0,3.8197,4.4365
1466,14.0,21.0,0.0,4.225,4.5011
1467,12.3,17.0,0.0,4.0062,4.5772
1468,11.3,17.0,0.0,3.5068,4.3379
1469,15.4,24.0,0.0,4.6502,4.5345
1470,17.9,28.0,0.0,5.4111,4.6056
1471,13.9,25.0,0.0,4.3669,4.6581
1472,15.8,25.0,0.0,4.9586,4.626
1473,12.6,27.0,0.0,4.0164,4.5023
1474,14.5,24.0,0.0,4.3213,4.6705
1475,15.3,27.0,0.0,4.6864,4.6348
1476,12.7,18.0,0.0,3.8001,4.5444
1477,14.1,21.0,0.0,4.302,4.8483
1478,15.4,23.0,0.0,4.7119,4.7031
1479,11.9,17.0,0.0,3.7702,4.6657
1480,14.0,23.0,0.0,4.241,4.7636
1481,15.0,24.0,0.0,4.5836,4.6398
1482,13.1,16.0,0.0,3.9086,4.7402
1483,15.7,22.0,0.0,4.7033,4.6078
1484,14.5,36.0,0.0,4.9563,4.5674
1485,12.9,19.0,0.0,4.0281,4.5428
1486,14.6,42.0,0.0,5.2672,4.6387
1487,14.8,25.0,0.0,4.5294,4.8374
1488,11.8,18.0,0.0,3.6651,4.451
1489,9.9,20.0,0.0,3.1514,4.5749
1490,14.7,25.0,0.0,4.6066,4.5912
1491,12.7,19.0,0.0,3.9344,4.4886
1492,16.3,27.0,0.0,5.1039,4.5543
1493,14.5,20.0,0.0,4.4276,4.5859
1494,14.9,24.0,0.0,4.7742,4.6725
1495,17.4,22.0,0.0,5.051,4.791
1496,15.0,19.0,0.0,4.492,4.4056
1497,14.1,24.0,0.0,4.5086,4.6735
1498,16.3,34.0,0.0,5.3654,4.8134
1499,13.3,25.0,0.0,4.1637,4.6702
1500,14.9,19.0,0.0,4.6053,4.7553
1501,17.1,22.0,0.0,5.2307,4.6535
1502,14.3,20.0,0.0,4.3342,4.6588
1503,18.6,24.0,0.0,5.6588,4.833
1504,18.0,31.0,0.0,5.5542,4.867
1505,13.4,20.0,0.0,4.0616,4.6705
1506,16.1,25.0,0.0,4.8058,4.5351
1507,12.4,16.0,0.0,3.7322,4.5451
1508,18.2,35.0,0.0,5.888,4.8391
1509,12.2,16.0,0.0,3.7144,4.7195
1510,14.1,20.0,0.0,4.2729,4.7879
1511,13.4,24.0,0.0,4.2701,4.6159
1512,12.1,17.0,0.0,3.5961,4.628
1513,16.7,22.0,0.0,5.1717,4.6419
1514,13.3,18.0,0.0,4.1021,4.6761
1515,15.8,23.0,0.0,4.7998,4.8094
1516,12.9,25.0,0.0,4.1719,4.3795
1517,14.6,26.0,0.0,4.5844,4.7025
1518,14.1,22.0,0.0,4.2857,4.6204
1519,12.1,20.0,0.0,3.7467,4.2401
1520,13.9,16.0,0.0,4.3332,4.4153
1521,13.3,18.0,0.0,3.9846,4.5426
1522,15.0,22.0,0.0,4.5048,4.5886
1523,11.7,19.0,0.0,3.5496,4.6057
1524,14.9,21.0,0.0,4.5834,4.5929
1525,12.7,16.0,0.0,3.8765,4.5573
1526,13.1,23.0,0.0,4.1952,4.5936
1527,14.6,20.0,0.0,4.4852,4.5767
1528,12.3,21.0,0.0,3.7891,4.4508
1529,13.1,17.0,0.0,4.1253,4.5033
1530,14.7,20.0,0.0,4.674,4.5352
1531,11.7,22.0,0.0,3.6535,4.3928
1532,13.8,17.0,0.0,4.0174,4.4819
1533,16.6,31.0,0.0,5.2161,4.5646
1534,16.3,28.0,0.0,5.0396,4.4333
1535,14.4,24.0,0.0,4.4506,4.405
1536,14.1,21.0,0.0,4.5213,4.5115
1537,13.5,21.0,0.0,4.1776,4.3866
1538,15.0,35.0,0.0,4.7993,4.385
1539,12.7,17.0,0.0,3.8376,4.357
1540,16.8,31.0,0.0,5.2769,4.5282
1541,12.6,16.0,0.0,3.928,4.5671
1542,16.5,28.0,0.0,5.1273,4.6416
1543,14.0,17.0,0.0,4.2426,4.5986
1544,12.0,19.0,0.0,3.6819,4.5976
1545,13.1,20.0,0.0,4.0,4.5236
1546,13.7,26.0,0.0,4.4327,4.4661
1547,12.8,22.0,0.0,3.8714,4.4939
1548,12.4,24.0,0.0,3.8448,4.5669
1549,11.8,15.0,0.0,3.6901,4.5011
1550,11.0,26.0,0.0,3.6824,4.4586
1551,14.5,25.0,0.0,4.4348,4.6982
1552,14.7,20.0,0.0,4.5304,4.7292
1553,14.9,18.0,0.0,4.6939,4.5686
1554,15.3,35.0,0.0,5.2067,4.5989
1555,16.0,25.0,0.0,4.9616,4.749
1556,14.3,20.0,0.0,4.1929,4.7252
1557,14.9,24.0,0.0,4.6653,4.6957
1558,15.6,21.0,0.0,4.7684,4.5769
1559,14.9,21.0,0.0,4.5279,4.7009
1560,16.2,25.0,0.0,5.0467,4.7298
1561,15.4,22.0,0.0,4.6891,4.4419
1562,12.5,15.0,0.0,3.8603,4.6812
1563,16.3,41.0,0.0,5.5183,4.6912
1564,12.0,19.0,0.0,3.7058,4.58
1565,14.5,22.0,0.0,4.4878,4.7805
1566,14.9,24.0,0.0,4.8752,4.6694
1567,18.9,27.0,0.0,5.8453,4.7621
1568,13.0,19.0,0.0,4.0283,4.5548
1569,13.1,20.0,0.0,4.0327,4.6894
1570,13.0,22.0,0.0,3.9674,4.5044
1571,11.8,20.0,0.0,3.7907,4.4717
1572,14.7,20.0,0.0,4.4235,4.4703
1573,13.0,17.0,0.0,3.8418,4.4439
1574,11.7,17.0,0.0,3.6128,4.2698
1575,13.5,17.0,0.0,4.1668,4.3288
1576,12.2,17.0,0.0,3.735,4.4229
1577,15.2,22.0,0.0,4.7484,4.583
1578,17.2,28.0,0.0,5.4943,4.5909
1579,13.4,19.0,0.0,4.002,4.4099
1580,16.6,33.0,0.0,5.3326,4.5686
1581,13.5,21.0,0.0,4.428,4.3937
1582,12.0,16.0,0.0,3.6932,4.3101
1583,13.7,20.0,0.0,4.1497,4.2902
1584,14.3,25.0,0.0,4.3531,4.4343
1585,11.1,15.0,0.0,3.4871,4.3121
1586,13.2,18.0,0.0,4.0765,4.3699
1587,14.1,26.0,0.0,4.5021,4.3856
1588,13.6,17.0,0.0,4.3183,4.5634
1589,16.2,27.0,0.0,5.118,4.599
1590,14.6,28.0,0.0,4.5175,4.6618
1591,15.0,21.0,0.0,4.5541,4.5893
1592,12.7,17.0,0.0,3.717,4.5502
1593,14.9,19.0,0.0,4.4736,4.5643
1594,14.0,23.0,0.0,4.4946,4.4556
1595,14.3,22.0,0.0,4.3319,4.4227
1596,16.6,29.0,0.0,4.998,4.5743
1597,15.4,22.0,0.0,4.725,4.6562
1598,13.5,19.0,0.0,4.1523,4.5299
1599,15.4,28.0,0.0,4.5902,4.6163
1600,17.0,29.0,0.0,5.2511,4.7267
1601,14.1,24.0,0.0,4.3549,4.51
1602,17.6,32.0,0.0,5.4105,4.7633
1603,11.1,16.0,0.0,3.4093,4.4804
1604,14.3,25.0,0.0,4.412,4.557
1605,20.0,34.0,0.0,6.2841,4.5979
1606,16.3,31.0,0.0,4.9183,4.6261
1607,14.1,19.0,0.0,4.2377,4.5612
1608,13.7,19.0,0.0,4.1809,4.7119
1609,15.9,22.0,0.0,4.8876,4.6817
1610,12.0,20.0,0.0,3.8473,4.4208
1611,14.4,19.0,0.0,4.4969,4.4459
1612,13.0,16.0,0.0,3.9747,4.6295
1613,12.9,21.0,0.0,3.9695,4.5506
1614,13.7,29.0,0.0,4.274,4.4612
1615,14.8,22.0,0.0,4.6138,4.7881
1616,13.8,19.0,0.0,4.117,4.6741
1617,16.0,22.0,0.0,5.0082,4.5403
1618,16.2,33.0,0.0,5.0594,4.4081
1619,14.9,21.0,0.0,4.4669,4.5633
1620,11.9,16.0,0.0,3.7611,4.3988
1621,13.2,20.0,0.0,3.9796,4.4953
1622,14.9,22.0,0.0,4.5687,4.4737
1623,14.2,25.0,0.0,4.4785,4.6075
1624,13.4,18.0,0.0,4.0908,4.626
1625,12.7,28.0,0.0,4.1485,4.6659
1626,12.5,16.0,0.0,3.8084,4.5499
1627,13.7,22.0,0.0,4.1122,4.4458
1628,14.0,29.0,0.0,4.5973,4.5537
1629,12.7,18.0,0.0,4.0012,4.66
1630,14.2,20.0,0.0,4.3837,4.7296
1631,14.4,25.0,0.0,4.496,4.6047
1632,14.0,20.0,0.0,4.3338,4.5797
1633,16.8,26.0,0.0,5.2183,4.6372
1634,14.9,24.0,0.0,4.4043,4.6471
1635,13.8,19.0,0.0,4.2261,4.532
1636,16.4,26.0,0.0,5.1277,4.7002
1637,12.9,19.0,0.0,4.0663,4.6564
1638,16.2,27.0,0.0,5.1674,4.6275
1639,15.7,34.0,0.0,4.9291,4.6649
1640,14.8,21.0,0.0,4.4704,4.7259
1641,17.4,30.0,0.0,5.6528,4.8061
1642,14.3,24.0,0.0,4.3654,4.6065
1643,17.0,24.0,0.0,5.1971,4.6897
1644,18.0,29.0,0.0,5.6149,4.6533
1645,12.4,19.0,0.0,3.7557,4.6295
1646,13.4,16.0,0.0,4.2284,4.7139
1647,13.8,20.0,0.0,4.2753,4.5305
1648,13.4,18.0,0.0,4.1229,4.5519
1649,13.3,17.0,0.0,3.867,4.5708
1650,12.3,25.0,0.0,4.0435,4.4919
1651,14.1,23.0,0.0,4.337,4.5328
1652,12.4,17.0,0.0,3.7018,4.55
1653,15.4,23.0,0.0,4.7848,4.7349
1654,13.2,21.0,0.0,3.8882,4.6331
1655,13.2,18.0,0.0,3.9787,4.5525
1656,13.2,20.0,0.0,4.0593,4.5448
1657,14.0,18.0,0.0,4.1674,4.4435
1658,13.3,23.0,0.0,4.2348,4.4146
1659,15.3,28.0,0.0,4.8852,4.44
1660,14.9,23.0,0.0,4.5134,4.5727
1661,14.5,24.0,0.0,4.4007,4.4965
1662,12.3,35.0,0.0,4.3779,4.4303
1663,13.9,31.0,0.0,4.5292,4.367
1664,10.9,16.0,0.0,3.2665,4.3987
1665,12.8,19.0,0.0,3.9829,4.3228
1666,14.4,21.0,0.0,4.4165,4.3084
1667,11.6,14.0,0.0,3.4435,4.3511
1668,14.3,25.0,0.0,4.4688,4.3891
1669,14.0,25.0,0.0,4.3329,4.5935
1670,11.8,14.0,0.0,3.6702,4.6535
1671,12.8,22.0,0.0,3.9473,4.4376
1672,18.0,26.0,0.0,5.4554,4.6953
1673,14.4,19.0,0.0,4.3368,4.7354
1674,14.7,31.0,0.0,4.7315,4.6732
1675,14.6,21.0,0.0,4.4923,4.9162
1676,14.6,33.0,0.0,4.9028,4.6512
1677,14.5,20.0,0.0,4.3497,4.4162
1678,14.4,24.0,0.0,4.5222,4.3279
1679,12.8,16.0,0.0,3.8126,4.3486
1680,14.1,21.0,0.0,4.4282,4.4417
1681,10.8,14.0,0.0,3.497,4.4149
1682,13.2,21.0,0.0,4.1501,4.3999
1683,14.5,22.0,0.0,4.6109,4.4931
1684,13.4,26.0,0.0,4.3888,4.4834
1685,12.2,18.0,0.0,3.6972,4.3062
1686,14.2,21.0,0.0,4.3382,4.4981
1687,10.6,17.0,0.0,3.2686,4.3985
1688,13.8,18.0,0.0,4.1863,4.542
1689,17.9,35.0,0.0,5.6467,4.7637
1690,17.5,34.0,0.0,5.3673,4.7016
1691,14.3,20.0,0.0,4.3788,4.6914
1692,14.5,22.0,0.0,4.4099,4.6805
1693,12.8,23.0,0.0,3.9081,4.6537
1694,16.3,27.0,0.0,4.8807,4.6065
1695,13.8,22.0,0.0,4.3852,4.5955
1696,12.3,19.0,0.0,3.801,4.5355
1697,13.4,26.0,0.0,4.144,4.6627
1698,14.0,23.0,0.0,4.1658,4.603
1699,14.7,21.0,0.0,4.4417,4.7226
1700,13.5,18.0,0.0,4.1794,4.5716
1701,15.2,27.0,0.0,4.688,4.5856
1702,15.6,32.0,0.0,4.9227,4.657
1703,15.2,24.0,0.0,4.4893,4.6511
1704,11.1,18.0,0.0,3.5927,4.4839
1705,14.5,24.0,0.0,4.6037,4.5883
1706,14.7,21.0,0.0,4.5549,4.6248
1707,15.1,20.0,0.0,4.487,4.6709
1708,12.6,17.0,0.0,3.8627,4.6223
1709,12.9,17.0,0.0,4.0187,4.7146
1710,13.9,18.0,0.0,4.1658,4.5391
1711,14.6,21.0,0.0,4.4642,4.6123
1712,14.0,24.0,0.0,4.2504,4.5868
1713,14.7,29.0,0.0,4.8206,4.5308
1714,13.2,30.0,0.0,4.2983,4.6844
1715,15.2,23.0,0.0,4.6119,4.8617
1716,11.2,16.0,0.0,3.5139,4.4966
1717,16.4,26.0,0.0,5.1906,4.8249
1718,12.7,16.0,0.0,3.8731,4.5189
1719,18.7,28.0,0.0,5.4651,4.6181
1720,13.7,21.0,0.0,4.1663,4.6407
1721,13.1,25.0,0.0,4.0769,4.4727
1722,14.7,25.0,0.0,4.4422,4.7938
1723,15.2,29.0,0.0,4.6549,4.7118
1724,14.2,20.0,0.0,4.1919,4.5822
1725,13.5,17.0,0.0,4.0376,4.4332
1726,18.0,26.0,0.0,5.3731,4.6909
1727,15.0,24.0,0.0,4.6616,4.5964
1728,13.6,17.0,0.0,4.2121,4.4554
1729,14.1,22.0,0.0,4.3599,4.4893
1730,14.6,28.0,0.0,4.6193,4.7109
1731,12.6,17.0,0.0,3.7044,4.6115
1732,13.1,20.0,0.0,3.8987,4.6284
1733,12.7,22.0,0.0,4.2278,4.5082
1734,17.7,24.0,0.0,5.2553,4.4779
1735,13.5,17.0,0.0,4.0262,4.3564
1736,12.2,16.0,0.0,3.7674,4.4459
1737,16.2,22.0,0.0,4.9471,4.5857
1738,11.6,19.0,0.0,3.7107,4.3671
1739,14.0,28.0,0.0,4.5173,4.5668
1740,14.7,27.0,0.0,4.655,4.6476
1741,13.3,17.0,0.0,4.0869,4.5034
1742,13.2,21.0,0.0,4.081,4.4629
1743,13.0,18.0,0.0,3.6918,4.4565
1744,10.3,16.0,0.0,3.0492,4.5008
1745,12.6,21.0,0.0,3.8076,4.4472
1746,14.5,24.0,0.0,4.6183,4.7398
1747,18.0,26.0,0.0,5.3218,4.6252
1748,15.1,22.0,0.0,4.5331,4.5061
1749,14.3,20.0,0.0,4.3581,4.6458
1750,11.8,15.0,0.0,3.7533,4.4004
1751,15.7,26.0,0.0,4.9506,4.6661
1752,11.8,23.0,0.0,3.8262,4.4316
1753,17.2,24.0,0.0,5.2905,4.5673
1754,13.2,26.0,0.0,4.1859,4.4153
1755,12.8,17.0,0.0,3.7373,4.5659
1756,15.5,38.0,0.0,5.1215,4.5663
1757,15.5,27.0,0.0,4.6726,4.4392
1758,13.0,20.0,0.0,4.0926,4.5812
1759,15.0,25.0,0.0,4.6359,4.6517
1760,14.3,19.0,0.0,4.3859,4.5134
1761,13.0,21.0,0.0,4.0186,4.5182
1762,12.7,17.0,0.0,3.9199,4.5272
1763,16.6,27.0,0.0,5.1383,4.6493
1764,14.9,25.0,0.0,4.6418,4.6553
1765,15.1,23.0,0.0,4.7843,4.7754
1766,14.1,21.0,0.0,4.4202,4.6618
1767,16.9,26.0,0.0,5.2127,5.0655
1768,14.9,35.0,0.0,4.8369,4.8424
1769,12.9,20.0,0.0,4.1072,4.6586
1770,17.9,34.0,0.0,5.6037,4.6869
1771,15.6,26.0,0.0,5.0269,4.9121
1772,14.5,25.0,0.0,4.5771,4.7329
1773,11.2,21.0,0.0,3.3997,4.5683
1774,13.7,24.0,0.0,4.2752,4.4719
1775,12.8,18.0,0.0,3.8889,4.4805
1776,12.8,26.0,0.0,3.9737,4.4677
1777,15.1,20.0,0.0,4.8001,4.6352
1778,15.3,21.0,0.0,4.6714,4.7759
1779,14.2,25.0,0.0,4.5784,4.728
1780,13.4,20.0,0.0,4.0731,4.8417
1781,13.4,17.0,0.0,3.9673,4.5173
1782,19.3,34.0,0.0,5.927,5.029
1783,17.7,27.0,0.0,5.5154,4.7682
1784,18.0,32.0,0.0,5.4675,4.6799
1785,15.5,26.0,0.0,4.801,4.7702
1786,12.8,23.0,0.0,4.0383,4.7228
1787,17.3,29.0,0.0,5.2331,4.7852
1788,11.2,16.0,0.0,3.4792,4.4523
1789,11.9,14.0,0.0,3.6042,4.8134
1790,14.9,29.0,0.0,4.6914,4.728
1791,13.7,20.0,0.0,4.1407,4.5561
1792,12.7,19.0,0.0,3.8876,4.6584
1793,12.0,22.0,0.0,3.733,4.4351
1794,15.7,34.0,0.0,5.0626,4.6663
1795,11.2,17.0,0.0,3.4301,4.4195
1796,11.9,17.0,0.0,3.7254,4.58
1797,14.4,25.0,0.0,4.5411,4.6632
1798,15.7,23.0,0.0,4.8023,4.7915
1799,10.7,16.0,0.0,3.3462,4.4873
1800,16.8,29.0,0.0,5.2707,4.6888
1801,14.8,22.0,0.0,4.5578,4.7003
1802,15.1,23.0,0.0,4.6573,4.8954
1803,13.2,19.0,0.0,3.9802,4.5395
1804,12.2,20.0,0.0,3.7408,4.6215
1805,14.7,25.0,0.0,4.3897,4.955
1806,15.6,25.0,0.0,4.9933,4.9729
1807,11.5,15.0,0.0,3.458,4.656
1808,12.0,18.0,0.0,3.7363,4.5484
1809,17.0,33.0,0.0,5.4185,4.7824
1810,13.2,22.0,0.0,3.9596,4.6787
1811,18.0,28.0,0.0,5.5306,4.7909
1812,12.2,19.0,0.0,3.7693,4.6988
1813,16.4,23.0,0.0,4.8857,4.9292
1814,14.8,23.0,0.0,4.6735,4.655
1815,16.2,30.0,0.0,5.1353,4.4893
1816,13.0,16.0,0.0,3.9411,4.4755
1817,14.9,23.0,0.0,4.5666,4.3687
1818,13.4,19.0,0.0,4.1058,4.3625
1819,13.5,20.0,0.0,4.1107,4.4787
1820,18.1,27.0,0.0,5.5072,4.6023
1821,13.8,20.0,0.0,4.2508,4.5562
1822,12.4,20.0,0.0,3.9137,4.3647
1823,14.8,21.0,0.0,4.4825,4.4963
1824,13.5,15.0,0.0,4.2514,4.4072
1825,15.4,27.0,0.0,4.7085,4.4585
1826,15.3,19.0,0.0,4.7697,4.8584
1827,11.9,21.0,0.0,3.7557,4.5246
1828,14.1,20.0,0.0,4.2892,4.7519
1829,10.8,20.0,0.0,3.3675,4.479
1830,12.1,17.0,0.0,3.9022,4.6917
1831,10.8,18.0,0.0,3.4359,4.5601
1832,16.2,20.0,0.0,5.1902,4.8389
1833,12.9,16.0,0.0,3.8291,4.5096
1834,17.6,32.0,0.0,5.5322,4.6912
1835,14.2,20.0,0.0,4.5064,4.6555
1836,13.4,21.0,0.0,4.3417,4.7103
1837,16.6,26.0,0.0,5.2144,4.6914
1838,16.9,24.0,0.0,5.1759,4.793
1839,14.9,24.0,0.0,4.7082,4.636
1840,16.3,27.0,0.0,5.0404,4.7512
1841,11.3,22.0,0.0,3.4731,4.587
1842,12.4,18.0,0.0,3.9271,4.601
1843,13.5,21.0,0.0,4.2144,4.5699
1844,16.6,24.0,0.0,5.1104,4.7423
1845,15.2,18.0,0.0,4.6473,4.7261
1846,13.0,17.0,0.0,4.2012,4.6604
1847,10.2,22.0,0.0,3.3057,4.5247
1848,18.3,38.0,0.0,5.8591,4.7018
1849,11.7,22.0,0.0,3.7027,4.568
1850,13.3,16.0,0.0,4.1782,4.7794
1851,14.2,24.0,0.0,4.4665,4.8185
1852,15.3,19.0,0.0,4.5725,4.8732
1853,15.6,28.0,0.0,4.8656,4.8763
1854,11.7,17.0,0.0,3.5746,4.6653
1855,19.9,26.0,0.0,6.1168,5.3865
1856,14.8,22.0,0.0,4.6665,4.7291
1857,23.2,32.0,0.0,7.2007,5.0427
1858,13.2,16.0,0.0,4.0608,4.8897
1859,15.0,21.0,0.0,4.5418,4.5434
1860,13.6,22.0,0.0,4.394,4.4413
1861,14.8,22.0,0.0,4.4193,4.5739
1862,11.0,16.0,0.0,3.4478,4.4411
1863,14.1,21.0,0.0,4.3374,4.6078
1864,14.7,21.0,0.0,4.476,4.4575
1865,13.1,21.0,0.0,4.3329,4.4352
1866,12.3,19.0,0.0,3.7638,4.4311
1867,15.9,35.0,0.0,5.2423,4.5106
1868,13.7,19.0,0.0,4.1687,4.5052
1869,13.0,19.0,0.0,4.1121,4.7961
1870,15.3,20.0,0.0,4.5451,4.6179
1871,18.5,25.0,0.0,5.5261,4.8231
1872,14.4,19.0,0.0,4.3679,4.4669
1873,16.3,25.0,0.0,4.8001,4.6969
1874,15.0,32.0,0.0,4.9466,4.7068
1875,15.0,21.0,0.0,4.5744,4.6988
1876,15.1,34.0,0.0,4.9482,4.9635
1877,16.2,24.0,0.0,4.9587,5.4431
1878,16.2,22.0,0.0,5.0174,4.9521
1879,13.6,18.0,0.0,4.2522,4.7573
1880,14.2,20.0,0.0,4.2575,4.6115
1881,11.8,21.0,0.0,3.7158,4.3871
1882,14.3,20.0,0.0,4.6008,4.5913
1883,14.6,20.0,0.0,4.418,4.3451
1884,15.9,25.0,0.0,4.8606,4.4038
1885,17.9,33.0,0.0,5.5246,4.6023
1886,16.7,24.0,0.0,4.9946,4.6302
1887,14.3,36.0,0.0,4.8169,4.4189
1888,13.9,25.0,0.0,4.3529,4.3858
1889,16.0,23.0,0.0,4.9982,4.5192
1890,11.0,15.0,0.0,3.3707,4.3667
1891,16.6,25.0,0.0,4.956,4.5009
1892,15.5,21.0,0.0,4.7601,4.4436
1893,16.6,34.0,0.0,5.3617,4.7148
1894,14.6,22.0,0.0,4.4077,4.5583
1895,13.0,17.0,0.0,3.9631,4.526
1896,14.6,27.0,0.0,4.4584,4.4041
1897,14.4,20.0,0.0,4.4242,4.4813
1898,13.9,18.0,0.0,4.0696,4.52
1899,13.7,20.0,0.0,4.2,4.453
1900,16.8,25.0,0.0,5.1973,4.7342
1901,19.6,29.0,0.0,5.8636,4.868
1902,14.4,25.0,0.0,4.6232,4.7521
1903,15.0,20.0,0.0,4.449,4.5475
1904,15.7,22.0,0.0,4.7558,4.5555
1905,14.8,19.0,0.0,4.4369,4.5494
1906,16.9,24.0,0.0,5.188,4.4257
1907,16.2,25.0,0.0,4.9059,4.4598
1908,13.5,17.0,0.0,4.1065,4.3957
1909,12.1,16.0,0.0,3.7497,4.4049
1910,13.7,19.0,0.0,4.1478,4.5997
1911,17.5,36.0,0.0,5.5023,4.5972
1912,16.4,25.0,0.0,4.9099,4.5437
1913,14.0,17.0,0.0,4.3324,4.7224
1914,14.6,21.0,0.0,4.473,4.5556
1915,13.9,19.0,0.0,4.4011,4.5291
1916,15.3,22.0,0.0,4.7288,4.5331
1917,13.5,22.0,0.0,4.1732,4.6022
1918,13.9,16.0,0.0,4.1964,4.5163
1919,14.8,30.0,0.0,4.6677,4.5045
1920,14.4,26.0,0.0,4.519,4.619
1921,15.6,25.0,0.0,4.8143,4.6013
1922,12.4,16.0,0.0,3.8926,4.4748
1923,15.8,24.0,0.0,4.8939,4.7268
1924,15.4,20.0,0.0,4.7424,4.657
1925,13.7,21.0,0.0,4.3162,4.5927
1926,17.1,27.0,0.0,5.2757,4.4515
1927,13.2,18.0,0.0,3.9441,4.3996
1928,14.2,19.0,0.0,4.3617,4.5085
1929,13.9,19.0,0.0,4.1992,4.5115
1930,12.3,19.0,0.0,3.8824,4.4033
1931,16.7,31.0,0.0,5.2544,4.6557
1932,16.3,33.0,0.0,5.0855,4.573
1933,11.4,18.0,0.0,3.5676,4.4474
1934,15.6,24.0,0.0,4.6853,4.5293
1935,14.1,25.0,0.0,4.5804,4.5083
1936,12.8,18.0,0.0,3.9096,4.6141
1937,10.8,19.0,0.0,3.3805,4.5067
1938,14.3,23.0,0.0,4.4408,4.4624
1939,13.8,22.0,0.0,4.2544,4.4052
1940,13.7,29.0,0.0,4.4023,4.6343
1941,15.5,26.0,0.0,4.8068,4.7299
1942,13.6,30.0,0.0,4.5046,4.4412
1943,15.4,22.0,0.0,4.6856,4.6098
1944,12.0,18.0,0.0,3.7332,4.48
1945,13.7,18.0,0.0,4.2466,4.5838
1946,13.8,25.0,0.0,4.3439,4.3963
1947,10.1,14.0,0.0,3.2798,4.2347
1948,17.5,26.0,0.0,5.3269,4.6089
1949,13.5,22.0,0.0,4.1959,4.4302
1950,13.4,29.0,0.0,4.3593,4.3326
1951,12.0,15.0,0.0,3.4942,4.2561
1952,12.2,19.0,0.0,3.8243,4.3554
1953,13.7,20.0,0.0,4.1369,4.505
1954,14.1,30.0,0.0,4.4906,4.4402
1955,13.5,20.0,0.0,3.9481,4.6265
1956,14.3,32.0,0.0,4.5118,4.7411
1957,16.0,21.0,0.0,4.8785,4.5499
1958,17.1,37.0,0.0,5.4062,4.5423
1959,13.9,19.0,0.0,4.4516,4.5766
1960,14.0,22.0,0.0,4.7812,4.9549
1961,15.8,22.0,0.0,4.859,4.8669
1962,13.2,18.0,0.0,4.0999,4.5693
1963,15.6,29.0,0.0,4.8997,4.6898
1964,17.5,34.0,0.0,5.5001,4.6013
1965,16.0,42.0,0.0,5.3841,4.6867
1966,14.0,19.0,0.0,4.1859,4.7339
1967,13.6,18.0,0.0,3.9946,4.6407
1968,13.7,17.0,0.0,4.0985,4.5436
1969,14.3,19.0,0.0,4.3032,4.7459
1970,14.7,23.0,0.0,4.5761,4.8694
1971,13.5,19.0,0.0,4.1201,4.5056
1972,13.1,20.0,0.0,4.0995,4.7071
1973,14.5,22.0,0.0,4.3737,4.641
1974,14.6,24.0,0.0,4.3924,4.6959
1975,14.1,20.0,0.0,4.1818,4.5755
1976,16.0,27.0,0.0,5.0746,4.6971
1977,14.2,23.0,0.0,4.3346,4.6349
1978,13.4,20.0,0.0,4.042,4.4058
1979,15.4,20.0,0.0,4.7679,4.5718
1980,11.8,17.0,0.0,3.5901,4.6459
1981,11.7,16.0,0.0,3.5735,4.748
1982,12.8,23.0,0.0,4.0593,4.7927
1983,10.5,12.0,0.0,3.2529,4.6665
1984,21.0,33.0,0.0,6.2474,5.1264
1985,13.5,19.0,0.0,4.118,4.6885
1986,13.0,18.0,0.0,3.9089,4.7521
1987,11.6,20.0,0.0,3.6593,4.6858
1988,14.8,21.0,0.0,4.4849,4.8079
1989,12.8,19.0,0.0,4.0187,4.595
1990,13.5,18.0,0.0,4.1881,4.5014
1991,12.9,19.0,0.0,3.9838,4.5653
1992,13.0,18.0,0.0,4.1267,4.5011
1993,11.8,18.0,0.0,3.6656,4.293
1994,12.6,17.0,0.0,3.9178,4.4861
1995,10.9,19.0,0.0,3.4428,4.2224
1996,12.1,15.0,0.0,3.7403,4.5084
1997,15.1,18.0,0.0,4.5689,4.4309
1998,12.0,20.0,0.0,3.733,4.5119
1999,13.6,21.0,0.0,4.1681,4.5877
2000,17.8,25.0,0.0,5.405,4.8061
2001,13.2,26.0,0.0,4.0654,4.7094
2002,12.9,19.0,0.0,3.8036,4.6053
2003,15.2,22.0,0.0,4.5762,4.6361
2004,16.8,33.0,0.0,5.264,4.543
2005,11.8,15.0,0.0,3.7096,4.4041
2006,12.9,18.0,0.0,4.0399,4.4628
2007,12.3,17.0,0.0,3.6992,4.4252
2008,15.4,19.0,0.0,4.4811,4.4951
2009,13.9,18.0,0.0,4.2811,4.3909
2010,13.6,22.0,0.0,4.1869,4.6788
2011,12.6,19.0,0.0,3.9405,4.4136
2012,14.9,22.0,0.0,4.6632,4.521
2013,11.9,21.0,0.0,3.7094,4.4701
2014,15.3,37.0,0.0,4.991,4.666
2015,15.1,22.0,0.0,4.7776,4.7495
2016,14.9,26.0,0.0,4.5989,4.598
2017,12.8,18.0,0.0,3.8307,4.5147
2018,14.6,18.0,0.0,4.4114,4.5609
2019,12.2,24.0,0.0,3.8288,4.6324
2020,12.9,19.0,0.0,4.0025,4.7052
2021,12.7,18.0,0.0,3.98,4.6302
2022,14.7,19.0,0.0,4.4499,4.6219
2023,13.9,20.0,0.0,4.161,4.5719
2024,12.2,15.0,0.0,3.8503,4.5899
2025,12.9,21.0,0.0,4.069,4.5844
2026,17.0,23.0,0.0,5.2094,4.8551
2027,10.8,14.0,0.0,3.3728,4.6374
2028,16.2,29.0,0.0,5.0637,4.6731
2029,17.4,28.0,0.0,5.3638,4.9489
2030,14.8,24.0,0.0,4.5814,4.8055
2031,13.1,17.0,0.0,3.9279,5.097
2032,16.3,21.0,0.0,4.7389,4.7152
2033,14.0,22.0,0.0,4.2927,4.6994
2034,11.2,19.0,0.0,3.5088,4.5878
2035,13.7,29.0,0.0,4.343,4.6382
2036,15.0,18.0,0.0,4.6268,4.7191
2037,16.2,25.0,0.0,4.9706,4.5644
2038,14.4,23.0,0.0,4.4113,4.5288
2039,13.6,34.0,0.0,4.6591,4.5983
2040,15.0,22.0,0.0,4.5832,4.7411
2041,16.4,29.0,0.0,5.1863,4.7595
2042,11.7,16.0,0.0,3.5947,4.6808
2043,17.3,27.0,0.0,5.2139,4.8233
2044,11.2,18.0,0.0,3.5133,4.7809
2045,14.7,20.0,0.0,4.4025,4.8253
2046,13.2,19.0,0.0,3.9972,4.7402
2047,12.9,19.0,0.0,3.9861,4.8011
2048,13.8,20.0,0.0,4.1696,4.7575
2049,14.9,21.0,0.0,4.4647,4.6755
2050,14.6,23.0,0.0,4.3111,4.7436
2051,14.6,28.0,0.0,4.5652,4.69
2052,13.0,21.0,0.0,4.0907,4.5332
2053,9.6,12.0,0.0,3.0136,4.3921
2054,10.8,16.0,0.0,3.3713,4.3181
2055,14.7,24.0,0.0,4.5351,4.6149
2056,9.4,12.0,0.0,3.0071,4.2688
2057,12.9,19.0,0.0,4.1677,4.4341
2058,13.1,30.0,0.0,4.3333,4.5658
2059,13.8,32.0,0.0,4.5888,4.6034
2060,13.6,24.0,0.0,4.1534,4.8329
2061,15.2,21.0,0.0,4.6567,4.8771
2062,14.1,20.0,0.0,4.3664,4.9083
2063,12.4,18.0,0.0,3.8809,4.753
2064,11.3,13.0,0.0,3.6263,4.5423
2065,12.2,15.0,0.0,3.6488,4.4723
2066,13.6,18.0,0.0,4.0473,4.6149
2067,19.1,30.0,0.0,5.9644,4.679
2068,12.2,19.0,0.0,3.9039,4.6234
2069,16.4,25.0,0.0,4.9588,4.9257
2070,16.2,24.0,0.0,4.9165,4.9455
2071,15.2,20.0,0.0,4.6,4.8284
2072,17.7,23.0,0.0,5.298,4.7006
2073,15.7,23.0,0.0,4.7749,4.7596
2074,15.0,23.0,0.0,4.5344,4.7145
2075,17.0,24.0,0.0,4.996,4.8636
2076,14.2,18.0,0.0,4.3902,4.7077
2077,14.5,21.0,0.0,4.5067,4.6504
2078,15.4,19.0,0.0,4.8069,4.5426
2079,14.9,25.0,0.0,4.419,4.3732
2080,14.5,19.0,0.0,4.2821,4.503
2081,14.8,29.0,0.0,4.67,4.5064
2082,16.0,22.0,0.0,4.7998,4.4687
2083,11.4,18.0,0.0,3.5862,4.5992
2084,11.6,20.0,0.0,3.729,4.4807
2085,14.5,27.0,0.0,4.6443,4.6127
2086,12.2,16.0,0.0,3.7453,4.6438
2087,12.9,25.0,0.0,4.0799,4.5123
2088,9.2,15.0,0.0,2.8645,4.3816
2089,10.8,16.0,0.0,3.3097,4.5314
2090,12.3,22.0,0.0,3.7774,4.5055
2091,11.5,14.0,0.0,3.6579,4.6415
2092,15.5,26.0,0.0,4.8572,4.7758
2093,11.9,17.0,0.0,3.7613,4.6982
2094,13.8,20.0,0.0,4.2135,4.9962
2095,11.5,17.0,0.0,3.5535,4.769
2096,14.1,21.0,0.0,4.1103,4.8764
2097,13.2,17.0,0.0,4.096,4.8728
2098,11.6,15.0,0.0,3.7043,4.753
2099,12.0,16.0,0.0,3.6081,4.8566
2100,13.7,27.0,0.0,4.2722,4.7213
2101,13.6,25.0,0.0,4.3255,4.7194
2102,14.8,25.0,0.0,4.6454,4.52
2103,13.4,18.0,0.0,4.1292,4.6369
2104,12.6,17.0,0.0,3.8783,4.5283
2105,11.8,19.0,0.0,3.6474,4.5957
2106,14.5,24.0,0.0,4.5003,4.6051
2107,15.7,26.0,0.0,4.8704,4.5024
2108,16.5,33.0,0.0,5.1747,4.8032
2109,13.0,14.0,0.0,4.0642,4.7412
2110,12.9,20.0,0.0,4.1801,4.7517
2111,16.2,21.0,0.0,4.9323,4.8218
2112,14.3,20.0,0.0,4.4565,4.7745
2113,15.7,22.0,0.0,4.7225,4.7409
2114,11.9,19.0,0.0,3.7371,4.6163
2115,14.9,22.0,0.0,4.7057,4.6813
2116,12.9,17.0,0.0,3.8584,4.5622
2117,13.9,22.0,0.0,4.3161,4.4489
2118,12.5,15.0,0.0,4.0351,4.5967
2119,14.0,20.0,0.0,4.3204,4.6763
2120,11.5,17.0,0.0,3.497,4.7164
2121,12.7,24.0,0.0,3.9449,4.7204
2122,14.1,22.0,0.0,4.2757,4.8589
2123,15.5,28.0,0.0,4.7042,4.671
2124,11.2,14.0,0.0,3.5228,4.5006
2125,11.5,17.0,0.0,3.6488,4.5529
2126,11.3,15.0,0.0,3.5016,4.4576
2127,15.2,27.0,0.0,4.5425,4.7484
2128,20.4,29.0,0.0,6.1309,5.0104
2129,18.1,26.0,0.0,5.7859,5.1491
2130,19.2,27.0,0.0,5.6936,5.1004
2131,17.1,24.0,0.0,5.1413,5.4583
2132,14.0,24.0,0.0,4.3598,4.8556
2133,17.4,28.0,0.0,5.4588,4.9875
2134,14.7,22.0,0.0,4.6613,4.904
2135,19.6,45.0,0.0,6.4938,4.9022
2136,14.1,28.0,0.0,4.3035,4.6799
2137,12.5,16.0,0.0,3.6742,4.9093
2138,12.5,16.0,0.0,3.8402,4.7702
2139,14.6,23.0,0.0,4.5705,4.8764
2140,13.4,19.0,0.0,3.9892,4.8504
2141,12.5,16.0,0.0,3.869,4.7825
2142,15.2,24.0,0.0,4.6118,4.7978
2143,12.1,19.0,0.0,3.7904,4.6372
2144,13.4,18.0,0.0,4.1461,4.4676
2145,13.9,26.0,0.0,4.3893,4.6077
2146,12.8,18.0,0.0,3.9437,4.8002
2147,10.9,24.0,0.0,3.6141,4.7728
2148,15.1,27.0,0.0,4.8845,4.982
2149,14.7,28.0,0.0,4.613,4.7993
2150,14.4,23.0,0.0,4.3393,4.7754
2151,16.9,30.0,0.0,5.272,4.8432
2152,17.6,51.0,0.0,6.3101,4.8349
2153,16.2,27.0,0.0,4.8021,4.8545
2154,14.8,26.0,0.0,4.6741,4.657
2155,19.6,27.0,0.0,5.8173,4.7418
2156,15.4,25.0,0.0,4.7252,4.4461
2157,13.8,21.0,0.0,4.2626,4.5506
2158,14.4,19.0,0.0,4.3181,4.4764
2159,13.2,23.0,0.0,4.0446,4.5743
2160,15.9,32.0,0.0,5.114,4.7175
2161,11.0,16.0,0.0,3.4543,4.3824
2162,16.2,23.0,0.0,5.0736,4.6601
2163,15.1,25.0,0.0,4.4987,4.6329
2164,13.0,26.0,0.0,4.0187,4.6133
2165,13.5,18.0,0.0,4.0871,4.4877
2166,13.0,24.0,0.0,3.9437,4.7007
2167,17.6,28.0,0.0,5.3164,4.5871
2168,13.3,22.0,0.0,4.181,4.5408
2169,14.1,18.0,0.0,4.277,4.5707
2170,13.3,16.0,0.0,4.073,4.4978
2171,10.0,17.0,0.0,3.282,4.4723
2172,12.3,17.0,0.0,3.7905,4.4546
2173,17.4,25.0,0.0,5.1907,4.8413
2174,12.6,17.0,0.0,3.7854,4.6949
2175,14.2,19.0,0.0,4.2442,4.7005
2176,16.7,28.0,0.0,5.2109,4.7294
2177,13.0,16.0,0.0,3.8129,4.637
2178,16.4,21.0,0.0,4.8772,4.8761
2179,17.7,32.0,0.0,5.6007,4.7064
2180,11.6,16.0,0.0,3.578,4.5779
2181,13.5,19.0,0.0,3.9957,4.6384
2182,15.2,30.0,0.0,4.8258,4.7495
2183,14.6,21.0,0.0,4.6236,4.9897
2184,10.9,18.0,0.0,3.2016,4.6194
2185,13.2,16.0,0.0,3.9234,4.5048
2186,13.1,17.0,0.0,3.7958,4.7779
2187,12.0,23.0,0.0,3.9595,4.5158
2188,16.3,26.0,0.0,4.8802,4.7118
2189,14.2,20.0,0.0,4.1458,4.702
2190,16.9,32.0,0.0,5.2911,4.7538
2191,13.3,18.0,0.0,4.1076,4.7134
2192,18.5,26.0,0.0,5.5383,4.9028
2193,15.8,22.0,0.0,4.7867,4.6605
2194,16.9,23.0,0.0,5.1067,4.6161
2195,13.6,28.0,0.0,4.3229,4.6835
2196,14.4,17.0,0.0,4.3628,4.8117
2197,13.9,21.0,0.0,4.3332,4.8056
2198,16.1,24.0,0.0,5.0499,4.8446
2199,15.2,22.0,0.0,4.654,4.4855
2200,11.9,25.0,0.0,3.7637,4.6949
2201,9.5,18.0,0.0,2.9745,4.4561
2202,13.3,26.0,0.0,4.2654,4.4005
2203,16.9,23.0,0.0,5.1607,4.5935
2204,14.5,22.0,0.0,4.6227,4.5585
2205,16.3,33.0,0.0,5.1098,4.5499
2206,13.4,18.0,0.0,4.2464,4.578
2207,14.3,18.0,0.0,4.5332,4.564
2208,12.0,14.0,0.0,3.6519,4.4115
2209,14.5,22.0,0.0,4.5058,4.543
2210,11.4,15.0,0.0,3.5339,4.6429
2211,10.9,21.0,0.0,3.5068,4.5798
2212,12.4,22.0,0.0,3.653,4.7062
2213,14.1,18.0,0.0,4.2638,4.8989
2214,16.1,22.0,0.0,4.9598,5.0381
2215,19.7,35.0,0.0,6.0498,5.1673
2216,17.2,23.0,0.0,5.2201,4.9638
2217,14.3,27.0,0.0,4.5738,4.5497
2218,12.0,13.0,0.0,3.751,4.4523
2219,12.5,20.0,0.0,3.8073,4.6902
2220,14.8,20.0,0.0,4.5967,4.7538
2221,14.9,29.0,0.0,4.6484,4.9271
2222,13.4,25.0,0.0,4.1053,4.7755
2223,11.9,20.0,0.0,3.7205,4.6079
2224,11.9,20.0,0.0,3.7903,4.5498
2225,9.2,17.0,0.0,2.9613,4.4616
2226,13.5,22.0,0.0,4.4235,4.702
2227,11.0,17.0,0.0,3.2598,4.407
2228,11.6,17.0,0.0,3.5404,4.5506
2229,13.2,22.0,0.0,4.1914,4.4973
2230,14.2,22.0,0.0,4.3758,4.4845
2231,15.8,21.0,0.0,4.9961,4.6937
2232,13.9,28.0,0.0,4.3808,4.6864
2233,17.4,27.0,0.0,5.4141,4.8186
2234,14.0,29.0,0.0,4.4999,4.4998
2235,13.5,23.0,0.0,4.2928,4.5813
2236,13.8,23.0,0.0,4.2864,4.3831
2237,15.5,21.0,0.0,4.7778,4.3281
2238,13.7,24.0,0.0,4.2429,4.4785
2239,14.8,30.0,0.0,4.8156,4.7585
2240,13.7,22.0,0.0,4.1787,4.7513
2241,12.9,20.0,0.0,3.9286,4.7339
2242,15.8,26.0,0.0,4.8713,4.6156
2243,16.6,23.0,0.0,5.099,4.5214
2244,15.0,27.0,0.0,4.7188,4.4184
2245,11.8,17.0,0.0,3.6094,4.4962
2246,13.8,28.0,0.0,4.541,4.5808
2247,15.7,25.0,0.0,4.5826,4.685
2248,13.7,22.0,0.0,4.2126,4.6494
2249,13.7,18.0,0.0,4.1785,4.3888
2250,12.9,17.0,0.0,3.9446,4.4345
2251,16.0,19.0,0.0,4.9885,4.6455
2252,13.8,27.0,0.0,4.3449,4.4574
2253,14.4,18.0,0.0,4.2752,4.4588
2254,14.6,23.0,0.0,4.6172,4.3883
2255,17.1,43.0,0.0,5.7972,4.4885
2256,14.7,24.0,0.0,4.4821,4.4005
2257,14.5,21.0,0.0,4.4808,4.4441
2258,13.2,19.0,0.0,3.9702,4.3414
2259,10.8,15.0,0.0,3.2889,4.2991
2260,15.5,23.0,0.0,4.7106,4.4914
2261,16.6,27.0,0.0,5.1235,4.3594
2262,15.8,26.0,0.0,4.8122,4.397
2263,15.3,19.0,0.0,4.7046,4.6593
2264,16.3,25.0,0.0,5.0104,4.5777
2265,12.9,17.0,0.0,3.9832,4.5412
2266,17.5,23.0,0.0,5.1986,4.6353
2267,12.6,27.0,0.0,3.9851,4.5633
2268,13.8,23.0,0.0,4.2131,4.7032
2269,12.3,15.0,0.0,3.7629,4.6123
2270,10.0,13.0,0.0,3.2115,4.3813
2271,14.7,22.0,0.0,4.6602,4.6228
2272,15.4,27.0,0.0,4.8483,4.5771
2273,17.0,26.0,0.0,5.079,4.6765
2274,15.5,30.0,0.0,4.8118,4.4265
2275,12.4,15.0,0.0,3.8746,4.2785
2276,15.0,26.0,0.0,4.7032,4.3915
2277,13.1,18.0,0.0,3.9473,4.4181
2278,13.9,22.0,0.0,4.2443,4.5265
2279,14.3,17.0,0.0,4.2131,4.5565
2280,15.5,23.0,0.0,4.7341,4.6642
2281,14.6,23.0,0.0,4.4588,4.5517
2282,15.7,28.0,0.0,4.8916,4.6232
2283,14.3,24.0,0.0,4.46,4.6458
2284,16.7,30.0,0.0,5.2452,4.6253
2285,14.7,19.0,0.0,4.6245,4.6396
2286,15.8,22.0,0.0,4.7423,4.6476
2287,13.4,17.0,0.0,4.1425,4.651
2288,13.7,22.0,0.0,4.1643,4.4582
2289,13.8,21.0,0.0,4.3319,4.4941
2290,16.2,21.0,0.0,4.9612,4.614
2291,13.7,29.0,0.0,4.5203,4.623
2292,17.1,24.0,0.0,4.9523,4.5667
2293,13.0,19.0,0.0,3.9725,4.5346
2294,13.3,23.0,0.0,4.0075,4.5835
2295,13.9,26.0,0.0,4.3705,4.6578
2296,12.6,19.0,0.0,3.7449,4.8647
2297,13.0,21.0,0.0,4.0097,4.639
2298,12.9,21.0,0.0,4.0777,4.6271
2299,14.6,24.0,0.0,4.561,4.5348
2300,17.5,23.0,0.0,5.4686,4.6201
2301,11.4,15.0,0.0,3.5881,4.3407
2302,13.7,21.0,0.0,4.2199,4.5416
2303,13.7,30.0,0.0,4.4443,4.5005
2304,14.9,21.0,0.0,4.538,4.8577
2305,13.7,23.0,0.0,4.2805,4.6028
2306,11.9,14.0,0.0,3.6257,4.6306
2307,16.5,25.0,0.0,5.0424,4.5359
2308,14.4,23.0,0.0,4.4068,4.448
2309,12.7,17.0,0.0,3.8411,4.3841
2310,14.3,18.0,0.0,4.4831,4.5238
2311,14.2,27.0,0.0,4.553,4.54
2312,16.1,27.0,0.0,4.934,4.6237
2313,13.3,19.0,0.0,3.9959,4.4985
2314,15.4,22.0,0.0,4.4441,4.6738
2315,12.1,18.0,0.0,3.7096,4.6056
2316,12.8,19.0,0.0,3.9787,4.3964
2317,15.6,23.0,0.0,4.7309,4.5363
2318,16.5,25.0,0.0,5.1139,4.6135
2319,19.3,31.0,0.0,5.8788,4.8356
2320,14.7,22.0,0.0,4.4573,4.6303
2321,13.3,21.0,0.0,4.0156,4.6467
2322,16.5,24.0,0.0,4.9773,4.6833
2323,14.5,28.0,0.0,4.7843,4.7234
2324,16.5,33.0,0.0,5.2404,4.7967
2325,12.9,22.0,0.0,3.8547,4.633
2326,15.4,31.0,0.0,4.8888,4.8225
2327,11.7,16.0,0.0,3.4457,4.4871
2328,19.5,28.0,0.0,5.9011,4.6407
2329,16.6,25.0,0.0,5.0058,4.6466
2330,13.6,23.0,0.0,4.2725,4.6678
2331,13.3,20.0,0.0,4.0567,4.5558
2332,11.7,18.0,0.0,3.5384,4.3606
2333,17.6,26.0,0.0,5.3134,4.8392
2334,11.9,16.0,0.0,3.589,4.5665
2335,15.1,23.0,0.0,4.5339,4.5095
2336,13.6,27.0,0.0,4.2518,4.5839
2337,13.4,18.0,0.0,4.139,4.5703
2338,16.0,24.0,0.0,4.8832,4.4144
2339,12.2,17.0,0.0,3.7096,4.2787
2340,13.1,16.0,0.0,3.9965,4.3963
2341,15.8,27.0,0.0,4.9873,4.667
2342,13.6,18.0,0.0,4.0751,4.5864
2343,16.0,20.0,0.0,4.98,4.69
2344,12.6,17.0,0.0,3.9185,4.5339
2345,12.2,22.0,0.0,3.8374,4.4699
2346,16.4,28.0,0.0,5.0325,4.6984
2347,12.3,19.0,0.0,3.9285,4.5464
2348,14.9,20.0,0.0,4.3779,4.4301
2349,17.6,30.0,0.0,5.5006,4.5364
2350,14.9,20.0,0.0,4.6125,4.5228
2351,11.0,16.0,0.0,3.3242,4.3372
2352,16.0,21.0,0.0,4.9061,4.4749
2353,13.0,18.0,0.0,4.0069,4.4808
2354,13.3,21.0,0.0,4.2024,4.4298
2355,14.2,31.0,0.0,4.6435,4.4736
2356,11.0,18.0,0.0,3.5591,4.3176
2357,17.1,28.0,0.0,5.3097,4.4702
2358,13.7,18.0,0.0,4.2664,4.4946
2359,18.9,31.0,0.0,5.9138,4.4989
2360,20.3,37.0,0.0,6.519,4.6327
2361,12.2,14.0,0.0,3.9332,4.7605
2362,13.0,23.0,0.0,4.1095,4.7219
2363,11.9,19.0,0.0,3.6483,4.5157
2364,15.5,41.0,0.0,5.5489,4.5351
2365,15.5,23.0,0.0,4.7926,4.7839
2366,11.5,16.0,0.0,3.4002,4.6475
2367,12.1,15.0,0.0,3.6911,4.4911
2368,14.9,28.0,0.0,4.654,4.6056
2369,19.0,32.0,0.0,5.8837,4.4975
2370,16.3,30.0,0.0,5.2213,4.5515
2371,14.4,24.0,0.0,4.355,4.466
2372,16.3,22.0,0.0,4.6821,4.6534
2373,15.3,38.0,0.0,5.053,4.7169
2374,13.5,19.0,0.0,4.2073,4.6812
2375,13.8,24.0,0.0,4.2943,4.4301
2376,12.7,20.0,0.0,3.8108,4.2917
2377,12.2,16.0,0.0,3.8152,4.518
2378,13.5,18.0,0.0,4.1183,4.5965
2379,14.6,18.0,0.0,4.3541,4.637
2380,13.8,20.0,0.0,4.1866,4.4722
2381,19.2,28.0,0.0,5.8327,4.7167
2382,18.3,26.0,0.0,5.7007,4.648
2383,13.3,20.0,0.0,4.0772,4.5549
2384,16.7,30.0,0.0,5.1765,4.8354
2385,13.7,20.0,0.0,4.165,4.5374
2386,15.5,24.0,0.0,4.6352,4.5762
2387,10.9,16.0,0.0,3.4661,4.5532
2388,18.1,26.0,0.0,5.3747,4.6926
2389,13.4,21.0,0.0,4.2589,4.6887
2390,15.5,18.0,0.0,4.5593,4.7907
2391,17.5,30.0,0.0,5.3373,4.681
2392,12.7,18.0,0.0,4.005,4.6055
2393,11.5,18.0,0.0,3.567,4.6329
2394,14.5,20.0,0.0,4.3078,4.5833
2395,11.5,15.0,0.0,3.7307,4.3304
2396,16.0,26.0,0.0,4.9857,4.5883
2397,16.6,32.0,0.0,5.3663,4.5535
2398,17.4,23.0,0.0,5.1813,4.6282
2399,14.8,29.0,0.0,4.7328,4.4225
2400,21.4,46.0,0.0,6.7777,4.6671
2401,13.0,16.0,0.0,4.0612,4.5203
2402,13.8,20.0,0.0,4.1358,4.4581
2403,16.5,29.0,0.0,5.083,4.7483
2404,12.5,18.0,0.0,3.8452,4.4493
2405,14.5,25.0,0.0,4.5495,4.4638
2406,14.9,24.0,0.0,4.4766,4.4776
2407,14.3,22.0,0.0,4.3813,4.7
2408,12.5,16.0,0.0,3.9178,4.4696
2409,12.4,31.0,0.0,4.1347,4.4734
2410,12.7,22.0,0.0,3.956,4.4879
2411,14.4,21.0,0.0,4.47,4.6281
2412,18.2,31.0,0.0,5.6105,4.6877
2413,12.2,17.0,0.0,3.5969,4.4623
2414,12.7,16.0,0.0,3.8825,4.3899
2415,14.9,19.0,0.0,4.5705,4.713
2416,12.3,19.0,0.0,3.8444,4.6179
2417,13.3,17.0,0.0,4.0524,4.6933
2418,14.1,22.0,0.0,4.2847,4.5616
2419,13.1,15.0,0.0,4.0407,4.567
2420,15.3,24.0,0.0,4.7598,4.4851
2421,14.6,26.0,0.0,4.5656,4.6121
2422,16.1,25.0,0.0,4.9328,4.539
2423,11.4,16.0,0.0,3.4609,4.3923
2424,13.5,17.0,0.0,4.0251,4.5264
2425,18.3,27.0,0.0,5.5574,4.7435
2426,17.2,25.0,0.0,5.3304,4.7819
2427,14.0,17.0,0.0,4.3385,4.6704
2428,14.3,32.0,0.0,4.5512,4.5365
2429,11.8,20.0,0.0,3.7369,4.5185
2430,12.2,17.0,0.0,3.8478,4.5581
2431,14.0,29.0,0.0,4.3552,4.4816
2432,14.5,18.0,0.0,4.452,4.6024
2433,12.3,18.0,0.0,3.8065,4.5261
2434,13.6,19.0,0.0,4.1223,4.5235
2435,15.4,19.0,0.0,4.4883,4.654
2436,11.4,17.0,0.0,3.6984,4.5379
2437,12.8,16.0,0.0,3.9294,4.4706
2438,14.3,23.0,0.0,4.1782,4.6033
2439,14.7,19.0,0.0,4.4819,4.6288
2440,14.2,25.0,0.0,4.4205,4.4206
2441,10.5,18.0,0.0,3.3157,4.2924
2442,10.6,17.0,0.0,3.2573,4.4912
2443,12.1,21.0,0.0,3.8556,4.4936
2444,13.5,19.0,0.0,4.0965,4.5594
2445,13.2,22.0,0.0,4.0454,4.4705
2446,14.5,28.0,0.0,4.6462,4.6327
2447,12.4,21.0,0.0,3.8246,4.4713
2448,14.1,20.0,0.0,4.4788,4.6338
2449,14.0,18.0,0.0,4.3951,4.5149
2450,15.4,21.0,0.0,4.8163,4.704
2451,17.1,22.0,0.0,5.1292,4.7521
2452,15.0,22.0,0.0,4.5354,4.5249
2453,16.9,27.0,0.0,5.1685,4.582
2454,11.9,19.0,0.0,3.6344,4.472
2455,14.8,23.0,0.0,4.4669,4.529
2456,11.7,14.0,0.0,3.6585,4.5338
2457,12.6,23.0,0.0,3.986,4.4849
2458,12.5,22.0,0.0,3.8997,4.608
2459,13.7,20.0,0.0,4.3271,4.83
2460,17.8,35.0,0.0,5.6016,4.8172
2461,14.7,22.0,0.0,4.4642,4.7471
2462,17.8,28.0,0.0,5.5521,4.9435
2463,16.0,29.0,0.0,5.0768,4.7723
2464,12.8,22.0,0.0,4.0669,4.5716
2465,11.1,15.0,0.0,3.3686,4.4261
2466,15.1,32.0,0.0,4.8726,4.5352
2467,12.0,15.0,0.0,3.7269,4.5354
2468,12.9,17.0,0.0,3.8887,4.6838
2469,12.9,29.0,0.0,4.2457,4.5481
2470,16.4,25.0,0.0,5.0528,4.7107
2471,12.0,20.0,0.0,3.7945,4.6249
2472,15.5,22.0,0.0,4.5651,4.6161
2473,12.3,20.0,0.0,3.7828,4.6751
2474,14.4,19.0,0.0,4.1768,4.609
2475,12.5,16.0,0.0,3.7787,4.8512
2476,13.6,17.0,0.0,4.1786,4.8913
2477,15.0,37.0,0.0,4.9586,4.8461
2478,13.6,20.0,0.0,4.2294,4.6038
2479,12.3,18.0,0.0,3.6633,4.5132
2480,13.0,22.0,0.0,4.1106,4.5295
2481,15.6,22.0,0.0,5.1556,4.7046
2482,17.5,29.0,0.0,5.4071,4.9087
2483,17.6,26.0,0.0,5.5324,4.9213
2484,14.9,25.0,0.0,4.6127,4.9046
2485,14.8,19.0,0.0,4.5611,4.8168
2486,13.6,21.0,0.0,4.2883,4.8619
2487,14.2,23.0,0.0,4.3612,4.7306
2488,16.7,20.0,0.0,4.9244,4.94
2489,13.7,18.0,0.0,4.1861,4.7715
2490,12.2,18.0,0.0,3.8275,4.6501
2491,13.0,23.0,0.0,3.9822,4.6489
2492,12.2,14.0,0.0,3.8342,4.7771
2493,12.9,18.0,0.0,3.8856,4.5364
2494,16.5,29.0,0.0,5.0372,4.7754
2495,13.2,16.0,0.0,3.8791,4.6994
2496,14.9,19.0,0.0,4.5615,4.7717
2497,14.5,20.0,0.0,4.4883,4.4226
2498,15.3,21.0,0.0,4.7592,4.4922
2499,14.8,20.0,0.0,4.3552,4.4619
2500,16.5,30.0,0.0,5.3691,4.7334
2501,15.0,26.0,0.0,4.6355,4.6324
2502,14.1,24.0,0.0,4.4303,4.5359
2503,13.4,21.0,0.0,4.0106,4.533
2504,15.9,26.0,0.0,5.0439,4.7493
2505,15.1,25.0,0.0,4.5089,4.4914
2506,14.4,26.0,0.0,4.3938,4.4653
2507,15.1,22.0,0.0,4.6553,4.485
2508,14.6,33.0,0.0,4.6612,4.5639
2509,11.9,15.0,0.0,3.5836,4.4126
2510,15.1,20.0,0.0,4.5976,4.5503
2511,15.6,25.0,0.0,4.8172,4.5562
2512,14.1,18.0,0.0,4.1773,4.7122
2513,12.8,17.0,0.0,3.8845,4.6593
2514,14.0,20.0,0.0,3.9635,4.6611
2515,13.5,19.0,0.0,4.0941,4.6032
2516,15.8,24.0,0.0,4.9616,4.6597
2517,13.2,21.0,0.0,4.1281,4.4791
2518,16.2,34.0,0.0,5.1558,4.3655
2519,14.0,20.0,0.0,4.1821,4.673
2520,16.7,29.0,0.0,5.0182,4.7567
2521,15.2,19.0,0.0,4.5586,4.6635
2522,15.2,23.0,0.0,4.7379,4.4927
2523,17.0,23.0,0.0,5.2847,4.7599
2524,13.7,21.0,0.0,4.2025,4.522
2525,14.5,28.0,0.0,4.5627,4.5837
2526,20.0,37.0,0.0,6.2759,4.6867
2527,14.6,20.0,0.0,4.434,4.5909
2528,14.2,19.0,0.0,4.4955,4.5608
2529,14.9,22.0,0.0,4.7377,4.5868
2530,13.4,18.0,0.0,4.0777,4.4461
2531,12.9,15.0,0.0,4.1482,4.5818
2532,13.8,24.0,0.0,4.4341,4.6574
2533,13.5,20.0,0.0,4.2596,4.5595
2534,13.9,28.0,0.0,4.4195,4.4682
2535,17.1,22.0,0.0,5.2811,4.4719
2536,14.5,20.0,0.0,4.4853,4.6272
2537,14.1,22.0,0.0,4.2883,4.4654
2538,13.1,19.0,0.0,4.0346,4.4363
2539,12.1,18.0,0.0,3.7606,4.4143
2540,9.9,16.0,0.0,3.1043,4.303
2541,13.1,33.0,0.0,4.4886,4.3822
2542,15.2,23.0,0.0,4.6482,4.4218
2543,13.2,22.0,0.0,4.1864,4.4476
2544,16.2,33.0,0.0,5.0738,4.5081
2545,12.8,23.0,0.0,3.9909,4.4559
2546,15.4,33.0,0.0,5.0749,4.7074
2547,13.1,18.0,0.0,3.9733,4.8388
2548,15.1,24.0,0.0,4.531,4.8145
2549,15.0,23.0,0.0,4.5039,4.8148
2550,13.4,23.0,0.0,4.2088,4.5243
2551,18.0,36.0,0.0,5.8504,4.6989
2552,16.1,21.0,0.0,4.834,4.7524
2553,12.0,16.0,0.0,3.7825,4.6496
2554,11.8,16.0,0.0,3.5119,4.4201
2555,14.9,21.0,0.0,4.4871,4.5097
2556,12.9,20.0,0.0,3.9616,4.3679
2557,14.6,24.0,0.0,4.3948,4.4137
2558,12.4,19.0,0.0,3.7826,4.3352
2559,15.0,20.0,0.0,4.6332,4.4495
2560,16.4,25.0,0.0,4.9181,4.4875
2561,15.7,29.0,0.0,4.9264,4.4853
2562,14.6,19.0,0.0,4.3348,4.7044
2563,15.3,21.0,0.0,4.6292,4.6283
2564,12.7,20.0,0.0,3.9737,4.5675
2565,14.7,21.0,0.0,4.4835,4.5782
2566,14.1,28.0,0.0,4.5847,4.5285
2567,15.0,25.0,0.0,4.5731,4.6186
2568,19.0,24.0,0.0,5.6034,4.6169
2569,12.0,19.0,0.0,3.7257,4.2888
2570,15.1,41.0,0.0,5.3094,4.4827
2571,16.4,26.0,0.0,4.9216,4.631
2572,12.8,21.0,0.0,3.9284,4.6664
2573,14.3,22.0,0.0,4.3051,4.6623
2574,16.9,23.0,0.0,5.029,4.6628
2575,14.1,28.0,0.0,4.4752,4.5821
2576,18.0,24.0,0.0,5.3205,4.8131
2577,17.4,25.0,0.0,5.3167,4.9009
2578,18.4,42.0,0.0,6.0073,4.8268
2579,17.8,29.0,0.0,5.5306,4.5362
2580,14.8,24.0,0.0,4.5903,4.5474
2581,11.5,15.0,0.0,3.6304,4.435
2582,15.7,31.0,0.0,5.0259,4.5153
2583,12.0,21.0,0.0,3.8029,4.507
2584,11.1,15.0,0.0,3.3272,4.4418
2585,15.1,24.0,0.0,4.6645,4.4716
2586,12.8,16.0,0.0,3.8384,4.5348
2587,15.3,29.0,0.0,4.6791,4.6425
2588,15.1,34.0,0.0,4.7693,4.4917
2589,13.1,19.0,0.0,4.0399,4.4489
2590,16.2,25.0,0.0,4.902,4.4832
2591,11.7,15.0,0.0,3.492,4.5613
2592,13.9,16.0,0.0,4.1116,4.3955
2593,13.9,28.0,0.0,4.3113,4.5768
2594,13.5,19.0,0.0,4.1232,4.5319
2595,16.0,37.0,0.0,5.1669,4.6723
2596,14.0,21.0,0.0,4.2381,4.6434
2597,13.5,22.0,0.0,4.3329,4.6259
2598,13.6,20.0,0.0,4.0556,4.6692
2599,14.8,29.0,0.0,4.6579,4.7637
2600,15.3,25.0,0.0,4.7683,4.5521
2601,13.3,34.0,0.0,4.5459,4.5099
2602,12.5,18.0,0.0,3.7185,4.459
2603,12.5,16.0,0.0,3.873,4.4716
2604,12.1,20.0,0.0,3.6698,4.4372
2605,12.7,21.0,0.0,3.9169,4.5078
2606,15.8,24.0,0.0,4.9203,4.5366
2607,12.3,16.0,0.0,3.7589,4.53
2608,14.1,23.0,0.0,4.3863,4.6369
2609,14.7,19.0,0.0,4.4159,4.7573
2610,16.1,24.0,0.0,4.9356,4.7215
2611,12.7,18.0,0.0,3.8717,4.7241
2612,14.5,25.0,0.0,4.5062,4.6808
2613,13.9,20.0,0.0,4.1619,4.8244
2614,14.8,23.0,0.0,4.5635,4.8425
2615,13.3,23.0,0.0,4.2412,4.4692
2616,12.2,17.0,0.0,3.8906,4.5697
2617,12.6,25.0,0.0,3.9948,4.6624
2618,13.9,20.0,0.0,4.2096,4.5758
2619,13.1,23.0,0.0,4.1509,4.5528
2620,13.1,25.0,0.0,4.1449,4.5438
2621,11.3,15.0,0.0,3.4776,4.4504
2622,17.1,24.0,0.0,5.1101,4.9458
2623,13.2,18.0,0.0,3.904,4.5544
2624,14.6,28.0,0.0,4.5962,4.5677
2625,15.5,18.0,0.0,4.7293,4.5574
2626,17.3,27.0,0.0,5.4481,4.6339
2627,12.4,17.0,0.0,3.7108,4.6453
2628,15.1,26.0,0.0,4.6014,4.6341
2629,15.7,24.0,0.0,4.6,4.9174
2630,13.5,22.0,0.0,4.062,4.6967
2631,15.5,23.0,0.0,4.6248,4.8072
2632,12.5,16.0,0.0,3.7584,4.6899
2633,15.0,31.0,0.0,4.7935,4.4566
2634,13.7,17.0,0.0,4.1117,4.3793
2635,14.2,24.0,0.0,4.2904,4.547
2636,13.9,19.0,0.0,4.1307,4.6628
2637,15.2,22.0,0.0,4.7422,4.6062
2638,12.0,18.0,0.0,3.6592,4.4446
2639,13.0,23.0,0.0,4.1673,4.5924
2640,14.9,23.0,0.0,4.4468,4.5229
2641,13.4,16.0,0.0,4.133,4.4324
2642,15.9,23.0,0.0,4.782,4.7799
2643,12.1,16.0,0.0,3.7307,4.6647
2644,19.1,28.0,0.0,5.7151,4.8002
2645,9.3,11.0,0.0,2.7323,4.4452
2646,13.2,25.0,0.0,4.0892,4.729
2647,14.7,20.0,0.0,4.3331,4.6524
2648,15.5,25.0,0.0,4.7573,4.4937
2649,15.2,29.0,0.0,4.9807,4.4455
2650,13.2,18.0,0.0,3.8062,4.571
2651,14.3,26.0,0.0,4.3722,4.6221
2652,14.3,28.0,0.0,4.5095,4.508
2653,14.8,20.0,0.0,4.5414,4.5816
2654,17.7,24.0,0.0,5.2613,4.632
2655,16.0,24.0,0.0,4.8052,4.4653
2656,13.2,22.0,0.0,3.9816,4.4162
2657,19.6,27.0,0.0,5.9532,5.1783
2658,17.7,29.0,0.0,5.5546,4.9005
2659,14.6,26.0,0.0,4.4412,4.6183
2660,13.9,20.0,0.0,4.3795,4.6371
2661,15.2,19.0,0.0,4.6779,4.8454
2662,13.0,22.0,0.0,4.129,4.4698
2663,13.9,20.0,0.0,4.1713,4.6007
2664,15.0,33.0,0.0,4.8359,4.5335
2665,14.0,21.0,0.0,4.2036,4.3893
2666,15.9,25.0,0.0,4.8996,4.5215
2667,12.7,19.0,0.0,3.884,4.3195
2668,14.4,23.0,0.0,4.3428,4.8037
2669,12.6,18.0,0.0,3.7774,4.2855
2670,14.4,20.0,0.0,4.3204,4.6189
2671,13.1,20.0,0.0,4.1499,4.7144
2672,14.5,25.0,0.0,4.5525,4.6376
2673,13.9,22.0,0.0,4.2748,4.5536
2674,13.3,24.0,0.0,4.1764,4.5822
2675,13.3,29.0,0.0,4.3605,4.5889
2676,16.3,31.0,0.0,5.2301,4.4633
2677,16.0,20.0,0.0,4.8007,4.6302
2678,16.9,23.0,0.0,5.221,4.6369
2679,14.8,20.0,0.0,4.5169,4.6374
2680,17.5,27.0,0.0,5.347,4.6337
2681,12.0,17.0,0.0,3.6317,4.5473
2682,13.1,16.0,0.0,4.0979,4.4553
2683,15.5,21.0,0.0,4.6784,4.4566
2684,13.3,20.0,0.0,4.278,4.3546
2685,16.2,30.0,0.0,5.237,4.5194
2686,15.4,26.0,0.0,4.9151,4.4876
2687,18.8,31.0,0.0,5.7263,4.4379
2688,14.9,24.0,0.0,4.6432,4.4824
2689,15.1,24.0,0.0,4.6073,4.665
2690,14.7,26.0,0.0,4.5387,4.6687
2691,13.5,22.0,0.0,4.1575,4.515
2692,12.5,22.0,0.0,4.013,4.4497
2693,13.3,19.0,0.0,4.1301,4.6606
2694,17.6,23.0,0.0,5.2818,4.8109
2695,17.4,24.0,0.0,5.3908,4.5966
2696,14.5,22.0,0.0,4.4413,4.6692
2697,15.4,34.0,0.0,5.0057,4.6113
2698,12.5,16.0,0.0,3.891,4.5066
2699,12.5,19.0,0.0,3.7409,4.5792
2700,14.5,25.0,0.0,4.4752,4.5727
2701,11.0,13.0,0.0,3.4676,4.6076
2702,14.4,29.0,0.0,4.574,4.4809
2703,15.7,20.0,0.0,4.6301,4.5303
2704,11.3,16.0,0.0,3.4766,4.5124
2705,13.3,19.0,0.0,4.034,4.5369
2706,13.1,21.0,0.0,4.0741,4.6879
2707,12.9,18.0,0.0,3.9179,4.6443
2708,12.0,19.0,0.0,3.64,4.5346
2709,13.4,17.0,0.0,4.1184,4.5403
2710,11.9,18.0,0.0,3.6478,4.5176
2711,15.1,19.0,0.0,4.8195,4.4124
2712,9.9,17.0,0.0,3.156,4.3453
2713,14.7,30.0,0.0,4.5836,4.6141
2714,13.9,28.0,0.0,4.4633,4.541
2715,15.6,22.0,0.0,4.7766,4.5547
2716,16.9,22.0,0.0,5.188,4.5263
2717,13.8,17.0,0.0,4.3428,4.4346
2718,15.5,25.0,0.0,4.7898,4.5341
2719,11.1,22.0,0.0,3.5369,4.1939
2720,11.8,17.0,0.0,3.7124,4.4106
2721,15.7,22.0,0.0,4.7538,4.5004
2722,12.3,18.0,0.0,3.7641,4.4478
2723,15.1,30.0,0.0,4.7838,4.6551
2724,15.8,35.0,0.0,5.0795,4.7243
2725,14.3,24.0,0.0,4.4283,4.4713
2726,15.5,21.0,0.0,4.717,4.7063
2727,15.8,26.0,0.0,4.7334,4.7327
2728,14.2,21.0,0.0,4.2348,4.5205
2729,12.7,26.0,0.0,3.9987,4.6472
2730,14.3,28.0,0.0,4.634,4.513
2731,15.6,23.0,0.0,4.9282,4.6176
2732,17.5,26.0,0.0,5.3295,4.842
2733,15.4,21.0,0.0,4.8909,4.8679
2734,13.7,19.0,0.0,4.0875,4.7604
2735,16.9,24.0,0.0,5.1457,4.7529
2736,11.1,14.0,0.0,3.4861,4.6307
2737,10.5,20.0,0.0,3.2988,4.3883
2738,15.0,23.0,0.0,4.826,4.762
2739,13.8,23.0,0.0,4.3267,4.5946
2740,12.0,21.0,0.0,3.6273,4.4421
2741,12.8,24.0,0.0,3.959,4.6567
2742,9.7,12.0,0.0,2.9109,4.5302
2743,14.0,24.0,0.0,4.3175,4.6463
2744,15.1,23.0,0.0,4.5491,4.7534
2745,11.2,18.0,0.0,3.3879,4.556
2746,12.1,22.0,0.0,3.7266,4.6425
2747,15.0,25.0,0.0,4.6913,4.5947
2748,14.8,26.0,0.0,4.4924,4.68
2749,13.0,26.0,0.0,4.1057,4.5539
2750,15.8,29.0,0.0,4.9081,4.7328
2751,13.2,23.0,0.0,4.0813,4.6371
2752,13.6,25.0,0.0,4.2559,4.617
2753,15.3,22.0,0.0,4.5003,4.7045
2754,15.7,29.0,0.0,4.9243,4.783
2755,10.8,16.0,0.0,3.3403,4.4546
2756,13.8,20.0,0.0,4.3721,4.7101
2757,13.7,24.0,0.0,4.301,4.6759
2758,11.1,18.0,0.0,3.5313,4.5042
2759,16.7,34.0,0.0,5.4796,4.4034
2760,13.1,19.0,0.0,4.0858,4.4728
2761,19.2,30.0,0.0,5.7991,4.5378
2762,13.0,19.0,0.0,4.2635,4.6585
2763,17.4,26.0,0.0,5.2792,4.7074
2764,11.0,18.0,0.0,3.4424,4.5393
2765,14.7,20.0,0.0,4.6464,4.6627
2766,15.4,23.0,0.0,4.7549,4.5659
2767,14.3,20.0,0.0,4.4722,4.5988
2768,17.7,28.0,0.0,5.1993,4.5405
2769,14.3,21.0,0.0,4.3952,4.7111
2770,16.2,30.0,0.0,5.0386,4.8288
2771,15.4,22.0,0.0,4.6205,4.5843
2772,16.3,33.0,0.0,5.0999,4.4433
2773,11.8,18.0,0.0,3.7266,4.4083
2774,13.8,26.0,0.0,4.3678,4.499
2775,14.3,18.0,0.0,4.5368,4.4745
2776,15.6,25.0,0.0,4.7759,4.5637
2777,11.4,19.0,0.0,3.6307,4.3687
2778,14.0,18.0,0.0,4.1456,4.5571
2779,12.2,16.0,0.0,3.7843,4.5496
2780,12.8,18.0,0.0,3.9484,4.685
2781,15.2,24.0,0.0,4.6679,4.6407
2782,16.5,27.0,0.0,5.093,4.5985
2783,16.6,24.0,0.0,5.0844,4.5809
2784,13.0,29.0,0.0,4.2372,4.5828
2785,12.1,19.0,0.0,3.6236,4.4815
2786,15.2,21.0,0.0,4.679,4.5773
2787,13.7,16.0,0.0,4.0047,4.4824
2788,12.9,16.0,0.0,3.9981,4.5873
2789,13.5,22.0,0.0,4.2659,4.7069
2790,14.4,27.0,0.0,4.5319,4.5173
2791,17.7,32.0,0.0,5.7731,4.6898
2792,14.4,18.0,0.0,4.5409,4.6886
2793,16.0,25.0,0.0,4.8073,4.7035
2794,12.6,17.0,0.0,3.6616,4.6713
2795,15.9,36.0,0.0,5.0605,4.5828
2796,14.1,21.0,0.0,4.3406,4.5591
2797,11.0,17.0,0.0,3.5111,4.522
2798,12.1,17.0,0.0,3.7869,4.5663
2799,15.1,23.0,0.0,4.5343,4.5664
2800,12.0,18.0,0.0,3.6993,4.5431
2801,13.4,24.0,0.0,4.1252,4.4238
2802,12.8,29.0,0.0,4.1024,4.3726
2803,13.4,17.0,0.0,4.0692,4.3878
2804,11.7,15.0,0.0,3.4999,4.4943
2805,15.7,24.0,0.0,4.7448,4.6609
2806,16.6,25.0,0.0,4.8309,4.7329
2807,13.8,25.0,0.0,4.2514,4.5479
2808,14.3,24.0,0.0,4.4113,4.413
2809,13.9,18.0,0.0,4.2743,4.5582
2810,14.4,19.0,0.0,4.5334,4.5641
2811,14.7,27.0,0.0,4.6092,4.4484
2812,15.3,29.0,0.0,4.7469,4.5702
2813,13.6,20.0,0.0,4.2614,4.4548
2814,14.7,23.0,0.0,4.5815,4.4345
2815,15.9,26.0,0.0,5.0778,4.6559
2816,17.8,34.0,0.0,5.5043,4.7052
2817,14.2,34.0,0.0,4.7563,4.4942
2818,12.9,16.0,0.0,3.8958,4.5195
2819,16.7,36.0,0.0,5.5262,4.4613
2820,11.4,17.0,0.0,3.5086,4.4585
2821,16.5,24.0,0.0,5.1809,4.6374
2822,14.8,33.0,0.0,4.7885,4.8353
2823,11.1,14.0,0.0,3.3782,4.6309
2824,15.4,19.0,0.0,4.64,4.5463
2825,14.8,23.0,0.0,4.5411,4.39
2826,13.7,19.0,0.0,4.136,4.6141
2827,12.8,19.0,0.0,3.8402,4.5893
2828,12.9,16.0,0.0,3.9636,4.6557
2829,11.9,15.0,0.0,3.5818,4.3948
2830,17.2,25.0,0.0,5.2134,4.7061
2831,15.0,31.0,0.0,4.8156,4.5906
2832,11.9,17.0,0.0,3.7056,4.5545
2833,18.8,26.0,0.0,5.5714,4.5684
2834,14.7,24.0,0.0,4.541,4.5041
2835,18.8,23.0,0.0,5.805,4.6344
2836,14.5,18.0,0.0,4.4637,4.5215
2837,14.7,25.0,0.0,4.6047,4.304
2838,15.1,31.0,0.0,4.8195,4.5018
2839,13.1,21.0,0.0,4.0559,4.2729
2840,13.8,26.0,0.0,4.3079,4.5885
2841,13.1,16.0,0.0,4.0519,4.8257
2842,12.3,16.0,0.0,3.834,4.6737
2843,17.2,27.0,0.0,5.2883,4.8377
2844,13.0,17.0,0.0,3.8092,4.3944
2845,16.5,29.0,0.0,4.9507,4.4467
2846,12.8,18.0,0.0,3.9231,4.5168
2847,14.2,25.0,0.0,4.4932,4.7242
2848,13.8,21.0,0.0,4.2744,4.7744
2849,17.8,31.0,0.0,5.5731,4.7765
2850,14.1,20.0,0.0,4.3818,4.6256
2851,12.2,17.0,0.0,3.7656,4.6966
2852,13.2,16.0,0.0,3.8859,4.8169
2853,13.6,28.0,0.0,4.2819,4.7026
2854,15.8,28.0,0.0,4.9293,4.7898
2855,15.8,29.0,0.0,5.1338,4.8992
2856,17.4,25.0,0.0,5.3275,4.8224
2857,12.0,25.0,0.0,3.8328,4.6159
2858,15.8,32.0,0.0,5.0677,4.7063
2859,14.0,19.0,0.0,4.3324,4.589
2860,13.4,22.0,0.0,4.058,4.5192
2861,15.5,25.0,0.0,4.8238,4.6748
2862,11.1,16.0,0.0,3.4868,4.4755
2863,15.8,25.0,0.0,4.9175,4.6017
2864,13.1,18.0,0.0,4.0798,4.3763
2865,14.4,17.0,0.0,4.3689,4.5743
2866,14.6,22.0,0.0,4.6486,4.5461
2867,14.9,22.0,0.0,4.49,4.602
2868,15.5,23.0,0.0,4.7388,4.5082
2869,13.1,20.0,0.0,4.0435,4.4913
2870,15.4,24.0,0.0,4.7182,4.6729
2871,14.9,24.0,0.0,4.6627,4.5297
2872,13.4,18.0,0.0,4.2102,4.4088
2873,17.6,23.0,0.0,5.2676,4.6363
2874,12.1,15.0,0.0,3.7812,4.4709
2875,15.4,23.0,0.0,4.5819,4.7452
2876,14.8,22.0,0.0,4.5578,4.5936
2877,14.8,30.0,0.0,4.7002,4.5682
2878,14.8,18.0,0.0,4.4106,4.4913
2879,13.7,17.0,0.0,4.0777,4.6257
2880,13.8,24.0,0.0,4.2546,4.5398
2881,16.2,25.0,0.0,4.9386,4.5646
2882,12.1,16.0,0.0,3.8081,4.4886
2883,14.3,19.0,0.0,4.3619,4.6726
2884,16.3,28.0,0.0,5.13,4.556
2885,15.0,28.0,0.0,4.7621,4.487
2886,16.2,25.0,0.0,4.8873,4.5071
2887,15.3,23.0,0.0,4.8089,4.4663
2888,14.2,22.0,0.0,4.306,4.669
2889,16.9,27.0,0.0,5.3108,4.632
2890,15.3,23.0,0.0,4.5814,4.6832
2891,19.6,33.0,0.0,5.7961,4.8838
2892,14.9,22.0,0.0,4.4967,4.6656
2893,16.4,24.0,0.0,4.8676,4.8316
2894,14.6,26.0,0.0,4.47,4.5768
2895,12.7,15.0,0.0,3.6826,4.4994
2896,12.5,25.0,0.0,4.043,4.6021
2897,13.8,23.0,0.0,4.3391,4.6402
2898,15.2,23.0,0.0,4.4732,4.6441
2899,19.6,30.0,0.0,6.2182,4.7798
2900,13.3,25.0,0.0,4.2298,4.5968
2901,16.6,23.0,0.0,5.0772,4.7188
2902,14.7,24.0,0.0,4.5541,4.7494
2903,14.8,28.0,0.0,4.5527,4.8096
2904,14.7,27.0,0.0,4.6626,4.6946
2905,11.5,19.0,0.0,3.5186,4.5761
2906,11.1,20.0,0.0,3.5216,4.4831
2907,13.6,22.0,0.0,4.263,4.5619
2908,12.1,28.0,0.0,3.8895,4.5578
2909,11.2,16.0,0.0,3.4394,4.462
2910,16.2,26.0,0.0,4.9521,4.438
2911,12.8,21.0,0.0,3.9596,4.6707
2912,12.9,15.0,0.0,4.0942,4.5607
2913,14.2,20.0,0.0,4.2471,4.55
2914,14.6,17.0,0.0,4.5198,4.5617
2915,14.2,28.0,0.0,4.5106,4.419
2916,12.8,21.0,0.0,3.9397,4.6088
2917,16.7,19.0,0.0,5.0471,4.6675
2918,17.4,40.0,0.0,5.6166,4.656
2919,16.6,29.0,0.0,4.9745,4.6358
2920,14.9,22.0,0.0,4.5288,4.6193
2921,14.4,28.0,0.0,4.5459,4.731
2922,13.2,17.0,0.0,4.1653,4.7179
2923,13.5,18.0,0.0,4.1195,4.4676
2924,19.1,32.0,0.0,5.921,4.8202
2925,12.4,17.0,0.0,3.734,4.4681
2926,10.6,14.0,0.0,3.3421,4.4526
2927,15.3,24.0,0.0,4.5849,4.4877
2928,15.1,22.0,0.0,4.7487,4.6878
2929,15.0,21.0,0.0,4.6899,4.6864
2930,13.2,19.0,0.0,4.0344,4.6471
2931,12.7,18.0,0.0,3.9372,4.5209
2932,18.1,26.0,0.0,5.3147,4.7678
2933,16.6,28.0,0.0,5.1157,4.7349
2934,14.3,31.0,0.0,4.6156,4.6721
2935,14.5,22.0,0.0,4.4349,4.6588
2936,15.1,23.0,0.0,4.6336,4.6929
2937,10.8,17.0,0.0,3.3977,4.6319
2938,13.4,17.0,0.0,4.0437,4.668
2939,14.5,23.0,0.0,4.553,4.7179
2940,15.7,23.0,0.0,4.9284,4.7891
2941,10.8,13.0,0.0,3.2579,4.5099
2942,11.6,18.0,0.0,3.4655,4.2975
2943,12.3,20.0,0.0,3.7955,4.2867
2944,11.9,18.0,0.0,3.8181,4.3555
2945,12.0,21.0,0.0,3.8208,4.2434
2946,13.8,22.0,0.0,4.4377,4.4864
2947,12.9,20.0,0.0,3.8982,4.431
2948,14.6,25.0,0.0,4.7229,4.605
2949,12.4,17.0,0.0,3.8342,4.4345
2950,15.2,21.0,0.0,4.5433,4.5862
2951,16.3,19.0,0.0,5.0975,4.6847
2952,13.7,17.0,0.0,4.1482,4.6444
2953,12.9,17.0,0.0,3.7868,4.5204
2954,12.9,16.0,0.0,3.9927,4.5001
2955,15.5,21.0,0.0,4.6141,4.4588
2956,15.3,23.0,0.0,4.7335,4.5445
2957,11.6,17.0,0.0,3.6173,4.2443
2958,13.4,17.0,0.0,4.0351,4.3563
2959,13.6,20.0,0.0,4.1914,4.4288
2960,14.9,26.0,0.0,4.5919,4.4724
2961,13.2,19.0,0.0,4.1321,4.4506
2962,16.5,27.0,0.0,5.1011,4.5977
2963,14.3,21.0,0.0,4.3161,4.4756
2964,19.2,26.0,0.0,5.6919,4.7704
2965,18.4,33.0,0.0,5.7037,4.5309
2966,16.7,33.0,0.0,5.1646,4.7776
2967,13.0,18.0,0.0,3.8176,4.4923
2968,15.8,20.0,0.0,4.7801,4.5874
2969,15.3,30.0,0.0,4.9927,4.6474
2970,11.1,18.0,0.0,3.3567,4.4253
2971,14.2,19.0,0.0,4.4474,4.5641
2972,12.9,19.0,0.0,3.9736,4.6208
2973,16.7,31.0,0.0,5.2239,4.6513
2974,14.0,22.0,0.0,4.3855,4.6274
2975,17.4,28.0,0.0,5.2961,4.7117
2976,15.5,23.0,0.0,4.6587,4.7693
2977,15.0,22.0,0.0,4.5406,4.6955
2978,10.7,18.0,0.0,3.278,4.9046
2979,13.5,20.0,0.0,4.1929,4.7782
2980,17.2,27.0,0.0,5.0926,4.6325
2981,11.3,20.0,0.0,3.4862,4.4477
2982,15.3,23.0,0.0,4.7787,4.6474
2983,13.8,24.0,0.0,4.3116,4.6243
2984,15.2,36.0,0.0,5.0941,4.6787
2985,16.1,30.0,0.0,5.1381,4.5627
2986,12.4,24.0,0.0,3.8024,4.4947
2987,15.3,27.0,0.0,4.7161,4.7493
2988,11.1,21.0,0.0,3.4763,4.6599
2989,15.1,19.0,0.0,4.4808,4.6663
2990,12.8,25.0,0.0,3.966,4.5604
2991,11.9,18.0,0.0,3.6002,4.5339
2992,11.8,22.0,0.0,3.8307,4.6626
2993,15.6,24.0,0.0,4.731,4.6967
2994,20.2,31.0,0.0,6.3272,4.741
2995,12.6,19.0,0.0,3.9492,4.5712
2996,13.0,20.0,0.0,3.9708,4.5689
2997,12.4,21.0,0.0,3.8371,4.549
2998,17.4,40.0,0.0,5.8487,4.6704
2999,14.1,23.0,0.0,4.2512,4.6975
3000,13.7,23.0,0.0,4.3074,4.5544
3001,11.9,21.0,0.0,3.7744,4.4947
3002,14.2,24.0,0.0,4.4077,4.6152
3003,12.6,20.0,0.0,4.0937,4.6269
3004,13.3,23.0,0.0,4.0754,4.487
3005,10.6,17.0,0.0,3.2913,4.5392
3006,12.5,19.0,0.0,3.8995,4.663
3007,14.7,25.0,0.0,4.5539,4.9836
3008,15.3,20.0,0.0,4.6193,4.6665
3009,14.8,20.0,0.0,4.5137,4.7942
3010,15.7,21.0,0.0,4.702,4.8175
3011,15.4,23.0,0.0,4.6545,4.6062
3012,13.7,18.0,0.0,4.0986,4.4691
3013,15.1,20.0,0.0,4.8528,4.7713
3014,13.4,24.0,0.0,4.128,4.6385
3015,13.8,25.0,0.0,4.3232,4.72
3016,12.8,23.0,0.0,4.0137,4.4673
3017,12.5,21.0,0.0,3.9892,4.4549
3018,12.5,19.0,0.0,3.8071,4.424
3019,11.1,14.0,0.0,3.4333,4.5446
3020,12.5,19.0,0.0,3.901,4.7083
3021,14.4,22.0,0.0,4.3323,4.9239
3022,12.5,17.0,0.0,3.5998,4.9479
3023,13.4,15.0,0.0,4.1628,4.7854
3024,11.9,18.0,0.0,3.5797,4.7271
3025,18.2,31.0,0.0,5.6957,5.2663
3026,16.6,23.0,0.0,5.011,5.5216
3027,17.7,26.0,0.0,5.2094,5.1666
3028,15.6,32.0,0.0,4.7959,4.7864
3029,13.7,18.0,0.0,4.1119,4.6471
3030,14.9,23.0,0.0,4.5891,4.562
3031,17.0,35.0,0.0,5.3914,4.5803
3032,10.8,14.0,0.0,3.3322,4.6217
3033,19.6,38.0,0.0,6.2,4.8062
3034,15.1,19.0,0.0,4.4733,4.9189
3035,19.2,39.0,0.0,6.0011,5.1313
3036,14.1,20.0,0.0,4.1315,4.827
3037,9.2,16.0,0.0,2.8724,4.3476
3038,13.7,23.0,0.0,4.2244,4.7245
3039,16.4,24.0,0.0,5.1316,5.0176
3040,15.4,29.0,0.0,4.7591,4.7909
3041,16.1,25.0,0.0,5.0229,4.9437
3042,15.9,20.0,0.0,4.8006,4.9533
3043,16.3,25.0,0.0,5.105,4.8494
3044,19.0,29.0,0.0,5.7255,4.9359
3045,15.0,20.0,0.0,4.7595,4.6689
3046,12.7,21.0,0.0,4.0076,4.6012
3047,14.1,22.0,0.0,4.4382,4.8844
3048,14.5,24.0,0.0,4.538,4.9046
3049,10.4,20.0,0.0,3.2446,4.9247
3050,14.7,23.0,0.0,4.7843,4.8843
3051,17.2,37.0,0.0,5.6309,4.9167
3052,12.3,17.0,0.0,3.7175,4.7621
3053,14.9,20.0,0.0,4.4691,4.7419
3054,17.7,27.0,0.0,5.4203,4.8522
3055,12.3,17.0,0.0,3.751,4.6718
3056,11.8,24.0,0.0,3.7726,4.4405
3057,13.5,17.0,0.0,4.2685,4.5771
3058,14.6,27.0,0.0,4.6511,4.5302
3059,16.1,23.0,0.0,4.7526,4.63
3060,16.8,21.0,0.0,5.1674,4.5775
3061,12.4,18.0,0.0,3.7706,4.49
3062,13.4,18.0,0.0,4.3085,4.5643
3063,17.1,28.0,0.0,5.2758,4.47
3064,13.1,21.0,0.0,4.1881,4.4157
3065,12.3,15.0,0.0,3.8817,4.5496
3066,15.8,22.0,0.0,4.8049,4.517
3067,15.2,26.0,0.0,4.6615,4.5942
3068,16.0,24.0,0.0,4.6351,4.6098
3069,14.5,23.0,0.0,4.4768,4.5558
3070,14.9,19.0,0.0,4.6808,4.6183
3071,13.1,22.0,0.0,4.1437,4.4231
3072,17.8,24.0,0.0,5.3728,4.7344
3073,13.6,22.0,0.0,4.2927,4.6506
3074,13.4,15.0,0.0,4.2532,4.7117
3075,14.8,25.0,0.0,4.6,4.5329
3076,14.0,17.0,0.0,4.3614,4.685
3077,12.8,17.0,0.0,3.8328,4.5585
3078,16.2,22.0,0.0,4.8133,4.6937
3079,16.2,25.0,0.0,4.9866,4.8587
3080,12.8,18.0,0.0,3.8437,4.7049
3081,16.0,22.0,0.0,4.9146,4.5769
3082,14.9,27.0,0.0,4.5879,4.4709
3083,14.4,22.0,0.0,4.4879,4.6122
3084,15.3,19.0,0.0,4.53,4.6021
3085,13.8,28.0,0.0,4.3887,4.5854
3086,17.6,25.0,0.0,5.3419,4.8103
3087,10.5,18.0,0.0,3.4264,4.4775
3088,16.3,22.0,0.0,4.8503,4.6
3089,12.9,17.0,0.0,3.9766,4.6686
3090,14.1,26.0,0.0,4.2538,4.5492
3091,13.6,21.0,0.0,4.1957,4.4707
3092,17.2,23.0,0.0,5.0972,4.7987
3093,13.8,19.0,0.0,4.177,4.6244
3094,12.0,18.0,0.0,3.6038,4.3759
3095,16.5,26.0,0.0,5.0287,4.6495
3096,14.9,20.0,0.0,4.5464,4.5948
3097,14.6,31.0,0.0,4.5627,4.544
3098,10.9,15.0,0.0,3.3178,4.3554
3099,14.4,32.0,0.0,4.6891,4.4394
3100,17.1,22.0,0.0,5.2985,4.8789
3101,13.7,18.0,0.0,4.0593,4.824
3102,13.0,21.0,0.0,3.9087,4.5162
3103,18.7,42.0,0.0,6.031,4.8166
3104,15.2,35.0,0.0,4.8464,4.6533
3105,13.1,20.0,0.0,4.1954,4.6503
3106,11.4,18.0,0.0,3.4388,4.5119
3107,12.9,22.0,0.0,3.8527,4.5808
3108,14.9,22.0,0.0,4.6409,4.8874
3109,14.5,21.0,0.0,4.4963,4.8883
3110,16.0,21.0,0.0,4.8997,4.7962
3111,14.5,22.0,0.0,4.4179,4.7218
3112,13.3,21.0,0.0,4.0386,4.5196
3113,15.0,22.0,0.0,4.5177,4.6745
3114,11.6,14.0,0.0,3.5404,4.6691
3115,14.0,17.0,0.0,4.3003,4.7835
3116,15.4,25.0,0.0,4.8076,4.7905
3117,12.7,19.0,0.0,3.8912,4.5324
3118,12.0,16.0,0.0,3.6396,4.508
3119,17.7,27.0,0.0,5.3326,4.6899
3120,16.1,24.0,0.0,5.0446,4.591
3121,13.1,18.0,0.0,3.9291,4.5764
3122,12.8,17.0,0.0,3.979,4.6274
3123,12.4,17.0,0.0,3.7957,4.5447
3124,13.1,18.0,0.0,4.1872,4.488
3125,11.8,16.0,0.0,3.5707,4.5395
3126,13.1,16.0,0.0,4.0496,4.5348
3127,12.3,21.0,0.0,3.8897,4.5675
3128,15.0,20.0,0.0,4.5889,4.6905
3129,13.1,23.0,0.0,4.2033,4.4547
3130,13.8,21.0,0.0,4.2183,4.504
3131,14.8,21.0,0.0,4.5306,4.5303
3132,11.1,17.0,0.0,3.3889,4.4228
3133,13.0,21.0,0.0,4.0265,4.4592
3134,13.8,22.0,0.0,4.3232,4.3398
3135,15.3,20.0,0.0,4.5836,4.4612
3136,14.6,19.0,0.0,4.499,4.5417
3137,16.0,23.0,0.0,4.9252,4.8492
3138,14.3,26.0,0.0,4.3651,4.48
3139,12.3,16.0,0.0,3.8301,4.516
3140,10.3,13.0,0.0,3.0812,4.547
3141,12.7,16.0,0.0,4.0457,4.6362
3142,14.1,18.0,0.0,4.1974,4.6091
3143,12.0,18.0,0.0,3.7515,4.4775
3144,12.4,16.0,0.0,3.7802,4.6716
3145,15.2,22.0,0.0,4.6054,4.6927
3146,14.7,23.0,0.0,4.4984,4.7637
3147,13.9,19.0,0.0,4.1663,4.7335
3148,13.5,16.0,0.0,4.1888,4.8123
3149,15.9,24.0,0.0,4.8197,4.8912
3150,12.1,20.0,0.0,3.8522,4.6946
3151,16.2,27.0,0.0,4.906,4.9149
3152,12.9,18.0,0.0,3.9298,4.7199
3153,12.9,18.0,0.0,3.794,4.6925
3154,14.2,32.0,0.0,4.6837,4.6415
3155,11.8,16.0,0.0,3.6514,4.3417
3156,15.2,25.0,0.0,4.6308,4.4623
3157,15.8,21.0,0.0,4.6433,4.6627
3158,13.7,20.0,0.0,4.1946,4.4532
3159,14.2,25.0,0.0,4.4579,4.5507
3160,16.1,26.0,0.0,4.8807,4.6573
3161,14.5,20.0,0.0,4.4699,4.808
3162,13.0,19.0,0.0,4.0558,4.5646
3163,15.3,20.0,0.0,4.7971,4.681
3164,11.9,20.0,0.0,3.7949,4.5236
3165,12.6,17.0,0.0,3.9405,4.5441
3166,15.6,20.0,0.0,4.7787,4.6302
3167,13.8,28.0,0.0,4.5235,4.5815
3168,15.1,22.0,0.0,4.5285,4.5684
3169,11.2,16.0,0.0,3.4792,4.3985
3170,12.6,18.0,0.0,3.9336,4.5511
3171,12.6,20.0,0.0,3.8866,4.4677
3172,16.0,26.0,0.0,5.016,4.8959
3173,13.9,23.0,0.0,4.2917,4.5197
3174,14.0,22.0,0.0,4.225,4.7198
3175,15.6,20.0,0.0,4.7988,4.7731
3176,14.4,26.0,0.0,4.2602,4.749
3177,15.0,22.0,0.0,4.5945,4.6782
3178,14.2,23.0,0.0,4.1672,4.6997
3179,15.1,27.0,0.0,4.7,4.6266
3180,13.3,18.0,0.0,4.0009,4.6481
3181,16.1,31.0,0.0,5.165,4.7118
3182,15.1,26.0,0.0,4.7505,4.6055
3183,11.3,18.0,0.0,3.3055,4.4444
3184,14.8,22.0,0.0,4.5659,4.5977
3185,12.4,20.0,0.0,3.7693,4.3915
3186,14.9,32.0,0.0,4.8885,4.6154
3187,11.3,16.0,0.0,3.5338,4.393
3188,15.9,27.0,0.0,5.146,4.4368
3189,15.5,27.0,0.0,4.8047,4.5262
3190,12.7,17.0,0.0,3.8359,4.5456
3191,14.6,21.0,0.0,4.511,4.6558
3192,18.0,38.0,0.0,5.7596,4.6617
3193,13.7,19.0,0.0,4.0676,4.5559
3194,15.4,20.0,0.0,4.6634,4.5231
3195,11.1,24.0,0.0,3.6759,4.4093
3196,14.4,25.0,0.0,4.5118,4.5533
3197,11.4,22.0,0.0,3.6686,4.3391
3198,10.8,17.0,0.0,3.3444,4.4778
3199,13.9,21.0,0.0,4.382,4.4959
3200,15.3,41.0,0.0,5.2304,4.6712
3201,16.8,22.0,0.0,5.2309,4.7862
3202,13.6,22.0,0.0,4.2175,4.5187
3203,12.8,21.0,0.0,3.9591,4.5293
3204,10.4,16.0,0.0,3.1943,4.5351
3205,14.7,22.0,0.0,4.6955,4.5453
3206,12.7,22.0,0.0,3.8758,4.5741
3207,13.4,19.0,0.0,3.9331,4.5463
3208,12.3,17.0,0.0,3.9747,4.6768
3209,13.4,30.0,0.0,4.4762,4.5856
3210,14.0,22.0,0.0,4.2464,4.7341
3211,11.1,18.0,0.0,3.4231,4.6327
3212,15.0,28.0,0.0,4.788,4.7661
3213,12.9,20.0,0.0,3.8626,4.5676
3214,14.9,24.0,0.0,4.4886,4.6834
3215,14.5,23.0,0.0,4.4982,4.6869
3216,15.1,25.0,0.0,4.7046,4.6068
3217,18.0,43.0,0.0,6.1167,4.7039
3218,17.2,27.0,0.0,5.2659,4.8042
3219,15.4,19.0,0.0,4.5078,4.6131
3220,15.6,32.0,0.0,5.1704,4.5692
3221,14.8,17.0,0.0,4.5222,4.6911
3222,12.5,16.0,0.0,3.8691,4.5311
3223,13.9,19.0,0.0,4.2438,4.7591
3224,13.7,23.0,0.0,4.2202,4.6414
3225,18.9,25.0,0.0,5.812,4.7836
3226,15.5,30.0,0.0,4.7624,4.5469
3227,12.8,19.0,0.0,3.9747,4.6126
3228,14.8,30.0,0.0,4.7211,4.8996
3229,16.5,24.0,0.0,5.0629,4.9385
3230,16.2,22.0,0.0,4.7418,4.747
3231,15.4,29.0,0.0,4.8419,4.7817
3232,14.5,25.0,0.0,4.4215,4.6256
3233,10.5,16.0,0.0,3.2541,4.3841
3234,12.0,22.0,0.0,3.7128,4.4025
3235,12.2,16.0,0.0,3.6002,4.6154
3236,16.4,26.0,0.0,5.1839,4.6067
3237,17.6,28.0,0.0,5.2996,4.4445
3238,15.3,29.0,0.0,4.8885,4.6189
3239,17.6,45.0,0.0,5.8912,4.6116
3240,15.0,22.0,0.0,4.5899,4.6963
3241,13.6,24.0,0.0,4.2412,4.6706
3242,16.6,27.0,0.0,5.2253,4.8392
3243,15.0,23.0,0.0,4.6829,4.5898
3244,15.6,24.0,0.0,4.7676,4.6721
3245,14.8,22.0,0.0,4.5967,4.69
3246,12.6,17.0,0.0,3.8159,4.4596
3247,13.2,21.0,0.0,4.0265,4.7419
3248,13.8,21.0,0.0,4.3874,4.9186
3249,18.0,24.0,0.0,5.4727,4.7007
3250,14.6,20.0,0.0,4.4436,4.637
3251,13.4,23.0,0.0,4.2614,4.5584
3252,13.1,20.0,0.0,4.189,4.5758
3253,13.7,21.0,0.0,4.1866,4.4224
3254,15.6,26.0,0.0,4.85,4.6466
3255,14.5,24.0,0.0,4.5091,4.8486
3256,11.1,12.0,0.0,3.5425,4.7102
3257,14.7,22.0,0.0,4.4297,5.0526
3258,13.9,18.0,0.0,4.2366,4.6345
3259,12.6,19.0,0.0,3.9922,4.7023
3260,14.9,21.0,0.0,4.4804,4.568
3261,11.6,15.0,0.0,3.6118,4.5468
3262,11.2,22.0,0.0,3.466,4.3113
3263,13.0,16.0,0.0,3.9368,4.408
3264,14.3,23.0,0.0,4.3566,4.3398
3265,14.4,20.0,0.0,4.5204,4.4963
3266,11.3,23.0,0.0,3.6875,4.3022
3267,15.8,19.0,0.0,4.9121,4.46
3268,17.2,21.0,0.0,5.0833,4.7646
3269,12.7,20.0,0.0,3.9091,4.5454
3270,13.6,18.0,0.0,4.3282,4.6068
3271,18.1,29.0,0.0,5.4893,4.6063
3272,14.9,20.0,0.0,4.3751,4.5931
3273,15.3,23.0,0.0,4.7575,4.6146
3274,18.3,30.0,0.0,5.527,4.7432
3275,15.5,21.0,0.0,4.6507,4.6909
3276,17.4,29.0,0.0,5.6002,4.7467
3277,13.3,22.0,0.0,4.1648,4.5989
3278,13.8,19.0,0.0,4.1662,4.6026
3279,16.5,23.0,0.0,4.8609,4.7715
3280,16.9,34.0,0.0,5.3063,4.7492
3281,14.7,23.0,0.0,4.449,4.5663
3282,14.8,29.0,0.0,4.791,4.4874
3283,14.3,25.0,0.0,4.4991,4.4851
3284,14.2,27.0,0.0,4.4964,4.5822
3285,16.0,34.0,0.0,5.0992,4.5424
3286,15.7,29.0,0.0,4.9419,4.6751
3287,14.0,22.0,0.0,4.3679,4.8326
3288,15.9,24.0,0.0,4.75,4.5719
3289,10.5,17.0,0.0,3.1937,4.4895
3290,11.6,16.0,0.0,3.5224,4.6299
3291,13.2,19.0,0.0,3.9595,4.605
3292,15.8,21.0,0.0,4.6419,4.833
3293,16.7,22.0,0.0,5.1929,4.9938
3294,12.0,16.0,0.0,3.5171,4.5621
3295,14.6,22.0,0.0,4.3575,4.7495
3296,12.9,20.0,0.0,3.915,4.6031
3297,13.5,22.0,0.0,4.2461,4.5977
3298,14.3,18.0,0.0,4.2526,4.6379
3299,14.0,29.0,0.0,4.5032,4.6158
3300,16.1,25.0,0.0,4.9957,4.5132
3301,13.5,19.0,0.0,4.0482,4.552
3302,14.2,20.0,0.0,4.4278,4.6288
3303,13.8,21.0,0.0,4.302,4.5622
3304,12.6,21.0,0.0,3.8887,4.482
3305,12.2,22.0,0.0,3.8579,4.3616
3306,12.2,17.0,0.0,3.8892,4.5158
3307,12.9,23.0,0.0,4.0031,4.5713
3308,12.2,19.0,0.0,3.7563,4.5712
3309,16.0,23.0,0.0,4.9765,4.9421
3310,14.3,33.0,0.0,4.7139,4.4798
3311,14.0,22.0,0.0,4.2246,4.6357
3312,16.0,24.0,0.0,4.7534,4.6804
3313,14.6,29.0,0.0,4.7386,4.7409
3314,11.5,18.0,0.0,3.5797,4.6963
3315,12.3,19.0,0.0,4.0236,4.4755
3316,18.1,32.0,0.0,5.5672,4.4985
3317,11.8,24.0,0.0,3.8354,4.4826
3318,15.8,22.0,0.0,4.74,4.6089
3319,16.0,24.0,0.0,4.9849,4.7637
3320,11.9,14.0,0.0,3.6441,4.7656
3321,14.5,23.0,0.0,4.3359,4.755
3322,15.4,24.0,0.0,4.6631,4.865
3323,14.3,21.0,0.0,4.3683,4.4034
3324,16.4,20.0,0.0,4.8363,4.6333
3325,13.1,22.0,0.0,4.0286,4.7307
3326,14.5,20.0,0.0,4.4634,4.6983
3327,13.9,19.0,0.0,4.1988,4.7192
3328,15.1,21.0,0.0,4.579,4.7925
3329,17.8,22.0,0.0,5.1524,4.8411
3330,12.4,17.0,0.0,3.7364,5.1022
3331,12.8,17.0,0.0,3.9141,4.7578
3332,14.1,21.0,0.0,4.3763,4.7093
3333,14.0,20.0,0.0,4.2362,4.8647
3334,12.2,18.0,0.0,3.7329,4.6241
3335,21.5,33.0,0.0,6.377,4.7527
3336,16.8,22.0,0.0,5.0689,4.5509
3337,12.6,27.0,0.0,4.111,4.4709
3338,12.9,18.0,0.0,4.0331,4.4595
3339,14.8,18.0,0.0,4.5175,4.5702
3340,16.9,23.0,0.0,4.9917,4.6352
3341,13.7,17.0,0.0,4.0567,4.6388
3342,16.8,27.0,0.0,5.1701,4.5415
3343,12.1,16.0,0.0,3.6554,4.4591
3344,15.4,20.0,0.0,4.6075,4.464
3345,13.0,21.0,0.0,3.8705,4.5541
3346,13.3,25.0,0.0,4.1311,4.4358
3347,12.5,17.0,0.0,3.8141,4.5809
3348,14.3,24.0,0.0,4.4507,4.4819
3349,12.9,21.0,0.0,3.8892,4.4084
3350,11.8,18.0,0.0,3.6263,4.4779
3351,10.6,17.0,0.0,3.3421,4.4062
3352,12.5,34.0,0.0,4.3012,4.422
3353,16.3,39.0,0.0,5.3659,4.6984
3354,12.2,20.0,0.0,3.9024,4.347
3355,12.7,21.0,0.0,3.9832,4.436
3356,13.3,23.0,0.0,4.128,4.4032
3357,10.8,17.0,0.0,3.4892,4.3868
3358,11.3,16.0,0.0,3.4365,4.4809
3359,13.4,28.0,0.0,4.4009,4.5522
3360,12.5,28.0,0.0,4.154,4.415
3361,15.6,27.0,0.0,4.7939,4.5711
3362,10.6,18.0,0.0,3.4132,4.4674
3363,9.9,18.0,0.0,3.0842,4.4719
3364,12.9,19.0,0.0,3.8253,4.761
3365,14.0,26.0,0.0,4.3291,4.5512
3366,13.1,19.0,0.0,4.1379,4.5876
3367,11.7,17.0,0.0,3.5735,4.3497
3368,12.5,18.0,0.0,3.8582,4.5039
3369,11.9,24.0,0.0,3.9317,4.5442
3370,9.5,13.0,0.0,2.9033,4.3958
3371,16.1,25.0,0.0,5.0778,4.431
3372,11.7,20.0,0.0,3.7587,4.3105
3373,9.9,16.0,0.0,3.1752,4.5457
3374,12.4,20.0,0.0,3.9799,4.6933
3375,15.4,23.0,0.0,4.6807,4.6964
3376,13.8,20.0,0.0,4.3416,4.5508
3377,12.7,24.0,0.0,4.1493,4.6288
3378,13.7,27.0,0.0,4.4525,4.601
3379,16.0,26.0,0.0,4.9579,4.5911
3380,12.9,17.0,0.0,3.8942,4.5686
3381,16.1,22.0,0.0,4.8787,4.6983
3382,16.3,33.0,0.0,5.215,4.6768
3383,15.9,23.0,0.0,5.008,4.6071
3384,14.1,26.0,0.0,4.553,4.5447
3385,8.8,13.0,0.0,2.7286,4.4659
3386,14.2,25.0,0.0,4.4822,4.4201
3387,13.2,19.0,0.0,3.9408,4.5231
3388,15.7,31.0,0.0,5.1323,4.4658
3389,13.3,17.0,0.0,4.0492,4.5199
3390,11.2,19.0,0.0,3.3258,4.5761
3391,13.2,23.0,0.0,4.0568,4.7108
3392,12.9,15.0,0.0,4.0718,4.7342
3393,12.5,18.0,0.0,3.751,4.6295
3394,16.0,24.0,0.0,4.7081,5.0004
3395,16.0,30.0,0.0,5.0526,5.0806
3396,15.8,30.0,0.0,5.009,5.0265
3397,14.1,20.0,0.0,4.1354,4.9331
3398,13.9,22.0,0.0,4.3779,5.0911
3399,19.0,35.0,0.0,6.0603,4.8916
3400,15.3,25.0,0.0,4.6037,4.762
3401,15.8,24.0,0.0,4.9608,4.7921
3402,14.5,27.0,0.0,4.4651,4.9981
3403,14.5,18.0,0.0,4.3637,4.6973
3404,13.4,28.0,0.0,4.2404,4.6423
3405,11.4,18.0,0.0,3.5063,4.5953
3406,13.6,22.0,0.0,4.1624,4.4382
3407,12.9,18.0,0.0,3.8445,4.337
3408,12.3,21.0,0.0,3.7663,4.3115
3409,13.9,20.0,0.0,4.2686,4.4532
3410,11.1,13.0,0.0,3.497,4.334
3411,15.9,31.0,0.0,5.1022,4.4519
3412,15.5,22.0,0.0,4.7132,4.6484
3413,16.9,25.0,0.0,5.2192,4.7841
3414,14.6,21.0,0.0,4.5307,4.5157
3415,10.4,17.0,0.0,3.29,4.4784
3416,11.8,18.0,0.0,3.6919,4.479
3417,13.8,21.0,0.0,4.0661,4.5817
3418,11.7,18.0,0.0,3.5352,4.5338
3419,13.4,30.0,0.0,4.4122,4.5458
3420,14.4,22.0,0.0,4.5261,4.5717
3421,12.9,17.0,0.0,4.1243,4.5834
3422,16.7,36.0,0.0,5.2697,4.6391
3423,16.2,22.0,0.0,4.8296,4.7191
3424,14.4,23.0,0.0,4.3529,4.6391
3425,16.9,26.0,0.0,4.8676,4.6586
3426,16.1,26.0,0.0,4.9343,4.4745
3427,13.9,18.0,0.0,4.3826,4.5269
3428,14.6,18.0,0.0,4.2389,4.6276
3429,15.5,23.0,0.0,4.6328,4.6699
3430,11.2,15.0,0.0,3.3743,4.7749
3431,11.4,14.0,0.0,3.516,4.6835
3432,14.4,25.0,0.0,4.5609,4.6194
3433,13.5,21.0,0.0,4.0508,4.4033
3434,16.6,40.0,0.0,5.4565,4.4569
3435,11.9,24.0,0.0,3.7621,4.4544
3436,11.8,17.0,0.0,3.5301,4.3708
3437,13.9,19.0,0.0,4.2399,4.4295
3438,15.7,21.0,0.0,4.6589,4.6183
3439,12.9,24.0,0.0,4.0398,4.6021
3440,15.0,25.0,0.0,4.8556,4.5861
3441,14.3,32.0,0.0,4.5871,4.5464
3442,14.9,23.0,0.0,4.4766,4.7055
3443,15.7,22.0,0.0,4.805,4.6095
3444,16.3,27.0,0.0,5.114,4.6966
3445,13.8,21.0,0.0,4.3077,4.6072
3446,14.5,21.0,0.0,4.4589,4.4929
3447,12.8,18.0,0.0,3.8394,4.6949
3448,12.2,16.0,0.0,3.8419,4.5947
3449,17.4,32.0,0.0,5.508,4.81
3450,14.1,21.0,0.0,4.0554,4.6143
3451,18.3,33.0,0.0,5.6006,4.7812
3452,13.0,15.0,0.0,3.9958,4.624
3453,18.0,36.0,0.0,5.6248,4.7249
3454,13.1,20.0,0.0,4.0546,4.5223
3455,12.3,19.0,0.0,3.8791,4.3195
3456,14.0,21.0,0.0,4.2101,4.5167
3457,16.4,26.0,0.0,4.9833,4.6431
3458,18.6,30.0,0.0,5.7898,4.8338
3459,12.7,15.0,0.0,3.9097,4.7969
3460,11.7,18.0,0.0,3.5452,4.3877
3461,14.1,18.0,0.0,4.2038,4.4907
3462,16.0,22.0,0.0,4.9435,4.7656
3463,15.7,29.0,0.0,4.8395,4.5636
3464,17.8,24.0,0.0,5.4015,4.7555
3465,14.2,25.0,0.0,4.5048,4.5679
3466,18.7,51.0,0.0,6.4172,4.9046
3467,12.5,16.0,0.0,3.7505,4.6593
3468,13.9,21.0,0.0,4.3275,4.6842
3469,14.6,24.0,0.0,4.4184,4.494
3470,12.3,16.0,0.0,4.0092,4.5612
3471,14.7,24.0,0.0,4.5341,4.5841
3472,14.8,23.0,0.0,4.5071,4.5681
3473,13.7,18.0,0.0,4.1722,4.6872
3474,13.9,25.0,0.0,4.3506,4.5475
3475,14.2,18.0,0.0,4.3437,4.7783
3476,15.9,20.0,0.0,4.8058,4.7727
3477,15.1,24.0,0.0,4.5568,4.693
3478,14.6,21.0,0.0,4.4525,4.6283
3479,15.8,22.0,0.0,4.7384,4.742
3480,15.5,21.0,0.0,4.572,4.4951
3481,11.6,15.0,0.0,3.7024,4.5575
3482,17.2,25.0,0.0,5.0085,4.7121
3483,17.0,21.0,0.0,5.2549,4.728
3484,15.7,23.0,0.0,4.7887,4.4551
3485,12.4,17.0,0.0,3.8834,4.5516
3486,12.7,27.0,0.0,4.1638,4.5192
3487,11.2,20.0,0.0,3.4643,4.4638
3488,13.5,20.0,0.0,4.1902,4.5268
3489,15.2,21.0,0.0,4.6784,4.6391
3490,12.1,22.0,0.0,3.7587,4.6124
3491,16.1,27.0,0.0,5.0725,4.5418
3492,14.2,28.0,0.0,4.5266,4.6477
3493,13.8,25.0,0.0,4.4746,4.4071
3494,13.4,21.0,0.0,4.1386,4.4284
3495,14.5,21.0,0.0,4.4606,4.6581
3496,15.3,28.0,0.0,4.7342,4.6234
3497,13.9,28.0,0.0,4.4736,4.5564
3498,12.9,19.0,0.0,3.8107,4.5144
3499,15.2,26.0,0.0,4.7791,4.6168
3500,15.8,28.0,0.0,4.901,4.574
3501,13.5,18.0,0.0,4.0435,4.6501
3502,15.5,23.0,0.0,4.7238,4.598
3503,14.8,28.0,0.0,4.5674,4.5158
3504,16.1,26.0,0.0,5.0925,4.5638
3505,16.0,23.0,0.0,4.9386,4.5908
3506,13.4,24.0,0.0,4.2298,4.5756
3507,15.6,23.0,0.0,4.8137,4.5973
3508,11.8,19.0,0.0,3.7632,4.4562
3509,14.7,24.0,0.0,4.6554,4.4505
3510,16.6,24.0,0.0,5.0384,4.3707
3511,13.3,23.0,0.0,4.2831,4.3987
3512,17.0,24.0,0.0,5.3323,4.5437
3513,12.9,30.0,0.0,4.2696,4.3578
3514,10.9,19.0,0.0,3.4449,4.2134
3515,12.3,17.0,0.0,3.7567,4.3395
3516,13.3,20.0,0.0,3.9821,4.4381
3517,10.5,15.0,0.0,3.2938,4.4856
3518,6.9,17.0,0.0,2.3259,4.1086
3519,13.3,23.0,0.0,4.1038,4.3646
3520,12.9,18.0,0.0,3.8246,4.4493
3521,12.5,21.0,0.0,3.9375,4.3819
3522,12.0,20.0,0.0,3.8572,4.4731
3523,12.1,19.0,0.0,3.8619,4.3936
3524,13.2,18.0,0.0,3.9241,4.4433
3525,15.3,25.0,0.0,4.8009,4.5395
3526,15.2,30.0,0.0,4.7128,4.6043
3527,12.2,22.0,0.0,3.7696,4.4661
3528,15.7,26.0,0.0,4.8773,4.6175
3529,14.2,26.0,0.0,4.4306,4.4789
3530,13.0,22.0,0.0,3.9671,4.533
3531,12.1,20.0,0.0,3.6674,4.5794
3532,11.0,16.0,0.0,3.3583,4.3374
3533,14.8,23.0,0.0,4.6151,4.6091
3534,14.1,22.0,0.0,4.1914,4.4124
3535,12.3,17.0,0.0,3.7483,4.5474
3536,15.6,21.0,0.0,4.6952,4.5357
3537,16.0,21.0,0.0,4.8908,4.4696
3538,12.9,16.0,0.0,3.9522,4.5862
3539,12.0,27.0,0.0,3.8558,4.3884
3540,15.3,24.0,0.0,4.6744,4.7763
3541,15.1,21.0,0.0,4.671,4.6743
3542,15.3,20.0,0.0,4.5796,4.5841
3543,14.1,18.0,0.0,4.2916,4.4746
3544,13.7,22.0,0.0,4.2294,4.4928
3545,14.1,21.0,0.0,4.3025,4.5795
3546,14.0,19.0,0.0,4.285,4.5523
3547,16.6,24.0,0.0,5.0821,4.9153
3548,17.6,35.0,0.0,5.5564,4.6472
3549,16.2,27.0,0.0,5.1096,4.7385
3550,15.2,22.0,0.0,4.5362,4.7696
3551,13.7,25.0,0.0,4.2071,4.5222
3552,15.6,41.0,0.0,5.149,4.8082
3553,11.8,15.0,0.0,3.7377,4.433
3554,13.5,21.0,0.0,4.0375,4.6983
3555,10.8,21.0,0.0,3.2753,4.5128
3556,12.4,15.0,0.0,3.7328,4.6093
3557,12.8,32.0,0.0,4.452,4.5734
3558,16.1,27.0,0.0,4.9883,4.6084
3559,14.4,22.0,0.0,4.6154,4.4551
3560,14.1,26.0,0.0,4.3749,4.4074
3561,11.7,19.0,0.0,3.5779,4.3435
3562,14.0,21.0,0.0,4.2532,4.6554
3563,15.2,21.0,0.0,4.6188,4.5334
3564,17.1,31.0,0.0,5.2472,4.4988
3565,15.1,22.0,0.0,4.4652,4.4438
3566,11.1,14.0,0.0,3.5917,4.4795
3567,14.9,21.0,0.0,4.4552,4.5279
3568,13.2,19.0,0.0,3.9601,4.464
3569,12.0,17.0,0.0,3.6534,4.3843
3570,16.9,25.0,0.0,5.114,4.5974
3571,13.7,33.0,0.0,4.5627,4.4684
3572,11.9,15.0,0.0,3.7392,4.4163
3573,12.6,18.0,0.0,3.8326,4.391
3574,11.8,16.0,0.0,3.5409,4.4649
3575,17.0,37.0,0.0,5.7908,4.5584
3576,13.9,19.0,0.0,4.2366,4.4781
3577,13.0,19.0,0.0,3.9113,4.5761
3578,13.0,27.0,0.0,4.1812,4.6391
3579,15.9,25.0,0.0,4.9044,4.6188
3580,14.6,22.0,0.0,4.4858,4.593
3581,13.0,24.0,0.0,4.3034,4.5507
3582,17.1,30.0,0.0,5.4125,4.6558
3583,14.9,22.0,0.0,4.4643,4.5841
3584,15.1,23.0,0.0,4.6994,4.7406
3585,15.4,27.0,0.0,4.8929,4.3818
3586,13.7,20.0,0.0,4.1604,4.4513
3587,13.5,20.0,0.0,4.1029,4.7537
3588,12.9,15.0,0.0,4.0066,4.7476
3589,13.5,16.0,0.0,4.1602,4.6824
3590,15.0,28.0,0.0,4.9639,4.7122
3591,19.5,33.0,0.0,5.8856,4.8443
3592,13.8,19.0,0.0,4.1015,4.6851
3593,12.9,24.0,0.0,4.0259,4.6308
3594,11.5,20.0,0.0,3.5699,4.4605
3595,15.1,28.0,0.0,4.7188,4.6661
3596,12.8,33.0,0.0,4.3463,4.5771
3597,15.0,26.0,0.0,4.7055,4.5882
3598,13.6,20.0,0.0,4.1361,4.6428
3599,15.0,20.0,0.0,4.4492,4.65
3600,14.3,25.0,0.0,4.5884,4.61
3601,17.6,28.0,0.0,5.3592,4.8005
3602,14.8,20.0,0.0,4.6857,4.6604
3603,12.1,17.0,0.0,3.6888,4.6904
3604,12.3,16.0,0.0,3.6649,4.8251
3605,14.7,21.0,0.0,4.3674,4.7646
3606,18.0,26.0,0.0,5.6878,4.7344
3607,12.4,27.0,0.0,3.923,4.4577
3608,16.1,28.0,0.0,4.9785,4.6629
3609,10.0,15.0,0.0,2.9424,4.5042
3610,11.6,17.0,0.0,3.6184,4.5194
3611,14.1,32.0,0.0,4.6729,4.5508
3612,15.7,22.0,0.0,4.971,4.6443
3613,16.7,24.0,0.0,5.0078,4.6821
3614,13.0,17.0,0.0,3.8855,4.6528
3615,16.2,23.0,0.0,5.0471,4.6272
3616,12.6,17.0,0.0,3.8447,4.4187
3617,13.8,20.0,0.0,4.1143,4.5342
3618,16.0,29.0,0.0,5.0054,4.6408
3619,14.0,21.0,0.0,4.2585,4.5194
3620,14.6,21.0,0.0,4.5159,4.5237
3621,14.3,20.0,0.0,4.2904,4.6515
3622,12.2,17.0,0.0,3.6425,4.7344
3623,15.7,27.0,0.0,4.8545,4.4977
3624,15.5,20.0,0.0,4.4895,4.6477
3625,10.6,19.0,0.0,3.267,4.4841
3626,13.1,16.0,0.0,4.0413,4.7098
3627,13.9,19.0,0.0,4.3433,4.6306
3628,15.9,25.0,0.0,5.1219,4.6229
3629,14.4,34.0,0.0,4.7566,4.703
3630,14.2,21.0,0.0,4.3543,4.5598
3631,17.4,25.0,0.0,5.4381,4.7684
3632,14.1,20.0,0.0,4.2734,4.4776
3633,13.5,16.0,0.0,4.0788,4.7703
3634,13.6,24.0,0.0,4.3041,4.5329
3635,16.5,25.0,0.0,5.0582,4.5685
3636,15.4,27.0,0.0,4.7317,4.6057
3637,11.7,18.0,0.0,3.6698,4.4752
3638,15.3,27.0,0.0,4.791,4.6028
3639,15.1,22.0,0.0,4.4567,4.7895
3640,12.3,18.0,0.0,3.6417,4.6855
3641,12.5,22.0,0.0,3.938,4.483
3642,14.7,22.0,0.0,4.4477,4.4732
3643,15.0,24.0,0.0,4.7759,4.587
3644,16.3,43.0,0.0,5.5481,4.396
3645,12.8,18.0,0.0,3.8642,4.459
3646,13.8,28.0,0.0,4.4652,4.4194
3647,13.2,17.0,0.0,3.8862,4.6791
3648,13.3,26.0,0.0,4.2615,4.5389
3649,11.5,17.0,0.0,3.5916,4.6258
3650,12.7,20.0,0.0,3.9506,4.5246
3651,13.7,24.0,0.0,4.3842,4.5798
3652,13.9,15.0,0.0,4.4025,4.6548
3653,10.3,17.0,0.0,3.0953,4.5426
3654,18.3,26.0,0.0,5.5438,4.6632
3655,11.6,25.0,0.0,3.6897,4.2581
3656,12.1,18.0,0.0,3.7799,4.3854
3657,12.4,22.0,0.0,3.9759,4.4376
3658,14.1,19.0,0.0,4.4358,4.638
3659,18.3,31.0,0.0,5.6404,4.7277
3660,15.8,30.0,0.0,5.0863,4.5149
3661,12.4,19.0,0.0,3.853,4.5441
3662,12.5,17.0,0.0,3.8211,4.6051
3663,17.0,26.0,0.0,5.2064,4.722
3664,13.2,25.0,0.0,4.2043,4.5863
3665,14.8,19.0,0.0,4.4237,4.5046
3666,10.6,13.0,0.0,3.3645,4.4135
3667,10.2,14.0,0.0,3.4062,4.7064
3668,14.7,22.0,0.0,4.3093,4.708
3669,15.5,26.0,0.0,4.8319,4.4753
3670,12.6,18.0,0.0,3.9283,4.5228
3671,12.4,20.0,0.0,3.8249,4.4633
3672,15.7,22.0,0.0,4.7756,4.7737
3673,13.4,20.0,0.0,4.1104,4.6734
3674,13.2,32.0,0.0,4.4197,4.7593
3675,13.9,24.0,0.0,4.3975,4.4732
3676,15.1,20.0,0.0,4.5219,4.6731
3677,16.1,21.0,0.0,4.7497,4.5956
3678,16.1,21.0,0.0,4.9122,4.5414
3679,16.7,25.0,0.0,5.1647,4.7678
3680,13.6,22.0,0.0,4.2373,4.5564
3681,11.8,17.0,0.0,3.7243,4.5078
3682,16.1,25.0,0.0,4.8444,4.6878
3683,12.6,22.0,0.0,3.8126,4.4873
3684,12.4,20.0,0.0,3.9806,4.7945
3685,13.8,22.0,0.0,4.3963,4.8317
3686,15.9,26.0,0.0,4.9592,4.7743
3687,13.8,40.0,0.0,4.9729,4.6091
3688,15.1,19.0,0.0,4.6622,5.1205
3689,10.9,22.0,0.0,3.3316,4.596
3690,13.7,25.0,0.0,4.2626,4.9991
3691,13.8,18.0,0.0,4.1561,4.6856
3692,17.3,22.0,0.0,5.1109,4.6899
3693,16.7,42.0,0.0,5.6178,4.8493
3694,15.0,23.0,0.0,4.6966,4.5977
3695,14.0,25.0,0.0,4.3861,4.4432
3696,17.3,30.0,0.0,5.4748,4.5366
3697,15.4,22.0,0.0,4.733,4.5344
3698,11.9,14.0,0.0,3.6172,4.6537
3699,11.4,19.0,0.0,3.4652,4.7252
3700,16.0,25.0,0.0,4.8438,4.8122
3701,14.8,24.0,0.0,4.5324,4.6659
3702,14.5,20.0,0.0,4.3895,4.5327
3703,15.5,26.0,0.0,4.7606,4.6311
3704,15.6,30.0,0.0,4.7459,4.742
3705,11.9,18.0,0.0,3.6552,4.6008
3706,15.9,21.0,0.0,4.7671,4.7229
3707,14.8,24.0,0.0,4.6175,4.7013
3708,18.1,27.0,0.0,5.3301,4.833
3709,14.3,26.0,0.0,4.3932,4.8509
3710,10.2,16.0,0.0,3.1442,4.5885
3711,15.5,23.0,0.0,4.5366,4.8211
3712,11.4,22.0,0.0,3.6754,4.5601
3713,14.2,21.0,0.0,4.1521,4.7623
3714,15.2,30.0,0.0,4.8607,4.8075
3715,14.6,27.0,0.0,4.4769,4.7457
3716,12.2,17.0,0.0,3.9,4.6271
3717,17.0,32.0,0.0,5.3461,4.753
3718,14.4,19.0,0.0,4.2943,4.4261
3719,14.1,20.0,0.0,4.2769,4.4073
3720,12.3,26.0,0.0,3.9582,4.5092
3721,14.8,28.0,0.0,4.5563,4.769
3722,11.0,15.0,0.0,3.4172,4.5754
3723,13.2,30.0,0.0,4.3598,4.4041
3724,12.7,24.0,0.0,4.04,4.5756
3725,13.8,23.0,0.0,4.2107,4.4847
3726,11.9,19.0,0.0,3.7205,4.4138
3727,11.6,18.0,0.0,3.6232,4.2747
3728,15.6,22.0,0.0,4.8052,4.4212
3729,14.7,17.0,0.0,4.1509,4.4952
3730,15.8,21.0,0.0,4.7104,4.4547
3731,18.0,31.0,0.0,5.6795,4.6217
3732,14.5,30.0,0.0,4.6505,4.5524
3733,12.4,30.0,0.0,4.1995,4.5029
3734,12.7,17.0,0.0,3.8167,4.4862
3735,18.9,26.0,0.0,5.8041,4.7745
3736,14.0,23.0,0.0,4.3266,4.587
3737,11.8,25.0,0.0,3.798,4.4852
3738,17.3,24.0,0.0,5.1174,4.7601
3739,14.9,22.0,0.0,4.6906,4.7059
3740,14.4,19.0,0.0,4.3343,4.7124
3741,12.9,21.0,0.0,3.9688,4.6755
3742,13.8,19.0,0.0,4.1071,4.6147
3743,13.4,20.0,0.0,4.0768,4.5384
3744,13.8,21.0,0.0,4.3186,4.5475
3745,15.2,27.0,0.0,4.6053,4.6577
3746,12.9,18.0,0.0,3.9192,4.5215
3747,17.0,25.0,0.0,5.2468,4.7217
3748,15.1,22.0,0.0,4.8084,4.4855
3749,12.4,21.0,0.0,3.8136,4.5591
3750,21.4,38.0,0.0,6.6916,4.7727
3751,14.1,19.0,0.0,4.2752,4.6439
3752,14.5,20.0,0.0,4.3608,4.4606
3753,12.3,24.0,0.0,3.7895,4.2629
3754,12.3,16.0,0.0,3.8626,4.3684
3755,11.7,17.0,0.0,3.5333,4.4056
3756,12.0,21.0,0.0,3.8815,4.4177
3757,13.7,19.0,0.0,4.278,4.4344
3758,13.0,21.0,0.0,4.1049,4.4433
3759,16.8,25.0,0.0,5.141,4.5742
3760,14.3,26.0,0.0,4.5574,4.512
3761,13.2,30.0,0.0,4.3321,4.7664
3762,13.4,17.0,0.0,3.9183,4.6342
3763,11.8,21.0,0.0,3.6834,4.2724
3764,11.2,15.0,0.0,3.3384,4.4572
3765,14.3,22.0,0.0,4.5309,4.4919
3766,16.7,27.0,0.0,5.1312,4.6861
3767,12.0,18.0,0.0,3.7456,4.3113
3768,12.2,21.0,0.0,3.8432,4.3135
3769,17.9,25.0,0.0,5.296,4.5662
3770,16.1,21.0,0.0,4.8811,4.6537
3771,15.3,33.0,0.0,4.921,4.5842
3772,13.9,21.0,0.0,4.2757,4.5358
3773,15.7,22.0,0.0,4.6785,4.7199
3774,10.2,19.0,0.0,3.3053,4.4948
3775,14.4,18.0,0.0,4.4057,4.68
3776,14.8,24.0,0.0,4.6841,4.5561
3777,12.9,19.0,0.0,3.9023,4.5887
3778,13.7,21.0,0.0,4.1944,4.4354
3779,12.3,17.0,0.0,3.8436,4.576
3780,16.0,24.0,0.0,4.915,4.4485
3781,10.9,15.0,0.0,3.2399,4.3947
3782,11.8,17.0,0.0,3.5889,4.3822
3783,13.4,23.0,0.0,4.1753,4.4109
3784,15.9,26.0,0.0,4.7942,4.4782
3785,12.8,18.0,0.0,3.8885,4.3802
3786,15.4,26.0,0.0,4.7504,4.5615
3787,14.5,26.0,0.0,4.4242,4.4682
3788,15.0,32.0,0.0,4.8283,4.4647
3789,12.5,23.0,0.0,3.9133,4.7103
3790,11.9,28.0,0.0,3.9695,4.311
3791,11.3,16.0,0.0,3.4117,4.2212
3792,10.5,22.0,0.0,3.4279,4.3341
3793,14.2,24.0,0.0,4.4849,4.4885
3794,18.1,33.0,0.0,5.6114,4.7596
3795,9.7,12.0,0.0,3.0706,4.6468
3796,20.0,33.0,0.0,6.0237,4.8044
3797,15.9,25.0,0.0,4.8725,4.5458
3798,14.8,29.0,0.0,4.8436,4.5391
3799,12.9,19.0,0.0,4.0142,4.4286
3800,9.7,14.0,0.0,3.0545,4.2994
3801,17.1,34.0,0.0,5.4481,4.7224
3802,14.3,18.0,0.0,4.3764,4.6116
3803,15.6,23.0,0.0,4.863,4.561
3804,13.9,20.0,0.0,4.2466,4.5804
3805,13.4,27.0,0.0,4.285,4.456
3806,11.8,27.0,0.0,3.8943,4.3618
3807,18.3,30.0,0.0,5.7597,4.7109
3808,13.5,20.0,0.0,4.0588,4.5896
3809,14.0,20.0,0.0,4.3425,4.6076
3810,14.8,22.0,0.0,4.4678,4.7132
3811,16.5,23.0,0.0,4.9709,4.7268
3812,13.7,21.0,0.0,4.1794,4.637
3813,11.4,16.0,0.0,3.3994,4.4178
3814,16.9,28.0,0.0,5.1697,4.4859
3815,14.9,24.0,0.0,4.6626,4.468
3816,14.4,19.0,0.0,4.3028,4.4868
3817,14.6,21.0,0.0,4.3965,4.6389
3818,13.9,24.0,0.0,4.3916,4.5509
3819,13.7,22.0,0.0,4.347,4.6833
3820,13.9,17.0,0.0,4.1299,4.5991
3821,12.7,16.0,0.0,3.889,4.6035
3822,15.0,23.0,0.0,4.5019,4.6491
3823,12.0,20.0,0.0,3.8388,4.4519
3824,18.9,29.0,0.0,6.049,4.7628
3825,18.5,28.0,0.0,5.7073,4.5205
3826,18.4,31.0,0.0,5.6687,4.7699
3827,15.6,23.0,0.0,4.8734,4.5933
3828,12.6,22.0,0.0,3.968,4.519
3829,12.5,19.0,0.0,3.8623,4.5712
3830,16.8,28.0,0.0,5.3019,4.5561
3831,14.6,20.0,0.0,4.4736,4.5827
3832,12.8,18.0,0.0,3.9316,4.6099
3833,16.1,23.0,0.0,4.7579,4.5597
3834,15.3,34.0,0.0,5.0144,4.5964
3835,17.4,28.0,0.0,5.3699,4.7447
3836,15.6,27.0,0.0,5.0067,4.4702
3837,17.2,30.0,0.0,5.1313,4.5452
3838,12.1,17.0,0.0,3.8432,4.6536
3839,12.8,16.0,0.0,3.943,4.5546
3840,16.2,25.0,0.0,4.7724,4.7737
3841,14.3,26.0,0.0,4.4359,4.7129
3842,16.6,22.0,0.0,5.1608,4.6825
3843,15.0,19.0,0.0,4.4841,4.747
3844,11.3,22.0,0.0,3.5256,4.487
3845,11.7,20.0,0.0,3.6395,4.4261
3846,13.0,20.0,0.0,4.1376,4.4793
3847,13.9,26.0,0.0,4.4333,4.3784
3848,15.5,23.0,0.0,4.6182,4.507
3849,14.6,23.0,0.0,4.6219,4.6461
3850,16.7,27.0,0.0,5.0818,4.7195
3851,12.6,18.0,0.0,3.9069,4.5119
3852,14.4,23.0,0.0,4.4241,4.5876
3853,17.0,26.0,0.0,5.283,4.6288
3854,13.7,23.0,0.0,4.1552,4.6902
3855,15.8,21.0,0.0,4.7913,4.7893
3856,14.4,21.0,0.0,4.3536,4.673
3857,13.2,19.0,0.0,4.2864,4.5769
3858,14.0,24.0,0.0,4.351,4.3557
3859,13.8,18.0,0.0,4.2475,4.6299
3860,16.8,32.0,0.0,5.1909,4.4719
3861,13.8,18.0,0.0,4.3073,4.5453
3862,14.8,19.0,0.0,4.6314,4.6739
3863,14.0,21.0,0.0,4.3943,4.5389
3864,13.4,24.0,0.0,4.2296,4.473
3865,14.7,24.0,0.0,4.564,4.4357
3866,12.8,22.0,0.0,4.0931,4.5234
3867,12.2,23.0,0.0,3.8711,4.4878
3868,11.5,17.0,0.0,3.4569,4.4115
3869,14.5,27.0,0.0,4.5146,4.4293
3870,15.5,23.0,0.0,4.7386,4.442
3871,12.3,14.0,0.0,3.892,4.3743
3872,17.7,26.0,0.0,5.3937,4.6938
3873,15.4,25.0,0.0,4.6799,4.4172
3874,12.1,16.0,0.0,3.5952,4.45
3875,14.5,20.0,0.0,4.3747,4.4359
3876,12.5,24.0,0.0,3.9295,4.4621
3877,16.1,22.0,0.0,4.8283,4.7322
3878,13.2,20.0,0.0,4.0489,4.6106
3879,18.5,38.0,0.0,5.7435,4.6363
3880,11.2,22.0,0.0,3.5203,4.4815
3881,14.3,20.0,0.0,4.4685,4.6562
3882,11.2,16.0,0.0,3.6295,4.5258
3883,14.3,26.0,0.0,4.4669,4.589
3884,13.4,20.0,0.0,3.9508,4.6229
3885,12.8,16.0,0.0,3.7744,4.6057
3886,12.1,19.0,0.0,3.7338,4.3303
3887,11.2,20.0,0.0,3.4525,4.4845
3888,15.1,27.0,0.0,4.8708,4.557
3889,13.4,34.0,0.0,4.6586,4.647
3890,17.8,31.0,0.0,5.6269,4.7089
3891,14.5,23.0,0.0,4.5261,4.4952
3892,14.3,20.0,0.0,4.3879,4.8308
3893,13.8,21.0,0.0,4.1209,4.4344
3894,13.3,19.0,0.0,4.168,4.5364
3895,12.5,19.0,0.0,3.7855,4.537
3896,14.1,20.0,0.0,4.354,4.5774
3897,14.7,19.0,0.0,4.3081,4.6852
3898,13.2,24.0,0.0,4.1916,4.6463
3899,13.8,20.0,0.0,4.2892,4.5029
3900,15.2,21.0,0.0,4.733,4.4949
3901,11.4,16.0,0.0,3.4612,4.4949
3902,15.2,20.0,0.0,4.7082,4.7678
3903,14.4,23.0,0.0,4.3545,4.5748
3904,14.1,20.0,0.0,4.4395,4.5296
3905,14.2,24.0,0.0,4.4414,4.4957
3906,16.0,22.0,0.0,4.8402,4.475
3907,16.1,20.0,0.0,4.7688,4.7302
3908,12.1,23.0,0.0,3.818,4.5165
3909,15.0,22.0,0.0,4.54,4.6241
3910,11.4,15.0,0.0,3.2903,4.5028
3911,12.7,19.0,0.0,3.768,4.6844
3912,14.6,23.0,0.0,4.5348,4.7263
3913,13.5,23.0,0.0,4.2841,4.6055
3914,13.8,19.0,0.0,4.0951,4.5928
3915,16.7,27.0,0.0,5.2173,4.6003
3916,17.4,28.0,0.0,5.3063,4.6648
3917,13.7,19.0,0.0,4.2069,4.5563
3918,13.1,22.0,0.0,4.0255,4.4794
3919,12.4,25.0,0.0,3.9841,4.5779
3920,13.5,22.0,0.0,4.0249,4.6534
3921,14.8,21.0,0.0,4.5318,4.8898
3922,16.4,25.0,0.0,5.1967,4.7479
3923,15.3,35.0,0.0,4.8894,4.6308
3924,15.5,33.0,0.0,4.9265,4.6461
3925,16.0,27.0,0.0,4.9266,4.7231
3926,14.9,19.0,0.0,4.6804,4.6829
3927,16.9,27.0,0.0,5.0736,4.8546
3928,18.1,27.0,0.0,5.4558,4.8812
3929,13.9,20.0,0.0,4.2893,4.797
3930,12.0,22.0,0.0,3.7339,4.7965
3931,15.1,21.0,0.0,4.4949,4.717
3932,16.7,27.0,0.0,4.966,4.7544
3933,12.5,21.0,0.0,3.997,4.6937
3934,15.8,23.0,0.0,4.7409,4.9722
3935,14.3,25.0,0.0,4.5128,4.6489
3936,15.9,22.0,0.0,4.7933,4.7833
3937,17.7,32.0,0.0,5.3894,4.8179
3938,15.6,23.0,0.0,4.7165,4.8691
3939,14.1,22.0,0.0,4.3265,4.615
3940,15.7,27.0,0.0,5.0339,4.687
3941,15.9,26.0,0.0,5.0076,4.654
3942,13.1,21.0,0.0,4.1005,4.5852
3943,12.7,18.0,0.0,3.7562,4.5218
3944,16.7,28.0,0.0,5.3842,4.7164
3945,15.9,20.0,0.0,4.7181,4.6619
3946,12.6,18.0,0.0,3.7965,4.5705
3947,12.6,25.0,0.0,3.9677,4.5479
3948,11.3,15.0,0.0,3.5622,4.5586
3949,13.6,28.0,0.0,4.3784,4.5669
3950,14.4,22.0,0.0,4.5568,4.7316
3951,15.1,19.0,0.0,4.5062,4.6888
3952,17.8,25.0,0.0,5.4083,4.8629
3953,15.9,35.0,0.0,5.3079,4.8658
3954,13.4,17.0,0.0,4.1286,4.7243
3955,12.8,25.0,0.0,3.9975,4.6551
3956,14.4,20.0,0.0,4.3774,4.5631
3957,14.2,20.0,0.0,4.3793,4.377
3958,15.9,30.0,0.0,5.0864,4.6496
3959,15.1,24.0,0.0,4.6495,4.5325
3960,14.5,19.0,0.0,4.4639,4.5753
3961,12.3,18.0,0.0,3.8133,4.5615
3962,15.9,20.0,0.0,4.8939,4.6075
3963,16.9,33.0,0.0,5.4044,4.7185
3964,13.8,23.0,0.0,4.2741,4.4936
3965,15.2,32.0,0.0,5.0494,4.654
3966,14.7,22.0,0.0,4.4057,4.4029
3967,13.6,19.0,0.0,4.1015,4.5407
3968,16.4,27.0,0.0,5.1331,4.5982
3969,14.8,22.0,0.0,4.4847,4.6924
3970,11.6,17.0,0.0,3.529,4.5943
3971,16.4,27.0,0.0,5.0307,4.6987
3972,16.1,33.0,0.0,5.2364,4.6351
3973,14.8,25.0,0.0,4.7055,4.4507
3974,16.5,28.0,0.0,5.0964,4.5565
3975,12.4,18.0,0.0,3.6965,4.4515
3976,11.4,15.0,0.0,3.5485,4.6028
3977,16.4,22.0,0.0,5.007,4.7775
3978,11.4,20.0,0.0,3.4624,4.4576
3979,13.5,24.0,0.0,4.2434,4.4715
3980,12.2,15.0,0.0,3.8145,4.3798
3981,14.8,24.0,0.0,4.7273,4.6196
3982,15.1,23.0,0.0,4.6253,4.5263
3983,12.9,25.0,0.0,3.9809,4.508
3984,15.9,20.0,0.0,4.7802,4.7479
3985,13.8,18.0,0.0,4.1607,4.8204
3986,14.2,21.0,0.0,4.6163,4.7612
3987,13.7,22.0,0.0,4.1859,4.6551
3988,17.5,26.0,0.0,5.3662,4.664
3989,14.8,24.0,0.0,4.552,4.6875
3990,13.9,19.0,0.0,4.2367,4.5936
3991,13.5,21.0,0.0,4.0644,4.6139
3992,15.8,21.0,0.0,4.7776,4.7552
3993,17.2,27.0,0.0,5.3032,4.7277
3994,15.6,25.0,0.0,4.6961,4.6832
3995,16.3,35.0,0.0,5.0448,4.9356
3996,15.7,32.0,0.0,5.0024,4.879
3997,14.5,29.0,0.0,4.6339,4.6623
3998,12.1,20.0,0.0,3.653,4.6488
3999,13.0,21.0,0.0,4.1581,4.727
4000,15.6,25.0,0.0,4.7012,4.6913
4001,12.2,18.0,0.0,3.8153,4.6753
4002,12.0,21.0,0.0,3.7505,4.3387
4003,14.5,22.0,0.0,4.5313,4.5163
4004,15.7,19.0,0.0,4.6554,4.8371
4005,16.6,32.0,0.0,5.3161,4.6558
4006,14.9,22.0,0.0,4.5778,4.5578
4007,19.8,33.0,0.0,6.0719,4.7324
4008,12.8,21.0,0.0,3.943,4.5542
4009,14.7,20.0,0.0,4.3933,4.4076
4010,15.7,26.0,0.0,4.7893,4.6094
4011,11.3,15.0,0.0,3.5028,4.3023
4012,12.7,23.0,0.0,4.0583,4.4358
4013,12.6,27.0,0.0,4.0777,4.5135
4014,12.0,19.0,0.0,3.7411,4.4103
4015,12.5,23.0,0.0,3.8683,4.3571
4016,10.1,15.0,0.0,3.0738,4.4295
4017,17.0,25.0,0.0,5.1066,4.6474
4018,12.1,19.0,0.0,3.7931,4.6272
4019,14.0,18.0,0.0,4.293,4.5859
4020,15.5,21.0,0.0,4.6379,4.5962
4021,12.9,16.0,0.0,3.9184,4.585
4022,13.7,17.0,0.0,4.0857,4.9712
4023,12.8,27.0,0.0,4.2663,4.6795
4024,11.8,16.0,0.0,3.529,4.7251
4025,10.0,14.0,0.0,2.943,4.5029
4026,12.9,25.0,0.0,4.0264,4.6417
4027,18.6,32.0,0.0,5.6434,5.3943
4028,17.4,23.0,0.0,5.1422,5.4292
4029,17.4,36.0,0.0,5.3824,4.9102
4030,17.4,24.0,0.0,5.1413,4.6486
4031,12.7,19.0,0.0,3.8562,4.3955
4032,17.8,31.0,0.0,5.5656,4.6233
4033,15.3,25.0,0.0,4.6755,4.4338
4034,12.7,21.0,0.0,3.822,4.5321
4035,14.2,24.0,0.0,4.601,4.7363
4036,14.7,20.0,0.0,4.4741,4.8906
4037,14.5,26.0,0.0,4.4706,4.8604
4038,10.6,24.0,0.0,3.3885,4.4489
4039,14.8,24.0,0.0,4.7222,4.5237
4040,13.8,18.0,0.0,4.1653,4.3691
4041,11.4,17.0,0.0,3.4128,4.1647
4042,13.1,24.0,0.0,4.1135,4.433
4043,16.4,22.0,0.0,4.9402,4.5571
4044,11.9,23.0,0.0,3.8514,4.5235
4045,16.1,22.0,0.0,4.9987,4.6092
4046,13.1,16.0,0.0,3.9985,4.4505
4047,12.8,19.0,0.0,3.8259,4.4521
4048,13.9,26.0,0.0,4.3779,4.5434
4049,12.6,21.0,0.0,3.8556,4.6927
4050,14.0,21.0,0.0,4.3814,4.5539
4051,10.9,15.0,0.0,3.2331,4.4755
4052,13.6,19.0,0.0,4.0838,4.5155
4053,11.9,14.0,0.0,3.6463,4.4943
4054,14.6,18.0,0.0,4.5552,4.7764
4055,15.7,20.0,0.0,4.7386,4.6709
4056,13.5,17.0,0.0,4.0538,4.5025
4057,13.5,25.0,0.0,4.2317,4.5904
4058,12.1,16.0,0.0,3.512,4.5884
4059,13.3,18.0,0.0,3.9343,4.5158
4060,11.5,17.0,0.0,3.6094,4.4424
4061,16.7,26.0,0.0,4.999,4.6758
4062,12.9,18.0,0.0,3.9953,4.6059
4063,14.5,17.0,0.0,4.2815,4.4594
4064,14.2,20.0,0.0,4.4782,4.577
4065,15.2,24.0,0.0,4.6872,4.6395
4066,16.6,30.0,0.0,5.3395,4.6999
4067,11.1,23.0,0.0,3.5871,4.4227
4068,15.3,23.0,0.0,4.7512,4.4378
4069,17.4,29.0,0.0,5.376,4.5295
4070,16.2,33.0,0.0,5.245,4.4044
4071,17.3,28.0,0.0,5.2958,4.5017
4072,10.4,15.0,0.0,3.192,4.3024
4073,10.9,16.0,0.0,3.4114,4.3354
4074,16.2,28.0,0.0,4.9585,4.5532
4075,16.7,29.0,0.0,5.2897,4.4222
4076,15.5,19.0,0.0,4.7351,4.4866
4077,11.2,22.0,0.0,3.5789,4.328
4078,15.9,23.0,0.0,4.7536,4.6076
4079,14.2,18.0,0.0,4.5266,4.5947
4080,16.4,23.0,0.0,5.0154,4.4404
4081,13.0,22.0,0.0,4.2201,4.5169
4082,13.3,17.0,0.0,4.103,4.6444
4083,13.1,19.0,0.0,3.9671,4.5919
4084,15.2,28.0,0.0,4.8609,4.6562
4085,12.3,18.0,0.0,3.8242,4.5322
4086,15.6,24.0,0.0,4.7813,4.7679
4087,13.9,22.0,0.0,4.3357,4.5633
4088,13.5,19.0,0.0,4.1601,4.7021
4089,13.2,24.0,0.0,4.2076,4.6125
4090,12.9,23.0,0.0,4.0482,4.5126
4091,14.3,20.0,0.0,4.4345,4.6468
4092,15.0,19.0,0.0,4.6507,4.6393
4093,11.7,24.0,0.0,3.8206,4.4745
4094,15.5,21.0,0.0,4.6579,4.6441
4095,9.6,12.0,0.0,2.98,4.3197
4096,13.9,27.0,0.0,4.4059,4.458
4097,14.2,21.0,0.0,4.4256,4.4536
4098,13.3,15.0,0.0,3.8817,4.5622
4099,13.6,30.0,0.0,4.3433,4.3575
4100,16.6,24.0,0.0,5.0118,4.6176
4101,14.2,19.0,0.0,4.4102,4.6609
4102,13.4,22.0,0.0,4.1873,4.7567
4103,12.2,19.0,0.0,3.7694,4.6317
4104,15.1,26.0,0.0,4.7225,4.7909
4105,18.7,27.0,0.0,5.4732,4.8744
4106,17.1,31.0,0.0,5.3673,4.8248
4107,15.3,22.0,0.0,4.5089,4.8278
4108,11.1,13.0,0.0,3.3108,4.819
4109,13.4,24.0,0.0,4.0275,4.9019
4110,18.1,30.0,0.0,5.6877,5.2821
4111,16.1,28.0,0.0,4.9002,5.1643
4112,17.8,29.0,0.0,5.3346,5.2005
4113,17.7,24.0,0.0,5.3374,5.1248
4114,17.2,24.0,0.0,5.2894,4.9983
4115,15.2,20.0,0.0,4.5347,4.8917
4116,17.5,23.0,0.0,5.2516,4.8867
4117,17.1,27.0,0.0,5.2553,4.8077
4118,15.2,24.0,0.0,4.49,4.6208
4119,15.1,24.0,0.0,4.6431,4.5985
4120,13.8,18.0,0.0,4.2149,4.9076
4121,15.1,19.0,0.0,4.5155,4.9151
4122,14.9,22.0,0.0,4.5411,4.9338
4123,16.4,26.0,0.0,4.9398,5.1692
4124,14.5,18.0,0.0,4.5893,5.1798
4125,18.0,30.0,0.0,5.3889,4.7743
4126,13.4,16.0,0.0,3.9514,4.5084
4127,15.2,22.0,0.0,4.7182,4.7463
4128,15.0,25.0,0.0,4.6927,4.6013
4129,16.1,22.0,0.0,4.7423,4.5158
4130,14.2,22.0,0.0,4.3998,4.43
4131,12.0,16.0,0.0,3.8236,4.4572
4132,16.4,26.0,0.0,5.3455,4.6053
4133,20.5,34.0,0.0,6.2259,5.0046
4134,13.7,16.0,0.0,4.1334,4.531
4135,14.6,29.0,0.0,4.5665,4.4859
4136,13.3,17.0,0.0,3.9682,4.4225
4137,15.0,32.0,0.0,4.9508,4.4613
4138,16.0,22.0,0.0,4.9143,4.621
4139,15.2,18.0,0.0,4.56,4.7645
4140,17.9,32.0,0.0,5.6066,4.8629
4141,14.3,27.0,0.0,4.2736,4.6369
4142,12.6,18.0,0.0,3.8264,4.6353
4143,16.6,30.0,0.0,5.2742,4.8825
4144,19.3,25.0,0.0,5.9398,4.942
4145,17.4,25.0,0.0,5.2026,4.7049
4146,14.6,26.0,0.0,4.6145,4.5374
4147,15.7,21.0,0.0,4.8365,4.753
4148,14.9,19.0,0.0,4.417,4.6845
4149,15.7,27.0,0.0,4.9071,4.5657
4150,15.7,42.0,0.0,5.4473,4.5295
4151,15.5,32.0,0.0,4.9437,4.4462
4152,17.9,27.0,0.0,5.5984,4.5973
4153,16.0,29.0,0.0,4.9885,4.7509
4154,12.4,21.0,0.0,3.8001,4.6637
4155,13.0,28.0,0.0,4.1508,4.5208
4156,11.2,17.0,0.0,3.4009,4.5126
4157,18.9,24.0,0.0,5.6221,4.7966
4158,16.5,27.0,0.0,5.1856,4.6763
4159,19.4,42.0,0.0,6.4612,4.5978
4160,15.6,18.0,0.0,4.6275,4.4962
4161,14.2,21.0,0.0,4.3977,4.5734
4162,12.5,19.0,0.0,3.7365,4.6789
4163,16.3,38.0,0.0,5.2333,4.6666
4164,15.3,25.0,0.0,4.8424,4.5968
4165,12.8,22.0,0.0,4.1,4.4744
4166,13.4,20.0,0.0,4.1343,4.5283
4167,17.5,23.0,0.0,5.2289,4.699
4168,13.7,37.0,0.0,4.5472,4.5622
4169,12.4,18.0,0.0,3.9937,4.561
4170,13.0,21.0,0.0,3.9957,4.4125
4171,15.4,21.0,0.0,4.7123,4.5236
4172,14.5,23.0,0.0,4.2332,4.5252
4173,12.1,22.0,0.0,3.651,4.2953
4174,13.6,24.0,0.0,4.1797,4.5276
4175,11.6,16.0,0.0,3.5874,4.3872
4176,15.9,24.0,0.0,4.9551,4.9166
4177,15.8,24.0,0.0,4.8114,4.6961
4178,16.9,28.0,0.0,5.2115,4.843
4179,16.6,28.0,0.0,5.1495,4.6882
4180,13.7,23.0,0.0,4.2367,4.6601
4181,10.0,18.0,0.0,3.2077,4.4797
4182,18.1,25.0,0.0,5.5179,4.8379
4183,12.8,23.0,0.0,3.9609,4.4785
4184,14.8,21.0,0.0,4.4931,4.6135
4185,18.2,26.0,0.0,5.6873,4.5159
4186,18.2,23.0,0.0,5.4974,4.609
4187,15.1,20.0,0.0,4.6478,4.5341
4188,14.1,17.0,0.0,4.3306,4.6216
4189,14.4,21.0,0.0,4.3113,4.6039
4190,15.4,21.0,0.0,4.5445,4.6381
4191,10.1,14.0,0.0,3.1786,4.5072
4192,14.5,21.0,0.0,4.4382,4.452
4193,15.7,20.0,0.0,4.8569,4.5183
4194,13.7,22.0,0.0,4.3352,4.7279
4195,14.5,21.0,0.0,4.481,4.9144
4196,13.0,19.0,0.0,3.9192,4.6519
4197,11.0,18.0,0.0,3.3575,4.4999
4198,14.6,38.0,0.0,5.0319,4.7079
4199,14.0,20.0,0.0,4.086,4.8446
4200,13.2,17.0,0.0,3.9842,4.5328
4201,15.7,23.0,0.0,4.8072,4.7968
4202,14.8,28.0,0.0,4.4865,4.6721
4203,15.1,29.0,0.0,4.8649,4.7375
4204,16.7,29.0,0.0,5.2224,4.6346
4205,16.5,24.0,0.0,5.0349,4.6412
4206,15.9,33.0,0.0,5.1165,4.4489
4207,16.0,23.0,0.0,4.7862,4.4668
4208,13.5,17.0,0.0,4.3042,4.4409
4209,11.2,18.0,0.0,3.5059,4.2784
4210,12.1,17.0,0.0,3.7144,4.278
4211,10.6,16.0,0.0,3.192,4.2261
4212,12.4,21.0,0.0,3.925,4.1814
4213,11.5,25.0,0.0,3.7544,4.1703
4214,11.9,16.0,0.0,3.5927,4.2511
4215,14.5,22.0,0.0,4.4593,4.3647
4216,10.8,17.0,0.0,3.4189,4.3294
4217,12.6,17.0,0.0,3.9125,4.5163
4218,12.2,28.0,0.0,4.0449,4.3308
4219,15.3,23.0,0.0,4.7047,4.6128
4220,15.1,20.0,0.0,4.6089,4.5309
4221,12.9,21.0,0.0,3.9724,4.4733
4222,16.5,28.0,0.0,5.1125,4.7428
4223,15.5,19.0,0.0,4.6211,4.5663
4224,15.9,22.0,0.0,4.9047,4.6738
4225,13.9,25.0,0.0,4.315,4.4832
4226,14.7,25.0,0.0,4.5075,4.6587
4227,13.9,24.0,0.0,4.3683,4.6863
4228,15.1,23.0,0.0,4.7554,4.7496
4229,12.6,19.0,0.0,3.8117,4.443
4230,13.9,19.0,0.0,4.2106,4.4967
4231,14.0,24.0,0.0,4.4767,4.5112
4232,14.0,23.0,0.0,4.386,4.5686
4233,18.6,34.0,0.0,6.1187,4.7868
4234,9.9,12.0,0.0,2.9138,4.5349
4235,14.8,22.0,0.0,4.5757,4.8464
4236,12.4,18.0,0.0,3.892,4.6443
4237,12.3,14.0,0.0,3.6414,4.5415
4238,14.7,22.0,0.0,4.3735,4.5836
4239,18.5,23.0,0.0,5.6169,4.851
4240,15.0,23.0,0.0,4.6594,4.8806
4241,11.4,18.0,0.0,3.5355,4.703
4242,14.1,23.0,0.0,4.3527,4.7031
4243,13.2,18.0,0.0,4.223,4.8388
4244,14.2,20.0,0.0,4.3704,4.7166
4245,12.1,17.0,0.0,3.8275,4.7422
4246,15.2,22.0,0.0,4.4181,4.7729
4247,16.3,26.0,0.0,5.0004,4.9455
4248,15.4,25.0,0.0,4.7927,4.8622
4249,14.0,20.0,0.0,4.2016,4.9249
4250,15.2,27.0,0.0,4.8527,4.816
4251,15.0,23.0,0.0,4.4566,4.5701
4252,13.5,21.0,0.0,4.0485,4.5033
4253,13.8,24.0,0.0,4.2621,4.5027
4254,13.8,21.0,0.0,4.1082,4.5973
4255,13.2,34.0,0.0,4.4655,4.4295
4256,15.6,25.0,0.0,4.8415,4.4197
4257,13.7,22.0,0.0,4.181,4.4981
4258,12.9,17.0,0.0,3.9493,4.5395
4259,19.3,32.0,0.0,6.0148,4.7479
4260,16.7,25.0,0.0,5.2057,4.6049
4261,12.4,16.0,0.0,3.8128,4.3324
4262,14.4,21.0,0.0,4.3059,4.4221
4263,15.4,22.0,0.0,4.6167,4.404
4264,16.0,22.0,0.0,4.9692,4.5021
4265,12.4,18.0,0.0,3.683,4.316
4266,11.9,19.0,0.0,3.6633,4.4725
4267,14.1,23.0,0.0,4.329,4.5589
4268,14.2,38.0,0.0,4.8081,4.5811
4269,13.2,18.0,0.0,4.0348,4.5934
4270,15.2,19.0,0.0,4.6589,4.7277
4271,11.1,18.0,0.0,3.4155,4.5292
4272,18.6,32.0,0.0,5.7364,4.6025
4273,15.4,35.0,0.0,5.0369,4.7428
4274,15.3,23.0,0.0,4.7592,4.6951
4275,14.6,24.0,0.0,4.4609,4.5099
4276,17.7,29.0,0.0,5.4851,4.7942
4277,16.6,27.0,0.0,5.0791,4.9972
4278,17.8,26.0,0.0,5.5369,5.0535
4279,18.8,57.0,0.0,6.7472,5.0251
4280,16.2,25.0,0.0,5.0249,4.5787
4281,15.3,25.0,0.0,4.8342,4.636
4282,13.1,18.0,0.0,4.1449,4.3928
4283,13.3,18.0,0.0,4.1233,4.507
4284,15.1,23.0,0.0,4.7326,4.5994
4285,17.7,26.0,0.0,5.3901,4.7149
4286,19.3,27.0,0.0,5.7565,4.9578
4287,13.3,17.0,0.0,3.9896,4.6223
4288,16.5,30.0,0.0,5.1825,4.6714
4289,17.1,36.0,0.0,5.6589,4.5177
4290,12.8,20.0,0.0,4.0997,4.5717
4291,17.1,28.0,0.0,5.2188,4.6755
4292,15.9,19.0,0.0,4.6268,4.6602
4293,11.5,15.0,0.0,3.4003,4.4521
4294,15.6,22.0,0.0,4.8752,4.6095
4295,13.7,19.0,0.0,4.2701,4.5969
4296,15.0,22.0,0.0,4.6062,4.6589
4297,15.8,22.0,0.0,4.7125,4.4688
4298,11.1,18.0,0.0,3.4843,4.4472
4299,13.0,26.0,0.0,4.1604,4.4926
4300,16.4,27.0,0.0,5.1672,4.6663
4301,11.4,14.0,0.0,3.4406,4.548
4302,21.5,47.0,0.0,6.8769,4.7534
4303,16.0,22.0,0.0,4.7856,4.6284
4304,18.2,24.0,0.0,5.6269,4.9101
4305,12.3,17.0,0.0,3.8644,4.6479
4306,18.9,30.0,0.0,5.7922,5.0703
4307,17.4,28.0,0.0,5.2271,5.04
4308,15.7,26.0,0.0,4.9244,4.7158
4309,13.9,19.0,0.0,4.2901,5.0735
4310,18.2,25.0,0.0,5.3886,5.4285
4311,14.9,20.0,0.0,4.5735,5.2027
4312,17.3,23.0,0.0,5.2631,5.3866
4313,12.8,20.0,0.0,3.8228,4.823
4314,11.7,19.0,0.0,3.5813,4.498
4315,11.4,21.0,0.0,3.5224,4.3504
4316,12.5,18.0,0.0,3.7382,4.5567
4317,13.8,19.0,0.0,4.2681,4.4469
4318,12.0,24.0,0.0,3.7638,4.1852
4319,11.9,17.0,0.0,3.9475,4.4269
4320,13.3,24.0,0.0,4.322,4.375
4321,13.5,17.0,0.0,4.1337,4.4552
4322,15.2,22.0,0.0,4.5243,4.428
4323,11.3,24.0,0.0,3.5897,4.4213
4324,8.8,19.0,0.0,2.8492,4.2415
4325,12.1,25.0,0.0,3.8936,4.4146
4326,14.2,29.0,0.0,4.5285,4.7221
4327,16.0,24.0,0.0,4.9313,4.7628
4328,16.4,36.0,0.0,5.3786,4.7861
4329,17.9,34.0,0.0,5.5995,4.8804
4330,13.5,17.0,0.0,4.0188,4.6585
4331,16.0,31.0,0.0,5.1035,4.8065
4332,12.1,22.0,0.0,3.7311,4.5618
4333,11.7,14.0,0.0,3.6263,4.6994
4334,14.8,22.0,0.0,4.4582,4.7148
4335,13.4,17.0,0.0,4.0027,4.9009
4336,14.9,19.0,0.0,4.4533,4.8154
4337,18.1,30.0,0.0,5.5669,4.7343
4338,13.7,21.0,0.0,4.1825,4.6297
4339,18.7,25.0,0.0,5.7919,4.9569
4340,15.0,22.0,0.0,4.6461,4.8523
4341,15.9,21.0,0.0,4.7568,4.7124
4342,18.4,31.0,0.0,5.6148,4.8255
4343,14.3,21.0,0.0,4.2428,4.7831
4344,14.7,22.0,0.0,4.5635,4.6862
4345,11.4,16.0,0.0,3.4418,4.5675
4346,13.2,18.0,0.0,4.0254,4.6501
4347,13.4,21.0,0.0,4.1624,4.7495
4348,13.7,22.0,0.0,4.3115,4.7652
4349,14.8,35.0,0.0,4.7575,4.613
4350,17.1,31.0,0.0,5.3378,4.7582
4351,16.6,31.0,0.0,5.0872,4.8853
4352,14.5,20.0,0.0,4.3583,4.7348
4353,14.5,20.0,0.0,4.3042,4.7038
4354,17.5,29.0,0.0,5.4102,4.7337
4355,12.9,20.0,0.0,4.0173,4.6453
4356,11.2,17.0,0.0,3.49,4.7098
4357,13.6,18.0,0.0,4.1209,4.7277
4358,12.9,18.0,0.0,3.7754,4.6983
4359,14.9,20.0,0.0,4.4643,4.7769
4360,12.1,19.0,0.0,3.912,4.556
4361,13.5,24.0,0.0,4.1713,4.4817
4362,12.9,23.0,0.0,4.0209,4.6861
4363,13.4,18.0,0.0,4.1706,4.6425
4364,14.3,31.0,0.0,4.4876,4.6366
4365,13.4,19.0,0.0,4.0917,4.7075
4366,12.5,18.0,0.0,3.6373,4.7102
4367,11.8,20.0,0.0,3.759,4.6044
4368,13.9,21.0,0.0,4.2948,4.7019
4369,14.9,28.0,0.0,4.7115,4.7039
4370,16.4,31.0,0.0,5.0626,4.6659
4371,14.0,22.0,0.0,4.2529,4.592
4372,13.3,19.0,0.0,4.0127,4.8237
4373,14.2,23.0,0.0,4.521,4.6647
4374,17.2,31.0,0.0,5.2448,4.7734
4375,16.3,25.0,0.0,4.9771,4.7678
4376,13.3,18.0,0.0,4.0136,4.6263
4377,17.3,38.0,0.0,5.4352,4.5563
4378,13.0,22.0,0.0,4.0051,4.573
4379,14.7,34.0,0.0,4.8621,4.4972
4380,12.6,17.0,0.0,3.8691,4.4778
4381,12.0,23.0,0.0,3.7697,4.5713
4382,15.7,21.0,0.0,4.5159,4.7672
4383,14.0,18.0,0.0,4.3978,4.7044
4384,13.7,20.0,0.0,4.1992,4.7736
4385,12.5,19.0,0.0,3.8514,4.5882
4386,22.6,41.0,0.0,7.0326,5.0456
4387,17.7,25.0,0.0,5.4732,4.8805
4388,15.9,24.0,0.0,4.9874,5.0794
4389,18.7,34.0,0.0,5.721,5.2939
4390,17.4,34.0,0.0,5.5234,4.9872
4391,14.5,19.0,0.0,4.4888,5.1063
4392,17.3,29.0,0.0,5.2351,5.4464
4393,18.1,39.0,0.0,5.7391,5.1087
4394,13.7,30.0,0.0,4.4444,4.6612
4395,12.8,17.0,0.0,3.9761,4.5305
4396,13.9,21.0,0.0,4.2097,4.663
4397,17.3,36.0,0.0,5.5283,4.6989
4398,13.5,20.0,0.0,4.2859,4.6917
4399,15.1,25.0,0.0,4.804,4.5728
4400,12.2,17.0,0.0,3.8048,4.4919
4401,16.9,31.0,0.0,5.3703,4.6227
4402,13.8,27.0,0.0,4.4145,4.5317
4403,12.6,22.0,0.0,4.1184,4.5658
4404,16.0,21.0,0.0,4.9962,5.3061
4405,10.4,13.0,0.0,3.2451,4.8089
4406,11.4,14.0,0.0,3.5394,4.562
4407,14.3,22.0,0.0,4.4348,4.6891
4408,13.2,23.0,0.0,4.0513,4.6211
4409,14.0,25.0,0.0,4.4227,4.6301
4410,13.3,21.0,0.0,4.1775,4.6683
4411,11.9,18.0,0.0,3.6576,4.6256
4412,15.4,31.0,0.0,4.8429,4.6331
4413,17.0,28.0,0.0,5.4608,4.6705
4414,16.0,30.0,0.0,5.1665,4.8284
4415,15.4,23.0,0.0,4.6765,4.8425
4416,12.9,21.0,0.0,4.1049,4.6072
4417,16.3,33.0,0.0,5.2508,4.7445
4418,13.1,19.0,0.0,4.0506,4.627
4419,19.0,47.0,0.0,6.4848,5.0755
4420,18.5,24.0,0.0,5.3789,4.9893
4421,18.7,34.0,0.0,5.6251,5.028
4422,17.4,24.0,0.0,5.1475,5.0515
4423,13.7,27.0,0.0,4.2421,4.9019
4424,16.4,23.0,0.0,4.8496,5.1067
4425,16.3,21.0,0.0,4.9571,5.311
4426,16.4,25.0,0.0,5.1178,4.8622
4427,16.8,30.0,0.0,5.0205,4.9538
4428,12.9,18.0,0.0,3.8717,4.7039
4429,15.0,26.0,0.0,4.6205,4.7002
4430,15.0,28.0,0.0,4.6542,4.8422
4431,11.1,16.0,0.0,3.3388,4.5871
4432,12.8,21.0,0.0,3.9716,4.6749
4433,12.8,18.0,0.0,3.7557,5.0302
4434,19.6,35.0,0.0,6.0433,5.3966
4435,16.5,24.0,0.0,5.0213,5.4744
4436,19.1,27.0,0.0,5.5783,5.9026
4437,13.1,19.0,0.0,3.9975,5.1658
4438,14.7,22.0,0.0,4.5756,4.8435
4439,17.5,33.0,0.0,5.4679,4.9407
4440,15.2,20.0,0.0,4.7264,4.6511
4441,15.5,29.0,0.0,4.8621,4.6204
4442,12.3,25.0,0.0,4.0121,4.5477
4443,12.9,21.0,0.0,4.1085,4.6197
4444,14.6,27.0,0.0,4.4516,4.813
4445,15.1,24.0,0.0,4.694,5.0588
4446,14.4,23.0,0.0,4.318,5.2596
4447,12.6,16.0,0.0,3.6807,5.0445
4448,16.2,27.0,0.0,4.9221,5.4771
4449,16.2,34.0,0.0,5.1205,5.0699
4450,16.3,30.0,0.0,4.9102,4.8488
4451,18.2,24.0,0.0,5.3368,5.3529
4452,18.3,30.0,0.0,5.738,5.3718
4453,15.1,22.0,0.0,4.6978,4.9083
4454,17.3,28.0,0.0,5.4316,4.8535
4455,15.3,23.0,0.0,4.7772,4.8713
4456,14.5,22.0,0.0,4.5856,4.683
4457,12.7,18.0,0.0,3.9489,4.5943
4458,14.5,26.0,0.0,4.394,4.5834
4459,13.4,27.0,0.0,4.3106,4.6341
4460,15.6,33.0,0.0,4.9688,4.7307
4461,13.9,16.0,0.0,4.3582,4.7324
4462,15.8,24.0,0.0,4.8257,4.8107
4463,13.3,20.0,0.0,4.0716,4.6559
4464,14.7,21.0,0.0,4.5902,4.7006
4465,16.2,30.0,0.0,5.2582,4.6591
4466,16.1,28.0,0.0,5.083,4.6287
4467,14.0,28.0,0.0,4.2569,4.5068
4468,13.2,17.0,0.0,4.1194,4.56
4469,14.2,22.0,0.0,4.5144,4.4577
4470,14.2,23.0,0.0,4.3642,4.5332
4471,11.9,22.0,0.0,3.67,4.4964
4472,15.4,25.0,0.0,4.7686,4.4624
4473,12.9,17.0,0.0,3.9438,4.4471
4474,10.9,15.0,0.0,3.3138,4.4058
4475,16.6,35.0,0.0,5.1952,4.6452
4476,12.8,22.0,0.0,3.9194,4.5228
4477,15.6,21.0,0.0,4.6987,4.6655
4478,15.6,27.0,0.0,4.7286,5.0297
4479,17.4,28.0,0.0,5.3374,5.4616
4480,20.3,38.0,0.0,6.139,5.4382
4481,11.3,17.0,0.0,3.5241,4.9837
4482,19.0,43.0,0.0,6.0965,5.5248
4483,14.5,19.0,0.0,4.3518,5.1441
4484,12.5,23.0,0.0,3.7414,4.9255
4485,14.8,25.0,0.0,4.533,4.653
4486,17.6,31.0,0.0,5.4971,4.5941
4487,11.0,16.0,0.0,3.2905,4.4364
4488,12.8,20.0,0.0,3.9759,4.7608
4489,13.3,19.0,0.0,3.9463,4.842
4490,12.1,28.0,0.0,4.0109,4.6748
4491,15.4,21.0,0.0,4.6305,4.5569
4492,12.5,18.0,0.0,3.8979,4.6921
4493,12.8,24.0,0.0,4.0506,4.627
4494,14.6,21.0,0.0,4.5137,4.7804
4495,15.5,33.0,0.0,4.9323,4.783
4496,14.0,21.0,0.0,4.4527,4.5443
4497,14.3,21.0,0.0,4.3943,4.7316
4498,16.4,28.0,0.0,5.0505,4.9173
4499,12.9,20.0,0.0,3.8506,4.8186
4500,13.8,21.0,0.0,4.1801,4.8864
