generation,top_mean_fitness,max_fitness,min_fitness,std_fitness,elapsed_time_sec
1,3.4,5.0,0.0,1.1079,3.0801
2,3.8,6.0,0.0,1.2672,3.3586
3,3.5,5.0,0.0,1.1586,3.202
4,3.6,7.0,0.0,1.2295,3.2566
5,3.4,4.0,0.0,1.1191,3.1539
6,3.5,7.0,0.0,1.2007,3.2337
7,4.3,7.0,0.0,1.4731,3.2373
8,4.5,8.0,0.0,1.4403,3.1884
9,4.8,8.0,0.0,1.5702,3.1596
10,3.3,7.0,0.0,1.1874,3.1187
11,4.0,7.0,0.0,1.2767,3.0845
12,3.6,7.0,0.0,1.2536,3.1794
13,3.6,6.0,0.0,1.1921,3.2338
14,3.4,6.0,0.0,1.1435,3.5252
15,4.2,6.0,0.0,1.3228,3.4681
16,3.5,5.0,0.0,1.1435,3.453
17,3.6,6.0,0.0,1.206,3.4261
18,3.2,6.0,0.0,1.1191,3.2638
19,3.5,8.0,0.0,1.2213,3.2962
20,3.2,5.0,0.0,1.0849,3.3698
21,4.2,8.0,0.0,1.3948,3.3897
22,4.6,11.0,0.0,1.6016,3.413
23,3.5,5.0,0.0,1.1258,3.2498
24,2.8,3.0,0.0,0.9539,3.222
25,3.6,5.0,0.0,1.1864,3.1696
26,3.7,5.0,0.0,1.1977,3.218
27,3.3,6.0,0.0,1.1198,3.1884
28,5.0,8.0,0.0,1.6188,3.144
29,4.1,7.0,0.0,1.3593,3.1285
30,4.1,6.0,0.0,1.321,3.1431
31,4.3,7.0,0.0,1.4032,3.1703
32,5.0,10.0,0.0,1.669,3.2511
33,4.4,6.0,0.0,1.4676,3.2881
34,4.3,8.0,0.0,1.4798,3.2441
35,3.5,5.0,0.0,1.2239,3.184
36,3.4,6.0,0.0,1.114,3.1932
37,3.9,10.0,0.0,1.4177,3.2078
38,4.6,7.0,0.0,1.4811,3.2009
39,5.2,8.0,0.0,1.6793,3.2401
40,3.5,7.0,0.0,1.1522,3.3233
41,3.3,5.0,0.0,1.0923,3.2463
42,3.8,9.0,0.0,1.337,3.311
43,3.4,5.0,0.0,1.0868,3.2937
44,3.7,6.0,0.0,1.2106,3.3765
45,4.0,5.0,0.0,1.3225,3.2546
46,3.6,6.0,0.0,1.1948,3.241
47,4.0,5.0,0.0,1.3454,3.3564
48,4.1,6.0,0.0,1.3776,3.2733
49,4.4,9.0,0.0,1.4973,3.2162
50,4.5,5.0,0.0,1.4824,3.2868
51,4.5,6.0,0.0,1.4204,3.2793
52,5.6,8.0,0.0,1.7001,3.3307
53,3.5,6.0,0.0,1.1752,3.2082
54,4.1,6.0,0.0,1.3513,3.2559
55,4.8,6.0,0.0,1.5264,3.3633
56,3.9,6.0,0.0,1.3143,3.4026
57,5.1,7.0,0.0,1.6451,3.5079
58,5.1,8.0,0.0,1.6216,3.4488
59,4.1,5.0,0.0,1.4213,3.2924
60,3.7,5.0,0.0,1.2021,3.2505
61,4.1,6.0,0.0,1.3713,3.3438
62,3.8,5.0,0.0,1.2196,3.3319
63,4.9,11.0,0.0,1.6636,3.4113
64,3.9,5.0,0.0,1.2657,3.4188
65,4.4,8.0,0.0,1.4901,3.3382
66,3.2,4.0,0.0,1.066,3.3415
67,3.7,5.0,0.0,1.2536,3.2837
68,4.2,7.0,0.0,1.3705,3.2715
69,3.7,6.0,0.0,1.1941,3.2864
70,4.2,6.0,0.0,1.3915,3.3788
71,3.7,5.0,0.0,1.2085,3.3401
72,4.1,6.0,0.0,1.3415,3.3731
73,4.1,9.0,0.0,1.3855,3.4545
74,4.1,7.0,0.0,1.3698,3.3543
75,3.6,6.0,0.0,1.1948,3.3334
76,6.6,12.0,0.0,2.1327,3.372
77,8.3,15.0,0.0,2.653,3.3948
78,6.7,11.0,0.0,2.1657,3.4643
79,6.2,9.0,0.0,1.9364,3.5409
80,5.0,8.0,0.0,1.6291,3.2699
81,4.0,8.0,0.0,1.3167,3.254
82,4.0,9.0,0.0,1.4098,3.2996
83,5.1,9.0,0.0,1.6879,3.2883
84,4.7,8.0,0.0,1.5335,3.359
85,5.1,8.0,0.0,1.634,3.3403
86,4.5,7.0,0.0,1.4771,3.3561
87,4.1,10.0,0.0,1.4714,3.3821
88,4.0,7.0,0.0,1.3601,3.375
89,5.3,6.0,0.0,1.6641,3.1874
90,4.5,7.0,0.0,1.5079,3.336
91,5.7,8.0,0.0,1.788,3.3381
92,5.0,7.0,0.0,1.6066,3.2345
93,4.0,6.0,0.0,1.3379,3.3247
94,3.9,6.0,0.0,1.26,3.1875
95,4.0,6.0,0.0,1.2922,3.2212
96,4.9,9.0,0.0,1.6612,3.1486
97,4.2,7.0,0.0,1.3477,3.2217
98,4.1,6.0,0.0,1.3183,3.1941
99,3.9,8.0,0.0,1.345,3.1949
100,4.3,9.0,0.0,1.4457,3.1757
101,4.2,5.0,0.0,1.3134,3.1421
102,3.6,8.0,0.0,1.2616,3.2325
103,3.8,5.0,0.0,1.2151,3.2145
104,3.5,6.0,0.0,1.1581,3.1663
105,4.3,7.0,0.0,1.3889,3.1856
106,3.3,6.0,0.0,1.1522,3.1442
107,3.8,6.0,0.0,1.2679,3.1814
108,3.9,7.0,0.0,1.3601,3.2132
109,3.7,5.0,0.0,1.2157,3.1424
110,3.6,6.0,0.0,1.1772,3.1462
111,4.8,7.0,0.0,1.5516,3.2007
112,4.1,6.0,0.0,1.3295,3.2038
113,5.6,10.0,0.0,1.8894,3.2685
114,7.8,14.0,0.0,2.5397,3.2838
115,6.0,13.0,0.0,2.0729,3.3117
116,10.6,16.0,0.0,3.3326,3.4837
117,8.9,11.0,0.0,2.7896,3.5232
118,9.3,13.0,0.0,2.8379,3.5605
119,8.0,11.0,0.0,2.4698,3.4705
120,5.5,10.0,0.0,1.8837,3.5754
121,8.4,10.0,0.0,2.718,3.6923
122,7.3,13.0,0.0,2.3403,3.4719
123,5.9,9.0,0.0,1.8648,3.5524
124,6.7,10.0,0.0,2.1237,3.5586
125,7.7,11.0,0.0,2.499,3.5154
126,5.2,9.0,0.0,1.7042,3.5235
127,7.9,16.0,0.0,2.6589,3.6482
128,5.8,9.0,0.0,1.8446,3.3812
129,4.2,6.0,0.0,1.3878,3.3824
130,5.7,10.0,0.0,1.8915,3.3664
131,5.5,11.0,0.0,1.8466,3.4361
132,6.2,10.0,0.0,2.0168,3.2953
133,4.9,10.0,0.0,1.6907,3.261
134,3.5,5.0,0.0,1.1705,3.3403
135,4.9,7.0,0.0,1.5728,3.5106
136,4.5,6.0,0.0,1.4018,3.289
137,5.0,12.0,0.0,1.736,3.3651
138,3.8,6.0,0.0,1.2241,3.1709
139,2.8,5.0,0.0,0.9514,3.1952
140,4.8,8.0,0.0,1.5586,3.2137
141,4.4,6.0,0.0,1.4141,3.2649
142,4.7,7.0,0.0,1.51,3.2442
143,4.1,7.0,0.0,1.3592,3.2209
144,6.7,12.0,0.0,2.1291,3.2964
145,5.5,9.0,0.0,1.7678,3.1866
146,4.4,7.0,0.0,1.4484,3.1004
147,4.9,7.0,0.0,1.5322,3.1212
148,4.0,7.0,0.0,1.3892,3.082
149,4.6,7.0,0.0,1.4812,3.1106
150,4.6,10.0,0.0,1.5381,3.1275
151,3.5,6.0,0.0,1.1664,3.1136
152,3.8,6.0,0.0,1.3613,3.0958
153,3.8,8.0,0.0,1.2904,3.1928
154,4.7,11.0,0.0,1.5863,3.2522
155,4.7,9.0,0.0,1.519,3.2804
156,4.3,6.0,0.0,1.4141,3.2101
157,4.5,8.0,0.0,1.469,3.2435
158,5.2,8.0,0.0,1.6471,3.2829
159,5.1,8.0,0.0,1.6251,3.2758
160,4.2,7.0,0.0,1.3791,3.2359
161,6.0,11.0,0.0,1.9414,3.3379
162,5.7,9.0,0.0,1.8318,3.348
163,5.7,9.0,0.0,1.8193,3.4195
164,5.2,11.0,0.0,1.7342,3.5481
165,5.8,15.0,0.0,2.0365,3.2575
166,4.4,5.0,0.0,1.3754,3.2536
167,6.2,9.0,0.0,1.8945,3.4554
168,5.7,11.0,0.0,1.9053,3.2271
169,6.3,11.0,0.0,2.0988,3.408
170,5.6,8.0,0.0,1.7856,3.3543
171,7.8,14.0,0.0,2.5786,3.5052
172,4.8,9.0,0.0,1.5418,3.1541
173,5.1,7.0,0.0,1.6153,3.2179
174,4.6,7.0,0.0,1.4814,3.1363
175,3.7,6.0,0.0,1.1958,3.1468
176,4.5,6.0,0.0,1.4176,3.1344
177,5.9,10.0,0.0,1.9098,3.285
178,4.6,7.0,0.0,1.5212,3.3409
179,7.8,17.0,0.0,2.6476,3.3541
180,11.3,22.0,0.0,3.7354,3.5206
181,18.3,28.0,0.0,5.5534,4.6618
182,21.2,28.0,0.0,6.3734,4.9947
183,24.2,32.0,0.0,6.9361,5.3413
184,20.4,34.0,0.0,5.795,5.0276
185,23.3,32.0,0.0,7.0332,5.232
186,19.8,31.0,0.0,5.839,4.5225
187,12.6,18.0,0.0,3.7681,4.0807
188,8.6,14.0,0.0,2.6042,3.7898
189,7.7,10.0,0.0,2.363,3.7345
190,7.3,17.0,0.0,2.3899,3.6559
191,4.9,6.0,0.0,1.5263,3.5162
192,5.1,10.0,0.0,1.6389,3.3466
193,4.0,5.0,0.0,1.3,3.2937
194,4.0,5.0,0.0,1.28,3.2972
195,3.9,7.0,0.0,1.2923,3.3802
196,4.6,7.0,0.0,1.501,3.449
197,4.6,7.0,0.0,1.5302,3.3773
198,4.9,9.0,0.0,1.5956,3.2728
199,6.0,8.0,0.0,1.8906,3.3459
200,3.2,4.0,0.0,1.0712,3.2346
201,4.7,7.0,0.0,1.5105,3.2959
202,4.9,7.0,0.0,1.5432,3.3207
203,5.2,9.0,0.0,1.6506,3.2443
204,4.1,5.0,0.0,1.2935,3.3467
205,4.2,5.0,0.0,1.3551,3.4767
206,4.9,8.0,0.0,1.5898,3.4255
207,3.9,6.0,0.0,1.2268,3.442
208,3.3,5.0,0.0,1.1107,3.191
209,4.9,16.0,0.0,1.923,3.1925
210,6.8,22.0,0.0,2.6256,3.1969
211,17.7,28.0,0.0,5.7611,4.1045
212,19.1,36.0,0.0,6.1141,4.2923
213,15.6,22.0,0.0,4.7917,4.2151
214,19.9,31.0,0.0,5.9517,4.356
215,16.6,22.0,0.0,4.8619,4.1487
216,15.6,26.0,0.0,4.6534,4.2792
217,16.4,32.0,0.0,5.2461,4.1213
218,22.4,36.0,0.0,6.7447,4.0675
219,16.2,30.0,0.0,5.1777,3.7665
220,15.1,20.0,0.0,4.5146,3.7965
221,18.1,25.0,0.0,5.4801,3.8102
222,15.0,37.0,0.0,5.1205,3.8567
223,21.0,28.0,0.0,6.3549,4.2867
224,17.2,25.0,0.0,5.0941,4.3644
225,22.1,31.0,0.0,6.44,4.5843
226,19.3,35.0,0.0,5.8547,4.3028
227,19.0,26.0,0.0,5.6358,4.5753
228,21.9,33.0,0.0,6.8016,4.2033
229,9.4,32.0,0.0,3.6351,3.378
230,13.7,29.0,0.0,4.639,3.5657
231,10.1,21.0,0.0,3.297,3.4295
232,5.3,7.0,0.0,1.6583,3.2102
233,4.4,8.0,0.0,1.4456,3.1672
234,4.7,8.0,0.0,1.5235,3.0995
235,3.9,8.0,0.0,1.3349,3.0848
236,2.8,4.0,0.0,1.0005,3.0491
237,4.6,7.0,0.0,1.4731,3.029
238,3.3,8.0,0.0,1.1921,3.0441
239,3.7,6.0,0.0,1.2196,3.0962
240,3.6,9.0,0.0,1.3785,3.1161
241,2.8,5.0,0.0,0.968,3.1846
242,4.0,8.0,0.0,1.3645,3.1231
243,4.9,9.0,0.0,1.6253,3.1291
244,4.6,7.0,0.0,1.4908,3.1245
245,4.5,8.0,0.0,1.4564,3.2255
246,4.4,6.0,0.0,1.4207,3.1863
247,4.3,6.0,0.0,1.4276,3.1556
248,5.0,10.0,0.0,1.6546,3.2096
249,5.7,8.0,0.0,1.7909,3.1907
250,5.8,12.0,0.0,1.8767,3.2166
251,7.5,25.0,0.0,2.9732,3.3284
252,9.5,21.0,0.0,3.0834,3.3088
253,10.9,15.0,0.0,3.3742,3.5753
254,15.7,28.0,0.0,4.989,3.9558
255,23.5,44.0,0.0,7.3374,4.2765
256,16.7,30.0,0.0,5.1355,4.2189
257,13.4,21.0,0.0,4.1088,4.2249
258,13.4,25.0,0.0,4.1918,3.8522
259,10.6,24.0,0.0,3.5386,3.7461
260,9.2,12.0,0.0,2.7374,3.823
261,4.6,7.0,0.0,1.5379,3.5529
262,4.2,7.0,0.0,1.4401,3.3353
263,4.1,5.0,0.0,1.3073,3.288
264,3.8,8.0,0.0,1.3519,3.2259
265,4.1,7.0,0.0,1.3657,3.3314
266,4.9,8.0,0.0,1.6105,3.3623
267,4.8,8.0,0.0,1.6003,3.1734
268,3.7,6.0,0.0,1.1904,3.2172
269,3.8,6.0,0.0,1.2806,3.17
270,5.1,7.0,0.0,1.6254,3.2445
271,4.8,8.0,0.0,1.5442,3.3361
272,5.2,10.0,0.0,1.7521,3.3515
273,4.4,6.0,0.0,1.4908,3.2143
274,5.1,7.0,0.0,1.6274,3.3929
275,4.7,8.0,0.0,1.5637,3.26
276,5.1,8.0,0.0,1.619,3.3545
277,6.6,17.0,0.0,2.2992,3.6121
278,7.7,12.0,0.0,2.4186,3.9522
279,14.7,21.0,0.0,4.4441,4.4898
280,20.0,32.0,0.0,5.9816,5.4705
281,20.4,29.0,0.0,6.0697,5.0931
282,26.3,42.0,0.0,7.8576,5.0561
283,12.6,22.0,0.0,3.9897,3.553
284,9.7,20.0,0.0,3.2319,3.4049
285,6.0,12.0,0.0,1.9966,3.2012
286,4.5,7.0,0.0,1.4663,3.2796
287,4.0,7.0,0.0,1.2961,3.2399
288,3.9,7.0,0.0,1.2679,3.1927
289,4.0,6.0,0.0,1.2792,3.2709
290,3.6,5.0,0.0,1.1864,3.2404
291,3.3,5.0,0.0,1.1072,3.2037
292,4.0,7.0,0.0,1.3253,3.1505
293,3.8,9.0,0.0,1.3681,3.1824
294,4.3,7.0,0.0,1.4,3.2463
295,4.6,7.0,0.0,1.5292,3.3706
296,4.2,7.0,0.0,1.4177,3.2925
297,5.9,12.0,0.0,2.0023,3.2834
298,3.9,5.0,0.0,1.2767,3.3071
299,3.5,6.0,0.0,1.1738,3.16
300,4.3,8.0,0.0,1.4214,3.0903
301,3.9,7.0,0.0,1.2811,3.2068
302,3.7,6.0,0.0,1.1769,3.1458
303,3.4,6.0,0.0,1.1435,3.2516
304,3.6,5.0,0.0,1.156,3.2659
305,3.6,5.0,0.0,1.2288,3.2765
306,5.7,9.0,0.0,1.8264,3.3835
307,5.1,8.0,0.0,1.6704,3.2591
308,4.8,7.0,0.0,1.5131,3.2433
309,5.1,7.0,0.0,1.574,3.1877
310,5.5,11.0,0.0,1.8389,3.1368
311,4.3,7.0,0.0,1.398,3.0818
312,4.5,6.0,0.0,1.4646,3.1089
313,3.8,6.0,0.0,1.1991,3.0968
314,4.1,6.0,0.0,1.3812,3.0849
315,3.5,5.0,0.0,1.1128,3.0907
316,3.9,6.0,0.0,1.2464,3.0995
317,4.1,7.0,0.0,1.3904,3.0737
318,4.3,8.0,0.0,1.4106,3.1647
319,3.1,4.0,0.0,1.0459,3.1619
320,4.4,7.0,0.0,1.3964,3.2369
321,4.4,6.0,0.0,1.3904,3.0937
322,4.4,7.0,0.0,1.4442,3.1404
323,3.6,5.0,0.0,1.1832,3.1798
324,3.7,6.0,0.0,1.214,3.2289
325,5.5,7.0,0.0,1.7612,3.3178
326,5.0,9.0,0.0,1.6313,3.2602
327,2.9,3.0,0.0,0.9849,3.2018
328,3.5,5.0,0.0,1.1465,3.221
329,4.6,6.0,0.0,1.4893,3.2541
330,4.7,10.0,0.0,1.6264,3.207
331,4.4,6.0,0.0,1.449,3.4355
332,4.6,7.0,0.0,1.4623,3.3801
333,3.8,5.0,0.0,1.2714,3.2802
334,4.0,7.0,0.0,1.3376,3.3266
335,5.7,8.0,0.0,1.7938,3.3792
336,4.8,7.0,0.0,1.5322,3.3014
337,4.5,11.0,0.0,1.5982,3.336
338,4.0,6.0,0.0,1.2955,3.3371
339,6.5,15.0,0.0,2.2333,3.5185
340,6.3,8.0,0.0,2.043,3.4989
341,6.6,11.0,0.0,2.1038,3.4037
342,4.0,7.0,0.0,1.2983,3.3478
343,3.7,5.0,0.0,1.2091,3.2764
344,4.7,8.0,0.0,1.5101,3.3845
345,3.7,6.0,0.0,1.2121,3.4273
346,3.7,6.0,0.0,1.2157,3.3194
347,4.9,7.0,0.0,1.5419,3.4216
348,5.4,13.0,0.0,1.8238,3.3579
349,12.3,20.0,0.0,3.8574,3.8292
350,24.5,42.0,0.0,7.5147,5.4434
351,24.5,32.0,0.0,7.076,5.2964
352,24.7,47.0,0.0,7.553,5.0826
353,21.7,29.0,0.0,6.3136,4.4225
354,24.1,34.0,0.0,7.5886,4.6247
355,16.9,21.0,0.0,5.3137,4.3572
356,10.8,14.0,0.0,3.2388,3.7848
357,12.3,23.0,0.0,3.9376,3.7265
358,9.9,21.0,0.0,3.2369,3.6156
359,4.8,7.0,0.0,1.5394,3.3899
360,5.9,9.0,0.0,1.8346,3.443
361,5.4,8.0,0.0,1.6696,3.4237
362,4.6,6.0,0.0,1.4498,3.4307
363,5.3,7.0,0.0,1.7314,3.5949
364,5.7,10.0,0.0,1.8004,3.5272
365,5.3,7.0,0.0,1.635,3.6083
366,6.4,11.0,0.0,2.0483,3.5057
367,5.5,8.0,0.0,1.8021,3.5961
368,3.6,6.0,0.0,1.2236,3.4888
369,6.8,12.0,0.0,2.1684,3.4143
370,3.8,5.0,0.0,1.2322,3.4212
371,4.8,9.0,0.0,1.5855,3.5194
372,5.0,6.0,0.0,1.5353,3.265
373,4.5,7.0,0.0,1.5213,3.2123
374,4.2,8.0,0.0,1.4129,3.2354
375,3.7,7.0,0.0,1.2462,3.1568
376,3.8,5.0,0.0,1.2329,3.2503
377,3.7,6.0,0.0,1.2239,3.1586
378,4.2,6.0,0.0,1.3295,3.2955
379,5.1,9.0,0.0,1.6631,3.228
380,4.3,9.0,0.0,1.4309,3.129
381,4.8,7.0,0.0,1.5432,3.3841
382,4.4,10.0,0.0,1.5167,3.272
383,4.0,5.0,0.0,1.3122,3.2407
384,5.9,9.0,0.0,1.9238,3.3216
385,8.1,21.0,0.0,2.8207,3.5718
386,11.3,16.0,0.0,3.5403,3.819
387,21.6,27.0,0.0,6.4472,4.9083
388,19.4,27.0,0.0,5.6927,4.6633
389,21.1,27.0,0.0,6.085,4.8617
390,24.0,29.0,0.0,7.3226,5.0986
391,17.0,24.0,0.0,5.1645,4.4063
392,13.3,29.0,0.0,4.3136,3.5794
393,7.6,11.0,0.0,2.515,3.3703
394,6.4,11.0,0.0,2.1184,3.2296
395,5.0,8.0,0.0,1.6113,3.4086
396,4.1,6.0,0.0,1.321,3.2199
397,3.4,4.0,0.0,1.0954,3.1842
398,4.8,10.0,0.0,1.6001,3.2446
399,4.0,6.0,0.0,1.2963,3.4215
400,3.5,5.0,0.0,1.1546,3.3584
401,3.9,6.0,0.0,1.2689,3.2763
402,4.6,8.0,0.0,1.5619,3.3356
403,3.4,4.0,0.0,1.105,3.45
404,4.2,6.0,0.0,1.3811,3.3229
405,6.0,20.0,0.0,2.3495,3.4572
406,4.8,10.0,0.0,1.7069,3.2645
407,5.6,8.0,0.0,1.7965,3.3807
408,4.1,6.0,0.0,1.3101,3.2406
409,5.3,7.0,0.0,1.6362,3.457
410,5.8,9.0,0.0,1.7682,3.4614
411,6.4,9.0,0.0,2.0013,3.3955
412,4.7,6.0,0.0,1.5025,3.3679
413,5.6,11.0,0.0,1.7893,3.2826
414,5.0,8.0,0.0,1.6398,3.2562
415,3.6,4.0,0.0,1.1576,3.3453
416,5.4,7.0,0.0,1.737,3.4756
417,5.8,8.0,0.0,1.8601,3.3527
418,6.5,10.0,0.0,2.0517,3.3708
419,4.2,7.0,0.0,1.379,3.3279
420,5.0,8.0,0.0,1.5878,3.2499
421,5.5,10.0,0.0,1.7981,3.3027
422,3.9,6.0,0.0,1.2792,3.1988
423,4.4,6.0,0.0,1.4354,3.205
424,5.6,8.0,0.0,1.7741,3.3203
425,4.1,6.0,0.0,1.366,3.2742
426,4.2,6.0,0.0,1.3416,3.3171
427,4.6,6.0,0.0,1.4512,3.2958
428,6.8,10.0,0.0,2.1418,3.5436
429,6.4,10.0,0.0,2.0316,3.4319
430,4.9,9.0,0.0,1.5644,3.4095
431,4.4,7.0,0.0,1.4249,3.2603
432,4.0,5.0,0.0,1.3143,3.254
433,4.5,7.0,0.0,1.3987,3.1563
434,3.2,4.0,0.0,1.118,3.1448
435,3.9,6.0,0.0,1.2884,3.1009
436,4.0,5.0,0.0,1.3101,3.1182
437,6.8,13.0,0.0,2.1691,3.2561
438,8.5,19.0,0.0,2.9418,3.5056
439,14.4,22.0,0.0,4.5204,4.0665
440,16.0,28.0,0.0,4.9077,4.0038
441,11.2,14.0,0.0,3.4562,3.7433
442,11.7,19.0,0.0,3.5107,3.4978
443,9.4,19.0,0.0,3.1695,3.312
444,13.3,21.0,0.0,4.1267,3.5768
445,9.4,15.0,0.0,2.9199,3.4084
446,8.4,14.0,0.0,2.6107,3.3712
447,7.5,12.0,0.0,2.3532,3.2565
448,4.4,7.0,0.0,1.4239,3.1638
449,4.8,7.0,0.0,1.5614,3.1788
450,3.6,5.0,0.0,1.1646,3.2132
451,3.9,7.0,0.0,1.3295,3.0942
452,3.7,5.0,0.0,1.28,3.1162
453,3.6,6.0,0.0,1.2031,3.0769
454,4.3,8.0,0.0,1.4616,3.1689
455,3.3,4.0,0.0,1.1,3.2815
456,4.5,6.0,0.0,1.4221,3.2209
457,5.3,8.0,0.0,1.6887,3.2885
458,4.9,8.0,0.0,1.6163,3.239
459,3.7,5.0,0.0,1.2327,3.2563
460,6.0,8.0,0.0,1.8466,3.306
461,5.2,9.0,0.0,1.6462,3.2977
462,5.0,7.0,0.0,1.6733,3.2507
463,3.2,4.0,0.0,1.0429,3.1575
464,5.0,9.0,0.0,1.6462,3.1761
465,5.3,9.0,0.0,1.7095,3.178
466,4.9,6.0,0.0,1.5652,3.2937
467,6.1,14.0,0.0,1.9985,3.3257
468,11.4,24.0,0.0,3.7119,3.3698
469,19.2,30.0,0.0,6.0628,3.8972
470,16.4,21.0,0.0,5.1952,4.2118
471,16.0,38.0,0.0,5.2537,4.005
472,15.7,19.0,0.0,4.6743,4.1697
473,17.6,27.0,0.0,5.5189,4.3024
474,19.2,34.0,0.0,5.8687,4.203
475,18.4,29.0,0.0,5.5913,4.3487
476,15.1,24.0,0.0,4.7542,4.4026
477,17.5,35.0,0.0,5.4971,3.7872
478,7.6,13.0,0.0,2.3168,3.479
479,3.8,6.0,0.0,1.22,3.2838
480,4.8,7.0,0.0,1.4893,3.2627
481,4.5,7.0,0.0,1.4537,3.2338
482,3.9,7.0,0.0,1.3124,3.2671
483,3.8,5.0,0.0,1.1954,3.2252
484,4.3,7.0,0.0,1.4162,3.1532
485,4.4,11.0,0.0,1.542,3.1499
486,4.0,8.0,0.0,1.3739,3.1592
487,4.0,7.0,0.0,1.2835,3.1511
488,3.1,5.0,0.0,1.0618,3.1043
489,4.0,5.0,0.0,1.2904,3.1603
490,4.7,8.0,0.0,1.5903,3.2146
491,5.4,10.0,0.0,1.837,3.2257
492,3.9,8.0,0.0,1.3195,3.2005
493,5.6,7.0,0.0,1.7293,3.2302
494,4.2,6.0,0.0,1.3601,3.34
495,5.8,9.0,0.0,1.8843,3.2698
496,5.2,9.0,0.0,1.7349,3.2519
497,7.7,11.0,0.0,2.4375,3.4015
498,15.1,23.0,0.0,4.7934,4.1921
499,17.9,23.0,0.0,5.4352,4.7368
500,22.1,32.0,0.0,6.5146,5.4237
501,18.7,31.0,0.0,5.723,4.8101
502,23.8,36.0,0.0,7.0675,4.9243
503,17.4,22.0,0.0,5.2818,4.1617
504,14.3,22.0,0.0,4.4753,3.7831
505,7.6,18.0,0.0,2.5999,3.6242
506,11.3,20.0,0.0,3.6284,3.554
507,8.4,20.0,0.0,2.8674,3.4284
508,8.7,12.0,0.0,2.6949,3.386
509,9.4,19.0,0.0,3.1381,3.4319
510,12.0,24.0,0.0,3.8361,3.5225
511,11.1,21.0,0.0,3.5751,3.551
512,15.9,27.0,0.0,5.0245,3.8
513,17.8,31.0,0.0,5.6792,3.9244
514,11.3,17.0,0.0,3.5223,3.6458
515,13.8,28.0,0.0,4.4247,4.2326
516,22.1,34.0,0.0,6.8915,4.4898
517,14.6,30.0,0.0,4.7393,3.9179
518,16.1,22.0,0.0,4.8235,3.9652
519,15.6,22.0,0.0,4.5989,3.9462
520,17.0,39.0,0.0,5.6119,4.452
521,15.8,22.0,0.0,4.8449,3.9611
522,17.3,28.0,0.0,5.2985,4.1322
523,19.9,31.0,0.0,5.7946,4.3185
524,22.7,39.0,0.0,6.8064,4.5175
525,26.0,32.0,0.0,7.7439,4.5251
526,28.5,50.0,0.0,8.8806,4.7109
527,23.0,30.0,0.0,7.2744,4.7737
528,8.8,13.0,0.0,2.7276,3.68
529,5.5,9.0,0.0,1.7339,3.3601
530,4.1,9.0,0.0,1.416,3.207
531,3.1,5.0,0.0,1.0303,3.2079
532,4.5,10.0,0.0,1.5322,3.1279
533,3.8,8.0,0.0,1.3557,3.1462
534,4.5,8.0,0.0,1.4454,3.4544
535,4.3,7.0,0.0,1.4018,3.439
536,4.6,8.0,0.0,1.5362,3.4479
537,2.8,4.0,0.0,0.9828,3.5156
538,3.5,5.0,0.0,1.1581,3.4178
539,3.9,7.0,0.0,1.2635,3.2821
540,3.7,6.0,0.0,1.2301,3.344
541,4.2,6.0,0.0,1.3598,3.2925
542,3.5,6.0,0.0,1.1619,3.2244
543,4.8,8.0,0.0,1.5835,3.1628
544,5.4,10.0,0.0,1.7264,3.2073
545,3.9,7.0,0.0,1.3109,3.1805
546,3.9,6.0,0.0,1.3286,3.2637
547,5.0,7.0,0.0,1.5652,3.3204
548,3.1,5.0,0.0,1.0392,3.2709
549,4.3,6.0,0.0,1.3856,3.2527
550,4.4,7.0,0.0,1.3961,3.2658
551,3.1,5.0,0.0,1.0663,3.2756
552,4.6,6.0,0.0,1.5305,3.4921
553,4.7,7.0,0.0,1.4607,3.3284
554,4.9,8.0,0.0,1.5843,3.3188
555,4.6,6.0,0.0,1.4458,3.2006
556,5.6,8.0,0.0,1.7708,3.1819
557,3.1,5.0,0.0,1.0137,3.1557
558,3.7,5.0,0.0,1.1958,3.1976
559,3.7,7.0,0.0,1.183,3.1422
560,3.9,6.0,0.0,1.2701,3.157
561,4.9,7.0,0.0,1.5342,3.1224
562,3.9,7.0,0.0,1.2953,3.1499
563,4.2,7.0,0.0,1.3964,3.1974
564,5.2,7.0,0.0,1.6614,3.1917
565,3.4,5.0,0.0,1.1047,3.2015
566,4.8,8.0,0.0,1.6523,3.224
567,5.0,7.0,0.0,1.6041,3.2172
568,3.8,6.0,0.0,1.1991,3.2048
569,5.3,11.0,0.0,1.8337,3.2376
570,3.8,5.0,0.0,1.2635,3.1992
571,4.6,7.0,0.0,1.4657,3.2281
572,4.7,6.0,0.0,1.5224,3.2226
573,5.1,8.0,0.0,1.6286,3.1894
574,4.1,8.0,0.0,1.3689,3.2065
575,5.4,7.0,0.0,1.6736,3.2282
576,4.6,7.0,0.0,1.4702,3.3529
577,5.0,6.0,0.0,1.5199,3.2873
578,6.0,13.0,0.0,2.0109,3.3222
579,6.9,12.0,0.0,2.2159,3.4366
580,6.5,9.0,0.0,2.0464,3.4679
581,11.8,19.0,0.0,3.6223,3.6961
582,9.8,15.0,0.0,3.0715,3.567
583,7.4,9.0,0.0,2.3275,3.4584
584,11.2,15.0,0.0,3.4029,3.5864
585,11.4,19.0,0.0,3.5628,3.717
586,11.6,17.0,0.0,3.5773,4.2413
587,11.6,20.0,0.0,3.7466,4.2311
588,12.2,16.0,0.0,3.764,4.3485
589,15.2,25.0,0.0,4.6803,4.2373
590,13.8,29.0,0.0,4.4963,4.1998
591,15.1,19.0,0.0,4.762,4.5277
592,12.5,16.0,0.0,3.9539,3.7695
593,15.1,27.0,0.0,4.981,4.0358
594,11.9,15.0,0.0,3.618,3.8011
595,13.0,21.0,0.0,4.0029,3.792
596,10.0,22.0,0.0,3.2554,3.627
597,7.1,21.0,0.0,2.6173,3.4587
598,7.7,10.0,0.0,2.4684,3.3525
599,9.9,13.0,0.0,3.0843,3.3977
600,10.9,18.0,0.0,3.3903,3.4162
601,10.6,19.0,0.0,3.3959,3.4777
602,11.0,16.0,0.0,3.3754,3.5159
603,11.9,20.0,0.0,3.6807,3.5454
604,12.6,22.0,0.0,4.0559,3.7552
605,13.7,23.0,0.0,4.2374,3.8102
606,16.9,38.0,0.0,5.701,3.9063
607,17.1,27.0,0.0,5.3827,4.1221
608,29.9,68.0,0.0,9.8918,5.9861
609,21.3,46.0,0.0,6.8248,4.8364
610,18.0,30.0,0.0,5.171,4.8049
611,15.2,25.0,0.0,4.7532,4.0914
612,13.7,18.0,0.0,4.2128,3.7521
613,13.7,23.0,0.0,4.2532,3.5426
614,18.6,42.0,0.0,6.297,3.7886
615,19.3,31.0,0.0,6.1042,4.2207
616,12.2,18.0,0.0,3.7615,3.7282
617,12.0,23.0,0.0,3.8524,3.545
618,9.6,13.0,0.0,2.9647,3.6519
619,11.5,19.0,0.0,3.5284,3.416
620,5.0,10.0,0.0,1.6673,3.2288
621,4.5,7.0,0.0,1.5305,3.1844
622,3.6,6.0,0.0,1.2359,3.152
623,3.3,5.0,0.0,1.1162,3.1357
624,3.3,7.0,0.0,1.1508,3.1833
625,4.5,12.0,0.0,1.6186,3.1215
626,6.0,8.0,0.0,1.8621,3.33
627,3.7,6.0,0.0,1.2083,3.1817
628,5.7,9.0,0.0,1.8427,3.2213
629,5.8,9.0,0.0,1.8389,3.2357
630,5.2,7.0,0.0,1.6568,3.4011
631,4.0,6.0,0.0,1.3831,3.3016
632,5.0,7.0,0.0,1.6763,3.285
633,4.4,6.0,0.0,1.4309,3.2157
634,5.0,11.0,0.0,1.6645,3.2794
635,6.0,9.0,0.0,1.9701,3.4055
636,4.9,6.0,0.0,1.5124,3.343
637,5.5,11.0,0.0,1.7171,3.2995
638,4.8,8.0,0.0,1.5759,3.2574
639,10.5,50.0,0.0,5.2065,3.3241
640,9.6,22.0,0.0,3.3027,3.6568
641,14.8,26.0,0.0,4.7662,3.7989
642,12.5,18.0,0.0,4.0871,3.7609
643,14.2,31.0,0.0,4.5373,3.5271
644,11.2,16.0,0.0,3.4118,3.5304
645,15.2,20.0,0.0,4.598,3.6686
646,9.9,14.0,0.0,3.0854,3.7064
647,12.7,22.0,0.0,3.9159,3.6727
648,10.0,14.0,0.0,3.0955,3.5323
649,11.0,16.0,0.0,3.3808,3.5927
650,12.7,23.0,0.0,4.0247,4.0193
651,8.6,15.0,0.0,2.7553,3.7383
652,7.2,16.0,0.0,2.4632,3.4117
653,3.9,8.0,0.0,1.3467,3.4322
654,3.2,5.0,0.0,1.0757,3.2578
655,4.6,7.0,0.0,1.5575,3.4011
656,4.1,7.0,0.0,1.3177,3.2361
657,4.7,6.0,0.0,1.485,3.1819
658,5.3,10.0,0.0,1.7284,3.2027
659,3.6,6.0,0.0,1.2301,3.2654
660,4.0,7.0,0.0,1.4263,3.1014
661,5.3,8.0,0.0,1.7068,3.1667
662,3.7,6.0,0.0,1.2186,3.1218
663,4.0,9.0,0.0,1.3999,3.1389
664,4.4,8.0,0.0,1.4594,3.1639
665,6.0,15.0,0.0,2.0828,3.2597
666,7.0,8.0,0.0,2.1357,3.318
667,3.3,5.0,0.0,1.0945,3.2516
668,4.3,6.0,0.0,1.4136,3.2892
669,4.5,6.0,0.0,1.579,3.2653
670,4.3,7.0,0.0,1.4239,3.1624
671,5.9,8.0,0.0,1.8337,3.218
672,5.2,13.0,0.0,1.7925,3.2907
673,4.8,8.0,0.0,1.5483,3.2528
674,4.7,9.0,0.0,1.5465,3.1652
675,4.7,10.0,0.0,1.5825,3.2069
676,4.8,8.0,0.0,1.5644,3.1751
677,4.2,10.0,0.0,1.523,3.1486
678,4.9,8.0,0.0,1.6024,3.2194
679,3.5,5.0,0.0,1.1915,3.2164
680,5.8,12.0,0.0,1.9474,3.2693
681,4.3,7.0,0.0,1.4287,3.2416
682,4.5,7.0,0.0,1.4472,3.3881
683,6.1,15.0,0.0,2.0342,3.3282
684,4.9,7.0,0.0,1.5698,3.3009
685,8.2,16.0,0.0,2.7667,3.3872
686,10.2,18.0,0.0,3.2049,3.6203
687,14.1,19.0,0.0,4.0971,4.0908
688,16.6,26.0,0.0,4.9158,4.2897
689,14.1,17.0,0.0,4.3333,4.187
690,12.4,25.0,0.0,3.8121,3.8844
691,12.0,15.0,0.0,3.5732,3.7339
692,13.1,20.0,0.0,4.0316,3.5299
693,6.4,10.0,0.0,1.995,3.326
694,4.1,7.0,0.0,1.3675,3.2189
695,5.2,8.0,0.0,1.7293,3.1721
696,4.1,7.0,0.0,1.4263,3.2176
697,4.0,6.0,0.0,1.2997,3.2207
698,4.4,6.0,0.0,1.4622,3.1885
699,4.4,7.0,0.0,1.4118,3.1347
700,4.2,6.0,0.0,1.3739,3.2667
701,4.5,7.0,0.0,1.4415,3.2668
702,2.8,4.0,0.0,0.933,3.2263
703,3.8,7.0,0.0,1.2814,3.2221
704,4.7,6.0,0.0,1.534,3.1167
705,5.3,7.0,0.0,1.6643,3.3437
706,3.6,5.0,0.0,1.1482,3.2931
707,4.6,8.0,0.0,1.4379,3.2714
708,4.5,8.0,0.0,1.4398,3.2347
709,5.9,9.0,0.0,1.8572,3.2805
710,6.1,11.0,0.0,2.0726,3.2844
711,5.5,9.0,0.0,1.8145,3.1972
712,6.4,16.0,0.0,2.2825,3.3849
713,9.0,21.0,0.0,3.0245,3.4063
714,18.9,31.0,0.0,5.9386,4.0979
715,19.6,30.0,0.0,5.9966,4.718
716,21.7,37.0,0.0,6.9762,5.2093
717,16.4,24.0,0.0,5.0772,3.8072
718,13.3,26.0,0.0,4.2006,3.7471
719,11.0,18.0,0.0,3.4742,3.5384
720,7.3,12.0,0.0,2.2788,3.3089
721,4.7,6.0,0.0,1.6144,3.2331
722,5.7,8.0,0.0,1.7741,3.1651
723,4.3,5.0,0.0,1.4142,3.2138
724,4.0,5.0,0.0,1.2883,3.2446
725,3.6,6.0,0.0,1.2329,3.1817
726,4.8,9.0,0.0,1.6548,3.1618
727,4.0,6.0,0.0,1.3183,3.1226
728,3.9,10.0,0.0,1.3921,3.1546
729,3.9,5.0,0.0,1.3286,3.1342
730,3.7,5.0,0.0,1.2476,3.1518
731,4.6,6.0,0.0,1.458,3.2822
732,4.6,7.0,0.0,1.4567,3.3068
733,11.1,20.0,0.0,3.501,3.7508
734,20.6,41.0,0.0,6.7567,4.4562
735,22.3,34.0,0.0,7.0286,4.7568
736,21.2,29.0,0.0,6.1797,4.5735
737,16.2,27.0,0.0,4.8359,4.5412
738,15.3,36.0,0.0,4.9606,3.9513
739,9.7,26.0,0.0,3.3418,3.8957
740,10.6,18.0,0.0,3.3426,3.8454
741,8.5,21.0,0.0,2.866,3.7077
742,9.4,17.0,0.0,2.8476,3.6817
743,8.2,13.0,0.0,2.5427,3.4841
744,7.3,15.0,0.0,2.3879,3.2602
745,4.6,8.0,0.0,1.5302,3.2774
746,3.8,6.0,0.0,1.246,3.102
747,5.1,9.0,0.0,1.584,3.1893
748,8.0,26.0,0.0,3.0145,3.23
749,5.1,6.0,0.0,1.6457,3.1807
750,5.5,10.0,0.0,1.8036,3.3208
751,4.4,8.0,0.0,1.4663,3.2435
752,4.4,6.0,0.0,1.4443,3.2748
753,5.1,7.0,0.0,1.6333,3.386
754,5.0,7.0,0.0,1.6003,3.3041
755,5.7,10.0,0.0,1.8191,3.3705
756,3.7,7.0,0.0,1.2923,3.3436
757,6.1,12.0,0.0,2.0396,3.4234
758,8.6,21.0,0.0,3.2345,3.4115
759,12.3,22.0,0.0,3.9712,3.7044
760,21.1,28.0,0.0,6.424,4.2717
761,16.7,26.0,0.0,5.0256,4.1066
762,13.5,18.0,0.0,4.0878,3.6411
763,15.0,21.0,0.0,4.4675,3.916
764,18.9,30.0,0.0,5.835,3.8812
765,13.1,19.0,0.0,4.0682,3.8184
766,15.9,29.0,0.0,5.0742,3.7322
767,14.4,21.0,0.0,4.405,3.7701
768,14.6,19.0,0.0,4.504,3.7033
769,15.4,26.0,0.0,4.7379,3.9069
770,13.8,22.0,0.0,4.1189,3.734
771,13.7,17.0,0.0,4.0386,3.8049
772,12.5,22.0,0.0,4.0029,3.768
773,10.5,23.0,0.0,3.4482,3.6347
774,14.4,24.0,0.0,4.466,3.5822
775,11.7,22.0,0.0,3.714,3.6258
776,12.3,19.0,0.0,3.8148,3.7691
777,13.8,27.0,0.0,4.3596,3.9729
778,16.2,25.0,0.0,4.8975,3.8404
779,14.5,20.0,0.0,4.3706,3.9575
780,16.0,24.0,0.0,4.8959,3.7721
781,14.7,28.0,0.0,4.6261,3.6385
782,16.4,24.0,0.0,4.8163,3.6502
783,14.9,27.0,0.0,4.496,3.7086
784,15.9,23.0,0.0,4.8006,3.9179
785,13.7,21.0,0.0,4.1522,3.7385
786,13.5,18.0,0.0,4.117,3.8008
787,13.4,18.0,0.0,4.032,3.6789
788,14.9,23.0,0.0,4.5508,3.6767
789,13.7,20.0,0.0,4.1382,3.6816
790,16.6,27.0,0.0,4.9118,3.8611
791,14.3,24.0,0.0,4.3965,3.7381
792,13.9,19.0,0.0,4.3278,3.7221
793,13.9,19.0,0.0,4.271,3.8087
794,14.9,21.0,0.0,4.4576,3.7523
795,15.2,20.0,0.0,4.6965,3.912
796,16.0,23.0,0.0,4.8114,3.9102
797,14.0,20.0,0.0,4.1713,3.9219
798,15.8,31.0,0.0,5.048,3.8016
799,15.5,23.0,0.0,4.6196,3.8063
800,17.0,27.0,0.0,5.1542,3.8932
801,13.7,17.0,0.0,4.0313,3.8453
802,15.4,23.0,0.0,4.6196,3.8972
803,12.9,20.0,0.0,4.0346,3.6718
804,15.2,22.0,0.0,4.5564,3.6585
805,16.2,20.0,0.0,4.7979,3.6333
806,14.2,26.0,0.0,4.4229,3.6523
807,14.6,25.0,0.0,4.534,3.5768
808,14.9,21.0,0.0,4.2976,3.6036
809,15.9,37.0,0.0,5.2614,3.6819
810,14.5,18.0,0.0,4.431,3.6877
811,13.7,22.0,0.0,4.2459,3.6316
812,14.6,26.0,0.0,4.6667,3.5286
813,15.9,20.0,0.0,4.8296,3.7039
814,13.1,20.0,0.0,4.1596,3.5886
815,7.9,16.0,0.0,2.6188,3.3235
816,10.5,14.0,0.0,3.3734,3.3705
817,6.3,10.0,0.0,2.0409,3.2352
818,8.7,15.0,0.0,2.7266,3.2086
819,4.1,10.0,0.0,1.4517,3.166
820,4.1,5.0,0.0,1.2805,3.1061
821,3.1,4.0,0.0,1.044,3.1124
822,4.7,10.0,0.0,1.6536,3.1307
823,3.3,6.0,0.0,1.1629,3.1698
824,4.2,6.0,0.0,1.3747,3.1979
825,5.4,8.0,0.0,1.7083,3.1851
826,5.2,7.0,0.0,1.6904,3.2934
827,5.7,9.0,0.0,1.8682,3.1372
828,5.1,7.0,0.0,1.5366,3.1649
829,3.5,5.0,0.0,1.1832,3.1829
830,4.4,6.0,0.0,1.4276,3.1433
831,5.3,13.0,0.0,1.8029,3.19
832,4.2,6.0,0.0,1.4075,3.1671
833,4.6,7.0,0.0,1.447,3.1874
834,4.2,7.0,0.0,1.3843,3.1358
835,5.8,10.0,0.0,1.8701,3.2128
836,6.3,11.0,0.0,2.0267,3.2225
837,5.7,8.0,0.0,1.7691,3.2987
838,5.6,10.0,0.0,1.7883,3.2555
839,5.5,8.0,0.0,1.7187,3.1977
840,4.6,6.0,0.0,1.5024,3.1736
841,4.5,8.0,0.0,1.4317,3.2055
842,5.7,9.0,0.0,1.8134,3.3515
843,4.3,8.0,0.0,1.4398,3.2878
844,6.4,9.0,0.0,2.0081,3.4013
845,5.9,9.0,0.0,1.8967,3.5223
846,5.9,8.0,0.0,1.8867,3.3683
847,6.4,11.0,0.0,2.0726,3.2099
848,3.9,10.0,0.0,1.3761,3.1334
849,4.9,8.0,0.0,1.6093,3.1884
850,5.5,12.0,0.0,1.8039,3.1868
851,3.4,5.0,0.0,1.0806,3.2201
852,4.1,8.0,0.0,1.4301,3.2641
853,4.8,8.0,0.0,1.593,3.2749
854,5.1,9.0,0.0,1.6515,3.3603
855,5.5,9.0,0.0,1.7859,3.4879
856,5.7,8.0,0.0,1.8708,3.4908
857,7.6,16.0,0.0,2.4372,3.7517
858,6.6,9.0,0.0,2.0755,3.6386
859,7.4,18.0,0.0,2.4505,3.4177
860,6.0,11.0,0.0,1.9363,3.3894
861,6.2,12.0,0.0,2.0081,3.4043
862,6.5,9.0,0.0,1.9901,3.3656
863,7.9,12.0,0.0,2.4013,3.5906
864,6.4,11.0,0.0,1.9794,3.5133
865,6.2,11.0,0.0,1.9767,3.5534
866,6.0,13.0,0.0,1.9615,3.3827
867,6.8,13.0,0.0,2.252,3.4269
868,7.0,11.0,0.0,2.2177,3.5531
869,5.5,13.0,0.0,1.8628,3.2807
870,4.4,7.0,0.0,1.4462,3.241
871,4.3,8.0,0.0,1.3528,3.5783
872,4.0,6.0,0.0,1.3385,3.2117
873,4.6,9.0,0.0,1.5418,3.3037
874,4.7,7.0,0.0,1.4858,3.3084
875,4.1,6.0,0.0,1.3333,3.2892
876,4.8,9.0,0.0,1.5297,3.2358
877,5.1,7.0,0.0,1.5816,3.3507
878,8.2,12.0,0.0,2.4597,3.4062
879,5.4,8.0,0.0,1.7176,3.3547
880,4.9,7.0,0.0,1.5689,3.3134
881,4.3,6.0,0.0,1.3513,3.38
882,3.7,5.0,0.0,1.194,3.3385
883,4.4,5.0,0.0,1.4744,3.2711
884,5.3,8.0,0.0,1.6976,3.3214
885,4.7,9.0,0.0,1.5538,3.2657
886,6.2,9.0,0.0,1.926,3.2632
887,7.3,15.0,0.0,2.4261,3.5364
888,14.6,24.0,0.0,4.6049,3.9359
889,16.6,31.0,0.0,5.2384,4.1118
890,11.1,20.0,0.0,3.3486,3.927
891,6.9,9.0,0.0,2.2108,3.3798
892,4.4,5.0,0.0,1.5688,3.2747
893,3.2,4.0,0.0,1.0648,3.1959
894,3.3,6.0,0.0,1.1482,3.202
895,5.3,8.0,0.0,1.6934,3.1858
896,4.5,7.0,0.0,1.4918,3.1842
897,8.5,15.0,0.0,2.7322,3.5054
898,7.9,16.0,0.0,2.5666,3.6404
899,13.1,32.0,0.0,4.3171,3.9857
900,11.9,20.0,0.0,3.662,3.6091
901,12.4,22.0,0.0,4.0435,3.7138
902,13.8,23.0,0.0,4.5834,3.8124
903,13.1,20.0,0.0,3.9481,3.6862
904,14.0,23.0,0.0,4.4913,3.9201
905,14.3,23.0,0.0,4.3452,3.7775
906,15.5,29.0,0.0,4.9656,4.0128
907,15.0,34.0,0.0,4.985,3.8658
908,12.8,23.0,0.0,4.049,3.8722
909,20.2,39.0,0.0,6.5791,4.3548
910,18.3,24.0,0.0,5.698,4.4818
911,19.8,31.0,0.0,6.132,4.4573
912,20.3,29.0,0.0,6.2371,4.3035
913,12.9,18.0,0.0,3.8238,3.7621
914,14.2,25.0,0.0,4.5259,3.7834
915,12.0,15.0,0.0,3.7071,3.8884
916,12.6,21.0,0.0,3.7949,3.6809
917,9.9,18.0,0.0,3.1275,3.503
918,9.6,14.0,0.0,3.0565,3.5008
919,14.1,20.0,0.0,4.3345,3.6335
920,11.0,17.0,0.0,3.3796,3.6678
921,10.4,17.0,0.0,3.223,3.5542
922,7.6,22.0,0.0,2.7154,3.4216
923,11.5,21.0,0.0,3.6562,3.598
924,15.2,22.0,0.0,4.9138,4.2668
925,18.8,27.0,0.0,5.5505,4.6184
926,12.7,19.0,0.0,4.0282,4.0827
927,11.4,17.0,0.0,3.5443,4.1355
928,15.4,20.0,0.0,4.3599,4.0529
929,15.2,32.0,0.0,4.811,3.9801
930,15.7,21.0,0.0,4.7503,3.9632
931,18.3,25.0,0.0,5.5416,4.4206
932,18.6,28.0,0.0,5.4236,4.6978
933,19.3,34.0,0.0,5.9216,4.5249
934,19.0,33.0,0.0,5.8078,4.7157
935,16.6,36.0,0.0,5.5865,4.3042
936,18.9,36.0,0.0,5.7908,4.5217
937,21.7,33.0,0.0,6.471,4.6041
938,16.3,26.0,0.0,5.0273,4.9192
939,17.5,30.0,0.0,5.3529,4.4178
940,15.3,19.0,0.0,4.739,4.1796
941,7.3,14.0,0.0,2.4234,3.5618
942,12.9,16.0,0.0,4.0018,3.851
943,7.7,11.0,0.0,2.4604,3.5588
944,5.6,10.0,0.0,1.852,3.3669
945,5.5,8.0,0.0,1.7361,3.3069
946,4.7,6.0,0.0,1.5235,3.1961
947,4.3,6.0,0.0,1.4007,3.1745
948,6.4,9.0,0.0,2.0035,3.4049
949,10.7,16.0,0.0,3.2999,3.8718
950,12.3,25.0,0.0,4.0009,4.0947
951,16.3,25.0,0.0,4.8949,4.097
952,13.3,17.0,0.0,4.038,3.9662
953,16.6,22.0,0.0,4.8552,4.0545
954,16.7,24.0,0.0,5.0866,4.1656
955,17.5,25.0,0.0,5.1332,4.1403
956,15.9,23.0,0.0,4.504,4.2754
957,18.2,23.0,0.0,5.2865,4.2273
958,15.2,22.0,0.0,4.7194,4.1328
959,16.2,20.0,0.0,4.761,4.1796
960,14.8,24.0,0.0,4.595,4.1591
961,18.5,26.0,0.0,5.5777,4.0611
962,14.4,18.0,0.0,4.3044,4.0147
963,15.0,25.0,0.0,4.5963,4.2299
964,13.2,23.0,0.0,4.1369,4.2483
965,15.6,30.0,0.0,4.8573,4.1768
966,15.1,20.0,0.0,4.4707,4.2562
967,13.4,32.0,0.0,4.548,4.2498
968,16.1,26.0,0.0,4.849,3.903
969,15.1,22.0,0.0,4.433,4.0372
970,14.9,25.0,0.0,4.4035,3.838
971,13.4,28.0,0.0,4.223,3.8803
972,14.8,22.0,0.0,4.4571,3.8774
973,15.6,33.0,0.0,4.9555,4.0718
974,13.4,25.0,0.0,4.3712,3.8449
975,15.1,22.0,0.0,4.6271,3.9247
976,13.9,21.0,0.0,4.3023,3.8726
977,15.5,35.0,0.0,5.1975,3.776
978,12.5,16.0,0.0,3.8074,3.8779
979,13.0,22.0,0.0,4.134,3.7428
980,12.8,21.0,0.0,3.9698,3.648
981,14.3,19.0,0.0,4.507,3.5654
982,9.2,15.0,0.0,2.8036,3.4687
983,10.8,24.0,0.0,3.5417,3.5287
984,15.8,33.0,0.0,5.3277,3.9795
985,11.7,16.0,0.0,3.5648,3.6738
986,11.9,20.0,0.0,3.6814,3.8343
987,14.5,23.0,0.0,4.4034,3.8786
988,10.4,20.0,0.0,3.3247,3.8142
989,7.9,11.0,0.0,2.4071,3.4257
990,8.4,15.0,0.0,2.6897,3.4538
991,9.5,19.0,0.0,3.0387,3.5246
992,7.8,17.0,0.0,2.5622,3.5291
993,11.3,18.0,0.0,3.7719,3.6747
994,12.9,23.0,0.0,4.062,3.6768
995,13.3,21.0,0.0,4.2747,3.7867
996,14.2,20.0,0.0,4.37,3.842
997,13.7,21.0,0.0,4.1075,3.9455
998,16.6,23.0,0.0,5.05,3.9074
999,16.1,25.0,0.0,5.0991,3.6984
1000,14.1,24.0,0.0,4.4746,3.6517
1001,15.6,28.0,0.0,4.9157,3.6857
1002,21.2,36.0,0.0,6.7897,4.0668
1003,20.4,33.0,0.0,6.1858,3.842
1004,15.4,19.0,0.0,4.5193,3.7414
1005,15.2,27.0,0.0,4.9242,4.0703
1006,15.6,23.0,0.0,4.7962,4.1206
1007,12.1,18.0,0.0,3.6619,3.7701
1008,16.2,30.0,0.0,5.2453,4.1479
1009,17.7,30.0,0.0,5.419,4.08
1010,14.6,20.0,0.0,4.3466,4.003
1011,13.1,18.0,0.0,4.0592,4.0176
1012,14.2,31.0,0.0,4.5828,3.9063
1013,11.1,19.0,0.0,3.5661,4.1504
1014,11.0,15.0,0.0,3.4513,3.6906
1015,10.1,13.0,0.0,3.2419,3.5922
1016,13.2,22.0,0.0,4.2259,3.9081
1017,13.0,21.0,0.0,4.1624,3.8458
1018,17.8,40.0,0.0,6.0239,3.9218
1019,12.8,23.0,0.0,4.0241,3.6904
1020,13.8,24.0,0.0,4.2406,3.7378
1021,9.3,18.0,0.0,2.9502,3.4658
1022,12.1,25.0,0.0,3.7981,3.4383
1023,13.9,25.0,0.0,4.3871,3.5572
1024,16.2,25.0,0.0,5.0021,3.7242
1025,14.9,20.0,0.0,4.6641,4.0317
1026,13.2,28.0,0.0,4.2612,3.9328
1027,11.0,18.0,0.0,3.4857,3.684
1028,9.9,21.0,0.0,3.3048,3.5815
1029,12.2,21.0,0.0,3.9498,3.6622
1030,11.6,18.0,0.0,3.8474,3.7186
1031,14.3,21.0,0.0,4.1706,3.9121
1032,15.9,23.0,0.0,4.9208,4.0751
1033,19.3,32.0,0.0,6.0653,4.4401
1034,15.3,20.0,0.0,4.8118,3.8555
1035,12.9,25.0,0.0,4.2098,3.7884
1036,14.8,21.0,0.0,4.7927,3.9466
1037,15.0,24.0,0.0,4.6927,4.3186
1038,22.7,28.0,0.0,6.6727,4.6218
1039,14.2,18.0,0.0,4.529,4.3707
1040,20.0,34.0,0.0,6.2007,4.5005
1041,13.1,24.0,0.0,4.1392,3.7415
1042,19.7,34.0,0.0,6.0204,4.0665
1043,26.0,50.0,0.0,8.4107,4.5699
1044,21.8,37.0,0.0,7.0005,4.155
1045,17.7,35.0,0.0,5.6445,3.9058
1046,8.2,13.0,0.0,2.6268,3.4585
1047,5.9,9.0,0.0,1.9426,3.3693
1048,5.7,9.0,0.0,1.7912,3.5249
1049,4.8,6.0,0.0,1.4608,3.3592
1050,6.7,11.0,0.0,2.1599,3.4961
1051,6.5,11.0,0.0,2.1682,3.5356
1052,5.9,11.0,0.0,1.9754,3.472
1053,13.2,33.0,0.0,4.5486,3.9502
1054,17.3,26.0,0.0,5.3858,4.4188
1055,20.5,32.0,0.0,6.4932,4.786
1056,16.3,22.0,0.0,4.987,4.4063
1057,23.6,46.0,0.0,7.0075,4.4479
1058,15.8,29.0,0.0,4.8975,3.9771
1059,12.4,21.0,0.0,3.8854,4.0858
1060,10.0,16.0,0.0,3.1887,3.7621
1061,14.3,22.0,0.0,4.5035,3.7516
1062,13.0,17.0,0.0,4.0998,3.9587
1063,14.5,22.0,0.0,4.4786,3.833
1064,11.9,20.0,0.0,3.7121,3.542
1065,17.8,28.0,0.0,5.6824,3.8455
1066,11.0,22.0,0.0,3.5171,3.561
1067,7.8,11.0,0.0,2.382,3.3921
1068,3.0,3.0,0.0,1.1047,3.551
1069,4.1,7.0,0.0,1.3416,3.2231
1070,4.2,7.0,0.0,1.3598,3.2384
1071,4.3,8.0,0.0,1.4151,3.246
1072,5.0,9.0,0.0,1.6938,3.2478
1073,3.3,5.0,0.0,1.1232,3.2123
1074,4.1,5.0,0.0,1.3409,3.2176
1075,4.9,7.0,0.0,1.5843,3.3155
1076,4.1,7.0,0.0,1.3704,3.3832
1077,5.8,10.0,0.0,1.8815,3.3559
1078,14.7,20.0,0.0,4.5329,4.0018
1079,21.8,36.0,0.0,6.6119,4.7104
1080,18.1,32.0,0.0,5.6454,4.512
1081,19.0,24.0,0.0,5.4444,4.4005
1082,20.7,36.0,0.0,6.4829,4.584
1083,17.6,31.0,0.0,5.3617,3.9727
1084,23.9,38.0,0.0,7.2613,4.1078
1085,12.9,19.0,0.0,3.8846,3.8954
1086,15.2,21.0,0.0,4.7091,3.835
1087,17.4,30.0,0.0,5.4016,3.9282
1088,19.5,31.0,0.0,5.9099,3.9699
1089,18.0,37.0,0.0,5.7297,4.2038
1090,19.4,31.0,0.0,5.7357,4.2114
1091,16.5,30.0,0.0,5.0696,4.0451
1092,14.9,22.0,0.0,4.5714,3.9115
1093,18.8,24.0,0.0,5.7353,4.0974
1094,15.6,31.0,0.0,4.9525,4.0371
1095,14.2,27.0,0.0,4.643,4.084
1096,15.5,24.0,0.0,4.9162,3.8585
1097,13.8,18.0,0.0,4.353,3.6816
1098,16.0,33.0,0.0,5.0574,3.8898
1099,21.2,40.0,0.0,6.7813,4.3371
1100,14.7,22.0,0.0,4.4483,4.1189
1101,13.3,18.0,0.0,4.0549,3.9734
1102,17.5,33.0,0.0,5.5152,4.2808
1103,17.8,30.0,0.0,5.6201,4.2868
1104,11.9,15.0,0.0,3.6571,4.0226
1105,20.9,29.0,0.0,6.6261,4.3041
1106,13.6,20.0,0.0,4.2414,3.8945
1107,18.4,29.0,0.0,5.6388,4.0666
1108,15.3,27.0,0.0,4.6817,3.7358
1109,15.8,22.0,0.0,4.8914,4.0507
1110,18.0,31.0,0.0,5.5765,4.1549
1111,17.8,25.0,0.0,5.2551,3.8531
1112,15.8,31.0,0.0,5.019,3.6703
1113,9.2,19.0,0.0,2.9326,3.2993
1114,9.1,21.0,0.0,3.1192,3.2608
1115,15.8,31.0,0.0,4.9503,3.6283
1116,16.3,29.0,0.0,5.2195,3.8414
1117,20.3,29.0,0.0,6.3109,4.2503
1118,19.2,30.0,0.0,5.7341,4.5154
1119,9.4,13.0,0.0,2.9401,3.686
1120,7.3,12.0,0.0,2.3157,3.4028
1121,4.0,7.0,0.0,1.3379,3.3683
1122,4.8,9.0,0.0,1.6028,3.1332
1123,4.0,5.0,0.0,1.2888,3.1388
1124,5.6,7.0,0.0,1.7505,3.1513
1125,4.5,8.0,0.0,1.4746,3.2138
1126,4.3,8.0,0.0,1.4917,3.0939
1127,4.3,7.0,0.0,1.3831,3.0662
1128,4.0,5.0,0.0,1.3336,3.1636
1129,4.1,13.0,0.0,1.5574,3.1193
1130,3.9,6.0,0.0,1.3165,3.1557
1131,4.8,7.0,0.0,1.6292,3.2275
1132,6.2,11.0,0.0,1.9925,3.4245
1133,13.3,21.0,0.0,4.2559,3.7037
1134,10.9,18.0,0.0,3.4911,3.871
1135,9.1,14.0,0.0,2.8723,3.5367
1136,6.3,10.0,0.0,2.0053,3.1914
1137,9.8,15.0,0.0,3.0551,3.3366
1138,6.3,9.0,0.0,1.9729,3.2673
1139,4.4,9.0,0.0,1.5156,3.2385
1140,4.6,8.0,0.0,1.5431,3.1322
1141,4.4,6.0,0.0,1.4301,3.1515
1142,4.7,6.0,0.0,1.484,3.1897
1143,4.3,7.0,0.0,1.4149,3.161
1144,5.0,8.0,0.0,1.6206,3.2027
1145,5.7,8.0,0.0,1.785,3.3098
1146,5.7,9.0,0.0,1.8507,3.3026
1147,5.6,10.0,0.0,1.8246,3.2872
1148,8.4,21.0,0.0,2.9142,3.3361
1149,7.2,13.0,0.0,2.3069,3.5021
1150,4.5,8.0,0.0,1.4961,3.3709
1151,5.9,9.0,0.0,1.8731,3.429
1152,5.2,10.0,0.0,1.7183,3.1941
1153,4.4,7.0,0.0,1.4372,3.1524
1154,3.9,9.0,0.0,1.3759,3.1378
1155,3.6,5.0,0.0,1.1915,3.1547
1156,4.0,6.0,0.0,1.3511,3.1697
1157,4.6,8.0,0.0,1.5103,3.1666
1158,3.6,5.0,0.0,1.2327,3.1916
1159,4.8,12.0,0.0,1.7719,3.5448
1160,4.1,7.0,0.0,1.3672,3.4177
1161,5.2,11.0,0.0,1.7485,3.5423
1162,6.2,17.0,0.0,2.2104,3.5384
1163,4.0,6.0,0.0,1.2757,3.271
1164,4.5,8.0,0.0,1.5226,3.5252
1165,6.6,10.0,0.0,2.1038,3.5745
1166,4.8,7.0,0.0,1.5158,3.3996
1167,4.6,6.0,0.0,1.3901,3.2842
1168,4.7,10.0,0.0,1.6043,3.4254
1169,4.9,15.0,0.0,1.8493,3.2893
1170,4.5,7.0,0.0,1.4538,3.2247
1171,5.9,12.0,0.0,1.9195,3.2393
1172,4.9,8.0,0.0,1.5981,3.222
1173,4.1,6.0,0.0,1.299,3.2263
1174,4.2,6.0,0.0,1.3225,3.1144
1175,6.0,16.0,0.0,2.1166,3.2037
1176,15.4,18.0,0.0,4.8612,4.2275
1177,16.8,32.0,0.0,5.5997,4.732
1178,22.5,35.0,0.0,6.7021,4.7096
1179,15.7,20.0,0.0,4.7315,4.4827
1180,17.4,25.0,0.0,5.292,4.0913
1181,14.5,19.0,0.0,4.4326,4.1029
1182,15.6,22.0,0.0,4.6976,4.1109
1183,12.9,16.0,0.0,3.885,3.9766
1184,13.6,22.0,0.0,4.1575,3.9384
1185,17.4,31.0,0.0,5.239,4.0262
1186,18.6,29.0,0.0,5.5344,4.1573
1187,13.4,16.0,0.0,4.2443,4.2094
1188,7.1,10.0,0.0,2.3173,3.6783
1189,6.1,9.0,0.0,1.8974,3.475
1190,4.6,7.0,0.0,1.5235,3.4695
1191,4.5,6.0,0.0,1.4448,3.377
1192,4.5,8.0,0.0,1.4866,3.4098
1193,4.6,7.0,0.0,1.5212,3.3034
1194,4.2,6.0,0.0,1.4078,3.2927
1195,4.3,13.0,0.0,1.6276,3.2787
1196,4.3,7.0,0.0,1.4149,3.3173
1197,5.0,6.0,0.0,1.5961,3.2397
1198,3.5,6.0,0.0,1.1619,3.2
1199,3.4,6.0,0.0,1.1233,3.1071
1200,3.8,7.0,0.0,1.2574,3.1401
1201,3.4,5.0,0.0,1.1169,3.1811
1202,5.4,8.0,0.0,1.7192,3.2949
1203,4.0,8.0,0.0,1.3524,3.2784
1204,3.7,6.0,0.0,1.326,3.1667
1205,3.5,5.0,0.0,1.1954,3.1504
1206,3.8,9.0,0.0,1.337,3.1992
1207,4.3,9.0,0.0,1.4655,3.2105
1208,5.4,8.0,0.0,1.7101,3.2895
1209,5.3,7.0,0.0,1.6715,3.5451
1210,8.1,17.0,0.0,2.5437,3.8215
1211,9.3,14.0,0.0,2.812,3.8205
1212,8.1,10.0,0.0,2.5115,3.8073
1213,8.6,13.0,0.0,2.37,3.7766
1214,10.7,17.0,0.0,3.1332,3.8475
1215,14.0,25.0,0.0,4.1402,3.9684
1216,13.9,21.0,0.0,4.2749,4.3322
1217,19.9,31.0,0.0,6.0128,4.4256
1218,12.4,16.0,0.0,3.7828,3.974
1219,10.7,15.0,0.0,3.1651,3.7214
1220,16.6,29.0,0.0,5.264,3.8245
1221,13.1,20.0,0.0,3.8319,3.7326
1222,12.7,18.0,0.0,3.758,3.7512
1223,9.3,13.0,0.0,2.8001,3.8109
1224,8.1,12.0,0.0,2.5378,3.8001
1225,6.8,8.0,0.0,2.0514,3.6436
1226,7.0,11.0,0.0,2.1255,3.5301
1227,6.0,7.0,0.0,2.0202,3.6724
1228,9.0,15.0,0.0,2.7839,3.5101
1229,11.1,15.0,0.0,3.3569,3.7447
1230,10.7,20.0,0.0,3.3312,3.9213
1231,10.5,23.0,0.0,3.4638,3.6543
1232,7.5,12.0,0.0,2.347,3.6047
1233,12.2,30.0,0.0,3.9862,3.6511
1234,13.3,20.0,0.0,3.9607,3.742
1235,20.7,30.0,0.0,6.0364,4.5795
1236,18.1,30.0,0.0,5.5541,4.4122
1237,21.3,35.0,0.0,6.2758,4.6813
1238,17.9,32.0,0.0,5.4406,3.8724
1239,22.6,40.0,0.0,7.2607,4.0749
1240,12.4,19.0,0.0,3.8034,3.807
1241,11.9,29.0,0.0,3.8165,3.5605
1242,14.0,23.0,0.0,4.3081,3.5927
1243,17.3,28.0,0.0,5.4061,3.8611
1244,12.8,20.0,0.0,3.9087,3.7719
1245,8.1,13.0,0.0,2.4973,3.3928
1246,4.1,5.0,0.0,1.3433,3.264
1247,4.8,7.0,0.0,1.5025,3.2368
1248,5.9,12.0,0.0,1.9148,3.2513
1249,4.1,6.0,0.0,1.3422,3.2579
1250,5.3,8.0,0.0,1.6764,3.2971
1251,4.8,8.0,0.0,1.5677,3.2242
1252,5.0,9.0,0.0,1.711,3.3089
1253,5.6,11.0,0.0,1.9088,3.2189
1254,5.6,16.0,0.0,2.0356,3.2471
1255,6.8,10.0,0.0,2.1465,3.4471
1256,4.7,6.0,0.0,1.4448,3.186
1257,4.9,9.0,0.0,1.5855,3.2019
1258,4.3,7.0,0.0,1.3788,3.3323
1259,5.2,11.0,0.0,1.7475,3.294
1260,6.0,9.0,0.0,1.9423,3.3758
1261,9.2,15.0,0.0,2.9862,3.5795
1262,11.4,15.0,0.0,3.4782,3.9082
1263,7.7,11.0,0.0,2.3971,3.6127
1264,4.4,6.0,0.0,1.402,3.4205
1265,3.9,5.0,0.0,1.2878,3.3017
1266,2.7,6.0,0.0,0.96,3.2277
1267,4.0,5.0,0.0,1.2904,3.1802
1268,4.9,12.0,0.0,1.6736,3.1603
1269,5.2,7.0,0.0,1.711,3.1834
1270,4.6,8.0,0.0,1.5586,3.2133
1271,6.2,9.0,0.0,1.9868,3.4859
1272,4.6,12.0,0.0,1.602,3.2371
1273,4.3,6.0,0.0,1.3759,3.2057
1274,4.5,7.0,0.0,1.441,3.2414
1275,4.5,6.0,0.0,1.4412,3.3355
1276,3.8,6.0,0.0,1.253,3.4422
1277,4.1,7.0,0.0,1.4239,3.282
1278,4.9,8.0,0.0,1.6028,3.3614
1279,5.1,9.0,0.0,1.7174,3.4099
1280,4.5,8.0,0.0,1.5021,3.4473
1281,4.5,7.0,0.0,1.4274,3.4371
1282,5.5,8.0,0.0,1.6941,3.3363
1283,4.2,6.0,0.0,1.3213,3.4176
1284,3.9,6.0,0.0,1.2913,3.317
1285,5.0,8.0,0.0,1.6402,3.3628
1286,5.7,11.0,0.0,1.8725,3.2998
1287,4.6,7.0,0.0,1.4357,3.1139
1288,4.7,11.0,0.0,1.6279,3.1949
1289,5.1,11.0,0.0,1.7304,3.2189
1290,3.8,6.0,0.0,1.2764,3.1997
1291,3.9,6.0,0.0,1.2488,3.2212
1292,4.8,6.0,0.0,1.4784,3.2827
1293,4.9,9.0,0.0,1.6547,3.2893
1294,4.5,8.0,0.0,1.4986,3.2038
1295,2.5,3.0,0.0,0.9171,3.0758
1296,4.3,13.0,0.0,1.6078,3.1271
1297,4.1,7.0,0.0,1.4142,3.2063
1298,6.6,14.0,0.0,2.1316,3.3143
1299,8.1,19.0,0.0,2.6229,3.4994
1300,12.2,17.0,0.0,3.7532,3.5071
1301,14.4,26.0,0.0,4.523,3.825
1302,6.1,11.0,0.0,1.9723,3.3107
1303,6.3,8.0,0.0,1.8993,3.299
1304,4.3,6.0,0.0,1.3984,3.2721
1305,3.7,6.0,0.0,1.1732,3.1972
1306,3.5,5.0,0.0,1.148,3.1662
1307,4.2,7.0,0.0,1.3674,3.1727
1308,4.3,9.0,0.0,1.4484,3.1774
1309,3.5,5.0,0.0,1.179,3.1784
1310,3.6,8.0,0.0,1.2536,3.1535
1311,5.8,15.0,0.0,2.0857,3.1843
1312,3.7,5.0,0.0,1.2337,3.1642
1313,3.4,4.0,0.0,1.1137,3.1811
1314,4.0,5.0,0.0,1.2751,3.261
1315,3.7,5.0,0.0,1.2114,3.4456
1316,4.2,6.0,0.0,1.3964,3.3861
1317,3.9,6.0,0.0,1.2757,3.3258
1318,4.3,6.0,0.0,1.3785,3.2239
1319,6.0,10.0,0.0,1.9723,3.4571
1320,6.0,9.0,0.0,1.9487,3.3527
1321,5.9,11.0,0.0,1.8739,3.5295
1322,5.3,7.0,0.0,1.6437,3.4763
1323,3.9,6.0,0.0,1.3289,3.4592
1324,5.0,8.0,0.0,1.6756,3.3347
1325,4.0,5.0,0.0,1.275,3.3396
1326,5.2,8.0,0.0,1.653,3.3193
1327,5.4,7.0,0.0,1.7407,3.3934
1328,4.7,12.0,0.0,1.6997,3.4678
1329,5.5,9.0,0.0,1.7511,3.4887
1330,7.8,12.0,0.0,2.417,3.5079
1331,7.4,13.0,0.0,2.3185,3.7111
1332,5.7,8.0,0.0,1.8377,3.5562
1333,12.1,19.0,0.0,3.7817,4.3558
1334,21.8,35.0,0.0,6.685,5.724
1335,18.0,25.0,0.0,5.3581,5.0517
1336,19.3,27.0,0.0,5.7355,5.0433
1337,19.8,32.0,0.0,6.0635,4.5273
1338,17.0,22.0,0.0,5.0952,4.3226
1339,24.7,32.0,0.0,7.4516,4.817
1340,11.0,19.0,0.0,3.3235,3.7865
1341,8.6,13.0,0.0,2.8072,3.5527
1342,5.2,10.0,0.0,1.7562,3.3221
1343,4.6,7.0,0.0,1.5331,3.2852
1344,3.8,5.0,0.0,1.2624,3.1985
1345,4.8,10.0,0.0,1.6423,3.1987
1346,6.4,16.0,0.0,2.1697,3.3095
1347,5.1,12.0,0.0,1.7312,3.4374
1348,4.4,5.0,0.0,1.4876,3.3949
1349,3.7,5.0,0.0,1.244,3.3849
1350,4.2,7.0,0.0,1.4214,3.3544
1351,3.9,5.0,0.0,1.2757,3.2704
1352,5.3,7.0,0.0,1.671,3.5424
1353,5.3,9.0,0.0,1.7231,3.4506
1354,4.2,5.0,0.0,1.4148,3.3364
1355,5.3,6.0,0.0,1.7152,3.334
1356,6.0,10.0,0.0,1.8905,3.3345
1357,5.5,14.0,0.0,1.8906,3.2844
1358,7.3,15.0,0.0,2.3667,3.3903
1359,7.8,19.0,0.0,2.6511,3.426
1360,7.6,16.0,0.0,2.5598,3.7227
1361,7.7,15.0,0.0,2.586,3.4543
1362,6.6,10.0,0.0,2.1784,3.4744
1363,6.7,12.0,0.0,2.2825,3.5554
1364,9.5,14.0,0.0,2.9099,3.9577
1365,7.8,13.0,0.0,2.4838,3.6315
1366,6.9,14.0,0.0,2.2627,3.742
1367,6.3,13.0,0.0,2.1604,3.4639
1368,3.9,6.0,0.0,1.2726,3.4154
1369,4.8,7.0,0.0,1.5419,3.4215
1370,4.3,7.0,0.0,1.4263,3.5091
1371,5.4,9.0,0.0,1.7116,3.4775
1372,4.1,5.0,0.0,1.3168,3.4127
1373,3.5,4.0,0.0,1.1371,3.3446
1374,5.6,7.0,0.0,1.7349,3.3833
1375,8.3,15.0,0.0,2.7436,3.6255
1376,14.0,23.0,0.0,4.4486,4.398
1377,25.0,36.0,0.0,7.4212,4.7149
1378,16.8,24.0,0.0,5.0432,4.1656
1379,11.6,18.0,0.0,3.4696,3.8323
1380,10.1,19.0,0.0,3.172,3.8746
1381,6.3,8.0,0.0,2.1237,3.5533
1382,5.2,8.0,0.0,1.6815,3.403
1383,4.7,7.0,0.0,1.5431,3.2932
1384,6.2,9.0,0.0,1.8681,3.3465
1385,4.0,6.0,0.0,1.3,3.2342
1386,5.1,7.0,0.0,1.5741,3.2157
1387,5.5,11.0,0.0,1.8405,3.3186
1388,5.0,8.0,0.0,1.6031,3.23
1389,5.0,8.0,0.0,1.6328,3.2855
1390,4.8,6.0,0.0,1.5937,3.3591
1391,7.1,21.0,0.0,2.6454,3.344
1392,9.9,14.0,0.0,3.1612,3.6814
1393,15.5,22.0,0.0,4.7532,4.3801
1394,18.9,27.0,0.0,5.6842,4.7228
1395,19.3,30.0,0.0,5.7632,4.1786
1396,16.2,22.0,0.0,4.9069,4.0305
1397,17.7,27.0,0.0,5.7359,4.5436
1398,21.5,31.0,0.0,6.4304,4.2631
1399,17.7,27.0,0.0,5.3139,4.0235
1400,15.4,23.0,0.0,4.859,3.9909
1401,11.2,22.0,0.0,3.7199,3.5987
1402,8.8,14.0,0.0,2.6619,3.4509
1403,7.3,10.0,0.0,2.2336,3.3958
1404,4.6,6.0,0.0,1.485,3.2191
1405,4.5,6.0,0.0,1.4414,3.3295
1406,3.4,4.0,0.0,1.1389,3.2197
1407,5.4,9.0,0.0,1.7314,3.2127
1408,4.8,12.0,0.0,1.6727,3.2954
1409,4.3,8.0,0.0,1.444,3.2817
1410,4.2,6.0,0.0,1.2922,3.2172
1411,5.2,9.0,0.0,1.6975,3.2014
1412,4.9,7.0,0.0,1.6279,3.3063
1413,6.1,11.0,0.0,2.0139,3.3485
1414,5.4,8.0,0.0,1.7292,3.2995
1415,5.4,10.0,0.0,1.7611,3.3195
1416,9.8,21.0,0.0,3.4459,3.5064
1417,16.8,28.0,0.0,5.2841,4.3618
1418,17.3,24.0,0.0,5.2199,4.3527
1419,19.2,38.0,0.0,5.9696,4.1565
1420,15.6,27.0,0.0,4.9558,3.9022
1421,17.1,31.0,0.0,5.4644,4.0476
1422,11.2,18.0,0.0,3.3466,3.6271
1423,11.3,20.0,0.0,3.5454,3.4056
1424,5.3,10.0,0.0,1.8158,3.1918
1425,3.7,7.0,0.0,1.2114,3.1874
1426,3.4,5.0,0.0,1.0817,3.2101
1427,4.6,8.0,0.0,1.4866,3.1709
1428,4.2,6.0,0.0,1.4118,3.2055
1429,4.8,7.0,0.0,1.5445,3.1984
1430,4.1,6.0,0.0,1.3519,3.2276
1431,5.0,7.0,0.0,1.5506,3.2853
1432,6.1,10.0,0.0,1.9666,3.3885
1433,4.2,6.0,0.0,1.4431,3.3786
1434,7.3,11.0,0.0,2.2357,3.6517
1435,6.9,12.0,0.0,2.2249,3.4255
1436,8.0,16.0,0.0,2.6034,3.5142
1437,12.1,20.0,0.0,3.736,3.7687
1438,13.3,18.0,0.0,4.231,4.0878
1439,14.4,18.0,0.0,4.2536,4.5377
1440,14.7,20.0,0.0,4.4748,4.1253
1441,13.7,21.0,0.0,4.2764,4.1892
1442,19.3,28.0,0.0,5.7276,4.8885
1443,24.5,40.0,0.0,7.3762,5.3389
1444,22.2,26.0,0.0,6.4622,4.848
1445,23.4,39.0,0.0,6.9361,5.2229
1446,16.2,29.0,0.0,4.945,4.298
1447,16.8,20.0,0.0,4.891,4.1241
1448,14.5,17.0,0.0,4.3575,4.157
1449,17.7,33.0,0.0,5.59,3.9574
1450,14.8,28.0,0.0,4.6555,4.0186
1451,15.9,20.0,0.0,4.8936,3.8506
1452,9.6,14.0,0.0,3.0832,3.6661
1453,15.9,26.0,0.0,4.8491,3.9161
1454,14.5,31.0,0.0,4.5837,3.7152
1455,19.2,23.0,0.0,5.7993,3.9135
1456,11.6,24.0,0.0,3.4937,3.6895
1457,13.5,22.0,0.0,4.139,3.7735
1458,12.4,33.0,0.0,4.1679,3.8251
1459,13.3,18.0,0.0,3.9178,3.7945
1460,13.4,20.0,0.0,4.1825,3.6876
1461,15.5,40.0,0.0,5.1933,3.7017
1462,15.2,21.0,0.0,4.717,4.0952
1463,12.1,16.0,0.0,3.6633,3.769
1464,11.7,21.0,0.0,3.6821,3.756
1465,15.2,20.0,0.0,4.6795,3.7683
1466,12.8,21.0,0.0,4.0299,3.6868
1467,15.5,22.0,0.0,4.8684,3.9674
1468,13.7,18.0,0.0,4.062,3.7249
1469,13.9,22.0,0.0,4.1398,3.8454
1470,16.3,27.0,0.0,4.8977,3.8468
1471,15.0,19.0,0.0,4.6076,3.8179
1472,15.1,22.0,0.0,4.5727,3.7788
1473,14.7,24.0,0.0,4.5572,3.7441
1474,16.2,24.0,0.0,4.7121,3.7035
1475,17.3,28.0,0.0,5.1607,3.7633
1476,17.2,26.0,0.0,5.16,3.8002
1477,14.0,19.0,0.0,4.1148,3.751
1478,13.1,16.0,0.0,4.0177,3.7915
1479,13.5,24.0,0.0,4.0548,3.6978
1480,16.0,28.0,0.0,5.034,3.8055
1481,19.1,37.0,0.0,6.1877,3.8778
1482,14.2,17.0,0.0,4.2285,3.9323
1483,20.2,28.0,0.0,6.0065,3.999
1484,20.3,29.0,0.0,6.2078,3.8399
1485,13.9,17.0,0.0,4.4674,3.7615
1486,13.2,22.0,0.0,4.1256,3.7194
1487,15.2,25.0,0.0,4.8077,3.7766
1488,15.7,24.0,0.0,4.9562,3.7322
1489,19.5,35.0,0.0,5.9354,3.8733
1490,13.9,21.0,0.0,4.1183,3.7562
1491,19.6,29.0,0.0,5.9704,4.0259
1492,14.9,18.0,0.0,4.5459,3.8368
1493,14.9,19.0,0.0,4.4347,3.9
1494,13.0,18.0,0.0,3.8937,3.7857
1495,14.7,21.0,0.0,4.5275,3.7935
1496,22.9,42.0,0.0,7.0157,3.9911
1497,17.8,23.0,0.0,5.326,3.8912
1498,11.3,20.0,0.0,3.6238,3.5277
1499,11.6,22.0,0.0,3.657,3.6831
1500,15.6,31.0,0.0,4.9052,3.8825
1501,14.3,23.0,0.0,4.5153,3.9379
1502,15.3,25.0,0.0,4.7493,3.6872
1503,10.7,22.0,0.0,3.5732,3.535
1504,14.2,25.0,0.0,4.5238,3.6555
1505,18.0,31.0,0.0,5.6759,3.7248
1506,13.0,22.0,0.0,4.0196,3.7447
1507,14.6,18.0,0.0,4.4052,3.7896
1508,13.9,31.0,0.0,4.6141,3.7977
1509,14.4,25.0,0.0,4.5551,3.6673
1510,14.7,23.0,0.0,4.519,3.7322
1511,14.1,21.0,0.0,4.3766,3.7246
1512,13.8,26.0,0.0,4.2116,3.7725
1513,15.8,30.0,0.0,5.2106,3.9175
1514,19.6,29.0,0.0,6.0165,3.9968
1515,16.9,23.0,0.0,5.2256,4.3293
1516,18.6,31.0,0.0,5.6648,4.1462
1517,14.6,25.0,0.0,4.5817,4.0185
1518,17.1,48.0,0.0,6.0952,3.8848
1519,24.7,41.0,0.0,7.8601,4.5535
1520,15.6,24.0,0.0,4.6254,4.5242
1521,17.0,28.0,0.0,5.3067,4.551
1522,16.0,22.0,0.0,4.8249,4.6277
1523,17.7,20.0,0.0,5.6152,4.6451
1524,19.9,28.0,0.0,5.7808,4.4761
1525,15.0,21.0,0.0,4.4947,4.3399
1526,19.9,36.0,0.0,6.1227,4.7775
1527,22.2,34.0,0.0,6.6451,4.6063
1528,15.5,22.0,0.0,4.6368,4.3231
1529,19.8,33.0,0.0,6.0223,4.468
1530,16.2,27.0,0.0,4.8795,4.1536
1531,14.1,19.0,0.0,4.4323,3.9333
1532,16.0,24.0,0.0,5.0304,4.0258
1533,10.9,22.0,0.0,3.3735,3.7967
1534,4.9,8.0,0.0,1.593,3.4525
1535,4.9,7.0,0.0,1.5956,3.2196
1536,3.7,7.0,0.0,1.2577,3.2078
1537,4.4,7.0,0.0,1.4866,3.1126
1538,5.1,10.0,0.0,1.7081,3.1913
1539,6.4,8.0,0.0,1.9753,3.2046
1540,5.1,9.0,0.0,1.6726,3.2317
1541,6.7,10.0,0.0,2.0925,3.2739
1542,11.0,20.0,0.0,3.4821,3.6848
1543,17.5,24.0,0.0,5.3632,4.3092
1544,22.5,28.0,0.0,6.637,4.8732
1545,22.6,41.0,0.0,6.8192,4.7016
1546,16.2,22.0,0.0,4.8083,4.0336
1547,15.8,20.0,0.0,4.7345,4.246
1548,21.2,27.0,0.0,6.077,4.2384
1549,22.5,39.0,0.0,6.8593,4.1956
1550,15.0,22.0,0.0,4.6344,3.8442
1551,13.5,28.0,0.0,4.3451,3.7273
1552,10.7,32.0,0.0,3.8405,3.4782
1553,10.6,23.0,0.0,3.5179,3.4342
1554,8.4,13.0,0.0,2.6124,3.4507
1555,12.9,17.0,0.0,3.9749,3.6551
1556,8.3,12.0,0.0,2.5373,3.2602
1557,10.8,30.0,0.0,3.9666,3.4921
1558,5.5,9.0,0.0,1.8455,3.2848
1559,5.3,10.0,0.0,1.7082,3.1915
1560,4.4,7.0,0.0,1.3851,3.1911
1561,4.2,8.0,0.0,1.466,3.2109
1562,4.8,7.0,0.0,1.5292,3.1575
1563,3.3,5.0,0.0,1.1136,3.0978
1564,3.0,5.0,0.0,1.0394,3.1408
1565,4.3,6.0,0.0,1.4245,3.2274
1566,3.9,6.0,0.0,1.2728,3.2341
1567,4.4,7.0,0.0,1.4106,3.2232
1568,4.7,7.0,0.0,1.5119,3.2143
1569,5.6,7.0,0.0,1.7117,3.2804
1570,3.7,7.0,0.0,1.2688,3.1982
1571,4.7,6.0,0.0,1.4986,3.2143
1572,4.7,9.0,0.0,1.5465,3.2291
1573,4.7,7.0,0.0,1.5272,3.2188
1574,4.3,6.0,0.0,1.337,3.2248
1575,4.0,7.0,0.0,1.303,3.2354
1576,5.5,8.0,0.0,1.7453,3.2434
1577,3.7,6.0,0.0,1.2384,3.2376
1578,4.3,8.0,0.0,1.461,3.2337
1579,4.6,7.0,0.0,1.4517,3.1895
1580,3.1,5.0,0.0,1.0686,3.0785
1581,4.9,6.0,0.0,1.5124,3.1095
1582,3.3,5.0,0.0,1.0909,3.0596
1583,5.0,8.0,0.0,1.5978,3.1005
1584,6.7,14.0,0.0,2.2279,3.1831
1585,6.5,14.0,0.0,2.1627,3.2462
1586,12.7,21.0,0.0,3.9081,3.7066
1587,15.4,25.0,0.0,4.9397,4.0394
1588,13.9,21.0,0.0,4.2137,3.5866
1589,6.0,12.0,0.0,2.0655,3.1837
1590,9.0,25.0,0.0,3.4099,3.4156
1591,21.8,30.0,0.0,6.6336,4.0009
1592,18.7,40.0,0.0,6.1408,3.8309
1593,9.9,15.0,0.0,2.9614,3.321
1594,3.6,5.0,0.0,1.2246,3.136
1595,4.8,7.0,0.0,1.5446,3.1434
1596,3.5,5.0,0.0,1.1497,3.1931
1597,4.3,7.0,0.0,1.4302,3.1945
1598,4.0,5.0,0.0,1.2835,3.2284
1599,6.0,11.0,0.0,1.9099,3.1701
1600,5.4,7.0,0.0,1.8012,3.1368
1601,3.6,6.0,0.0,1.1808,3.0837
1602,4.2,7.0,0.0,1.3927,3.0937
1603,4.6,10.0,0.0,1.5678,3.177
1604,7.4,15.0,0.0,2.3979,3.3279
1605,5.9,9.0,0.0,1.8621,3.2183
1606,5.2,7.0,0.0,1.6643,3.2505
1607,5.3,8.0,0.0,1.6763,3.3001
1608,6.4,10.0,0.0,1.9876,3.2947
1609,5.5,10.0,0.0,1.797,3.2761
1610,4.3,7.0,0.0,1.4276,3.1623
1611,5.3,7.0,0.0,1.6678,3.1594
1612,4.8,11.0,0.0,1.6163,3.2274
1613,3.2,4.0,0.0,1.0886,3.1858
1614,4.2,6.0,0.0,1.4193,3.2052
1615,4.5,6.0,0.0,1.4769,3.1736
1616,3.1,4.0,0.0,1.0618,3.1629
1617,4.3,9.0,0.0,1.4728,3.1592
1618,4.2,7.0,0.0,1.3583,3.1521
1619,3.6,6.0,0.0,1.1871,3.1429
1620,3.6,6.0,0.0,1.2648,3.1504
1621,5.5,7.0,0.0,1.6763,3.183
1622,4.9,7.0,0.0,1.5844,3.2162
1623,5.2,9.0,0.0,1.711,3.2918
1624,9.3,34.0,0.0,3.8205,3.4326
1625,17.7,32.0,0.0,5.6104,3.9897
1626,18.6,47.0,0.0,6.1966,4.1773
1627,19.1,26.0,0.0,5.8534,4.3967
1628,12.6,20.0,0.0,3.8581,3.6314
1629,11.2,15.0,0.0,3.4975,3.5708
1630,10.1,17.0,0.0,3.2419,3.4258
1631,12.6,20.0,0.0,3.9711,3.5273
1632,10.3,18.0,0.0,3.2202,3.4218
1633,9.7,20.0,0.0,3.1202,3.3209
1634,4.9,8.0,0.0,1.5875,3.1916
1635,4.8,7.0,0.0,1.5119,3.2131
1636,4.2,6.0,0.0,1.3713,3.1421
1637,3.7,7.0,0.0,1.2669,3.164
1638,3.9,6.0,0.0,1.2764,3.1673
1639,4.6,7.0,0.0,1.579,3.1338
1640,3.3,9.0,0.0,1.2107,3.177
1641,3.7,5.0,0.0,1.2058,3.2035
1642,3.1,6.0,0.0,1.1,3.2179
1643,3.5,6.0,0.0,1.125,3.2115
1644,5.0,9.0,0.0,1.6696,3.1928
1645,5.4,11.0,0.0,1.7882,3.3417
1646,5.7,9.0,0.0,1.842,3.3706
1647,4.7,6.0,0.0,1.5311,3.228
1648,4.3,7.0,0.0,1.4331,3.1966
1649,4.3,6.0,0.0,1.3733,3.175
1650,4.1,7.0,0.0,1.3189,3.1624
1651,3.0,4.0,0.0,1.0127,3.1336
1652,4.0,6.0,0.0,1.2748,3.1276
1653,3.8,5.0,0.0,1.2961,3.2315
1654,4.1,7.0,0.0,1.3674,3.2958
1655,4.9,8.0,0.0,1.5516,3.2632
1656,4.5,7.0,0.0,1.4627,3.2333
1657,3.4,5.0,0.0,1.1374,3.1223
1658,5.8,17.0,0.0,2.1331,3.382
1659,11.1,22.0,0.0,3.748,3.7213
1660,13.7,20.0,0.0,4.2168,4.2914
1661,17.9,24.0,0.0,5.4484,4.3252
1662,13.5,24.0,0.0,4.3365,3.6843
1663,6.9,12.0,0.0,2.1372,3.423
1664,6.2,14.0,0.0,2.0856,3.2729
1665,4.4,7.0,0.0,1.4141,3.2318
1666,4.4,6.0,0.0,1.3831,3.2088
1667,3.7,6.0,0.0,1.2124,3.37
1668,4.7,7.0,0.0,1.5865,3.2948
1669,3.7,6.0,0.0,1.2669,3.3144
1670,5.4,8.0,0.0,1.7322,3.3009
1671,4.1,12.0,0.0,1.5015,3.2297
1672,4.7,8.0,0.0,1.5209,3.4432
1673,3.5,5.0,0.0,1.1304,3.3876
1674,3.2,4.0,0.0,1.0651,3.2602
1675,3.7,5.0,0.0,1.2268,3.4021
1676,5.1,8.0,0.0,1.6103,3.2849
1677,4.1,6.0,0.0,1.3379,3.4077
1678,4.7,7.0,0.0,1.4655,3.5748
1679,4.0,5.0,0.0,1.3298,3.3762
1680,4.5,7.0,0.0,1.4259,3.3096
1681,3.9,7.0,0.0,1.3027,3.3757
1682,4.7,7.0,0.0,1.5172,3.2048
1683,3.8,5.0,0.0,1.249,3.21
1684,3.8,5.0,0.0,1.2726,3.1762
1685,4.2,6.0,0.0,1.3744,3.3379
1686,4.3,6.0,0.0,1.382,3.4105
1687,5.4,9.0,0.0,1.7505,3.3856
1688,3.8,5.0,0.0,1.2828,3.3393
1689,3.7,5.0,0.0,1.2408,3.2937
1690,4.5,11.0,0.0,1.5721,3.3842
1691,4.2,8.0,0.0,1.405,3.4036
1692,4.5,6.0,0.0,1.4483,3.2949
1693,5.1,7.0,0.0,1.5949,3.3385
1694,5.4,7.0,0.0,1.7215,3.28
1695,8.1,15.0,0.0,2.5693,3.511
1696,8.5,17.0,0.0,2.77,3.4494
1697,8.2,25.0,0.0,3.0322,3.5708
1698,14.8,28.0,0.0,4.7484,3.8691
1699,20.2,38.0,0.0,6.2577,4.1559
1700,14.2,20.0,0.0,4.4919,3.9493
1701,19.2,34.0,0.0,5.9806,3.994
1702,19.3,22.0,0.0,5.5935,4.0954
1703,13.8,17.0,0.0,4.1768,4.0237
1704,17.3,31.0,0.0,5.4688,4.0407
1705,22.2,35.0,0.0,6.71,4.1395
1706,22.7,29.0,0.0,6.8479,4.5962
1707,19.2,30.0,0.0,6.0902,4.33
1708,16.7,21.0,0.0,5.1232,3.9212
1709,10.3,14.0,0.0,3.0533,3.6257
1710,12.4,18.0,0.0,3.6658,3.7855
1711,19.3,29.0,0.0,5.7155,3.9504
1712,16.9,28.0,0.0,5.0647,4.2288
1713,17.5,42.0,0.0,5.7463,4.0393
1714,16.4,22.0,0.0,4.869,4.1023
1715,17.5,25.0,0.0,5.1699,4.1379
1716,16.8,30.0,0.0,5.0742,4.0157
1717,15.2,24.0,0.0,4.6228,3.973
1718,13.1,29.0,0.0,4.1737,3.773
1719,12.6,23.0,0.0,3.915,3.8213
1720,12.4,21.0,0.0,3.9911,3.7795
1721,11.4,17.0,0.0,3.4319,3.6857
1722,16.3,31.0,0.0,4.9505,3.8601
1723,15.8,25.0,0.0,4.8059,3.9783
1724,12.4,19.0,0.0,3.8765,3.727
1725,19.2,30.0,0.0,5.8634,4.089
1726,16.9,24.0,0.0,5.1226,4.0309
1727,15.1,20.0,0.0,4.7125,3.9634
1728,17.4,25.0,0.0,5.153,4.1009
1729,21.5,34.0,0.0,6.5793,4.2217
1730,20.0,33.0,0.0,6.0717,4.47
1731,23.1,31.0,0.0,7.0331,4.5469
1732,18.9,27.0,0.0,5.7082,4.0812
1733,17.2,22.0,0.0,4.9787,4.1572
1734,14.4,21.0,0.0,4.4688,3.935
1735,18.5,50.0,0.0,6.4411,4.0791
1736,11.6,22.0,0.0,3.7146,3.9208
1737,12.8,26.0,0.0,4.1113,3.7333
1738,10.6,18.0,0.0,3.4011,3.5946
1739,10.3,18.0,0.0,3.286,3.5785
1740,9.3,22.0,0.0,3.1157,3.4832
1741,19.0,30.0,0.0,5.7091,3.844
1742,18.0,26.0,0.0,5.564,4.1978
1743,15.5,21.0,0.0,4.7632,3.9095
1744,14.8,20.0,0.0,4.5133,3.7731
1745,11.8,21.0,0.0,3.6668,3.719
1746,13.0,16.0,0.0,4.017,3.7392
1747,13.8,23.0,0.0,4.2948,3.6415
1748,14.0,18.0,0.0,4.1964,3.7909
1749,15.8,25.0,0.0,4.8437,3.9578
1750,13.2,18.0,0.0,4.0234,3.8092
1751,13.0,24.0,0.0,4.27,3.6471
1752,12.8,21.0,0.0,3.9893,3.3845
1753,12.4,28.0,0.0,4.0241,3.5321
1754,9.3,13.0,0.0,2.9526,3.5231
1755,16.4,31.0,0.0,5.155,3.7619
1756,11.6,19.0,0.0,3.6454,3.6644
1757,11.4,19.0,0.0,3.5198,3.5014
1758,8.4,13.0,0.0,2.6025,3.4207
1759,7.8,19.0,0.0,2.6249,3.3478
1760,5.2,7.0,0.0,1.6963,3.2961
1761,4.3,7.0,0.0,1.4361,3.2538
1762,4.4,6.0,0.0,1.3964,3.1895
1763,3.6,6.0,0.0,1.1701,3.2061
1764,3.7,5.0,0.0,1.2327,3.2315
1765,3.6,5.0,0.0,1.1601,3.1795
1766,4.7,6.0,0.0,1.5233,3.1733
1767,3.0,4.0,0.0,1.0255,3.1515
1768,4.3,9.0,0.0,1.4743,3.1638
1769,4.9,9.0,0.0,1.569,3.2782
1770,5.1,7.0,0.0,1.621,3.3695
1771,5.2,9.0,0.0,1.6462,3.3085
1772,4.7,6.0,0.0,1.509,3.2284
1773,4.1,5.0,0.0,1.346,3.1935
1774,5.0,11.0,0.0,1.6484,3.126
1775,4.7,8.0,0.0,1.5355,3.1772
1776,5.0,7.0,0.0,1.5483,3.1734
1777,2.9,4.0,0.0,0.9734,3.1519
1778,3.8,6.0,0.0,1.2369,3.145
1779,4.9,8.0,0.0,1.5747,3.183
1780,3.0,4.0,0.0,1.019,3.2278
1781,4.3,8.0,0.0,1.4047,3.2413
1782,5.2,13.0,0.0,1.8187,3.196
1783,5.0,8.0,0.0,1.6081,3.2154
1784,4.6,7.0,0.0,1.5,3.2526
1785,4.6,5.0,0.0,1.4526,3.3266
1786,5.4,8.0,0.0,1.6978,3.2895
1787,6.0,10.0,0.0,1.9255,3.2551
1788,8.0,14.0,0.0,2.6053,3.3955
1789,6.4,12.0,0.0,2.0694,3.3428
1790,5.5,11.0,0.0,1.8572,3.3103
1791,5.3,7.0,0.0,1.6925,3.389
1792,5.4,9.0,0.0,1.7703,3.415
1793,5.4,9.0,0.0,1.721,3.2014
1794,6.5,8.0,0.0,1.9955,3.3022
1795,5.6,9.0,0.0,1.7965,3.3928
1796,6.4,13.0,0.0,2.0706,3.4744
1797,6.2,8.0,0.0,1.8921,3.4025
1798,3.6,5.0,0.0,1.1598,3.3324
1799,3.5,6.0,0.0,1.1567,3.32
1800,5.5,9.0,0.0,1.8288,3.2874
1801,4.1,6.0,0.0,1.3883,3.2931
1802,6.4,14.0,0.0,2.2159,3.341
1803,10.3,23.0,0.0,3.4915,3.5848
1804,16.8,31.0,0.0,5.2674,3.9528
1805,18.8,25.0,0.0,5.5877,4.1867
1806,23.5,38.0,0.0,7.4115,4.2204
1807,8.8,16.0,0.0,2.8555,3.3984
1808,6.5,13.0,0.0,2.0874,3.3115
1809,4.9,7.0,0.0,1.6165,3.3114
1810,5.1,8.0,0.0,1.5832,3.2738
1811,4.7,6.0,0.0,1.475,3.2914
1812,3.9,6.0,0.0,1.3528,3.2746
1813,4.4,6.0,0.0,1.348,3.1773
1814,4.1,7.0,0.0,1.3212,3.1965
1815,5.2,8.0,0.0,1.6764,3.2698
1816,4.0,6.0,0.0,1.3713,3.1385
1817,4.0,6.0,0.0,1.2781,3.1813
1818,3.5,4.0,0.0,1.1227,3.1463
1819,3.1,5.0,0.0,1.0757,3.2112
1820,3.6,6.0,0.0,1.3192,3.25
1821,4.5,7.0,0.0,1.4567,3.1851
1822,4.0,9.0,0.0,1.3992,3.1753
1823,4.4,6.0,0.0,1.3955,3.2287
1824,4.6,7.0,0.0,1.5041,3.2409
1825,4.6,6.0,0.0,1.4839,3.2366
1826,3.6,6.0,0.0,1.2303,3.2022
1827,3.1,5.0,0.0,0.9902,3.2533
1828,3.9,6.0,0.0,1.233,3.2244
1829,4.6,6.0,0.0,1.5146,3.2241
1830,4.2,6.0,0.0,1.3177,3.2119
1831,5.1,9.0,0.0,1.6739,3.2197
1832,4.9,8.0,0.0,1.6067,3.2351
1833,4.6,7.0,0.0,1.4722,3.2204
1834,3.7,6.0,0.0,1.2369,3.1919
1835,4.8,8.0,0.0,1.5542,3.3239
1836,5.6,10.0,0.0,1.8423,3.3875
1837,3.4,5.0,0.0,1.1223,3.267
1838,5.5,9.0,0.0,1.785,3.2677
1839,5.0,7.0,0.0,1.5991,3.4053
1840,4.7,7.0,0.0,1.5403,3.3432
1841,5.2,7.0,0.0,1.6564,3.4284
1842,4.8,7.0,0.0,1.5492,3.3518
1843,4.7,10.0,0.0,1.5956,3.2753
1844,4.0,6.0,0.0,1.3144,3.4934
1845,5.2,8.0,0.0,1.6023,3.3081
1846,5.9,8.0,0.0,1.8149,3.3243
1847,9.3,13.0,0.0,2.9294,3.7413
1848,12.1,17.0,0.0,3.5637,3.6962
1849,23.7,35.0,0.0,7.2632,4.2909
1850,24.0,32.0,0.0,7.3117,4.4791
1851,17.6,40.0,0.0,5.9266,4.3039
1852,12.9,17.0,0.0,3.9802,4.0135
1853,19.9,37.0,0.0,6.2189,4.2035
1854,21.7,33.0,0.0,6.7064,4.5003
1855,23.1,40.0,0.0,7.3333,4.4336
1856,17.0,30.0,0.0,5.4766,3.9766
1857,15.8,29.0,0.0,4.9747,4.0045
1858,15.6,34.0,0.0,5.1049,3.8092
1859,9.1,19.0,0.0,2.9916,3.637
1860,8.8,12.0,0.0,2.8479,3.5326
1861,14.4,22.0,0.0,4.5343,3.7976
1862,19.8,30.0,0.0,6.0717,4.1154
1863,19.6,27.0,0.0,6.0858,4.4845
1864,18.5,34.0,0.0,5.8224,4.2934
1865,14.7,21.0,0.0,4.7823,4.0843
1866,22.4,52.0,0.0,7.2256,4.2877
1867,16.0,25.0,0.0,4.8685,3.9449
1868,12.3,17.0,0.0,3.9332,3.9871
1869,14.2,22.0,0.0,4.3097,3.9722
1870,15.1,22.0,0.0,4.306,3.9783
1871,17.4,23.0,0.0,5.0715,4.2558
1872,15.6,24.0,0.0,4.799,4.2189
1873,21.4,28.0,0.0,6.2912,4.3291
1874,18.0,24.0,0.0,5.3505,4.2903
1875,19.3,34.0,0.0,5.8519,4.069
1876,24.4,50.0,0.0,7.5671,4.6122
1877,25.9,36.0,0.0,7.799,4.6394
1878,22.5,44.0,0.0,6.6334,4.7184
1879,22.7,31.0,0.0,6.6699,4.6895
1880,17.7,25.0,0.0,5.4396,4.4795
1881,19.1,28.0,0.0,5.6999,4.4931
1882,25.3,39.0,0.0,7.721,4.9227
1883,18.9,42.0,0.0,6.1506,4.4285
1884,24.8,32.0,0.0,7.0866,4.7194
1885,24.8,37.0,0.0,7.7606,5.2329
1886,26.9,38.0,0.0,7.9381,5.3964
1887,20.3,28.0,0.0,6.0334,4.7812
1888,19.2,30.0,0.0,5.8534,4.4933
1889,21.2,27.0,0.0,6.1863,4.3679
1890,15.9,25.0,0.0,4.6844,4.3672
1891,16.5,35.0,0.0,5.3128,4.2904
1892,15.2,23.0,0.0,4.4504,4.3345
1893,18.8,29.0,0.0,5.5972,4.0935
1894,16.7,24.0,0.0,4.8597,4.3037
1895,14.3,25.0,0.0,4.2711,3.8984
1896,18.1,27.0,0.0,5.355,4.2728
1897,19.5,41.0,0.0,6.1579,4.2099
1898,16.8,29.0,0.0,5.2286,4.1669
1899,21.2,33.0,0.0,6.4185,4.1013
1900,17.0,26.0,0.0,5.1427,3.9328
1901,17.6,33.0,0.0,5.6041,3.8689
1902,10.6,20.0,0.0,3.3855,3.6659
1903,7.6,12.0,0.0,2.3429,3.4319
1904,7.5,23.0,0.0,2.7901,3.4575
1905,13.3,20.0,0.0,4.1733,3.7759
1906,16.3,25.0,0.0,5.0017,4.1536
1907,21.5,36.0,0.0,6.5412,4.3218
1908,21.7,29.0,0.0,6.4138,4.7223
1909,22.5,31.0,0.0,7.0106,4.4453
1910,18.8,33.0,0.0,5.9406,3.9699
1911,5.2,7.0,0.0,1.5754,3.2894
1912,4.4,5.0,0.0,1.3642,3.2234
1913,3.7,6.0,0.0,1.2703,3.2485
1914,4.5,7.0,0.0,1.4967,3.2891
1915,4.7,6.0,0.0,1.6053,3.2266
1916,5.2,7.0,0.0,1.6978,3.2265
1917,5.3,7.0,0.0,1.6793,3.2902
1918,4.2,8.0,0.0,1.42,3.2125
1919,5.0,7.0,0.0,1.6401,3.4291
1920,5.8,8.0,0.0,1.8809,3.4153
1921,5.3,8.0,0.0,1.7171,3.3399
1922,5.6,12.0,0.0,1.8385,3.3048
1923,4.3,6.0,0.0,1.3964,3.2371
1924,4.9,9.0,0.0,1.6023,3.341
1925,5.5,14.0,0.0,1.9031,3.3679
1926,5.5,9.0,0.0,1.7514,3.2975
1927,11.7,33.0,0.0,4.2703,3.813
1928,9.8,14.0,0.0,2.9637,3.7413
1929,9.6,17.0,0.0,3.0196,3.8153
1930,13.4,20.0,0.0,4.2605,3.9698
1931,17.4,26.0,0.0,5.3784,4.0752
1932,16.2,24.0,0.0,4.728,4.1814
1933,16.8,29.0,0.0,5.086,4.0328
1934,16.8,34.0,0.0,5.1146,4.0917
1935,13.4,21.0,0.0,4.0596,3.9314
1936,14.4,22.0,0.0,4.3536,4.0837
1937,14.2,19.0,0.0,4.3667,4.1639
1938,18.5,26.0,0.0,5.5062,4.3872
1939,13.2,16.0,0.0,3.9349,4.1283
1940,13.1,23.0,0.0,4.0262,3.7488
1941,10.3,19.0,0.0,3.2072,3.598
1942,9.5,13.0,0.0,2.8695,3.6311
1943,10.4,17.0,0.0,3.2597,3.6042
1944,8.8,14.0,0.0,2.8496,3.6429
1945,10.3,20.0,0.0,3.2889,3.5677
1946,8.1,13.0,0.0,2.6005,3.4633
1947,4.2,6.0,0.0,1.4239,3.3675
1948,4.5,7.0,0.0,1.46,3.2756
1949,4.6,8.0,0.0,1.4965,3.3199
1950,4.4,9.0,0.0,1.5524,3.2408
1951,3.6,5.0,0.0,1.1856,3.1838
1952,3.4,5.0,0.0,1.1301,3.2003
1953,4.3,5.0,0.0,1.3524,3.2097
1954,3.3,7.0,0.0,1.1489,3.2091
1955,5.0,9.0,0.0,1.6308,3.2663
1956,5.3,7.0,0.0,1.6934,3.3024
1957,3.4,5.0,0.0,1.0989,3.2521
1958,3.7,5.0,0.0,1.2268,3.1682
1959,3.5,5.0,0.0,1.2164,3.2172
1960,4.9,6.0,0.0,1.588,3.2499
1961,4.3,9.0,0.0,1.4716,3.1923
1962,4.6,9.0,0.0,1.5601,3.2744
1963,4.8,8.0,0.0,1.5853,3.2571
1964,4.3,7.0,0.0,1.3574,3.2103
1965,4.2,10.0,0.0,1.4169,3.2346
1966,4.0,6.0,0.0,1.3638,3.2105
1967,4.1,9.0,0.0,1.42,3.2466
1968,4.1,6.0,0.0,1.3748,3.2179
1969,4.0,9.0,0.0,1.3803,3.1912
1970,4.4,8.0,0.0,1.4655,3.1904
1971,4.7,8.0,0.0,1.501,3.2315
1972,4.3,6.0,0.0,1.3863,3.2021
1973,3.3,4.0,0.0,1.0724,3.2268
1974,4.5,6.0,0.0,1.4481,3.3001
1975,3.2,5.0,0.0,1.0677,3.2308
1976,3.5,4.0,0.0,1.1548,3.2482
1977,5.5,14.0,0.0,1.9205,3.2985
1978,4.5,7.0,0.0,1.4329,3.2666
1979,4.2,6.0,0.0,1.3638,3.2877
1980,5.2,7.0,0.0,1.6332,3.3027
1981,5.4,9.0,0.0,1.7854,3.3023
1982,3.8,7.0,0.0,1.2657,3.2958
1983,4.1,8.0,0.0,1.382,3.2481
1984,4.4,7.0,0.0,1.4357,3.3089
1985,4.5,6.0,0.0,1.4281,3.3238
1986,5.3,10.0,0.0,1.7793,3.3401
1987,6.7,12.0,0.0,2.1506,3.3985
1988,6.2,8.0,0.0,1.9969,3.4866
1989,8.3,13.0,0.0,2.6024,3.6613
1990,7.3,9.0,0.0,2.3237,3.6156
1991,6.9,11.0,0.0,2.2467,3.3265
1992,4.3,6.0,0.0,1.4239,3.1767
1993,3.8,9.0,0.0,1.3544,3.2297
1994,4.2,7.0,0.0,1.373,3.1934
1995,2.7,4.0,0.0,0.96,3.2144
1996,4.0,8.0,0.0,1.3483,3.2081
1997,4.6,8.0,0.0,1.5145,3.2712
1998,4.2,8.0,0.0,1.4118,3.3514
1999,4.2,5.0,0.0,1.3688,3.4437
2000,4.9,9.0,0.0,1.608,3.3551
2001,8.6,22.0,0.0,2.9579,3.6157
2002,8.2,16.0,0.0,2.817,3.4386
2003,12.1,25.0,0.0,3.9117,3.8754
2004,12.7,20.0,0.0,4.1533,4.2332
2005,13.1,18.0,0.0,3.8185,4.594
2006,22.6,34.0,0.0,6.605,5.1154
2007,26.6,37.0,0.0,7.9774,4.943
2008,20.5,31.0,0.0,5.8379,4.7409
2009,21.9,30.0,0.0,6.5788,4.8146
2010,19.5,26.0,0.0,5.67,4.939
2011,17.9,29.0,0.0,5.5252,4.519
2012,15.0,35.0,0.0,5.1487,4.0234
2013,20.7,36.0,0.0,6.4512,4.7527
2014,10.8,19.0,0.0,3.363,3.9044
2015,15.1,22.0,0.0,4.5564,4.3022
2016,5.7,9.0,0.0,1.7521,3.4857
2017,4.4,5.0,0.0,1.2789,3.4883
2018,4.9,12.0,0.0,1.6993,3.5062
2019,3.8,5.0,0.0,1.249,3.3978
2020,5.4,8.0,0.0,1.7164,3.333
2021,4.7,10.0,0.0,1.5766,3.4452
2022,4.3,6.0,0.0,1.3637,3.4188
2023,5.3,10.0,0.0,1.7105,3.2951
2024,4.7,8.0,0.0,1.5684,3.3209
2025,3.9,8.0,0.0,1.3349,3.4149
2026,3.7,5.0,0.0,1.2748,3.3584
2027,5.5,13.0,0.0,1.9462,3.3272
2028,3.4,5.0,0.0,1.1079,3.3551
2029,4.8,9.0,0.0,1.5301,3.3274
2030,5.0,7.0,0.0,1.6276,3.3767
2031,4.1,12.0,0.0,1.5678,3.2932
2032,5.4,8.0,0.0,1.755,3.4042
2033,5.2,7.0,0.0,1.6043,3.3242
2034,4.8,10.0,0.0,1.5893,3.3
2035,4.8,7.0,0.0,1.5716,3.3878
2036,3.8,5.0,0.0,1.2322,3.3039
2037,4.3,7.0,0.0,1.393,3.2499
2038,3.5,7.0,0.0,1.2073,3.3775
2039,3.9,5.0,0.0,1.26,3.4036
2040,3.9,6.0,0.0,1.3119,3.2701
2041,3.5,5.0,0.0,1.1584,3.2079
2042,4.5,7.0,0.0,1.4579,3.2514
2043,4.2,7.0,0.0,1.426,3.3829
2044,4.5,6.0,0.0,1.4687,3.3124
2045,4.1,5.0,0.0,1.3529,3.2327
2046,3.9,8.0,0.0,1.315,3.1829
2047,4.5,6.0,0.0,1.4078,3.164
2048,5.4,9.0,0.0,1.7275,3.2198
2049,4.5,5.0,0.0,1.5366,3.2283
2050,3.8,7.0,0.0,1.2805,3.2392
2051,6.2,9.0,0.0,2.0399,3.3165
2052,4.6,6.0,0.0,1.4284,3.3048
2053,3.8,7.0,0.0,1.3444,3.3297
2054,3.4,5.0,0.0,1.1738,3.2401
2055,4.6,8.0,0.0,1.4945,3.31
2056,4.6,7.0,0.0,1.4992,3.3131
2057,5.5,10.0,0.0,1.7826,3.3718
2058,6.7,12.0,0.0,2.2198,3.4358
2059,5.3,8.0,0.0,1.715,3.3615
2060,5.4,9.0,0.0,1.6976,3.2852
2061,6.3,15.0,0.0,2.1463,3.2206
2062,4.1,6.0,0.0,1.35,3.2543
2063,4.5,9.0,0.0,1.4892,3.1927
2064,4.7,6.0,0.0,1.5141,3.3071
2065,4.9,6.0,0.0,1.5256,3.333
2066,4.7,11.0,0.0,1.5878,3.417
2067,5.1,11.0,0.0,1.7117,3.4311
2068,7.2,15.0,0.0,2.323,3.521
2069,8.3,15.0,0.0,2.6707,3.7776
2070,20.6,28.0,0.0,6.538,4.982
2071,20.9,23.0,0.0,6.5135,4.9391
2072,30.6,42.0,0.0,8.7879,5.6217
2073,19.4,27.0,0.0,5.2422,5.0709
2074,16.6,20.0,0.0,4.6858,4.475
2075,17.7,34.0,0.0,5.3473,4.1911
2076,19.0,24.0,0.0,5.7533,4.0812
2077,20.1,26.0,0.0,5.9951,4.5846
2078,15.1,21.0,0.0,4.4663,4.3466
2079,14.7,30.0,0.0,4.6872,4.0893
2080,16.0,29.0,0.0,5.0102,3.9535
2081,12.9,22.0,0.0,4.0029,3.8661
2082,16.4,33.0,0.0,5.1888,4.1047
2083,25.4,37.0,0.0,7.7999,4.2146
2084,20.7,46.0,0.0,6.6831,4.1506
2085,18.7,22.0,0.0,5.8809,4.1464
2086,17.2,28.0,0.0,5.0545,4.2088
2087,13.3,23.0,0.0,4.2631,3.8929
2088,21.6,37.0,0.0,6.5518,4.1997
2089,13.2,20.0,0.0,3.9797,3.8383
2090,14.1,19.0,0.0,4.2977,3.848
2091,17.2,34.0,0.0,5.4081,4.0193
2092,11.5,17.0,0.0,3.4924,3.9672
2093,15.6,20.0,0.0,4.5561,4.0526
2094,16.7,22.0,0.0,4.9748,4.1403
2095,18.4,29.0,0.0,5.7265,4.1875
2096,22.4,35.0,0.0,6.7391,4.2681
2097,12.2,17.0,0.0,3.7363,3.9274
2098,17.2,30.0,0.0,5.4596,4.0543
2099,17.8,32.0,0.0,5.4852,4.0262
2100,13.7,25.0,0.0,4.2688,3.9613
2101,13.2,17.0,0.0,3.9645,3.9126
2102,19.2,25.0,0.0,5.8917,4.296
2103,15.3,21.0,0.0,4.9109,3.892
2104,18.0,30.0,0.0,5.6417,3.9001
2105,13.6,22.0,0.0,4.3414,3.6835
2106,12.9,18.0,0.0,3.9631,3.5627
2107,8.7,15.0,0.0,2.7622,3.49
2108,5.1,9.0,0.0,1.6839,3.3276
2109,5.5,8.0,0.0,1.7685,3.3193
2110,6.8,12.0,0.0,2.1633,3.3435
2111,4.7,8.0,0.0,1.5493,3.2906
2112,4.7,7.0,0.0,1.5093,3.3442
2113,4.8,7.0,0.0,1.556,3.3029
2114,6.8,14.0,0.0,2.2956,3.3499
2115,10.9,18.0,0.0,3.5268,3.7875
2116,14.2,25.0,0.0,4.4833,3.8866
2117,19.0,28.0,0.0,5.9184,4.259
2118,22.0,34.0,0.0,6.7155,4.687
2119,18.8,27.0,0.0,5.5161,4.5094
2120,20.3,38.0,0.0,6.3609,4.2804
2121,18.3,24.0,0.0,5.4268,4.1765
2122,18.7,29.0,0.0,5.4836,4.205
2123,20.7,36.0,0.0,6.4919,4.3339
2124,19.8,29.0,0.0,5.7135,4.4198
2125,20.5,29.0,0.0,5.8834,4.65
2126,18.6,23.0,0.0,5.2928,4.852
2127,16.9,22.0,0.0,5.2662,4.3213
2128,20.2,28.0,0.0,6.2734,4.47
2129,15.6,26.0,0.0,4.8921,3.7428
2130,6.2,14.0,0.0,2.0697,3.4547
2131,5.6,10.0,0.0,1.7594,3.287
2132,4.8,7.0,0.0,1.588,3.2435
2133,4.0,6.0,0.0,1.3143,3.2147
2134,3.5,4.0,0.0,1.1993,3.2475
2135,4.1,7.0,0.0,1.3921,3.3173
2136,5.1,9.0,0.0,1.6701,3.4018
2137,3.9,6.0,0.0,1.3,3.3722
2138,5.2,10.0,0.0,1.7304,3.3149
2139,5.9,9.0,0.0,1.9092,3.4001
2140,6.5,10.0,0.0,2.0463,3.4649
2141,6.2,13.0,0.0,2.1184,3.4511
2142,6.3,14.0,0.0,2.1697,3.4707
2143,7.2,14.0,0.0,2.3204,3.6687
2144,11.1,15.0,0.0,3.4333,3.6046
2145,15.0,24.0,0.0,4.6589,3.6474
2146,10.6,14.0,0.0,3.1969,3.6878
2147,18.2,28.0,0.0,5.5499,3.9951
2148,12.4,17.0,0.0,3.6414,3.9641
2149,13.9,22.0,0.0,4.3333,3.6754
2150,12.4,24.0,0.0,4.1506,3.6296
2151,8.2,12.0,0.0,2.5807,3.3435
2152,5.5,7.0,0.0,1.7361,3.2491
2153,5.9,8.0,0.0,1.8837,3.2203
2154,4.2,7.0,0.0,1.3674,3.2048
2155,3.4,4.0,0.0,1.0772,3.2433
2156,4.2,6.0,0.0,1.3659,3.3238
2157,3.6,4.0,0.0,1.1404,3.3146
2158,3.4,4.0,0.0,1.1176,3.3049
2159,4.8,9.0,0.0,1.5868,3.2117
2160,3.8,7.0,0.0,1.2757,3.2014
2161,4.3,9.0,0.0,1.4675,3.2417
2162,5.9,7.0,0.0,1.8127,3.3466
2163,7.0,10.0,0.0,2.1817,3.4179
2164,4.7,7.0,0.0,1.4925,3.2987
2165,4.4,11.0,0.0,1.5906,3.2822
2166,4.9,9.0,0.0,1.6772,3.3179
2167,5.5,10.0,0.0,1.8016,3.3341
2168,4.2,6.0,0.0,1.4283,3.3935
2169,4.2,9.0,0.0,1.4832,3.4149
2170,3.8,5.0,0.0,1.2764,3.2006
2171,4.1,9.0,0.0,1.4104,3.1794
2172,3.5,7.0,0.0,1.2221,3.191
2173,3.7,10.0,0.0,1.3674,3.2091
2174,4.6,8.0,0.0,1.5395,3.1909
2175,3.5,6.0,0.0,1.1489,3.1857
2176,3.2,8.0,0.0,1.1864,3.1636
2177,4.8,11.0,0.0,1.643,3.1827
2178,3.7,5.0,0.0,1.26,3.1985
2179,4.0,6.0,0.0,1.3391,3.2384
2180,6.7,17.0,0.0,2.368,3.3266
2181,12.5,20.0,0.0,3.938,3.6761
2182,13.1,32.0,0.0,4.3881,3.9851
2183,13.6,19.0,0.0,4.2639,3.791
2184,15.4,23.0,0.0,4.6679,4.0064
2185,13.8,19.0,0.0,4.0716,3.9406
2186,11.6,15.0,0.0,3.4968,3.8469
2187,17.8,27.0,0.0,5.4763,4.2098
2188,17.6,29.0,0.0,5.3357,4.4114
2189,16.8,26.0,0.0,4.8371,4.2943
2190,13.5,29.0,0.0,4.3098,4.0338
2191,15.6,21.0,0.0,4.7025,4.1314
2192,18.5,35.0,0.0,5.6489,4.6792
2193,15.4,24.0,0.0,4.5725,4.2032
2194,18.1,25.0,0.0,5.2548,4.2836
2195,13.3,26.0,0.0,4.2457,3.8084
2196,10.8,15.0,0.0,3.5012,3.8048
2197,15.5,22.0,0.0,4.7301,4.1018
2198,15.0,22.0,0.0,4.4811,4.0753
2199,19.5,31.0,0.0,5.8864,4.4332
2200,23.5,47.0,0.0,7.5251,4.5511
2201,19.2,34.0,0.0,5.932,4.4704
2202,16.2,25.0,0.0,4.9568,4.2423
2203,21.5,35.0,0.0,6.4272,4.2662
2204,13.8,21.0,0.0,4.2294,3.8313
2205,13.0,19.0,0.0,4.0086,3.7809
2206,9.6,13.0,0.0,2.9768,3.7018
2207,9.5,20.0,0.0,3.0414,3.5438
2208,11.7,33.0,0.0,4.0308,3.5587
2209,8.9,13.0,0.0,2.6589,3.545
2210,7.1,10.0,0.0,2.1381,3.504
2211,5.7,8.0,0.0,1.72,3.4078
2212,5.4,8.0,0.0,1.7377,3.3726
2213,6.5,10.0,0.0,1.969,3.3998
2214,5.7,11.0,0.0,1.837,3.4098
2215,5.1,6.0,0.0,1.6016,3.4146
2216,5.7,7.0,0.0,1.7854,3.4676
2217,6.2,13.0,0.0,1.9379,3.3734
2218,5.8,9.0,0.0,1.7669,3.4711
2219,18.3,29.0,0.0,5.6269,4.064
2220,10.7,20.0,0.0,3.3935,3.5151
2221,7.2,11.0,0.0,2.1713,3.3741
2222,7.0,12.0,0.0,2.2291,3.3249
2223,8.2,12.0,0.0,2.6153,3.4002
2224,5.3,6.0,0.0,1.6636,3.3459
2225,5.4,8.0,0.0,1.7212,3.2616
2226,7.3,12.0,0.0,2.3057,3.2727
2227,4.4,6.0,0.0,1.4517,3.2309
2228,3.6,5.0,0.0,1.1871,3.2225
2229,4.7,10.0,0.0,1.5708,3.2917
2230,5.1,7.0,0.0,1.6298,3.2869
2231,6.8,16.0,0.0,2.3437,3.2871
2232,5.1,7.0,0.0,1.6248,3.2803
2233,5.3,8.0,0.0,1.7429,3.3127
2234,5.3,7.0,0.0,1.6636,3.271
2235,4.5,6.0,0.0,1.4676,3.1454
2236,5.0,9.0,0.0,1.658,3.1355
2237,4.8,7.0,0.0,1.5678,3.1734
2238,3.9,6.0,0.0,1.2735,3.2238
2239,5.7,12.0,0.0,1.9031,3.2387
2240,3.8,5.0,0.0,1.244,3.2103
2241,4.0,5.0,0.0,1.3177,3.1805
2242,4.7,8.0,0.0,1.5204,3.1732
2243,3.6,7.0,0.0,1.2403,3.1359
2244,3.7,4.0,0.0,1.1489,3.1541
2245,4.2,7.0,0.0,1.382,3.098
2246,4.9,8.0,0.0,1.5875,3.1728
2247,5.4,8.0,0.0,1.6578,3.2009
2248,5.0,11.0,0.0,1.6978,3.1995
2249,4.7,9.0,0.0,1.5749,3.2198
2250,4.2,7.0,0.0,1.4247,3.2004
2251,4.6,8.0,0.0,1.4785,3.3983
2252,5.5,10.0,0.0,1.7779,3.4579
2253,6.3,9.0,0.0,1.9969,3.3293
2254,4.9,7.0,0.0,1.5519,3.3158
2255,3.7,6.0,0.0,1.2173,3.1839
2256,4.5,9.0,0.0,1.5316,3.2368
2257,6.4,10.0,0.0,2.0099,3.4318
2258,6.4,9.0,0.0,2.0118,3.3912
2259,10.2,18.0,0.0,3.2012,3.3615
2260,10.9,15.0,0.0,3.3748,3.6502
2261,8.9,18.0,0.0,2.9441,3.3818
2262,10.5,21.0,0.0,3.2271,3.4276
2263,7.0,11.0,0.0,2.1866,3.4358
2264,12.3,25.0,0.0,3.9973,3.7446
2265,18.9,29.0,0.0,5.893,4.1029
2266,11.4,23.0,0.0,3.677,3.6019
2267,14.3,27.0,0.0,4.5528,4.0403
2268,10.8,15.0,0.0,3.4834,3.773
2269,9.7,16.0,0.0,2.9843,3.7382
2270,11.4,18.0,0.0,3.5852,3.642
2271,11.9,19.0,0.0,3.756,3.6142
2272,12.6,21.0,0.0,3.984,3.7461
2273,14.1,18.0,0.0,4.272,3.8495
2274,8.9,13.0,0.0,2.7487,3.5326
2275,9.7,19.0,0.0,3.1657,3.6065
2276,12.2,21.0,0.0,3.7395,3.6676
2277,13.0,28.0,0.0,4.1224,3.6343
2278,14.7,32.0,0.0,4.7183,3.9106
2279,10.6,16.0,0.0,3.3191,3.6867
2280,14.1,45.0,0.0,5.4118,3.6331
2281,15.3,23.0,0.0,4.7293,3.9292
2282,30.6,46.0,0.0,9.1331,4.9104
2283,24.0,34.0,0.0,6.9396,5.2633
2284,22.4,28.0,0.0,6.7086,5.5155
2285,24.6,33.0,0.0,7.1539,5.1342
2286,27.5,43.0,0.0,8.1301,5.4199
2287,18.7,27.0,0.0,5.3399,4.7574
2288,22.0,25.0,0.0,6.4021,5.1478
2289,26.1,32.0,0.0,7.3349,5.5687
2290,24.6,40.0,0.0,7.1649,5.1364
2291,22.3,27.0,0.0,6.5696,4.8762
2292,22.5,28.0,0.0,6.5767,4.8887
2293,19.4,31.0,0.0,5.6504,4.5008
2294,19.5,36.0,0.0,5.9789,4.3455
2295,16.9,19.0,0.0,4.8771,4.2684
2296,22.1,49.0,0.0,7.2085,4.2301
2297,19.3,26.0,0.0,6.0131,4.6131
2298,26.1,32.0,0.0,7.8619,5.202
2299,25.0,35.0,0.0,7.3936,5.2415
2300,19.8,28.0,0.0,6.1493,4.4726
2301,14.3,20.0,0.0,4.4219,3.9593
2302,12.9,18.0,0.0,4.0194,3.746
2303,14.7,31.0,0.0,4.6454,3.7755
2304,15.8,22.0,0.0,4.912,3.9268
2305,14.5,24.0,0.0,4.4629,3.9022
2306,14.4,28.0,0.0,4.533,3.7597
2307,13.6,24.0,0.0,4.1937,3.9181
2308,13.0,22.0,0.0,4.0994,3.6179
2309,7.8,15.0,0.0,2.5871,3.5206
2310,7.7,15.0,0.0,2.5397,3.426
2311,6.2,8.0,0.0,1.8862,3.5488
2312,4.8,10.0,0.0,1.74,3.3587
2313,5.3,9.0,0.0,1.6636,3.3744
2314,3.7,6.0,0.0,1.1948,3.315
2315,4.0,6.0,0.0,1.3143,3.2709
2316,3.6,5.0,0.0,1.1319,3.2651
2317,5.0,7.0,0.0,1.6006,3.2456
2318,4.1,8.0,0.0,1.3849,3.2409
2319,4.5,11.0,0.0,1.6155,3.3241
2320,4.7,7.0,0.0,1.5159,3.2709
2321,4.1,7.0,0.0,1.3904,3.311
2322,5.4,12.0,0.0,1.7965,3.376
2323,6.5,9.0,0.0,1.9503,3.2575
2324,4.5,8.0,0.0,1.4214,3.1917
2325,5.1,8.0,0.0,1.6138,3.1857
2326,4.8,9.0,0.0,1.6011,3.1983
2327,4.1,5.0,0.0,1.2876,3.1981
2328,4.3,7.0,0.0,1.3483,3.1922
2329,4.7,7.0,0.0,1.4955,3.1637
2330,3.4,6.0,0.0,1.1144,3.2073
2331,5.0,6.0,0.0,1.6636,3.1433
2332,4.2,6.0,0.0,1.324,3.1769
2333,6.0,11.0,0.0,1.9773,3.2076
2334,5.9,9.0,0.0,1.9652,3.3859
2335,5.1,7.0,0.0,1.5701,3.2597
2336,5.6,8.0,0.0,1.7682,3.3478
2337,5.0,6.0,0.0,1.6374,3.3431
2338,6.2,12.0,0.0,2.0071,3.278
2339,4.9,6.0,0.0,1.6031,3.4002
2340,4.6,7.0,0.0,1.4791,3.2734
2341,5.2,8.0,0.0,1.6205,3.2547
2342,5.0,7.0,0.0,1.5644,3.2568
2343,6.4,14.0,0.0,2.1405,3.3335
2344,9.5,14.0,0.0,2.935,3.386
2345,9.0,22.0,0.0,3.0631,3.5587
2346,12.7,24.0,0.0,4.0559,3.6209
2347,15.8,33.0,0.0,5.1305,4.0883
2348,17.4,22.0,0.0,5.4568,4.1492
2349,10.7,23.0,0.0,3.4161,3.5022
2350,13.3,22.0,0.0,4.2095,3.7474
2351,7.7,19.0,0.0,2.6002,3.4526
2352,10.2,16.0,0.0,3.1452,3.5153
2353,12.1,22.0,0.0,3.8076,3.6455
2354,16.3,31.0,0.0,5.195,4.0149
2355,18.4,23.0,0.0,5.6134,4.1382
2356,17.4,22.0,0.0,5.4065,4.1252
2357,17.0,22.0,0.0,5.0319,3.993
2358,16.8,31.0,0.0,5.2,4.1193
2359,16.5,31.0,0.0,5.2284,4.1018
2360,21.1,27.0,0.0,6.3467,4.1534
2361,11.8,14.0,0.0,3.7084,3.7352
2362,7.3,10.0,0.0,2.3154,3.3455
2363,9.2,14.0,0.0,2.8888,3.3798
2364,11.4,24.0,0.0,3.7064,3.6391
2365,10.5,17.0,0.0,3.3117,3.5912
2366,9.6,19.0,0.0,3.0374,3.4079
2367,5.1,8.0,0.0,1.6607,3.336
2368,5.4,9.0,0.0,1.7463,3.2787
2369,4.8,7.0,0.0,1.5665,3.2548
2370,4.1,5.0,0.0,1.3613,3.2513
2371,4.6,8.0,0.0,1.5296,3.2797
2372,4.0,6.0,0.0,1.3316,3.2366
2373,4.4,8.0,0.0,1.4866,3.2887
2374,7.9,12.0,0.0,2.4406,3.3589
2375,8.8,25.0,0.0,3.2105,3.4664
2376,13.8,19.0,0.0,4.293,3.8611
2377,13.1,17.0,0.0,3.8319,4.0292
2378,17.9,27.0,0.0,5.3327,4.3685
2379,19.8,30.0,0.0,5.593,4.4483
2380,20.8,36.0,0.0,6.1245,4.4619
2381,17.6,22.0,0.0,5.0032,4.3393
2382,17.9,26.0,0.0,5.4732,4.3807
2383,21.7,40.0,0.0,6.6852,4.2641
2384,14.3,22.0,0.0,4.3288,4.0588
2385,17.8,31.0,0.0,5.4943,3.9234
2386,14.7,35.0,0.0,4.8704,3.7748
2387,10.1,27.0,0.0,3.5862,3.5071
2388,11.9,26.0,0.0,3.9239,3.4815
2389,7.9,12.0,0.0,2.5118,3.4952
2390,7.1,10.0,0.0,2.2275,3.4657
2391,8.2,13.0,0.0,2.631,3.4492
2392,5.8,7.0,0.0,1.8954,3.3371
2393,5.9,11.0,0.0,1.8841,3.2473
2394,6.0,8.0,0.0,1.8402,3.2946
2395,9.4,19.0,0.0,2.9875,3.3983
2396,12.7,28.0,0.0,4.3509,3.6119
2397,10.1,15.0,0.0,3.1413,3.4879
2398,9.9,14.0,0.0,3.0374,3.5335
2399,8.2,25.0,0.0,3.0012,3.4811
2400,5.8,7.0,0.0,1.8068,3.3315
2401,6.5,11.0,0.0,2.0361,3.2463
2402,6.3,17.0,0.0,2.2022,3.244
2403,8.9,31.0,0.0,3.5398,3.4205
2404,11.6,17.0,0.0,3.6035,3.6813
2405,18.6,33.0,0.0,5.9256,4.2555
2406,20.4,30.0,0.0,6.1188,4.4804
2407,18.5,32.0,0.0,5.5738,4.2076
2408,19.4,26.0,0.0,5.7688,4.5325
2409,16.8,21.0,0.0,4.9545,3.9755
2410,13.7,22.0,0.0,4.2394,3.6435
2411,9.2,14.0,0.0,2.7473,3.5232
2412,11.4,16.0,0.0,3.4507,3.5673
2413,7.0,12.0,0.0,2.2184,3.3788
2414,5.3,8.0,0.0,1.6812,3.3191
2415,7.1,14.0,0.0,2.319,3.3134
2416,6.9,16.0,0.0,2.3173,3.2994
2417,7.1,11.0,0.0,2.3239,3.3115
2418,10.5,19.0,0.0,3.4208,3.4819
2419,15.0,24.0,0.0,4.7203,4.17
2420,18.7,35.0,0.0,5.8126,4.5643
2421,16.7,25.0,0.0,5.0274,4.4024
2422,12.9,19.0,0.0,3.9043,4.3505
2423,18.3,25.0,0.0,5.1924,4.292
2424,20.2,35.0,0.0,6.0727,4.1289
2425,16.8,20.0,0.0,5.1253,3.9472
2426,13.6,20.0,0.0,4.0184,3.9002
2427,13.2,19.0,0.0,4.0112,3.8621
2428,15.7,20.0,0.0,4.803,3.8839
2429,13.1,24.0,0.0,4.097,3.8246
2430,11.5,20.0,0.0,3.4681,3.6861
2431,13.3,15.0,0.0,3.9897,3.9222
2432,13.9,17.0,0.0,4.2007,4.0172
2433,15.4,26.0,0.0,4.6827,4.0185
2434,12.9,17.0,0.0,3.8496,3.8901
2435,13.4,19.0,0.0,3.8759,3.9776
2436,13.7,18.0,0.0,4.1817,3.8682
2437,13.7,17.0,0.0,4.2626,3.9377
2438,16.6,27.0,0.0,4.9689,4.0249
2439,15.5,24.0,0.0,4.5731,4.159
2440,13.9,19.0,0.0,4.1982,4.0253
2441,13.2,22.0,0.0,4.1119,3.8559
2442,16.2,24.0,0.0,4.9038,3.9847
2443,18.9,26.0,0.0,5.6896,4.058
2444,11.8,18.0,0.0,3.7185,3.7762
2445,12.8,18.0,0.0,4.1335,3.8275
2446,14.2,19.0,0.0,4.3451,4.023
2447,17.0,28.0,0.0,5.2463,3.9272
2448,16.7,23.0,0.0,5.0499,4.1249
2449,15.1,20.0,0.0,4.5262,3.9163
2450,16.0,24.0,0.0,4.8611,3.9864
2451,14.8,24.0,0.0,4.5513,3.7988
2452,13.8,22.0,0.0,4.2036,3.8238
2453,11.9,16.0,0.0,3.5253,3.7316
2454,8.1,13.0,0.0,2.4823,3.6035
2455,7.9,15.0,0.0,2.5357,3.3995
2456,7.1,11.0,0.0,2.1981,3.3777
2457,6.6,15.0,0.0,2.2351,3.4161
2458,5.3,8.0,0.0,1.6486,3.3053
2459,7.3,15.0,0.0,2.4461,3.3508
2460,7.8,21.0,0.0,2.9136,3.4115
2461,11.2,24.0,0.0,3.6333,3.5558
2462,14.6,22.0,0.0,4.6505,3.7421
2463,21.7,45.0,0.0,7.0446,4.2977
2464,28.7,41.0,0.0,8.8736,5.6414
2465,24.1,31.0,0.0,7.0222,5.717
2466,33.2,61.0,0.0,10.3712,5.6759
2467,25.9,37.0,0.0,7.4879,5.5959
2468,25.1,32.0,0.0,7.0198,4.9459
2469,18.3,24.0,0.0,5.2393,4.4869
2470,16.6,20.0,0.0,4.901,4.423
2471,17.6,30.0,0.0,5.4215,4.4482
2472,21.1,26.0,0.0,6.1413,4.8827
2473,17.4,32.0,0.0,5.3075,4.3657
2474,16.4,24.0,0.0,5.0113,4.3687
2475,21.4,31.0,0.0,6.3467,4.4112
2476,16.4,26.0,0.0,5.0032,4.2576
2477,17.2,27.0,0.0,5.2818,4.4588
2478,10.9,14.0,0.0,3.5176,3.9772
2479,14.2,25.0,0.0,4.5291,4.1119
2480,11.5,21.0,0.0,3.6379,3.9589
2481,5.3,9.0,0.0,1.7029,3.4643
2482,4.9,8.0,0.0,1.6227,3.3894
2483,4.7,7.0,0.0,1.509,3.3521
2484,6.1,15.0,0.0,2.0736,3.4145
2485,3.9,7.0,0.0,1.3498,3.3763
2486,4.1,5.0,0.0,1.3507,3.4458
2487,4.7,6.0,0.0,1.5342,3.4581
2488,5.3,8.0,0.0,1.6882,3.4252
2489,5.2,9.0,0.0,1.6327,3.3572
2490,5.7,9.0,0.0,1.8529,3.5602
2491,5.9,18.0,0.0,2.1737,3.4596
2492,6.4,18.0,0.0,2.2579,3.5734
2493,4.0,6.0,0.0,1.2966,3.4234
2494,5.4,13.0,0.0,1.8333,3.4026
2495,5.3,11.0,0.0,1.6824,3.3628
2496,5.7,8.0,0.0,1.7972,3.2806
2497,5.2,14.0,0.0,1.8958,3.2535
2498,5.5,9.0,0.0,1.8012,3.2662
2499,7.0,11.0,0.0,2.2506,3.2881
2500,7.8,13.0,0.0,2.5436,3.5619
2501,13.2,20.0,0.0,4.1619,3.5347
2502,7.8,15.0,0.0,2.4901,3.6777
2503,6.0,13.0,0.0,2.0019,3.2852
2504,3.9,7.0,0.0,1.2408,3.2922
2505,3.4,4.0,0.0,1.0723,3.5065
2506,4.6,6.0,0.0,1.4654,3.4036
2507,3.9,6.0,0.0,1.2689,3.3007
2508,4.5,7.0,0.0,1.4534,3.2596
2509,5.6,8.0,0.0,1.7738,3.3249
2510,4.5,7.0,0.0,1.416,3.3541
2511,4.7,7.0,0.0,1.5624,3.4093
2512,5.0,8.0,0.0,1.567,3.1631
2513,5.2,6.0,0.0,1.6462,3.2491
2514,4.8,7.0,0.0,1.5256,3.2952
2515,4.2,6.0,0.0,1.3628,3.2588
2516,3.9,5.0,0.0,1.253,3.3251
2517,3.5,7.0,0.0,1.1881,3.1031
2518,3.5,5.0,0.0,1.1586,3.1054
2519,3.7,8.0,0.0,1.2679,3.125
2520,3.8,6.0,0.0,1.236,3.2549
2521,2.6,3.0,0.0,0.9,3.1304
2522,4.2,7.0,0.0,1.456,3.2451
2523,4.6,9.0,0.0,1.5264,3.1196
2524,5.2,9.0,0.0,1.7644,3.313
2525,4.8,7.0,0.0,1.4992,3.1678
2526,4.5,7.0,0.0,1.4552,3.2906
2527,4.6,9.0,0.0,1.4465,3.1889
2528,4.9,9.0,0.0,1.602,3.4144
2529,5.0,7.0,0.0,1.5587,3.2933
2530,7.3,12.0,0.0,2.2004,3.3312
2531,5.9,8.0,0.0,1.8379,3.5179
2532,4.5,6.0,0.0,1.4892,3.2303
2533,5.8,8.0,0.0,1.8509,3.4587
2534,4.9,10.0,0.0,1.5943,3.3951
2535,4.7,6.0,0.0,1.4845,3.3439
2536,5.5,7.0,0.0,1.7117,3.1063
2537,3.9,5.0,0.0,1.2884,3.1072
2538,3.8,6.0,0.0,1.2876,3.1145
2539,5.1,8.0,0.0,1.7347,3.2153
2540,4.9,7.0,0.0,1.5493,3.1514
2541,6.7,11.0,0.0,2.1682,3.2932
2542,5.5,9.0,0.0,1.7416,3.222
2543,5.5,8.0,0.0,1.7345,3.2097
2544,4.1,6.0,0.0,1.3761,3.1694
2545,5.6,11.0,0.0,1.869,3.253
2546,6.9,15.0,0.0,2.2944,3.3743
2547,4.0,7.0,0.0,1.337,3.1668
2548,4.8,9.0,0.0,1.5303,3.2039
2549,4.1,7.0,0.0,1.3067,3.2135
2550,4.0,7.0,0.0,1.3524,3.267
2551,5.0,9.0,0.0,1.6454,3.2106
2552,5.6,11.0,0.0,1.8788,3.2396
2553,4.2,7.0,0.0,1.4481,3.2773
2554,4.4,6.0,0.0,1.4291,3.2411
2555,4.1,6.0,0.0,1.3672,3.1896
2556,3.6,6.0,0.0,1.2074,3.2286
2557,3.1,5.0,0.0,1.0458,3.2467
2558,5.2,19.0,0.0,2.1461,3.5306
2559,5.2,8.0,0.0,1.6617,3.4668
2560,7.4,14.0,0.0,2.3498,3.3404
2561,7.1,11.0,0.0,2.2062,3.6358
2562,6.9,10.0,0.0,2.1679,3.4616
2563,5.6,8.0,0.0,1.7521,3.258
2564,5.4,7.0,0.0,1.752,3.2121
2565,5.8,10.0,0.0,1.8589,3.3468
2566,6.7,12.0,0.0,2.2173,3.4811
2567,8.2,15.0,0.0,2.6462,3.4111
2568,8.3,14.0,0.0,2.6996,3.4667
2569,5.4,11.0,0.0,1.7628,3.306
2570,5.1,7.0,0.0,1.5861,3.2907
2571,4.1,7.0,0.0,1.3883,3.3546
2572,3.9,9.0,0.0,1.3718,3.2845
2573,4.7,9.0,0.0,1.5903,3.3073
2574,5.0,8.0,0.0,1.6315,3.4234
2575,4.9,8.0,0.0,1.5898,3.4662
2576,5.5,8.0,0.0,1.7571,3.6288
2577,8.7,14.0,0.0,2.6887,3.5004
2578,9.2,14.0,0.0,2.8153,3.5704
2579,6.0,8.0,0.0,1.8933,3.3888
2580,5.8,9.0,0.0,1.8626,3.2756
2581,6.2,15.0,0.0,2.1013,3.307
2582,4.9,7.0,0.0,1.5811,3.3114
2583,6.6,13.0,0.0,2.1064,3.3923
2584,6.5,16.0,0.0,2.2825,3.3907
2585,5.4,9.0,0.0,1.8131,3.3691
2586,4.9,8.0,0.0,1.5688,3.2691
2587,5.1,9.0,0.0,1.6497,3.4496
2588,8.2,12.0,0.0,2.6347,3.4465
2589,11.6,19.0,0.0,3.7078,3.8427
2590,18.2,45.0,0.0,6.1824,4.5939
2591,22.0,39.0,0.0,6.8712,4.9787
2592,19.7,28.0,0.0,5.8138,5.3424
2593,20.6,37.0,0.0,5.8321,4.9432
2594,21.0,34.0,0.0,5.999,4.8402
2595,13.6,17.0,0.0,3.9741,4.2498
2596,16.8,22.0,0.0,4.9011,4.2336
2597,20.1,36.0,0.0,6.0123,4.4215
2598,23.9,33.0,0.0,6.9,4.8694
2599,20.7,29.0,0.0,5.9758,4.4108
2600,20.5,28.0,0.0,6.2121,4.1472
2601,23.0,34.0,0.0,7.1191,4.8403
2602,19.9,30.0,0.0,6.1927,4.3913
2603,19.0,27.0,0.0,5.8286,3.9596
2604,10.4,17.0,0.0,3.3197,3.5269
2605,11.1,17.0,0.0,3.4497,3.5127
2606,7.1,11.0,0.0,2.2462,3.3676
2607,7.9,14.0,0.0,2.5904,3.3886
2608,6.1,9.0,0.0,1.9309,3.4777
2609,6.9,9.0,0.0,2.1121,3.5086
2610,6.9,11.0,0.0,2.1752,3.3885
2611,7.1,10.0,0.0,2.2467,3.352
2612,5.2,12.0,0.0,1.7768,3.3017
2613,4.9,6.0,0.0,1.5409,3.3411
2614,4.8,7.0,0.0,1.5246,3.4664
2615,5.0,6.0,0.0,1.6255,3.465
2616,6.4,12.0,0.0,2.0799,3.3995
2617,5.1,11.0,0.0,1.7094,3.4965
2618,9.2,14.0,0.0,2.9179,3.5938
2619,9.3,17.0,0.0,2.9261,3.4537
2620,10.7,21.0,0.0,3.5346,3.5132
2621,7.4,16.0,0.0,2.4855,3.5179
2622,7.6,13.0,0.0,2.3465,3.4466
2623,7.6,14.0,0.0,2.4499,3.4299
2624,7.1,13.0,0.0,2.313,3.3897
2625,5.0,10.0,0.0,1.656,3.3635
2626,7.6,20.0,0.0,2.6728,3.3311
2627,3.9,6.0,0.0,1.3851,3.3119
2628,6.5,17.0,0.0,2.2956,3.4394
2629,8.4,17.0,0.0,2.816,3.5984
2630,6.1,15.0,0.0,2.1061,3.3491
2631,4.5,8.0,0.0,1.5067,3.4291
2632,4.1,7.0,0.0,1.3898,3.5121
2633,4.7,6.0,0.0,1.5787,3.3599
2634,3.9,6.0,0.0,1.3159,3.4948
2635,5.8,12.0,0.0,1.9015,3.4223
2636,5.5,8.0,0.0,1.7577,3.3056
2637,5.2,9.0,0.0,1.7464,3.4257
2638,3.9,5.0,0.0,1.243,3.3271
2639,4.9,7.0,0.0,1.6576,3.4241
2640,7.7,18.0,0.0,2.7112,3.4609
2641,14.6,24.0,0.0,4.4613,3.8682
2642,19.7,29.0,0.0,6.4633,4.5646
2643,21.0,37.0,0.0,6.6053,4.2867
2644,17.9,30.0,0.0,5.2544,4.2112
2645,16.6,24.0,0.0,5.1882,4.3055
2646,16.4,23.0,0.0,5.2103,4.3831
2647,7.6,13.0,0.0,2.4077,3.4746
2648,4.8,7.0,0.0,1.529,3.3704
2649,4.5,6.0,0.0,1.4426,3.2544
2650,4.7,9.0,0.0,1.5678,3.1402
2651,3.7,6.0,0.0,1.2157,3.2267
2652,3.9,6.0,0.0,1.3025,3.2527
2653,4.5,7.0,0.0,1.4495,3.2472
2654,4.9,7.0,0.0,1.6217,3.2683
2655,5.5,9.0,0.0,1.7932,3.2658
2656,3.5,9.0,0.0,1.2904,3.3043
2657,5.4,9.0,0.0,1.74,3.2662
2658,6.9,12.0,0.0,2.2506,3.3506
2659,4.9,8.0,0.0,1.5665,3.3714
2660,5.3,11.0,0.0,1.745,3.33
2661,5.8,9.0,0.0,1.8862,3.2645
2662,4.5,6.0,0.0,1.3811,3.2837
2663,4.9,7.0,0.0,1.5797,3.419
2664,5.3,7.0,0.0,1.5986,3.3971
2665,5.6,10.0,0.0,1.7899,3.2364
2666,5.5,8.0,0.0,1.6808,3.2334
2667,4.8,6.0,0.0,1.5844,3.1998
2668,5.1,7.0,0.0,1.6329,3.2951
2669,5.6,8.0,0.0,1.786,3.3267
2670,5.8,9.0,0.0,1.885,3.2937
2671,4.9,8.0,0.0,1.5677,3.2103
2672,5.4,9.0,0.0,1.7157,3.2766
2673,5.0,7.0,0.0,1.5516,3.2114
2674,6.5,11.0,0.0,2.0352,3.2499
2675,5.2,8.0,0.0,1.6268,3.339
2676,4.3,6.0,0.0,1.386,3.295
2677,4.6,7.0,0.0,1.475,3.3208
2678,4.3,7.0,0.0,1.4259,3.3599
2679,5.2,10.0,0.0,1.6786,3.3077
2680,4.6,7.0,0.0,1.485,3.3112
2681,5.1,6.0,0.0,1.5274,3.3092
2682,4.1,7.0,0.0,1.2632,3.3312
2683,4.9,7.0,0.0,1.5322,3.2928
2684,5.4,8.0,0.0,1.6763,3.2543
2685,4.2,5.0,0.0,1.3644,3.2615
2686,3.4,5.0,0.0,1.1045,3.2095
2687,5.5,8.0,0.0,1.6881,3.2492
2688,3.4,6.0,0.0,1.1871,3.2161
2689,7.1,11.0,0.0,2.2391,3.4578
2690,4.7,7.0,0.0,1.534,3.2905
2691,5.9,11.0,0.0,1.8807,3.4269
2692,4.3,10.0,0.0,1.4663,3.2743
2693,3.2,5.0,0.0,1.1053,3.2534
2694,5.1,7.0,0.0,1.659,3.3469
2695,6.1,9.0,0.0,1.9088,3.331
2696,5.5,9.0,0.0,1.7441,3.2249
2697,3.9,6.0,0.0,1.2544,3.2335
2698,4.7,6.0,0.0,1.5943,3.294
2699,5.0,9.0,0.0,1.5905,3.2034
2700,4.7,9.0,0.0,1.5235,3.1575
2701,3.5,6.0,0.0,1.1461,3.398
2702,4.9,8.0,0.0,1.6116,3.1895
2703,4.4,8.0,0.0,1.4646,3.2146
2704,3.9,6.0,0.0,1.2121,3.1739
2705,4.4,9.0,0.0,1.4469,3.2099
2706,6.9,13.0,0.0,2.2542,3.3718
2707,6.2,8.0,0.0,1.9312,3.3321
2708,5.3,7.0,0.0,1.6733,3.2415
2709,4.3,7.0,0.0,1.3754,3.1625
2710,4.5,6.0,0.0,1.4132,3.1922
2711,4.1,7.0,0.0,1.3229,3.2614
2712,5.3,7.0,0.0,1.5951,3.3311
2713,6.0,9.0,0.0,1.8979,3.3684
2714,6.3,9.0,0.0,1.9804,3.421
2715,5.1,7.0,0.0,1.6503,3.4626
2716,5.9,10.0,0.0,1.8775,3.4173
2717,6.4,11.0,0.0,2.018,3.5883
2718,5.0,7.0,0.0,1.5724,3.473
2719,5.2,6.0,0.0,1.6748,3.2979
2720,5.6,11.0,0.0,1.8076,3.2813
2721,4.4,7.0,0.0,1.3947,3.2824
2722,7.6,13.0,0.0,2.4513,3.4161
2723,8.8,25.0,0.0,3.1581,3.547
2724,6.7,10.0,0.0,2.0235,3.3289
2725,6.7,12.0,0.0,2.1643,3.3771
2726,5.4,11.0,0.0,1.8547,3.2809
2727,7.6,10.0,0.0,2.3,3.5699
2728,5.1,9.0,0.0,1.6198,3.3684
2729,5.5,9.0,0.0,1.7176,3.3074
2730,5.4,10.0,0.0,1.7497,3.4475
2731,7.4,15.0,0.0,2.3431,3.5101
2732,5.7,7.0,0.0,1.761,3.4231
2733,8.9,16.0,0.0,2.7846,3.4706
2734,12.1,17.0,0.0,3.6582,3.7724
2735,17.5,23.0,0.0,5.3345,4.2432
2736,24.0,42.0,0.0,7.477,4.7328
2737,16.7,22.0,0.0,4.8902,4.3971
2738,16.9,29.0,0.0,5.3746,4.4565
2739,15.2,23.0,0.0,4.7579,4.3317
2740,32.0,59.0,0.0,9.8453,5.2991
2741,33.4,46.0,0.0,10.0072,6.0511
2742,30.1,55.0,0.0,9.7843,5.3482
2743,32.5,47.0,0.0,9.9749,5.3861
2744,22.9,33.0,0.0,6.5108,4.6355
2745,35.6,65.0,0.0,10.8579,4.8268
2746,19.3,33.0,0.0,5.9378,4.3404
2747,16.0,27.0,0.0,4.8835,3.9741
2748,17.0,33.0,0.0,5.4518,3.8617
2749,34.1,61.0,0.0,10.6098,5.1662
2750,25.8,39.0,0.0,8.2876,5.046
2751,26.0,41.0,0.0,8.3407,4.722
2752,21.2,30.0,0.0,6.4643,4.0297
2753,20.9,30.0,0.0,6.5488,4.3475
2754,17.6,27.0,0.0,5.5288,4.0221
2755,18.3,28.0,0.0,5.7538,3.8699
2756,19.2,26.0,0.0,5.9906,4.29
2757,14.0,23.0,0.0,4.4444,3.5691
2758,13.3,24.0,0.0,4.158,3.6651
2759,15.0,24.0,0.0,4.5779,3.8693
2760,10.1,16.0,0.0,3.0941,3.5519
2761,13.1,21.0,0.0,4.1233,3.6017
2762,10.1,13.0,0.0,3.0913,3.6352
2763,14.8,25.0,0.0,4.5539,3.8935
2764,17.5,27.0,0.0,5.1273,4.057
2765,23.8,38.0,0.0,7.1815,4.839
2766,23.8,34.0,0.0,6.8476,4.8573
2767,26.0,57.0,0.0,7.9805,4.9731
2768,22.1,42.0,0.0,6.3559,4.6553
2769,19.8,28.0,0.0,5.6778,4.5827
2770,21.3,32.0,0.0,6.2511,4.7107
2771,19.8,34.0,0.0,5.9456,4.5023
2772,17.0,23.0,0.0,5.0998,4.4345
2773,18.1,28.0,0.0,5.4173,4.3462
2774,15.7,22.0,0.0,4.6465,4.362
2775,17.0,22.0,0.0,4.8278,4.6649
2776,17.1,30.0,0.0,5.0386,4.5006
2777,17.0,33.0,0.0,5.0776,4.7003
2778,18.6,32.0,0.0,5.5844,4.5933
2779,15.1,28.0,0.0,4.5396,4.3611
2780,17.8,28.0,0.0,5.1697,4.3696
2781,14.3,21.0,0.0,4.4612,4.0515
2782,11.1,21.0,0.0,3.5819,3.8827
2783,9.6,16.0,0.0,3.1396,3.7003
2784,10.6,19.0,0.0,3.2724,3.5995
2785,5.5,8.0,0.0,1.8065,3.3682
2786,4.7,8.0,0.0,1.504,3.3443
2787,4.2,7.0,0.0,1.4001,3.3353
2788,5.3,7.0,0.0,1.7371,3.4689
2789,3.5,6.0,0.0,1.1634,3.2996
2790,4.0,7.0,0.0,1.2878,3.2975
2791,4.1,8.0,0.0,1.345,3.3209
2792,3.9,6.0,0.0,1.2395,3.3005
2793,3.7,6.0,0.0,1.2722,3.3741
2794,4.6,7.0,0.0,1.4832,3.3431
2795,4.2,8.0,0.0,1.4001,3.4593
2796,5.2,10.0,0.0,1.7029,3.3529
2797,4.6,6.0,0.0,1.5081,3.4193
2798,4.2,7.0,0.0,1.379,3.4578
2799,4.9,7.0,0.0,1.5792,3.3438
2800,5.3,10.0,0.0,1.7351,3.3752
2801,4.5,7.0,0.0,1.4455,3.4008
2802,4.6,6.0,0.0,1.4228,3.2676
2803,4.6,7.0,0.0,1.5124,3.1912
2804,4.8,13.0,0.0,1.7628,3.3144
2805,4.4,10.0,0.0,1.5088,3.2428
2806,4.7,6.0,0.0,1.5184,3.2752
2807,3.6,5.0,0.0,1.1954,3.229
2808,4.0,5.0,0.0,1.3253,3.232
2809,4.6,6.0,0.0,1.4415,3.2473
2810,4.3,7.0,0.0,1.434,3.2194
2811,5.0,12.0,0.0,1.74,3.2453
2812,5.0,6.0,0.0,1.6394,3.2106
2813,4.0,8.0,0.0,1.2704,3.2348
2814,3.9,6.0,0.0,1.3012,3.205
2815,4.1,6.0,0.0,1.3256,3.2942
2816,4.2,6.0,0.0,1.4051,3.2559
2817,7.0,13.0,0.0,2.24,3.39
2818,17.1,40.0,0.0,5.8046,3.9957
2819,28.0,45.0,0.0,8.5466,5.2066
2820,17.7,21.0,0.0,5.7029,4.5236
2821,13.1,19.0,0.0,4.0307,3.8947
2822,19.8,29.0,0.0,5.9051,4.2233
2823,12.7,18.0,0.0,3.7521,3.6658
2824,7.2,17.0,0.0,2.4409,3.4755
2825,6.8,14.0,0.0,2.254,3.4679
2826,5.7,10.0,0.0,1.8131,3.3842
2827,5.2,7.0,0.0,1.6962,3.2535
2828,3.8,6.0,0.0,1.26,3.2171
2829,4.6,7.0,0.0,1.4481,3.2807
2830,4.1,6.0,0.0,1.3115,3.2415
2831,3.9,6.0,0.0,1.3423,3.2834
2832,5.9,8.0,0.0,1.8643,3.3566
2833,7.9,16.0,0.0,2.58,3.4358
2834,5.8,9.0,0.0,1.8638,3.2965
2835,5.8,10.0,0.0,1.965,3.338
2836,7.7,16.0,0.0,2.4799,3.511
2837,8.7,12.0,0.0,2.6793,3.5573
2838,8.3,11.0,0.0,2.5135,3.518
2839,13.1,24.0,0.0,4.2314,3.7428
2840,21.2,33.0,0.0,6.4738,4.4331
2841,11.4,17.0,0.0,3.4304,3.6796
2842,6.4,9.0,0.0,1.9698,3.3847
2843,4.2,6.0,0.0,1.3651,3.3156
2844,4.7,10.0,0.0,1.6262,3.3325
2845,5.0,9.0,0.0,1.6214,3.4369
2846,3.9,5.0,0.0,1.317,3.4337
2847,4.0,6.0,0.0,1.2857,3.3931
2848,4.8,9.0,0.0,1.6023,3.5205
2849,5.1,8.0,0.0,1.6584,3.4346
2850,5.4,7.0,0.0,1.6912,3.431
2851,5.6,11.0,0.0,1.8581,3.5357
2852,12.9,39.0,0.0,4.7802,3.8877
2853,13.2,25.0,0.0,4.3046,4.1117
2854,13.3,29.0,0.0,4.3313,4.009
2855,8.8,18.0,0.0,2.8601,3.647
2856,10.3,19.0,0.0,3.1505,3.8341
2857,7.0,10.0,0.0,2.0778,3.6563
2858,5.8,8.0,0.0,1.8508,3.6124
2859,5.5,7.0,0.0,1.614,3.5922
2860,5.3,8.0,0.0,1.6556,3.5299
2861,5.0,7.0,0.0,1.6412,3.5141
2862,4.7,6.0,0.0,1.4353,3.5042
2863,5.0,8.0,0.0,1.5458,3.5041
2864,4.5,8.0,0.0,1.4682,3.5025
2865,4.3,7.0,0.0,1.429,3.557
2866,4.4,6.0,0.0,1.4233,3.4899
2867,4.7,6.0,0.0,1.5754,3.4648
2868,5.1,7.0,0.0,1.621,3.4771
2869,4.5,6.0,0.0,1.4089,3.5338
2870,4.3,7.0,0.0,1.4345,3.5174
2871,3.5,5.0,0.0,1.1832,3.4218
2872,4.1,6.0,0.0,1.3116,3.3535
2873,5.5,8.0,0.0,1.7464,3.5129
2874,5.9,9.0,0.0,1.924,3.531
2875,5.6,6.0,0.0,1.7883,3.4983
2876,5.6,10.0,0.0,1.7576,3.4858
2877,4.6,6.0,0.0,1.4456,3.4818
2878,11.0,22.0,0.0,3.5449,3.7566
2879,15.4,23.0,0.0,4.598,4.6747
2880,16.0,19.0,0.0,4.997,4.3616
2881,18.0,30.0,0.0,5.5487,4.871
2882,19.2,33.0,0.0,5.9301,4.6884
2883,26.1,51.0,0.0,8.1551,5.6251
2884,22.4,32.0,0.0,6.7779,5.4675
2885,20.9,31.0,0.0,6.1424,5.2375
2886,19.1,29.0,0.0,5.4937,4.8764
2887,16.7,28.0,0.0,4.9866,4.6042
2888,11.6,24.0,0.0,3.6606,4.0871
2889,15.8,31.0,0.0,5.1205,4.1412
2890,14.3,19.0,0.0,4.4674,4.2141
2891,12.0,15.0,0.0,3.754,3.982
2892,9.5,20.0,0.0,2.9892,3.6342
2893,8.5,14.0,0.0,2.5798,3.6505
2894,7.8,11.0,0.0,2.3827,3.6315
2895,6.2,10.0,0.0,1.919,3.5006
2896,8.1,15.0,0.0,2.5014,3.6434
2897,8.8,12.0,0.0,2.74,3.6897
2898,20.1,53.0,0.0,7.0551,4.3312
2899,21.7,33.0,0.0,6.7933,5.438
2900,16.2,22.0,0.0,5.1531,4.976
2901,16.0,28.0,0.0,5.1085,4.545
2902,16.4,27.0,0.0,4.8079,4.3454
2903,17.4,35.0,0.0,5.5065,4.2611
2904,25.4,45.0,0.0,7.7371,4.9204
2905,26.0,41.0,0.0,7.6038,5.4862
2906,19.5,34.0,0.0,6.1909,4.8531
2907,19.5,28.0,0.0,5.851,4.7978
2908,20.8,31.0,0.0,6.3508,4.6745
2909,19.9,35.0,0.0,6.3468,4.8149
2910,19.1,26.0,0.0,5.6413,4.5128
2911,21.2,27.0,0.0,6.0242,4.9622
2912,22.1,34.0,0.0,6.5702,4.7482
2913,22.8,30.0,0.0,6.8373,5.4723
2914,27.1,40.0,0.0,8.4066,4.6357
2915,11.4,18.0,0.0,3.6202,3.6762
2916,8.4,15.0,0.0,2.7572,3.5587
2917,10.7,20.0,0.0,3.4834,3.735
2918,13.1,17.0,0.0,4.1607,3.7909
2919,9.4,15.0,0.0,2.9835,3.7052
2920,9.3,17.0,0.0,2.9619,3.8145
2921,12.9,24.0,0.0,4.0605,3.7228
2922,12.4,18.0,0.0,3.8391,3.8143
2923,12.2,19.0,0.0,3.7005,3.8333
2924,10.9,15.0,0.0,3.4567,3.8636
2925,13.8,26.0,0.0,4.265,4.0125
2926,13.6,23.0,0.0,4.213,3.8064
2927,13.7,23.0,0.0,4.4195,3.953
2928,11.9,20.0,0.0,3.7302,3.9563
2929,15.5,22.0,0.0,4.5971,4.2631
2930,11.6,15.0,0.0,3.7333,4.2721
2931,16.7,30.0,0.0,5.3186,4.2432
2932,12.7,22.0,0.0,3.905,4.2686
2933,19.0,29.0,0.0,5.6646,4.6523
2934,15.2,24.0,0.0,4.6484,4.6061
2935,19.5,26.0,0.0,5.6052,4.716
2936,18.0,25.0,0.0,5.1428,4.431
2937,19.0,25.0,0.0,5.461,4.2921
2938,14.5,26.0,0.0,4.4759,4.1606
2939,16.8,29.0,0.0,5.1986,4.2774
2940,14.0,20.0,0.0,4.2497,4.2267
2941,18.5,26.0,0.0,5.7622,4.6335
2942,18.2,25.0,0.0,5.4722,4.7358
2943,18.4,28.0,0.0,5.6169,4.8075
2944,18.7,24.0,0.0,5.8464,4.5298
2945,18.4,29.0,0.0,5.5723,4.4335
2946,23.4,36.0,0.0,7.3716,4.8466
2947,16.4,28.0,0.0,5.2429,4.5213
2948,20.4,32.0,0.0,6.4032,4.4822
2949,16.1,23.0,0.0,4.8181,4.1248
2950,15.3,23.0,0.0,4.6831,4.2097
2951,16.0,25.0,0.0,4.939,3.9347
2952,13.6,21.0,0.0,4.2685,3.9269
2953,12.4,19.0,0.0,3.974,4.2878
2954,14.2,26.0,0.0,4.5272,3.9001
2955,6.4,10.0,0.0,2.0561,3.518
2956,5.7,9.0,0.0,1.8828,3.4731
2957,5.9,10.0,0.0,1.8311,3.3363
2958,4.5,8.0,0.0,1.537,3.3311
2959,4.5,6.0,0.0,1.4765,3.3101
2960,3.1,5.0,0.0,1.0303,3.3013
2961,3.7,6.0,0.0,1.2384,3.357
2962,4.3,6.0,0.0,1.3705,3.4189
2963,4.0,5.0,0.0,1.3177,3.3175
2964,3.9,6.0,0.0,1.3116,3.3726
2965,5.9,9.0,0.0,1.8388,3.375
2966,8.9,31.0,0.0,3.5046,3.7076
2967,8.2,17.0,0.0,2.7167,3.7109
2968,16.1,36.0,0.0,5.3247,4.1935
2969,21.1,26.0,0.0,6.5545,4.5489
2970,21.3,33.0,0.0,6.4637,4.8403
2971,21.5,47.0,0.0,7.0744,4.7389
2972,13.5,20.0,0.0,4.2059,3.858
2973,12.6,21.0,0.0,3.9449,3.9894
2974,6.4,9.0,0.0,2.0003,3.4563
2975,5.3,7.0,0.0,1.7411,3.3932
2976,4.9,6.0,0.0,1.5433,3.3489
2977,3.9,5.0,0.0,1.3137,3.3656
2978,5.1,8.0,0.0,1.6882,3.2975
2979,3.6,6.0,0.0,1.1646,3.2821
2980,4.1,7.0,0.0,1.3043,3.3648
2981,4.5,6.0,0.0,1.395,3.3527
2982,5.4,7.0,0.0,1.7631,3.2527
2983,5.4,11.0,0.0,1.8034,3.2102
2984,3.9,6.0,0.0,1.2695,3.2196
2985,4.0,6.0,0.0,1.2904,3.1416
2986,4.4,8.0,0.0,1.4379,3.2215
2987,3.8,8.0,0.0,1.2948,3.228
2988,3.7,6.0,0.0,1.1958,3.2027
2989,3.9,5.0,0.0,1.2679,3.235
2990,5.2,8.0,0.0,1.6595,3.2283
2991,4.0,5.0,0.0,1.3519,3.3338
2992,4.3,7.0,0.0,1.4191,3.2603
2993,5.1,8.0,0.0,1.5857,3.3119
2994,6.8,14.0,0.0,2.1795,3.2789
2995,5.5,8.0,0.0,1.7687,3.3281
2996,11.2,20.0,0.0,3.6334,3.6575
2997,16.6,23.0,0.0,5.2207,4.5833
2998,11.1,17.0,0.0,3.2909,3.8904
2999,9.1,15.0,0.0,2.7695,3.7198
3000,7.8,10.0,0.0,2.3372,3.7596
3001,7.4,11.0,0.0,2.2825,3.6501
3002,6.8,14.0,0.0,2.1817,3.4551
3003,5.2,7.0,0.0,1.6762,3.5042
3004,5.3,7.0,0.0,1.6839,3.3465
3005,7.8,12.0,0.0,2.361,3.6737
3006,9.2,17.0,0.0,2.9322,3.577
3007,8.6,14.0,0.0,2.8166,3.4525
3008,14.8,35.0,0.0,4.8688,3.9523
3009,14.8,20.0,0.0,4.5418,4.2883
3010,16.3,21.0,0.0,4.9831,4.3363
3011,17.2,33.0,0.0,5.6274,4.1189
3012,12.5,18.0,0.0,3.7578,4.0399
3013,17.2,21.0,0.0,5.0158,4.0375
3014,16.1,25.0,0.0,4.8229,4.0016
3015,14.2,19.0,0.0,4.4128,4.1303
3016,16.3,25.0,0.0,4.9583,4.0331
3017,16.0,26.0,0.0,4.6462,4.1754
3018,20.1,27.0,0.0,5.8181,4.6749
3019,19.7,26.0,0.0,5.7104,4.6651
3020,21.6,32.0,0.0,6.3317,4.8513
3021,18.2,30.0,0.0,5.4816,4.5513
3022,17.8,22.0,0.0,5.4367,4.5002
3023,21.8,28.0,0.0,6.581,4.732
3024,18.3,38.0,0.0,5.8403,4.2439
3025,18.6,36.0,0.0,6.2011,3.9089
3026,11.3,14.0,0.0,3.5773,3.5851
3027,10.0,17.0,0.0,3.1996,3.6574
3028,11.3,18.0,0.0,3.6507,3.6007
3029,10.5,22.0,0.0,3.5105,3.4752
3030,9.2,14.0,0.0,2.912,3.5814
3031,5.6,11.0,0.0,1.8575,3.3448
3032,3.8,6.0,0.0,1.26,3.222
3033,4.2,7.0,0.0,1.3346,3.2679
3034,5.0,11.0,0.0,1.6832,3.2227
3035,4.2,6.0,0.0,1.382,3.2024
3036,4.8,8.0,0.0,1.5184,3.1913
3037,3.9,7.0,0.0,1.3528,3.1921
3038,7.2,10.0,0.0,2.247,3.3466
3039,12.2,18.0,0.0,3.7135,3.6498
3040,18.0,26.0,0.0,5.5669,4.4543
3041,19.1,27.0,0.0,5.8216,4.379
3042,16.0,24.0,0.0,4.8693,4.0106
3043,13.2,24.0,0.0,4.1622,3.9237
3044,15.5,33.0,0.0,5.227,3.8731
3045,12.6,19.0,0.0,3.8974,3.7772
3046,13.0,20.0,0.0,4.0741,3.6747
3047,13.8,19.0,0.0,4.2344,3.8013
3048,12.3,22.0,0.0,3.8949,3.836
3049,11.4,28.0,0.0,4.046,3.5168
3050,5.2,6.0,0.0,1.6793,3.3843
3051,5.7,8.0,0.0,1.7894,3.3861
3052,4.4,6.0,0.0,1.3739,3.2664
3053,4.9,11.0,0.0,1.7025,3.3154
3054,4.2,6.0,0.0,1.299,3.4116
3055,3.8,6.0,0.0,1.233,3.4156
3056,4.0,6.0,0.0,1.364,3.3247
3057,3.5,5.0,0.0,1.148,3.3139
3058,4.6,6.0,0.0,1.4354,3.4145
3059,3.7,7.0,0.0,1.2476,3.2533
3060,5.2,10.0,0.0,1.694,3.492
3061,5.2,7.0,0.0,1.6082,3.3612
3062,5.7,8.0,0.0,1.7915,3.377
3063,6.3,11.0,0.0,2.0567,3.4521
3064,5.4,8.0,0.0,1.6879,3.391
3065,5.3,11.0,0.0,1.7389,3.3341
3066,4.0,6.0,0.0,1.3526,3.2775
3067,4.4,5.0,0.0,1.4426,3.3121
3068,4.1,7.0,0.0,1.3067,3.2718
3069,6.6,11.0,0.0,2.0854,3.3809
3070,4.8,7.0,0.0,1.5498,3.3344
3071,4.8,10.0,0.0,1.5875,3.3803
3072,5.2,14.0,0.0,1.8411,3.3571
3073,11.1,24.0,0.0,3.7112,4.0182
3074,13.7,19.0,0.0,4.1036,4.0767
3075,15.5,23.0,0.0,4.698,3.8689
3076,5.8,10.0,0.0,1.7755,3.5003
3077,14.2,19.0,0.0,4.4016,3.7768
3078,17.1,24.0,0.0,5.2552,4.1279
3079,15.1,21.0,0.0,4.729,3.8389
3080,14.6,21.0,0.0,4.5658,3.9284
3081,21.8,45.0,0.0,6.9793,4.1986
3082,14.4,25.0,0.0,4.5225,3.6795
3083,4.8,6.0,0.0,1.5309,3.3705
3084,4.8,6.0,0.0,1.5256,3.325
3085,6.4,15.0,0.0,2.1975,3.3282
3086,4.8,6.0,0.0,1.5409,3.4665
3087,4.0,6.0,0.0,1.26,3.2899
3088,3.7,6.0,0.0,1.2369,3.2225
3089,5.1,11.0,0.0,1.7082,3.2888
3090,4.4,7.0,0.0,1.4373,3.2463
3091,5.0,8.0,0.0,1.651,3.3283
3092,4.2,6.0,0.0,1.3361,3.3672
3093,4.0,6.0,0.0,1.2764,3.275
3094,5.5,9.0,0.0,1.7836,3.3552
3095,4.7,7.0,0.0,1.5085,3.2643
3096,3.9,8.0,0.0,1.3691,3.2786
3097,9.2,26.0,0.0,3.3907,3.5596
3098,12.4,22.0,0.0,3.9599,3.8867
3099,10.8,14.0,0.0,3.182,3.9337
3100,10.5,20.0,0.0,3.31,3.7231
3101,9.0,13.0,0.0,2.73,3.662
3102,11.3,17.0,0.0,3.3982,3.871
3103,11.3,21.0,0.0,3.5167,3.7105
3104,5.4,8.0,0.0,1.753,3.5036
3105,4.4,7.0,0.0,1.4676,3.4295
3106,5.0,7.0,0.0,1.608,3.345
3107,5.7,8.0,0.0,1.7685,3.294
3108,4.8,7.0,0.0,1.5739,3.2591
3109,4.8,6.0,0.0,1.5395,3.1634
3110,3.6,6.0,0.0,1.1686,3.2375
3111,3.7,6.0,0.0,1.2114,3.1769
3112,3.8,5.0,0.0,1.2446,3.1669
3113,3.7,6.0,0.0,1.1948,3.1683
3114,3.1,6.0,0.0,1.0712,3.1603
3115,3.9,5.0,0.0,1.2883,3.1834
3116,3.7,7.0,0.0,1.2476,3.1805
3117,3.7,5.0,0.0,1.2464,3.266
3118,3.9,7.0,0.0,1.3113,3.3136
3119,5.7,10.0,0.0,1.8739,3.3451
3120,4.9,9.0,0.0,1.6093,3.3189
3121,4.7,10.0,0.0,1.5524,3.3628
3122,4.0,5.0,0.0,1.3266,3.2965
3123,4.3,6.0,0.0,1.3554,3.2144
3124,5.2,10.0,0.0,1.7164,3.2315
3125,5.6,9.0,0.0,1.7973,3.3165
3126,4.6,7.0,0.0,1.4912,3.3231
3127,6.6,10.0,0.0,2.0947,3.4823
3128,6.8,10.0,0.0,2.1123,3.5067
3129,12.4,32.0,0.0,4.2951,3.6449
3130,7.2,10.0,0.0,2.1904,3.3919
3131,15.0,20.0,0.0,4.518,3.6788
3132,14.8,20.0,0.0,4.5011,4.1034
3133,13.0,28.0,0.0,4.0402,4.1116
3134,9.5,14.0,0.0,2.6744,3.8768
3135,13.3,18.0,0.0,3.6083,4.2686
3136,11.3,14.0,0.0,3.1443,4.0168
3137,14.1,19.0,0.0,4.0939,4.2389
3138,18.9,24.0,0.0,5.656,4.7722
3139,16.4,28.0,0.0,5.0205,4.0227
3140,13.9,17.0,0.0,3.9909,3.8036
3141,15.9,30.0,0.0,5.1017,4.0982
3142,15.4,20.0,0.0,4.631,3.9327
3143,16.2,23.0,0.0,5.0545,4.0553
3144,12.2,15.0,0.0,3.8359,3.9985
3145,14.4,19.0,0.0,4.4677,4.0592
3146,13.1,22.0,0.0,4.1116,4.0511
3147,15.3,22.0,0.0,4.4853,4.2295
3148,11.9,23.0,0.0,3.7822,3.7952
3149,9.3,17.0,0.0,2.8646,3.5
3150,10.2,20.0,0.0,3.2993,3.7192
3151,10.4,21.0,0.0,3.2774,3.6371
3152,10.3,17.0,0.0,3.2083,3.6497
3153,12.9,27.0,0.0,4.1033,3.8167
3154,12.3,15.0,0.0,3.5756,4.0044
3155,21.1,30.0,0.0,6.2578,4.5051
3156,14.6,20.0,0.0,4.4125,4.0458
3157,15.4,25.0,0.0,4.9221,3.8607
3158,14.2,29.0,0.0,4.5871,3.684
3159,17.6,29.0,0.0,5.5235,3.7723
3160,17.0,26.0,0.0,5.1724,3.8834
3161,20.5,29.0,0.0,6.2822,4.257
3162,19.8,32.0,0.0,5.9637,4.1713
3163,17.4,24.0,0.0,5.2833,4.428
3164,17.4,26.0,0.0,5.2032,4.1606
3165,15.3,19.0,0.0,4.5725,4.1171
3166,16.2,24.0,0.0,4.9615,3.9891
3167,10.9,20.0,0.0,3.4231,3.7291
3168,10.9,18.0,0.0,3.4096,3.7446
3169,9.2,15.0,0.0,2.882,3.5297
3170,10.5,18.0,0.0,3.3619,3.6088
3171,13.9,20.0,0.0,4.3075,3.9641
3172,20.5,34.0,0.0,6.2241,4.3435
3173,18.6,37.0,0.0,5.7865,4.4668
3174,29.4,40.0,0.0,8.2716,5.125
3175,23.0,28.0,0.0,6.6037,4.8495
3176,23.5,32.0,0.0,6.8992,4.8823
3177,24.9,42.0,0.0,7.4749,4.5282
3178,20.4,35.0,0.0,6.1583,4.4476
3179,25.8,30.0,0.0,7.5819,4.5744
3180,15.0,17.0,0.0,4.7937,4.2986
3181,20.7,33.0,0.0,6.2659,4.5207
3182,19.8,28.0,0.0,6.0241,4.1043
3183,24.4,36.0,0.0,7.3458,4.4526
3184,25.6,40.0,0.0,7.8479,4.7181
3185,21.8,26.0,0.0,6.3548,4.3983
3186,21.0,27.0,0.0,6.5642,4.6791
3187,25.4,41.0,0.0,7.9536,4.9081
3188,24.1,33.0,0.0,7.3807,5.2582
3189,30.1,37.0,0.0,8.4297,5.4174
3190,21.6,48.0,0.0,7.0191,4.9716
3191,27.3,46.0,0.0,8.2653,4.9949
3192,18.7,29.0,0.0,5.7353,4.3241
3193,18.4,29.0,0.0,5.6321,4.134
3194,12.2,21.0,0.0,3.8186,3.543
3195,9.4,15.0,0.0,3.0033,3.7405
3196,11.8,22.0,0.0,3.8018,3.7597
3197,10.8,21.0,0.0,3.5156,3.7168
3198,14.3,17.0,0.0,4.2447,3.6939
3199,18.4,24.0,0.0,5.7668,4.4451
3200,21.2,33.0,0.0,6.5145,4.9289
3201,27.3,38.0,0.0,8.1396,5.3763
3202,18.0,34.0,0.0,5.5292,4.7584
3203,19.0,30.0,0.0,6.1123,4.8385
3204,21.4,29.0,0.0,6.3988,4.9849
3205,19.3,23.0,0.0,5.8382,4.6644
3206,20.6,28.0,0.0,6.0035,4.6723
3207,17.9,26.0,0.0,5.2879,4.7518
3208,17.9,27.0,0.0,5.6821,4.7375
3209,17.3,25.0,0.0,5.1166,4.6037
3210,18.1,39.0,0.0,5.6142,4.1924
3211,22.1,30.0,0.0,6.3842,4.7598
3212,19.9,28.0,0.0,5.8306,4.707
3213,16.8,22.0,0.0,5.2452,4.36
3214,21.7,40.0,0.0,6.8429,4.4969
3215,15.2,24.0,0.0,4.8104,4.3228
3216,18.5,30.0,0.0,5.804,4.2946
3217,24.0,42.0,0.0,7.5245,4.7508
3218,18.5,30.0,0.0,5.4886,4.3783
3219,22.9,33.0,0.0,7.1,4.6988
3220,17.6,23.0,0.0,5.2492,4.3075
3221,16.5,20.0,0.0,4.9934,4.0958
3222,18.0,25.0,0.0,5.2659,4.2782
3223,22.9,35.0,0.0,6.8761,4.6637
3224,18.3,29.0,0.0,5.3987,4.604
3225,15.9,20.0,0.0,4.7199,4.4166
3226,17.3,24.0,0.0,5.1688,4.3403
3227,19.3,27.0,0.0,5.9,4.5511
3228,15.8,22.0,0.0,4.6812,4.5609
3229,19.1,31.0,0.0,5.8709,4.6798
3230,26.1,50.0,0.0,8.1305,5.2335
3231,22.4,32.0,0.0,6.9247,4.5153
3232,16.3,31.0,0.0,5.1614,4.0779
3233,11.6,16.0,0.0,3.7177,3.7806
3234,15.4,20.0,0.0,4.8039,4.2415
3235,9.1,21.0,0.0,3.0593,3.5394
3236,4.6,8.0,0.0,1.5211,3.3612
3237,3.8,6.0,0.0,1.2369,3.2852
3238,4.1,7.0,0.0,1.3528,3.3657
3239,3.4,4.0,0.0,1.2285,3.3109
3240,4.5,11.0,0.0,1.6031,3.276
3241,4.8,7.0,0.0,1.5015,3.2837
3242,3.4,6.0,0.0,1.1705,3.4611
3243,4.5,8.0,0.0,1.4809,3.3579
3244,4.6,11.0,0.0,1.6148,3.2146
3245,4.9,8.0,0.0,1.5906,3.2397
3246,9.3,21.0,0.0,3.2171,3.5837
3247,16.3,37.0,0.0,5.371,4.2
3248,13.7,20.0,0.0,4.3153,4.2896
3249,17.0,23.0,0.0,5.1449,4.4094
3250,18.7,34.0,0.0,5.6887,4.3303
3251,15.4,25.0,0.0,4.6594,3.9449
3252,15.2,24.0,0.0,4.5935,3.9607
3253,18.4,27.0,0.0,5.625,4.0347
3254,16.2,25.0,0.0,4.9767,4.1046
3255,16.1,23.0,0.0,5.0408,3.845
3256,10.1,16.0,0.0,3.3878,3.6031
3257,14.0,28.0,0.0,4.6076,3.6236
3258,10.9,19.0,0.0,3.5253,3.432
3259,11.8,20.0,0.0,3.7297,3.4979
3260,15.6,20.0,0.0,4.9008,3.9481
3261,12.1,15.0,0.0,3.8685,3.922
3262,12.9,25.0,0.0,4.0355,3.7637
3263,7.3,10.0,0.0,2.2627,3.4578
3264,4.8,8.0,0.0,1.5495,3.302
3265,5.3,13.0,0.0,1.8296,3.1224
3266,4.1,7.0,0.0,1.3467,3.3122
3267,5.3,10.0,0.0,1.7471,3.4155
3268,5.1,9.0,0.0,1.7177,3.3547
3269,5.3,8.0,0.0,1.7058,3.5903
3270,4.7,10.0,0.0,1.6509,3.4867
3271,5.5,9.0,0.0,1.7493,3.5041
3272,5.3,7.0,0.0,1.6796,3.4422
3273,5.8,9.0,0.0,1.8083,3.4679
3274,4.4,6.0,0.0,1.4518,3.3689
3275,8.9,29.0,0.0,3.3754,3.6963
3276,15.6,23.0,0.0,4.7442,4.2921
3277,22.5,37.0,0.0,6.8064,4.5268
3278,18.4,34.0,0.0,5.7121,4.563
3279,20.6,33.0,0.0,6.0949,4.7065
3280,20.7,31.0,0.0,6.2001,4.6457
3281,21.5,42.0,0.0,6.5755,4.4362
3282,18.0,39.0,0.0,5.7399,4.1806
3283,10.1,16.0,0.0,3.1378,3.6538
3284,10.5,20.0,0.0,3.2833,3.5565
3285,6.6,16.0,0.0,2.2275,3.4116
3286,4.3,7.0,0.0,1.4634,3.4048
3287,4.4,6.0,0.0,1.403,3.3654
3288,4.2,6.0,0.0,1.3675,3.2826
3289,3.4,5.0,0.0,1.1227,3.3118
3290,3.7,5.0,0.0,1.2337,3.3286
3291,4.1,6.0,0.0,1.3632,3.2756
3292,3.6,5.0,0.0,1.1786,3.2437
3293,4.2,6.0,0.0,1.3705,3.3202
3294,4.8,9.0,0.0,1.5828,3.3065
3295,5.6,12.0,0.0,1.9621,3.2839
3296,4.4,6.0,0.0,1.426,3.457
3297,5.7,9.0,0.0,1.8182,3.4034
3298,5.3,6.0,0.0,1.6678,3.4062
3299,4.9,7.0,0.0,1.5677,3.5271
3300,6.5,19.0,0.0,2.3692,3.4912
3301,15.8,38.0,0.0,5.4367,4.0987
3302,21.9,41.0,0.0,7.019,4.6149
3303,16.3,21.0,0.0,4.9835,4.8903
3304,19.0,24.0,0.0,5.7706,4.5999
3305,14.5,23.0,0.0,4.3875,4.1408
3306,18.1,35.0,0.0,5.7687,4.149
3307,24.9,43.0,0.0,7.7708,4.6609
3308,21.2,27.0,0.0,6.4285,4.5751
3309,18.7,28.0,0.0,5.5935,4.5073
3310,19.3,28.0,0.0,5.8862,4.786
3311,20.8,26.0,0.0,6.3911,4.6826
3312,15.3,24.0,0.0,4.7993,4.1717
3313,13.0,19.0,0.0,3.9648,4.0186
3314,10.9,17.0,0.0,3.3456,3.7175
3315,12.8,23.0,0.0,4.1146,3.786
3316,8.4,15.0,0.0,2.6143,3.425
3317,12.6,37.0,0.0,4.5351,3.4971
3318,5.7,10.0,0.0,1.8611,3.2743
3319,6.8,11.0,0.0,2.1835,3.3039
3320,5.8,10.0,0.0,1.8675,3.2846
3321,4.1,7.0,0.0,1.337,3.1501
3322,5.3,14.0,0.0,1.8475,3.2515
3323,4.9,7.0,0.0,1.542,3.2914
3324,4.3,9.0,0.0,1.4784,3.138
3325,5.2,8.0,0.0,1.6746,3.3077
3326,6.0,10.0,0.0,1.9299,3.1904
3327,6.0,10.0,0.0,1.935,3.225
3328,5.3,9.0,0.0,1.7187,3.2821
3329,5.9,8.0,0.0,1.8843,3.3458
3330,3.9,6.0,0.0,1.2913,3.2789
3331,4.1,8.0,0.0,1.3892,3.4123
3332,8.9,21.0,0.0,3.0366,3.4217
3333,18.1,32.0,0.0,5.5814,3.8794
3334,14.1,21.0,0.0,4.2742,4.0904
3335,20.2,34.0,0.0,6.1234,4.7118
3336,21.2,30.0,0.0,6.2966,4.5469
3337,24.4,48.0,0.0,7.8055,4.3454
3338,16.5,27.0,0.0,5.102,4.5192
3339,21.1,24.0,0.0,6.3964,5.0532
3340,26.1,45.0,0.0,8.2104,4.8461
3341,22.5,27.0,0.0,6.8869,4.8791
3342,16.3,21.0,0.0,4.9267,4.2521
3343,23.1,33.0,0.0,6.8985,4.4719
3344,15.0,30.0,0.0,4.9913,3.8424
3345,14.3,36.0,0.0,4.6845,3.9433
3346,19.3,25.0,0.0,5.587,4.3115
3347,15.7,20.0,0.0,4.7463,4.3118
3348,20.1,29.0,0.0,5.9471,4.323
3349,17.0,21.0,0.0,5.0424,4.2125
3350,12.9,17.0,0.0,3.9726,3.8134
3351,14.1,25.0,0.0,4.4841,3.7313
3352,12.1,23.0,0.0,3.7557,3.5405
3353,16.0,22.0,0.0,4.9666,3.6694
3354,16.2,24.0,0.0,4.9741,3.8882
3355,16.0,23.0,0.0,4.7688,3.8632
3356,12.9,21.0,0.0,4.1481,3.7822
3357,8.5,12.0,0.0,2.6725,3.435
3358,4.4,6.0,0.0,1.4398,3.2376
3359,5.8,10.0,0.0,1.8734,3.28
3360,4.9,9.0,0.0,1.6074,3.3034
3361,3.9,6.0,0.0,1.2922,3.1947
3362,4.3,9.0,0.0,1.466,3.2601
3363,3.6,5.0,0.0,1.1609,3.2516
3364,4.1,5.0,0.0,1.3228,3.2046
3365,4.4,8.0,0.0,1.42,3.1589
3366,4.7,7.0,0.0,1.5355,3.1807
3367,3.0,4.0,0.0,1.0352,3.1872
3368,2.9,6.0,0.0,1.021,3.1869
3369,3.5,5.0,0.0,1.1808,3.1664
3370,3.4,4.0,0.0,1.125,3.2931
3371,3.8,6.0,0.0,1.2387,3.291
3372,3.8,5.0,0.0,1.2805,3.2162
3373,3.0,4.0,0.0,0.9861,3.2429
3374,4.0,6.0,0.0,1.3288,3.3226
3375,4.4,7.0,0.0,1.4318,3.236
3376,4.5,8.0,0.0,1.4616,3.1965
3377,4.1,5.0,0.0,1.3268,3.2158
3378,3.1,4.0,0.0,1.0375,3.3362
3379,4.1,8.0,0.0,1.3498,3.3391
3380,3.8,6.0,0.0,1.2303,3.1844
3381,3.7,6.0,0.0,1.318,3.3318
3382,4.0,10.0,0.0,1.4468,3.1821
3383,4.3,6.0,0.0,1.3541,3.2569
3384,3.4,6.0,0.0,1.1301,3.3316
3385,4.4,5.0,0.0,1.429,3.2017
3386,5.1,10.0,0.0,1.687,3.3118
3387,5.8,12.0,0.0,1.9868,3.2549
3388,5.1,9.0,0.0,1.6374,3.269
3389,4.4,7.0,0.0,1.3858,3.3405
3390,5.8,8.0,0.0,1.7783,3.2397
3391,9.1,17.0,0.0,2.8934,3.4899
3392,16.3,25.0,0.0,5.092,3.8881
3393,20.8,34.0,0.0,6.2817,4.2605
3394,14.9,17.0,0.0,4.5453,4.2146
3395,22.4,34.0,0.0,6.8406,4.3916
3396,18.4,38.0,0.0,5.8389,4.1436
3397,15.7,24.0,0.0,4.7791,4.1562
3398,17.5,23.0,0.0,5.291,4.1134
3399,11.7,18.0,0.0,3.6239,3.9578
3400,8.7,15.0,0.0,2.8435,3.6962
3401,8.4,19.0,0.0,2.8373,3.4341
3402,5.8,10.0,0.0,1.9307,3.3898
3403,4.9,10.0,0.0,1.6332,3.4224
3404,3.6,9.0,0.0,1.2729,3.3993
3405,4.4,6.0,0.0,1.4018,3.2022
3406,6.0,16.0,0.0,2.1331,3.3308
3407,4.3,7.0,0.0,1.3764,3.1946
3408,3.5,5.0,0.0,1.1347,3.1691
3409,4.5,7.0,0.0,1.455,3.1642
3410,4.2,5.0,0.0,1.4372,3.1917
3411,5.6,11.0,0.0,1.8593,3.189
3412,7.4,10.0,0.0,2.2974,3.3264
3413,10.4,22.0,0.0,3.3511,3.5687
3414,17.4,31.0,0.0,5.4013,4.0906
3415,15.8,30.0,0.0,5.0781,4.0553
3416,16.6,24.0,0.0,5.023,4.0963
3417,21.1,30.0,0.0,6.4952,4.2958
3418,22.6,37.0,0.0,6.8499,4.1559
3419,18.3,24.0,0.0,5.6144,4.1925
3420,14.6,22.0,0.0,4.3401,4.0686
3421,19.1,26.0,0.0,5.6363,4.2356
3422,19.9,24.0,0.0,6.0071,4.131
3423,17.5,24.0,0.0,5.2103,3.9985
3424,15.2,27.0,0.0,4.7011,3.8331
3425,12.1,15.0,0.0,3.8544,3.6809
3426,9.7,20.0,0.0,3.1444,3.4483
3427,4.9,7.0,0.0,1.634,3.2848
3428,9.6,16.0,0.0,3.0908,3.4907
3429,8.4,18.0,0.0,2.7883,3.5974
3430,4.4,6.0,0.0,1.4118,3.2935
3431,4.3,8.0,0.0,1.4731,3.2283
3432,3.0,5.0,0.0,1.0129,3.1742
3433,3.4,5.0,0.0,1.1144,3.2296
3434,3.9,6.0,0.0,1.2922,3.1314
3435,3.7,6.0,0.0,1.194,3.15
3436,3.2,4.0,0.0,1.0516,3.1222
3437,3.2,5.0,0.0,1.0791,3.1525
3438,3.8,7.0,0.0,1.26,3.307
3439,3.4,5.0,0.0,1.0989,3.2491
3440,4.5,7.0,0.0,1.4834,3.1884
3441,4.5,9.0,0.0,1.5483,3.3241
3442,4.3,8.0,0.0,1.5238,3.2314
3443,4.0,6.0,0.0,1.3295,3.2059
3444,4.1,6.0,0.0,1.3955,3.1768
3445,4.8,11.0,0.0,1.6987,3.1462
3446,4.2,6.0,0.0,1.4098,3.1625
3447,4.6,7.0,0.0,1.4691,3.1608
3448,3.9,6.0,0.0,1.2913,3.1777
3449,4.5,8.0,0.0,1.4881,3.1694
3450,5.1,8.0,0.0,1.6125,3.2192
3451,4.3,6.0,0.0,1.3863,3.1513
3452,4.8,7.0,0.0,1.562,3.157
3453,3.7,6.0,0.0,1.2076,3.2212
3454,3.5,5.0,0.0,1.2186,3.1767
3455,3.5,5.0,0.0,1.2207,3.1829
3456,8.1,11.0,0.0,2.551,3.4369
3457,17.0,28.0,0.0,5.252,4.1892
3458,25.6,40.0,0.0,7.8202,5.1336
3459,17.1,23.0,0.0,5.1712,4.7941
3460,21.5,29.0,0.0,6.2118,4.8421
3461,20.8,32.0,0.0,6.3281,4.6777
3462,15.5,19.0,0.0,4.7042,4.3033
3463,16.2,20.0,0.0,4.801,4.2856
3464,14.2,20.0,0.0,4.3268,4.1351
3465,11.3,17.0,0.0,3.4641,4.0266
3466,13.6,21.0,0.0,4.1132,4.0608
3467,15.9,24.0,0.0,4.8754,4.3248
3468,18.1,28.0,0.0,5.3323,4.4898
3469,13.6,22.0,0.0,4.1106,4.1857
3470,16.5,26.0,0.0,4.9422,4.4676
3471,18.6,29.0,0.0,5.5952,4.6285
3472,15.7,23.0,0.0,4.9309,3.9169
3473,16.9,24.0,0.0,5.1886,3.9227
3474,14.0,21.0,0.0,4.1572,3.6425
3475,14.6,30.0,0.0,4.7237,3.7314
3476,7.4,10.0,0.0,2.2732,3.4219
3477,3.8,5.0,0.0,1.2893,3.2742
3478,11.4,21.0,0.0,3.5418,3.5617
3479,5.8,12.0,0.0,1.9814,3.3215
3480,3.9,6.0,0.0,1.2555,3.2341
3481,4.0,5.0,0.0,1.304,3.2654
3482,4.3,7.0,0.0,1.4035,3.2549
3483,5.4,10.0,0.0,1.7381,3.2776
3484,4.2,6.0,0.0,1.4132,3.2441
3485,4.9,10.0,0.0,1.6191,3.3067
3486,4.7,7.0,0.0,1.5263,3.3089
3487,5.9,10.0,0.0,1.9052,3.3047
3488,5.1,7.0,0.0,1.5524,3.2478
3489,4.4,7.0,0.0,1.4027,3.215
3490,3.3,6.0,0.0,1.109,3.3
3491,3.4,6.0,0.0,1.1395,3.1934
3492,3.4,6.0,0.0,1.259,3.2076
3493,4.5,6.0,0.0,1.42,3.289
3494,5.4,8.0,0.0,1.7571,3.2976
3495,11.5,17.0,0.0,3.6887,3.6959
3496,15.3,27.0,0.0,4.7204,4.0234
3497,10.7,17.0,0.0,3.2469,3.6865
3498,12.2,17.0,0.0,3.8316,3.8411
3499,10.5,19.0,0.0,3.3123,3.6429
3500,4.7,6.0,0.0,1.5066,3.344
3501,4.9,6.0,0.0,1.5072,3.311
3502,3.8,6.0,0.0,1.244,3.3208
3503,3.9,8.0,0.0,1.3416,3.2716
3504,3.6,5.0,0.0,1.1649,3.232
3505,3.9,6.0,0.0,1.2512,3.1805
3506,3.8,7.0,0.0,1.2795,3.1779
3507,5.7,10.0,0.0,1.8364,3.3444
3508,4.9,7.0,0.0,1.5961,3.4492
3509,4.8,7.0,0.0,1.5362,3.3603
3510,6.1,10.0,0.0,1.9596,3.3454
3511,4.4,7.0,0.0,1.4119,3.2929
3512,6.4,8.0,0.0,1.9717,3.3454
3513,4.7,6.0,0.0,1.5362,3.3128
3514,5.3,7.0,0.0,1.7325,3.2885
3515,4.5,6.0,0.0,1.4454,3.2177
3516,4.7,7.0,0.0,1.5614,3.1461
3517,3.8,5.0,0.0,1.2304,3.1826
3518,4.4,6.0,0.0,1.433,3.1836
3519,5.1,7.0,0.0,1.5907,3.2139
3520,4.0,7.0,0.0,1.2922,3.2076
3521,5.5,9.0,0.0,1.7782,3.2136
3522,5.3,11.0,0.0,1.7514,3.2392
3523,4.7,8.0,0.0,1.5353,3.2826
3524,14.6,34.0,0.0,4.8689,3.5708
3525,23.2,32.0,0.0,7.1193,4.3494
3526,24.3,33.0,0.0,7.6316,4.9968
3527,17.7,30.0,0.0,5.4039,4.0852
3528,14.6,23.0,0.0,4.5275,3.9521
3529,18.0,26.0,0.0,5.4905,4.0748
3530,13.6,21.0,0.0,4.2263,3.5144
3531,5.9,8.0,0.0,1.9019,3.3418
3532,3.0,4.0,0.0,1.0394,3.2053
3533,4.6,7.0,0.0,1.466,3.2032
3534,4.2,7.0,0.0,1.3527,3.2411
3535,3.3,5.0,0.0,1.108,3.1797
3536,4.1,6.0,0.0,1.3454,3.2009
3537,3.6,6.0,0.0,1.178,3.2073
3538,4.3,8.0,0.0,1.4277,3.2207
3539,3.2,4.0,0.0,1.0648,3.1744
3540,3.4,5.0,0.0,1.1053,3.1899
3541,3.8,7.0,0.0,1.2464,3.2061
3542,4.0,7.0,0.0,1.3228,3.2876
3543,4.8,14.0,0.0,1.7475,3.2879
3544,4.2,7.0,0.0,1.3715,3.2187
3545,5.0,8.0,0.0,1.6401,3.3063
3546,3.9,6.0,0.0,1.2937,3.3497
3547,3.8,7.0,0.0,1.26,3.2389
3548,5.0,9.0,0.0,1.6205,3.2846
3549,4.2,7.0,0.0,1.4035,3.2432
3550,4.4,7.0,0.0,1.4384,3.3319
3551,3.7,5.0,0.0,1.1701,3.3768
3552,3.5,5.0,0.0,1.2387,3.4283
3553,3.4,6.0,0.0,1.1194,3.2872
3554,4.3,6.0,0.0,1.3875,3.2425
3555,4.1,5.0,0.0,1.2542,3.2936
3556,4.8,9.0,0.0,1.6229,3.2497
3557,4.7,6.0,0.0,1.4387,3.239
3558,2.9,4.0,0.0,0.9881,3.2728
3559,4.9,6.0,0.0,1.6003,3.3528
3560,3.5,4.0,0.0,1.1198,3.4894
3561,4.4,7.0,0.0,1.456,3.3331
3562,4.7,8.0,0.0,1.4387,3.4181
3563,4.8,9.0,0.0,1.5354,3.3677
3564,4.5,7.0,0.0,1.5037,3.2646
3565,3.6,6.0,0.0,1.1893,3.2723
3566,3.9,6.0,0.0,1.2876,3.2456
3567,4.5,9.0,0.0,1.5164,3.2937
3568,3.9,5.0,0.0,1.2922,3.2733
3569,4.2,7.0,0.0,1.3541,3.1992
3570,4.3,6.0,0.0,1.361,3.2262
3571,4.3,6.0,0.0,1.3511,3.2312
3572,3.6,5.0,0.0,1.2151,3.1825
3573,6.0,12.0,0.0,1.9792,3.2829
3574,5.3,8.0,0.0,1.7335,3.3051
3575,9.1,15.0,0.0,2.8903,3.5081
3576,16.3,21.0,0.0,4.9505,4.1361
3577,20.5,33.0,0.0,6.3712,4.5297
3578,19.2,26.0,0.0,5.7783,4.6964
3579,15.5,20.0,0.0,4.6024,4.6845
3580,19.4,31.0,0.0,5.9734,4.5866
3581,18.6,23.0,0.0,5.2264,4.4815
3582,18.2,28.0,0.0,5.5412,4.2926
3583,18.2,28.0,0.0,5.4584,4.5144
3584,19.3,29.0,0.0,5.8538,4.2729
3585,21.8,27.0,0.0,6.2329,4.4162
3586,21.2,30.0,0.0,5.9893,4.4417
3587,22.1,28.0,0.0,6.4557,4.3354
3588,16.0,26.0,0.0,4.7971,4.2619
3589,16.1,27.0,0.0,4.9877,3.9839
3590,8.7,14.0,0.0,2.7525,3.4486
3591,9.8,19.0,0.0,3.2742,3.5252
3592,4.7,7.0,0.0,1.5752,3.2847
3593,4.5,9.0,0.0,1.5028,3.1751
3594,4.3,6.0,0.0,1.4047,3.2073
3595,4.0,6.0,0.0,1.3189,3.1631
3596,4.3,7.0,0.0,1.4456,3.1306
3597,3.0,5.0,0.0,1.0638,3.1154
3598,2.9,6.0,0.0,1.0005,3.0621
3599,3.9,7.0,0.0,1.2729,3.1383
3600,3.9,6.0,0.0,1.2767,3.2983
3601,4.3,7.0,0.0,1.4933,3.2176
3602,3.1,4.0,0.0,1.0638,3.1249
3603,3.9,5.0,0.0,1.315,3.2132
3604,5.4,14.0,0.0,1.9022,3.2335
3605,4.8,7.0,0.0,1.5471,3.3917
3606,5.4,8.0,0.0,1.707,3.4197
3607,4.8,8.0,0.0,1.5843,3.2723
3608,6.5,12.0,0.0,2.097,3.4965
3609,11.3,27.0,0.0,3.8246,4.118
3610,12.9,17.0,0.0,4.0901,4.1935
3611,12.7,24.0,0.0,3.9573,4.0071
3612,13.1,16.0,0.0,4.14,3.9877
3613,11.1,25.0,0.0,3.8122,3.4882
3614,11.8,28.0,0.0,3.9393,3.4298
3615,6.5,13.0,0.0,2.1266,3.246
3616,5.7,9.0,0.0,1.8246,3.2124
3617,4.3,6.0,0.0,1.4414,3.2939
3618,4.2,7.0,0.0,1.4373,3.1582
3619,4.7,7.0,0.0,1.5322,3.1938
3620,4.9,7.0,0.0,1.5961,3.216
3621,4.3,6.0,0.0,1.4048,3.1702
3622,4.4,9.0,0.0,1.5357,3.228
3623,4.0,5.0,0.0,1.3268,3.2217
3624,4.4,7.0,0.0,1.4302,3.3116
3625,5.3,8.0,0.0,1.6938,3.3163
3626,5.9,8.0,0.0,1.9203,3.4763
3627,4.5,6.0,0.0,1.4495,3.3561
3628,5.5,8.0,0.0,1.7284,3.3067
3629,5.6,9.0,0.0,1.7521,3.2485
3630,4.1,7.0,0.0,1.3804,3.2555
3631,4.5,6.0,0.0,1.4387,3.2356
3632,5.3,11.0,0.0,1.7854,3.3914
3633,7.5,18.0,0.0,2.5705,3.4764
3634,17.2,31.0,0.0,5.4321,4.3826
3635,11.9,21.0,0.0,3.7885,3.7086
3636,4.6,5.0,0.0,1.4318,3.2638
3637,5.7,10.0,0.0,1.8418,3.3381
3638,5.3,7.0,0.0,1.7011,3.3608
3639,5.5,9.0,0.0,1.6798,3.3157
3640,6.8,10.0,0.0,2.118,3.4851
3641,8.1,16.0,0.0,2.688,3.3557
3642,7.3,14.0,0.0,2.3648,3.4587
3643,6.3,8.0,0.0,2.0101,3.4799
3644,6.3,11.0,0.0,1.9761,3.5035
3645,5.1,8.0,0.0,1.7173,3.4467
3646,5.9,13.0,0.0,2.0023,3.3563
3647,5.0,7.0,0.0,1.5537,3.2768
3648,5.0,11.0,0.0,1.6584,3.3862
3649,3.0,4.0,0.0,0.9965,3.3403
3650,5.5,9.0,0.0,1.7909,3.3491
3651,4.6,6.0,0.0,1.4591,3.3945
3652,5.0,7.0,0.0,1.7001,3.3406
3653,4.6,9.0,0.0,1.5072,3.5302
3654,4.0,7.0,0.0,1.3507,3.4003
3655,5.6,12.0,0.0,1.8061,3.4762
3656,12.0,23.0,0.0,3.8128,3.8806
3657,16.2,22.0,0.0,5.1084,4.5596
3658,20.2,29.0,0.0,6.1081,4.87
3659,27.3,36.0,0.0,8.0393,4.9704
3660,14.5,22.0,0.0,4.4341,4.1136
3661,12.7,22.0,0.0,3.8717,3.6764
3662,6.9,14.0,0.0,2.2221,3.4703
3663,4.9,9.0,0.0,1.6271,3.3528
3664,5.5,10.0,0.0,1.7906,3.3321
3665,4.4,7.0,0.0,1.4396,3.4005
3666,5.4,8.0,0.0,1.6986,3.3031
3667,5.8,7.0,0.0,1.8418,3.436
3668,4.2,8.0,0.0,1.4239,3.427
3669,3.8,6.0,0.0,1.2593,3.4954
3670,5.1,7.0,0.0,1.5855,3.5005
3671,5.7,9.0,0.0,1.8215,3.4698
3672,4.8,6.0,0.0,1.6076,3.4993
3673,5.7,8.0,0.0,1.827,3.5373
3674,5.8,10.0,0.0,1.8621,3.4948
3675,6.0,7.0,0.0,1.8233,3.5677
3676,13.2,24.0,0.0,4.3137,4.2802
3677,13.2,20.0,0.0,4.0419,4.5666
3678,16.5,22.0,0.0,5.0576,4.5089
3679,15.2,22.0,0.0,4.5472,4.5277
3680,18.1,23.0,0.0,5.3134,4.3933
3681,20.1,26.0,0.0,5.9741,4.6388
3682,15.9,27.0,0.0,4.8754,4.0876
3683,14.9,22.0,0.0,4.7557,3.8665
3684,16.4,25.0,0.0,4.7992,4.0436
3685,17.2,26.0,0.0,5.4173,3.9615
3686,15.5,38.0,0.0,5.1092,3.7589
3687,10.5,15.0,0.0,3.1589,3.5994
3688,14.9,19.0,0.0,4.6201,3.944
3689,16.8,28.0,0.0,5.2792,4.248
3690,15.3,27.0,0.0,4.6749,4.1275
3691,14.8,24.0,0.0,4.6784,3.8937
3692,13.5,20.0,0.0,4.149,3.9309
3693,16.4,20.0,0.0,5.0087,4.19
3694,19.8,27.0,0.0,5.9007,4.0308
3695,21.1,35.0,0.0,6.426,4.0521
3696,15.2,19.0,0.0,4.4327,3.9782
3697,18.3,38.0,0.0,5.6542,4.2401
3698,7.8,13.0,0.0,2.4564,3.5036
3699,8.1,14.0,0.0,2.5452,3.2707
3700,4.5,7.0,0.0,1.4858,3.3224
3701,3.9,8.0,0.0,1.3058,3.3515
3702,4.7,7.0,0.0,1.533,3.1955
3703,4.5,9.0,0.0,1.5524,3.2962
3704,4.9,8.0,0.0,1.5903,3.3565
3705,4.6,8.0,0.0,1.5296,3.3157
3706,4.3,8.0,0.0,1.3615,3.2124
3707,3.8,8.0,0.0,1.3572,3.2197
3708,4.8,8.0,0.0,1.6454,3.2929
3709,5.3,10.0,0.0,1.7542,3.2642
3710,6.3,13.0,0.0,2.0803,3.363
3711,3.7,7.0,0.0,1.2124,3.3147
3712,3.6,5.0,0.0,1.1854,3.304
3713,4.2,6.0,0.0,1.3681,3.3236
3714,5.3,7.0,0.0,1.6852,3.2375
3715,6.3,7.0,0.0,1.8989,3.2362
3716,6.6,10.0,0.0,2.0766,3.2321
3717,6.9,11.0,0.0,2.1203,3.5064
3718,13.1,23.0,0.0,4.162,4.0149
3719,17.5,24.0,0.0,5.4827,4.2016
3720,12.6,24.0,0.0,3.9383,3.8945
3721,11.2,17.0,0.0,3.547,3.6415
3722,9.0,17.0,0.0,2.8961,3.4241
3723,13.5,27.0,0.0,4.3078,3.7054
3724,18.0,31.0,0.0,5.5977,4.1426
3725,19.5,28.0,0.0,5.9182,4.0752
3726,16.4,26.0,0.0,5.0159,4.1566
3727,20.9,33.0,0.0,6.1764,4.4695
3728,19.3,27.0,0.0,5.8393,4.3552
3729,18.2,29.0,0.0,5.5635,4.3614
3730,19.5,27.0,0.0,5.787,4.4641
3731,22.3,43.0,0.0,7.0552,4.4176
3732,16.4,28.0,0.0,4.9503,4.4551
3733,18.8,39.0,0.0,6.1103,4.6317
3734,11.3,15.0,0.0,3.5146,3.9807
3735,21.7,36.0,0.0,6.8024,4.4789
3736,16.7,27.0,0.0,5.107,4.2773
3737,20.3,37.0,0.0,6.2889,4.4267
3738,18.0,36.0,0.0,5.6611,3.9289
3739,18.6,28.0,0.0,5.7847,3.9556
3740,13.0,29.0,0.0,4.2192,3.981
3741,18.8,42.0,0.0,6.0098,4.2807
3742,18.3,39.0,0.0,5.6842,3.9553
3743,14.5,27.0,0.0,4.6776,4.2241
3744,16.3,25.0,0.0,4.9201,4.4475
3745,18.9,23.0,0.0,5.572,4.6914
3746,17.0,21.0,0.0,5.0547,4.2537
3747,13.6,17.0,0.0,4.2002,4.2085
3748,15.8,22.0,0.0,4.5522,4.4674
3749,15.7,22.0,0.0,4.9174,4.4519
3750,15.6,22.0,0.0,5.02,4.122
3751,12.9,18.0,0.0,3.9366,3.9458
3752,12.9,19.0,0.0,4.1845,3.9707
3753,14.0,24.0,0.0,4.4215,3.8355
3754,17.7,26.0,0.0,5.4759,4.2761
3755,19.2,29.0,0.0,6.1325,4.6031
3756,17.2,23.0,0.0,5.0628,4.3322
3757,14.4,19.0,0.0,4.2742,4.2921
3758,12.8,22.0,0.0,3.8658,3.951
3759,13.0,23.0,0.0,4.0147,4.0769
3760,12.7,22.0,0.0,3.9071,4.007
3761,8.5,12.0,0.0,2.5615,3.5887
3762,6.0,7.0,0.0,1.8725,3.4211
3763,4.5,7.0,0.0,1.458,3.3111
3764,4.1,6.0,0.0,1.3349,3.2853
3765,4.0,6.0,0.0,1.3271,3.2674
3766,4.6,6.0,0.0,1.4424,3.2718
3767,3.4,6.0,0.0,1.1584,3.257
3768,4.5,8.0,0.0,1.479,3.1716
3769,5.5,11.0,0.0,1.8351,3.2176
3770,5.4,8.0,0.0,1.721,3.2534
3771,5.7,9.0,0.0,1.8779,3.2415
3772,7.2,12.0,0.0,2.2579,3.4839
3773,4.8,7.0,0.0,1.5667,3.2731
3774,7.0,10.0,0.0,2.1913,3.3503
3775,5.4,6.0,0.0,1.6684,3.2775
3776,4.2,6.0,0.0,1.3862,3.278
3777,4.6,7.0,0.0,1.3951,3.1762
3778,4.9,7.0,0.0,1.5093,3.0634
3779,4.8,6.0,0.0,1.5575,3.13
3780,5.7,12.0,0.0,1.8837,3.2758
3781,10.8,15.0,0.0,3.3287,3.8582
3782,14.7,22.0,0.0,4.5213,3.7237
3783,11.8,17.0,0.0,3.707,3.8796
3784,14.8,26.0,0.0,4.5747,3.9591
3785,15.0,19.0,0.0,4.6203,4.2617
3786,15.4,21.0,0.0,4.6759,4.2061
3787,17.3,24.0,0.0,5.2898,4.5309
3788,12.8,16.0,0.0,3.9252,3.7885
3789,21.1,48.0,0.0,6.8695,4.5893
3790,16.6,22.0,0.0,4.9216,4.4674
3791,17.1,36.0,0.0,5.5288,4.452
3792,17.6,21.0,0.0,5.0847,4.4196
3793,20.5,41.0,0.0,6.3616,4.5052
3794,15.8,19.0,0.0,4.7373,4.0758
3795,16.2,25.0,0.0,5.0375,4.1782
3796,19.0,33.0,0.0,5.8922,4.0834
3797,17.0,29.0,0.0,5.1076,3.9661
3798,16.5,23.0,0.0,4.9988,4.0679
3799,13.0,19.0,0.0,3.9649,3.8571
3800,16.5,24.0,0.0,4.941,3.8774
3801,15.3,21.0,0.0,4.8465,3.9107
3802,15.8,21.0,0.0,4.8274,3.9824
3803,15.4,24.0,0.0,5.0362,3.8408
3804,12.6,15.0,0.0,3.8598,3.9032
3805,16.4,33.0,0.0,5.4451,4.0057
3806,13.3,23.0,0.0,4.0172,3.7804
3807,15.2,19.0,0.0,4.676,3.8329
3808,12.7,28.0,0.0,4.0256,3.9904
3809,16.5,26.0,0.0,5.0784,4.0331
3810,20.3,32.0,0.0,6.0697,4.117
3811,14.6,21.0,0.0,4.4065,3.8339
3812,16.9,22.0,0.0,4.7833,4.1564
3813,13.5,18.0,0.0,4.1223,3.8676
3814,17.9,25.0,0.0,5.4423,4.2308
3815,15.8,23.0,0.0,4.8064,3.9845
3816,13.9,22.0,0.0,4.3993,3.9706
3817,17.9,24.0,0.0,5.2901,4.0484
3818,14.8,20.0,0.0,4.4848,4.1868
3819,16.7,28.0,0.0,5.1527,4.2145
3820,14.7,18.0,0.0,4.6755,4.5165
3821,17.1,27.0,0.0,5.1647,4.1533
3822,16.2,25.0,0.0,4.9264,4.274
3823,13.0,26.0,0.0,4.0697,3.8249
3824,15.7,30.0,0.0,5.0559,4.0007
3825,18.7,42.0,0.0,6.1157,3.7935
3826,15.9,22.0,0.0,4.7525,3.7892
3827,16.3,21.0,0.0,4.8696,4.2802
3828,15.5,22.0,0.0,4.5679,3.9672
3829,14.1,25.0,0.0,4.39,4.1686
3830,11.5,16.0,0.0,3.5928,3.7149
3831,11.7,17.0,0.0,3.6047,4.1122
3832,16.0,20.0,0.0,4.8898,4.3803
3833,16.7,23.0,0.0,5.0484,4.4791
3834,16.1,21.0,0.0,4.6986,4.1464
3835,15.3,25.0,0.0,4.6219,4.0587
3836,16.4,33.0,0.0,5.0412,3.8764
3837,16.3,22.0,0.0,4.8516,3.9489
3838,15.8,25.0,0.0,4.8713,4.1917
3839,18.7,30.0,0.0,5.7458,4.3317
3840,14.9,20.0,0.0,4.4595,4.0959
3841,17.2,27.0,0.0,5.2646,4.1669
3842,17.4,26.0,0.0,5.1645,4.3716
3843,15.3,39.0,0.0,5.1554,3.9953
3844,12.8,16.0,0.0,3.8538,3.8159
3845,10.9,19.0,0.0,3.3193,3.7637
3846,11.6,19.0,0.0,3.5723,3.6984
3847,8.4,14.0,0.0,2.6164,3.4735
3848,5.6,8.0,0.0,1.7909,3.3719
3849,7.0,16.0,0.0,2.3386,3.3885
3850,5.3,7.0,0.0,1.6846,3.3608
3851,6.2,15.0,0.0,2.1699,3.3459
3852,4.6,7.0,0.0,1.4825,3.3008
3853,4.5,8.0,0.0,1.5199,3.2572
3854,4.4,6.0,0.0,1.4654,3.3212
3855,5.3,9.0,0.0,1.666,3.2554
3856,6.2,13.0,0.0,2.1028,3.1882
3857,8.7,14.0,0.0,2.8649,3.4894
3858,11.1,22.0,0.0,3.6147,3.5453
3859,17.3,28.0,0.0,5.527,4.2479
3860,26.4,44.0,0.0,8.2722,4.7271
3861,19.4,39.0,0.0,5.9257,4.312
3862,15.6,19.0,0.0,4.7687,4.0136
3863,17.4,38.0,0.0,5.6475,4.0987
3864,17.3,34.0,0.0,5.542,3.7902
3865,17.1,24.0,0.0,4.9747,4.2383
3866,13.4,20.0,0.0,4.1307,3.9462
3867,16.3,38.0,0.0,5.453,3.9453
3868,15.4,17.0,0.0,4.8505,4.1062
3869,14.1,28.0,0.0,4.4906,3.7356
3870,10.4,13.0,0.0,3.2456,3.5147
3871,8.7,17.0,0.0,2.7658,3.4327
3872,6.5,8.0,0.0,2.0636,3.3529
3873,5.1,9.0,0.0,1.5817,3.1953
3874,3.6,5.0,0.0,1.1619,3.1502
3875,5.2,11.0,0.0,1.7035,3.2228
3876,4.7,7.0,0.0,1.4331,3.2373
3877,4.3,6.0,0.0,1.4027,3.2623
3878,3.6,4.0,0.0,1.1684,3.2779
3879,5.4,12.0,0.0,1.7457,3.2861
3880,4.0,5.0,0.0,1.3363,3.2396
3881,5.2,8.0,0.0,1.6865,3.3666
3882,6.9,27.0,0.0,2.953,3.3715
3883,13.5,24.0,0.0,4.2938,3.8892
3884,19.1,49.0,0.0,6.3048,4.5619
3885,24.2,40.0,0.0,7.2054,5.2983
3886,19.9,27.0,0.0,6.0466,4.4709
3887,13.1,36.0,0.0,4.4833,4.0234
3888,9.2,18.0,0.0,3.0249,3.626
3889,8.5,24.0,0.0,3.0669,3.4571
3890,9.5,19.0,0.0,2.9634,3.5747
3891,10.4,14.0,0.0,3.1039,3.7168
3892,15.1,25.0,0.0,4.5876,4.0325
3893,9.9,15.0,0.0,3.2309,3.8034
3894,10.4,16.0,0.0,3.273,3.9914
3895,14.1,20.0,0.0,4.1905,4.1591
3896,11.7,19.0,0.0,3.5849,3.884
3897,10.2,22.0,0.0,3.2313,3.5693
3898,9.0,13.0,0.0,2.7586,3.4665
3899,7.9,12.0,0.0,2.4686,3.3573
3900,5.5,10.0,0.0,1.7687,3.2855
3901,3.8,7.0,0.0,1.2498,3.2498
3902,5.4,8.0,0.0,1.7007,3.2562
3903,4.2,6.0,0.0,1.3492,3.2841
3904,5.5,8.0,0.0,1.7404,3.2903
3905,5.7,9.0,0.0,1.8498,3.4971
3906,4.5,7.0,0.0,1.4866,3.4303
3907,4.0,6.0,0.0,1.2401,3.3916
3908,4.0,7.0,0.0,1.2781,3.2641
3909,4.4,10.0,0.0,1.5701,3.2498
3910,4.0,5.0,0.0,1.2924,3.2263
3911,8.5,13.0,0.0,2.6746,3.5273
3912,17.5,28.0,0.0,5.4339,4.3773
3913,18.7,24.0,0.0,5.9162,5.3857
3914,29.9,41.0,0.0,8.8647,6.3146
3915,19.9,29.0,0.0,5.7957,5.2376
3916,20.8,30.0,0.0,5.9948,4.9673
3917,19.3,31.0,0.0,5.5543,4.6685
3918,17.4,26.0,0.0,5.0757,4.2256
3919,14.1,20.0,0.0,4.2482,3.9972
3920,18.7,28.0,0.0,5.6414,4.1714
3921,15.4,24.0,0.0,4.8018,3.7688
3922,15.4,22.0,0.0,4.7294,3.8139
3923,15.5,28.0,0.0,4.8494,3.8243
3924,13.4,20.0,0.0,4.1647,3.8593
3925,9.3,18.0,0.0,2.8757,3.5269
3926,6.9,12.0,0.0,2.1095,3.2697
3927,7.3,15.0,0.0,2.4099,3.2487
3928,9.8,18.0,0.0,3.1215,3.4865
3929,5.7,10.0,0.0,1.8293,3.2494
3930,3.9,7.0,0.0,1.3189,3.1379
3931,3.1,5.0,0.0,1.0688,3.0982
3932,3.9,8.0,0.0,1.3498,3.1045
3933,3.0,5.0,0.0,1.0429,3.1201
3934,3.5,4.0,0.0,1.184,3.1459
3935,3.8,6.0,0.0,1.2625,3.1666
3936,3.7,5.0,0.0,1.2054,3.2507
3937,3.3,5.0,0.0,1.087,3.3483
3938,4.2,7.0,0.0,1.3491,3.3915
3939,3.0,5.0,0.0,1.0356,3.3074
3940,3.4,5.0,0.0,1.1522,3.3262
3941,4.1,8.0,0.0,1.3618,3.2979
3942,4.3,7.0,0.0,1.4058,3.286
3943,4.6,7.0,0.0,1.5108,3.4184
3944,4.6,10.0,0.0,1.5026,3.2658
3945,4.3,6.0,0.0,1.4007,3.3382
3946,4.2,8.0,0.0,1.437,3.3925
3947,5.3,8.0,0.0,1.7208,3.5258
3948,9.8,18.0,0.0,3.1199,3.7307
3949,14.9,20.0,0.0,4.3615,4.2937
3950,16.9,28.0,0.0,5.0522,4.7438
3951,20.8,29.0,0.0,6.1457,4.9867
3952,17.7,22.0,0.0,5.3479,4.5458
3953,14.7,22.0,0.0,4.4587,4.0262
3954,12.7,29.0,0.0,4.2299,3.7095
3955,11.4,15.0,0.0,3.3907,3.5287
3956,5.4,7.0,0.0,1.6437,3.3569
3957,3.9,5.0,0.0,1.2216,3.2442
3958,4.7,7.0,0.0,1.4823,3.225
3959,4.7,6.0,0.0,1.4866,3.3132
3960,4.4,7.0,0.0,1.4115,3.2057
3961,4.3,6.0,0.0,1.3701,3.181
3962,3.9,6.0,0.0,1.2679,3.2149
3963,4.2,7.0,0.0,1.3883,3.2833
3964,5.0,7.0,0.0,1.5956,3.318
3965,5.5,9.0,0.0,1.7464,3.2385
3966,3.9,5.0,0.0,1.2468,3.1909
3967,5.6,12.0,0.0,1.8238,3.3378
3968,4.8,8.0,0.0,1.5718,3.4116
3969,4.7,7.0,0.0,1.4448,3.4291
3970,5.4,15.0,0.0,1.9486,3.3433
3971,5.1,7.0,0.0,1.5819,3.352
3972,7.0,13.0,0.0,2.3,3.3256
3973,8.8,15.0,0.0,2.8943,3.3589
3974,10.9,14.0,0.0,3.3567,3.6169
3975,13.7,19.0,0.0,4.0741,3.6093
3976,12.4,18.0,0.0,3.7527,3.7851
3977,14.7,24.0,0.0,4.8586,3.7897
3978,15.2,22.0,0.0,4.6605,3.7991
3979,9.9,13.0,0.0,3.003,3.6663
3980,15.4,24.0,0.0,4.8366,4.1375
3981,13.5,28.0,0.0,4.2802,3.6481
3982,6.8,10.0,0.0,2.0845,3.3751
3983,12.9,24.0,0.0,4.1722,3.6152
3984,13.2,21.0,0.0,3.9578,3.6424
3985,8.4,17.0,0.0,2.7478,3.4661
3986,9.4,13.0,0.0,2.9721,3.4558
3987,9.1,17.0,0.0,2.8309,3.4819
3988,8.8,11.0,0.0,2.8191,3.5776
3989,10.2,15.0,0.0,3.1783,3.4922
3990,8.0,13.0,0.0,2.4875,3.3814
3991,8.4,21.0,0.0,2.9563,3.3612
3992,9.5,16.0,0.0,2.9983,3.5927
3993,5.4,8.0,0.0,1.6938,3.2994
3994,4.7,6.0,0.0,1.479,3.2411
3995,6.2,16.0,0.0,2.1637,3.3308
3996,7.0,13.0,0.0,2.3677,3.4057
3997,4.6,7.0,0.0,1.4412,3.1714
3998,5.1,9.0,0.0,1.6026,3.1871
3999,5.8,9.0,0.0,1.8681,3.2147
4000,5.3,10.0,0.0,1.7129,3.2201
4001,3.9,5.0,0.0,1.2704,3.2873
4002,4.0,5.0,0.0,1.3947,3.1644
4003,4.5,9.0,0.0,1.5184,3.1529
4004,5.8,9.0,0.0,1.8535,3.2173
4005,3.8,7.0,0.0,1.2446,3.1772
4006,5.3,7.0,0.0,1.7284,3.3009
4007,4.1,6.0,0.0,1.3601,3.2422
4008,4.7,7.0,0.0,1.4992,3.131
4009,5.7,10.0,0.0,1.8733,3.2564
4010,12.8,24.0,0.0,4.1108,3.9984
4011,10.2,13.0,0.0,3.3507,3.8387
4012,11.5,22.0,0.0,3.6169,3.7544
4013,9.2,14.0,0.0,2.7763,3.7657
4014,12.3,22.0,0.0,3.8144,3.8213
4015,17.4,22.0,0.0,5.2358,4.745
4016,20.0,31.0,0.0,6.0894,4.4957
4017,14.3,18.0,0.0,4.2825,4.4275
4018,14.7,36.0,0.0,4.8581,3.7996
4019,16.0,31.0,0.0,5.2129,3.8701
4020,15.6,21.0,0.0,4.5745,3.7645
4021,16.2,23.0,0.0,4.8908,3.8296
4022,18.2,25.0,0.0,5.5415,4.0736
4023,17.9,26.0,0.0,5.4891,3.9502
4024,14.8,23.0,0.0,4.7445,3.7237
4025,14.6,32.0,0.0,4.7652,3.7933
4026,8.6,11.0,0.0,2.6866,3.3671
4027,8.1,21.0,0.0,2.806,3.3287
4028,4.2,5.0,0.0,1.3851,3.1609
4029,6.3,9.0,0.0,1.9445,3.2516
4030,4.1,8.0,0.0,1.3637,3.1361
4031,4.1,7.0,0.0,1.3889,3.1458
4032,4.3,6.0,0.0,1.42,3.1326
4033,4.8,9.0,0.0,1.5868,3.1743
4034,4.2,8.0,0.0,1.3994,3.19
4035,3.7,7.0,0.0,1.227,3.1711
4036,5.2,9.0,0.0,1.6934,3.3068
4037,3.7,5.0,0.0,1.1619,3.2379
4038,4.7,6.0,0.0,1.4646,3.2822
4039,4.6,7.0,0.0,1.4744,3.2493
4040,4.6,7.0,0.0,1.4635,3.2491
4041,2.5,4.0,0.0,0.8761,3.2513
4042,4.7,8.0,0.0,1.525,3.2246
4043,5.1,8.0,0.0,1.7342,3.3395
4044,4.7,6.0,0.0,1.5185,3.3213
4045,6.9,11.0,0.0,2.1977,3.3615
4046,5.9,9.0,0.0,1.9157,3.3074
4047,5.0,10.0,0.0,1.6364,3.417
4048,6.4,10.0,0.0,2.0338,3.6496
4049,6.9,12.0,0.0,2.2185,3.6908
4050,6.3,10.0,0.0,1.9209,3.5593
4051,6.0,11.0,0.0,1.9313,3.37
4052,7.2,13.0,0.0,2.313,3.4318
4053,7.3,9.0,0.0,2.3268,3.5637
4054,6.0,8.0,0.0,1.883,3.393
4055,5.8,7.0,0.0,1.8496,3.3568
4056,8.6,13.0,0.0,2.646,3.6022
4057,8.2,24.0,0.0,2.9189,3.5778
4058,6.5,10.0,0.0,2.0625,3.5407
4059,5.6,9.0,0.0,1.7542,3.4406
4060,3.7,5.0,0.0,1.2385,3.2443
4061,5.2,10.0,0.0,1.7117,3.2833
4062,4.7,9.0,0.0,1.5536,3.2382
4063,4.4,6.0,0.0,1.4277,3.301
4064,3.6,5.0,0.0,1.2031,3.2082
4065,4.1,6.0,0.0,1.2657,3.1606
4066,5.3,10.0,0.0,1.7965,3.2055
4067,11.2,17.0,0.0,3.5909,3.8177
4068,13.7,22.0,0.0,4.4975,4.0082
4069,17.2,35.0,0.0,5.5052,4.018
4070,17.1,28.0,0.0,5.2016,4.0958
4071,22.6,31.0,0.0,6.8862,4.5168
4072,23.3,35.0,0.0,7.2042,4.465
4073,26.8,37.0,0.0,8.1222,5.0252
4074,16.0,24.0,0.0,4.7369,4.5855
4075,22.3,26.0,0.0,6.5832,5.0064
4076,24.7,36.0,0.0,7.1504,5.3432
4077,24.7,42.0,0.0,7.3596,4.7546
4078,18.6,25.0,0.0,5.5578,4.1714
4079,21.8,39.0,0.0,6.7961,4.565
4080,19.3,28.0,0.0,5.7022,4.5397
4081,18.3,27.0,0.0,5.3,4.2668
4082,15.5,31.0,0.0,4.7419,3.9486
4083,17.1,33.0,0.0,5.1269,4.2316
4084,14.1,27.0,0.0,4.3197,3.8844
4085,24.7,45.0,0.0,7.4998,4.8817
4086,20.9,30.0,0.0,6.2434,4.6763
4087,21.0,29.0,0.0,6.296,5.1123
4088,18.5,26.0,0.0,5.5339,4.8004
4089,17.5,28.0,0.0,5.2803,4.4357
4090,18.3,34.0,0.0,5.5851,4.5916
4091,18.1,29.0,0.0,5.4974,4.3842
4092,18.7,24.0,0.0,5.595,4.3778
4093,21.1,29.0,0.0,6.3179,4.4099
4094,15.5,23.0,0.0,4.6179,4.7219
4095,16.0,26.0,0.0,4.9529,4.5806
4096,17.5,23.0,0.0,5.6346,4.6589
4097,19.4,32.0,0.0,5.7804,4.7971
4098,19.5,36.0,0.0,6.0084,4.8831
4099,20.3,31.0,0.0,5.9599,4.7017
4100,17.3,27.0,0.0,5.1963,4.4411
4101,15.5,19.0,0.0,4.5149,5.1328
4102,17.1,22.0,0.0,5.0638,5.2697
4103,19.0,28.0,0.0,5.6121,5.2408
4104,20.6,32.0,0.0,6.1384,5.0733
4105,22.5,30.0,0.0,6.9984,5.1796
4106,20.6,28.0,0.0,6.483,5.0304
4107,22.1,36.0,0.0,6.6144,5.1062
4108,20.7,36.0,0.0,6.5409,4.6254
4109,17.5,37.0,0.0,5.7937,4.7412
4110,18.8,25.0,0.0,5.6137,4.6942
4111,20.0,30.0,0.0,6.3183,5.2758
4112,18.1,27.0,0.0,5.5525,4.3692
4113,14.6,21.0,0.0,4.613,4.0587
4114,20.1,27.0,0.0,6.2043,4.3868
4115,9.5,21.0,0.0,3.1013,3.5509
4116,7.9,12.0,0.0,2.4981,3.3538
4117,12.5,21.0,0.0,3.8535,3.4672
4118,9.6,12.0,0.0,3.0212,3.5362
4119,5.7,8.0,0.0,1.8416,3.3159
4120,5.4,7.0,0.0,1.7231,3.1726
4121,4.0,7.0,0.0,1.3162,3.2192
4122,4.5,6.0,0.0,1.4973,3.2016
4123,4.7,7.0,0.0,1.4992,3.2826
4124,4.9,11.0,0.0,1.6518,3.2472
4125,5.8,8.0,0.0,1.7772,3.3842
4126,6.4,10.0,0.0,2.0145,3.4732
4127,5.0,9.0,0.0,1.6922,3.277
4128,6.5,9.0,0.0,2.015,3.2926
4129,5.1,7.0,0.0,1.6437,3.2326
4130,4.6,7.0,0.0,1.4517,3.1796
4131,4.6,8.0,0.0,1.484,3.1664
4132,6.9,16.0,0.0,2.3682,3.2797
4133,18.8,32.0,0.0,6.0306,4.1074
4134,19.6,27.0,0.0,6.0825,4.5668
4135,25.1,30.0,0.0,7.1081,4.8972
4136,21.5,37.0,0.0,6.3683,4.6625
4137,22.0,31.0,0.0,6.6622,4.5491
4138,13.6,18.0,0.0,4.169,3.8303
4139,17.9,28.0,0.0,5.56,3.8452
4140,17.4,22.0,0.0,5.3334,3.7627
4141,14.8,28.0,0.0,4.6675,3.71
4142,15.1,19.0,0.0,4.7326,3.7581
4143,15.7,27.0,0.0,4.8388,3.759
4144,18.7,28.0,0.0,5.7715,4.0664
4145,15.2,24.0,0.0,4.7537,3.8496
4146,16.2,28.0,0.0,5.0205,3.8908
4147,10.2,14.0,0.0,3.0623,3.6173
4148,12.3,20.0,0.0,3.921,3.6569
4149,11.5,22.0,0.0,3.9884,3.4022
4150,16.1,32.0,0.0,5.3346,3.6799
4151,8.7,13.0,0.0,2.7672,3.5635
4152,7.9,16.0,0.0,2.5826,3.4011
4153,4.3,8.0,0.0,1.4277,3.1948
4154,3.7,5.0,0.0,1.1823,3.1519
4155,4.1,5.0,0.0,1.337,3.2006
4156,2.9,5.0,0.0,0.9962,3.3206
4157,4.6,10.0,0.0,1.5296,3.288
4158,7.9,20.0,0.0,2.7586,3.4537
4159,12.7,21.0,0.0,3.9934,3.9302
4160,12.9,22.0,0.0,4.267,4.2205
4161,14.3,23.0,0.0,4.3209,3.9426
4162,19.6,39.0,0.0,6.1661,4.0417
4163,15.3,24.0,0.0,4.7823,3.7448
4164,14.6,28.0,0.0,4.5954,3.7816
4165,8.1,15.0,0.0,2.6904,3.4911
4166,4.3,6.0,0.0,1.341,3.2453
4167,4.1,7.0,0.0,1.3242,3.3694
4168,3.3,7.0,0.0,1.1565,3.1509
4169,3.4,6.0,0.0,1.1389,3.1717
4170,4.4,7.0,0.0,1.4239,3.14
4171,3.6,4.0,0.0,1.1938,3.1687
4172,2.6,5.0,0.0,0.9222,3.197
4173,4.0,8.0,0.0,1.3551,3.1495
4174,6.2,12.0,0.0,2.03,3.3002
4175,4.6,6.0,0.0,1.4163,3.2157
4176,6.1,15.0,0.0,2.0951,3.3251
4177,4.9,8.0,0.0,1.6374,3.2043
4178,4.1,7.0,0.0,1.3618,3.2003
4179,4.2,7.0,0.0,1.3739,3.2
4180,4.5,7.0,0.0,1.4526,3.2108
4181,5.0,9.0,0.0,1.5939,3.215
4182,6.6,12.0,0.0,2.1467,3.2989
4183,5.9,10.0,0.0,1.9373,3.4004
4184,6.3,11.0,0.0,2.097,3.3475
4185,7.9,17.0,0.0,2.8107,3.3624
4186,8.4,11.0,0.0,2.5219,3.4702
4187,13.1,30.0,0.0,4.3689,3.6823
4188,7.4,13.0,0.0,2.3425,3.7806
4189,11.8,16.0,0.0,3.6074,3.8081
4190,17.2,33.0,0.0,5.2765,4.0566
4191,16.7,21.0,0.0,5.0914,3.8373
4192,17.0,25.0,0.0,5.2564,3.859
4193,16.6,22.0,0.0,4.9349,4.0661
4194,19.9,33.0,0.0,5.8983,4.1555
4195,15.8,20.0,0.0,4.7734,4.0097
4196,16.2,26.0,0.0,4.6344,3.9494
4197,15.1,29.0,0.0,4.6947,3.9057
4198,16.6,24.0,0.0,4.9389,3.9844
4199,17.9,36.0,0.0,5.4827,4.3339
4200,12.8,19.0,0.0,3.9096,3.7878
4201,18.1,33.0,0.0,6.0653,4.293
4202,25.2,39.0,0.0,7.6504,4.855
4203,17.2,36.0,0.0,5.5786,3.8087
4204,21.8,46.0,0.0,7.0944,4.0201
4205,22.4,32.0,0.0,6.9025,4.4148
4206,24.3,32.0,0.0,7.2146,4.4448
4207,17.7,32.0,0.0,5.6963,4.2309
4208,15.6,45.0,0.0,5.5738,3.8099
4209,11.1,16.0,0.0,3.4044,3.5898
4210,8.9,16.0,0.0,2.861,3.3764
4211,5.3,7.0,0.0,1.693,3.3325
4212,4.6,6.0,0.0,1.5033,3.2955
4213,4.8,7.0,0.0,1.5487,3.2593
4214,4.4,8.0,0.0,1.5238,3.2474
4215,4.3,7.0,0.0,1.4239,3.2464
4216,4.0,7.0,0.0,1.3101,3.2392
4217,4.5,7.0,0.0,1.4309,3.2875
4218,5.8,10.0,0.0,1.9874,3.3229
4219,4.7,8.0,0.0,1.5815,3.286
4220,9.2,17.0,0.0,3.0179,3.509
4221,15.6,19.0,0.0,4.8466,3.9557
4222,17.7,33.0,0.0,5.6244,4.3621
4223,18.9,24.0,0.0,5.8,4.4527
4224,17.4,28.0,0.0,5.1148,4.5991
4225,20.3,25.0,0.0,6.1431,4.5642
4226,17.5,26.0,0.0,5.1457,4.0463
4227,12.1,21.0,0.0,3.7376,3.519
4228,10.4,29.0,0.0,3.8102,3.4639
4229,10.1,15.0,0.0,3.2191,3.6117
4230,5.4,8.0,0.0,1.8304,3.5994
4231,4.5,6.0,0.0,1.4649,3.3958
4232,3.0,4.0,0.0,1.0161,3.1955
4233,3.6,8.0,0.0,1.2384,3.3982
4234,4.2,6.0,0.0,1.3483,3.2625
4235,3.5,5.0,0.0,1.1491,3.2471
4236,4.0,5.0,0.0,1.2649,3.2327
4237,4.4,6.0,0.0,1.4517,3.4203
4238,6.6,12.0,0.0,2.1549,3.4867
4239,5.3,11.0,0.0,1.7628,3.3098
4240,4.6,8.0,0.0,1.4867,3.3542
4241,4.0,8.0,0.0,1.3935,3.4132
4242,4.0,8.0,0.0,1.437,3.3193
4243,4.0,6.0,0.0,1.3094,3.3944
4244,4.2,8.0,0.0,1.4027,3.341
4245,4.3,8.0,0.0,1.4,3.3478
4246,4.6,8.0,0.0,1.5026,3.2833
4247,3.9,5.0,0.0,1.3228,3.2207
4248,4.4,7.0,0.0,1.4555,3.2657
4249,4.5,8.0,0.0,1.4831,3.2797
4250,5.6,9.0,0.0,1.8624,3.4014
4251,10.1,24.0,0.0,3.3412,3.5958
4252,16.0,38.0,0.0,5.4118,4.0461
4253,23.6,46.0,0.0,7.6165,4.1621
4254,21.0,32.0,0.0,6.2855,4.4478
4255,18.3,29.0,0.0,5.6215,4.2133
4256,14.1,18.0,0.0,4.5015,4.0348
4257,16.9,27.0,0.0,5.421,4.1494
4258,16.1,24.0,0.0,5.082,4.1795
4259,20.1,35.0,0.0,6.4661,4.1302
4260,19.3,28.0,0.0,5.6502,4.6498
4261,23.4,34.0,0.0,6.7381,5.3742
4262,18.2,52.0,0.0,6.5503,3.9653
4263,8.7,16.0,0.0,2.7762,3.3885
4264,7.8,17.0,0.0,2.5815,3.3073
4265,10.5,18.0,0.0,3.3867,3.3836
4266,4.4,8.0,0.0,1.509,3.0916
4267,3.4,5.0,0.0,1.0863,3.1573
4268,4.6,8.0,0.0,1.5094,3.279
4269,3.5,5.0,0.0,1.1581,3.1346
4270,3.0,5.0,0.0,1.0012,3.1696
4271,3.4,5.0,0.0,1.1365,3.1829
4272,3.8,6.0,0.0,1.2648,3.172
4273,3.9,6.0,0.0,1.2948,3.1672
4274,4.2,6.0,0.0,1.3144,3.1645
4275,3.8,5.0,0.0,1.2349,3.157
4276,4.9,11.0,0.0,1.6913,3.164
4277,4.7,7.0,0.0,1.5225,3.2479
4278,3.9,6.0,0.0,1.2922,3.1824
4279,5.1,9.0,0.0,1.6834,3.2158
4280,7.4,11.0,0.0,2.3161,3.3113
4281,5.0,7.0,0.0,1.5603,3.3913
4282,4.9,8.0,0.0,1.5483,3.2903
4283,6.0,19.0,0.0,2.2997,3.3055
4284,4.7,6.0,0.0,1.5224,3.2565
4285,4.6,6.0,0.0,1.4644,3.3248
4286,4.9,8.0,0.0,1.6042,3.2454
4287,6.3,12.0,0.0,2.1569,3.3577
4288,15.0,26.0,0.0,4.7466,3.9932
4289,14.0,27.0,0.0,4.4247,4.4251
4290,16.0,26.0,0.0,4.9667,4.1508
4291,15.4,29.0,0.0,4.7241,4.4088
4292,22.5,60.0,0.0,7.6359,4.8794
4293,27.2,38.0,0.0,8.318,5.8787
4294,25.4,38.0,0.0,7.7444,6.2546
4295,20.3,40.0,0.0,6.0369,5.2543
4296,22.0,31.0,0.0,6.1648,5.0514
4297,19.2,25.0,0.0,5.3195,4.8616
4298,15.8,26.0,0.0,4.5175,4.7039
4299,19.6,27.0,0.0,5.8901,4.9963
4300,16.8,32.0,0.0,5.0414,4.5683
4301,19.1,37.0,0.0,5.7474,4.5507
4302,15.3,20.0,0.0,4.3245,4.1841
4303,20.7,28.0,0.0,5.9631,4.4002
4304,21.1,27.0,0.0,6.3194,4.4836
4305,18.9,27.0,0.0,5.687,4.369
4306,25.1,32.0,0.0,7.3084,4.4939
4307,20.4,43.0,0.0,6.3798,4.4975
4308,11.6,15.0,0.0,3.6698,3.8106
4309,17.1,23.0,0.0,5.0384,4.2881
4310,14.8,23.0,0.0,4.7031,4.1554
4311,14.4,37.0,0.0,4.9789,3.7379
4312,9.4,16.0,0.0,2.8847,3.5358
4313,11.1,24.0,0.0,3.6821,3.3816
4314,5.4,9.0,0.0,1.7036,3.2912
4315,5.0,8.0,0.0,1.7103,3.2477
4316,5.0,7.0,0.0,1.5764,3.1856
4317,4.1,6.0,0.0,1.3228,3.2493
4318,3.4,5.0,0.0,1.1227,3.1542
4319,3.6,5.0,0.0,1.1915,3.1742
4320,3.8,5.0,0.0,1.2498,3.2093
4321,4.5,7.0,0.0,1.4247,3.1551
4322,3.9,5.0,0.0,1.2878,3.1526
4323,2.8,3.0,0.0,0.9526,3.2004
4324,5.0,11.0,0.0,1.6782,3.1958
4325,5.4,11.0,0.0,1.804,3.2045
4326,5.9,12.0,0.0,1.9824,3.3637
4327,13.6,27.0,0.0,4.3603,3.8785
4328,15.0,21.0,0.0,4.6117,4.1255
4329,19.9,44.0,0.0,6.6164,4.1804
4330,15.9,20.0,0.0,4.9883,4.339
4331,18.2,24.0,0.0,5.5586,4.2163
4332,17.3,26.0,0.0,5.2648,4.0829
4333,22.9,30.0,0.0,6.7487,4.3612
4334,15.5,28.0,0.0,4.6722,3.9989
4335,18.4,35.0,0.0,5.7984,4.1637
4336,14.8,25.0,0.0,4.5703,3.9088
4337,13.6,35.0,0.0,4.664,3.6128
4338,12.5,20.0,0.0,3.8768,3.7465
4339,11.0,14.0,0.0,3.5338,3.714
4340,11.9,18.0,0.0,3.7815,3.6842
4341,12.6,20.0,0.0,3.9724,3.4452
4342,9.3,20.0,0.0,3.0321,3.4665
4343,6.5,10.0,0.0,2.06,3.288
4344,6.2,9.0,0.0,2.0274,3.2923
4345,4.5,13.0,0.0,1.7069,3.1992
4346,5.5,8.0,0.0,1.7187,3.2046
4347,4.0,5.0,0.0,1.3733,3.1947
4348,5.5,8.0,0.0,1.7126,3.2219
4349,2.6,4.0,0.0,0.9365,3.1325
4350,5.2,10.0,0.0,1.693,3.1779
4351,3.6,6.0,0.0,1.2106,3.1449
4352,4.5,8.0,0.0,1.5232,3.1422
4353,3.5,5.0,0.0,1.261,3.1329
4354,4.2,10.0,0.0,1.4151,3.3612
4355,3.7,5.0,0.0,1.1958,3.2611
4356,5.0,10.0,0.0,1.7066,3.2819
4357,5.1,7.0,0.0,1.6636,3.3495
4358,5.3,8.0,0.0,1.7146,3.3467
4359,6.5,10.0,0.0,2.0479,3.2301
4360,4.4,6.0,0.0,1.3803,3.3993
4361,5.5,7.0,0.0,1.7594,3.3071
4362,4.8,6.0,0.0,1.493,3.148
4363,3.4,5.0,0.0,1.1426,3.1893
4364,3.7,6.0,0.0,1.2021,3.1997
4365,5.7,10.0,0.0,1.9141,3.1964
4366,4.6,10.0,0.0,1.5743,3.1992
4367,4.9,9.0,0.0,1.5752,3.3416
4368,5.3,8.0,0.0,1.782,3.4415
4369,4.9,7.0,0.0,1.5848,3.3222
4370,10.9,27.0,0.0,3.7381,3.5135
4371,9.4,16.0,0.0,3.1461,3.5073
4372,7.1,9.0,0.0,2.2486,3.3743
4373,7.0,11.0,0.0,2.1554,3.3519
4374,5.2,8.0,0.0,1.7292,3.5737
4375,7.8,12.0,0.0,2.4424,3.7384
4376,11.6,36.0,0.0,4.3838,3.6162
4377,10.8,15.0,0.0,3.3746,3.6085
4378,8.7,15.0,0.0,2.7953,3.4731
4379,8.6,15.0,0.0,2.7439,3.3781
4380,12.5,31.0,0.0,4.1927,3.4957
4381,16.8,25.0,0.0,5.2455,3.7888
4382,11.3,20.0,0.0,3.5679,3.5929
4383,7.9,12.0,0.0,2.4838,3.3858
4384,8.4,20.0,0.0,2.8419,3.332
4385,5.0,7.0,0.0,1.6202,3.273
4386,4.4,6.0,0.0,1.3948,3.2388
4387,3.6,5.0,0.0,1.2104,3.261
4388,5.3,7.0,0.0,1.7058,3.309
4389,5.1,7.0,0.0,1.6374,3.2849
4390,5.3,12.0,0.0,1.7372,3.3079
4391,4.9,10.0,0.0,1.621,3.2804
4392,5.0,8.0,0.0,1.5613,3.3328
4393,4.0,6.0,0.0,1.348,3.3282
4394,5.5,9.0,0.0,1.7498,3.2876
4395,7.1,12.0,0.0,2.2517,3.3119
4396,6.2,11.0,0.0,2.0195,3.4956
4397,6.3,9.0,0.0,2.005,3.3548
4398,7.0,9.0,0.0,2.1284,3.3411
4399,6.1,10.0,0.0,1.8952,3.2805
4400,4.7,6.0,0.0,1.4984,3.256
4401,5.8,13.0,0.0,1.9872,3.2415
4402,5.1,7.0,0.0,1.6173,3.187
4403,4.5,6.0,0.0,1.4564,3.1959
4404,6.3,10.0,0.0,1.9802,3.3806
4405,5.4,11.0,0.0,1.7734,3.3477
4406,4.6,7.0,0.0,1.4839,3.3965
4407,3.7,4.0,0.0,1.2411,3.3681
4408,4.7,8.0,0.0,1.5093,3.3908
4409,5.4,9.0,0.0,1.7139,3.3178
4410,4.6,6.0,0.0,1.4771,3.5233
4411,8.7,27.0,0.0,3.1969,3.6518
4412,16.6,26.0,0.0,5.1596,4.0815
4413,14.7,25.0,0.0,4.7248,4.3045
4414,14.7,26.0,0.0,4.5241,4.3602
4415,15.1,23.0,0.0,4.5863,3.8679
4416,20.7,33.0,0.0,6.4115,4.4395
4417,19.9,34.0,0.0,6.2211,4.8177
4418,16.4,26.0,0.0,5.042,4.3745
4419,13.1,19.0,0.0,4.0163,3.9473
4420,17.0,21.0,0.0,5.296,4.1519
4421,18.7,22.0,0.0,5.6397,4.5493
4422,15.0,19.0,0.0,4.5738,4.0775
4423,17.0,36.0,0.0,5.3745,4.1768
4424,18.0,29.0,0.0,5.5545,4.1231
4425,19.2,39.0,0.0,6.0308,4.3963
4426,21.5,27.0,0.0,6.2439,4.6765
4427,24.6,47.0,0.0,7.5308,4.839
4428,21.2,29.0,0.0,6.4439,4.6122
4429,19.0,31.0,0.0,5.7191,4.3497
4430,20.6,43.0,0.0,6.4895,4.3114
4431,16.3,21.0,0.0,4.7694,4.5253
4432,20.3,34.0,0.0,6.2898,4.6227
4433,13.3,18.0,0.0,4.0212,4.311
4434,15.9,28.0,0.0,4.9451,4.3505
4435,16.1,21.0,0.0,4.997,4.4212
4436,15.6,32.0,0.0,4.9018,4.1565
4437,15.5,26.0,0.0,4.4928,4.3357
4438,13.3,21.0,0.0,3.918,4.0179
4439,16.2,28.0,0.0,5.0754,4.009
4440,15.6,24.0,0.0,5.0304,4.1102
4441,14.8,18.0,0.0,4.7083,4.1315
4442,17.3,27.0,0.0,5.2799,4.1411
4443,17.2,28.0,0.0,5.1604,4.0652
4444,14.4,22.0,0.0,4.3687,4.1791
4445,16.9,28.0,0.0,5.0741,4.2435
4446,17.6,25.0,0.0,5.0524,4.1166
4447,15.6,23.0,0.0,4.742,4.2125
4448,18.0,37.0,0.0,5.637,4.4296
4449,14.1,21.0,0.0,4.3098,3.9216
4450,17.0,32.0,0.0,5.3662,3.9508
4451,14.7,19.0,0.0,4.4774,4.2743
4452,15.1,23.0,0.0,4.6829,4.189
4453,18.1,46.0,0.0,6.0109,4.3381
4454,16.6,21.0,0.0,4.798,4.3757
4455,14.6,16.0,0.0,4.374,4.2243
4456,17.6,40.0,0.0,5.7659,4.3257
4457,11.6,21.0,0.0,3.6208,3.8105
4458,14.2,21.0,0.0,4.4266,4.2143
4459,13.4,25.0,0.0,4.2548,3.9019
4460,12.4,17.0,0.0,3.6329,4.1241
4461,19.3,26.0,0.0,5.8327,4.5531
4462,16.7,23.0,0.0,4.9821,4.5543
4463,16.4,22.0,0.0,4.9479,4.7087
4464,11.2,19.0,0.0,3.5533,3.9248
4465,12.4,22.0,0.0,3.9337,3.8307
4466,13.2,19.0,0.0,3.9689,4.1459
4467,17.5,24.0,0.0,5.4055,4.3316
4468,27.3,43.0,0.0,8.4748,5.0059
4469,19.3,26.0,0.0,6.0161,4.5298
4470,22.8,32.0,0.0,6.5934,4.644
4471,21.5,31.0,0.0,6.6114,4.598
4472,25.7,31.0,0.0,7.4328,5.1485
4473,28.7,44.0,0.0,8.4929,4.9268
4474,21.4,32.0,0.0,6.5942,4.7237
4475,17.6,32.0,0.0,5.6586,4.3125
4476,16.5,30.0,0.0,5.1683,4.1018
4477,13.0,20.0,0.0,4.0566,4.2045
4478,21.3,28.0,0.0,6.4285,4.7207
4479,14.1,41.0,0.0,5.5222,3.7948
4480,8.4,12.0,0.0,2.6568,3.5909
4481,6.7,11.0,0.0,2.0884,3.6174
4482,6.2,14.0,0.0,2.117,3.4987
4483,6.0,7.0,0.0,1.9864,3.5843
4484,7.7,16.0,0.0,2.5126,3.5567
4485,5.9,9.0,0.0,1.8618,3.6243
4486,11.2,24.0,0.0,3.7234,3.7906
4487,14.5,21.0,0.0,4.5463,3.908
4488,11.5,18.0,0.0,3.5482,3.7778
4489,11.3,18.0,0.0,3.5684,3.941
4490,10.4,18.0,0.0,3.2649,3.8011
4491,13.0,19.0,0.0,4.0131,3.9894
4492,13.4,20.0,0.0,4.1139,3.9957
4493,12.5,27.0,0.0,3.9911,3.9953
4494,17.8,24.0,0.0,5.3742,4.4729
4495,18.7,29.0,0.0,5.5279,4.362
4496,22.1,32.0,0.0,6.6188,4.5767
4497,19.3,29.0,0.0,5.9034,4.4456
4498,21.7,29.0,0.0,6.4347,4.7622
4499,19.9,29.0,0.0,5.8018,4.6283
4500,22.0,40.0,0.0,6.5782,4.7468
