generation,top_mean_fitness,max_fitness,min_fitness,std_fitness,elapsed_time_sec
1,2.3,4.0,0.0,0.7758,2.9974
2,3.2,6.0,0.0,1.0975,2.999
3,4.2,7.0,0.0,1.3711,3.0837
4,2.8,4.0,0.0,0.956,3.1675
5,3.5,7.0,0.0,1.2107,3.1493
6,3.5,7.0,0.0,1.1808,3.1968
7,2.8,4.0,0.0,0.9389,3.1638
8,3.4,5.0,0.0,1.1578,3.138
9,3.7,4.0,0.0,1.1817,3.0651
10,3.1,4.0,0.0,1.044,3.1376
11,4.3,7.0,0.0,1.4048,3.2134
12,4.2,7.0,0.0,1.3637,3.2143
13,3.8,6.0,0.0,1.244,3.3318
14,4.5,7.0,0.0,1.433,3.291
15,3.8,12.0,0.0,1.4946,3.3304
16,4.2,8.0,0.0,1.4616,3.3433
17,5.1,9.0,0.0,1.6467,3.4847
18,8.1,13.0,0.0,2.5457,3.7747
19,5.1,8.0,0.0,1.7036,3.4388
20,6.6,11.0,0.0,2.1045,3.5534
21,4.1,5.0,0.0,1.3566,3.2988
22,4.3,8.0,0.0,1.4064,3.3112
23,3.8,6.0,0.0,1.2382,3.2696
24,3.5,5.0,0.0,1.148,3.2366
25,5.4,10.0,0.0,1.7316,3.2848
26,4.4,6.0,0.0,1.427,3.2745
27,3.8,6.0,0.0,1.2414,3.2626
28,4.5,8.0,0.0,1.479,3.1348
29,4.2,9.0,0.0,1.4728,3.1735
30,3.3,4.0,0.0,1.092,3.1718
31,4.3,7.0,0.0,1.3783,3.2343
32,4.7,6.0,0.0,1.466,3.2047
33,5.9,13.0,0.0,1.9183,3.3138
34,5.0,8.0,0.0,1.6006,3.2233
35,4.2,6.0,0.0,1.4004,3.3238
36,3.4,5.0,0.0,1.1169,3.1856
37,4.6,6.0,0.0,1.493,3.3229
38,5.1,7.0,0.0,1.6887,3.2915
39,5.0,9.0,0.0,1.6815,3.2682
40,5.0,9.0,0.0,1.7042,3.226
41,4.4,8.0,0.0,1.4301,3.2522
42,3.7,6.0,0.0,1.244,3.2401
43,5.1,8.0,0.0,1.6202,3.2571
44,5.2,10.0,0.0,1.6971,3.3309
45,5.4,8.0,0.0,1.7185,3.2975
46,3.5,5.0,0.0,1.1718,3.1993
47,5.3,10.0,0.0,1.7669,3.2006
48,3.9,10.0,0.0,1.3817,3.2087
49,4.5,7.0,0.0,1.4863,3.299
50,3.5,5.0,0.0,1.1365,3.2234
51,3.6,5.0,0.0,1.2577,3.2442
52,3.2,4.0,0.0,1.0588,3.2943
53,3.9,5.0,0.0,1.3067,3.2282
54,4.0,5.0,0.0,1.2922,3.2534
55,4.2,6.0,0.0,1.3625,3.259
56,3.8,4.0,0.0,1.2159,3.2546
57,3.9,7.0,0.0,1.2689,3.3043
58,4.6,11.0,0.0,1.6243,3.2328
59,3.1,6.0,0.0,1.0775,3.2576
60,5.8,8.0,0.0,1.7954,3.2593
61,4.5,7.0,0.0,1.4579,3.2459
62,4.0,7.0,0.0,1.2913,3.28
63,4.2,8.0,0.0,1.3778,3.2189
64,3.6,6.0,0.0,1.2031,3.3229
65,3.4,5.0,0.0,1.1269,3.3318
66,4.5,12.0,0.0,1.5741,3.4386
67,3.4,5.0,0.0,1.1901,3.4023
68,3.5,7.0,0.0,1.1684,3.3868
69,3.7,5.0,0.0,1.2685,3.3484
70,3.8,6.0,0.0,1.2574,3.3256
71,3.8,6.0,0.0,1.2548,3.4067
72,3.8,6.0,0.0,1.2624,3.3683
73,4.0,7.0,0.0,1.2981,3.4989
74,2.9,4.0,0.0,0.956,3.424
75,3.7,6.0,0.0,1.2151,3.4578
76,3.2,5.0,0.0,1.0865,3.2607
77,3.7,5.0,0.0,1.1938,3.434
78,4.2,6.0,0.0,1.382,3.4944
79,3.8,5.0,0.0,1.2239,3.3759
80,5.4,8.0,0.0,1.6986,3.4246
81,4.8,8.0,0.0,1.5603,3.4855
82,3.2,6.0,0.0,1.1,3.3822
83,2.3,3.0,0.0,0.852,3.463
84,4.1,9.0,0.0,1.3747,3.5571
85,4.3,8.0,0.0,1.427,3.2765
86,3.7,6.0,0.0,1.1864,3.2676
87,3.8,12.0,0.0,1.4807,3.182
88,3.4,6.0,0.0,1.1402,3.2271
89,3.1,4.0,0.0,1.0705,3.232
90,4.8,8.0,0.0,1.5431,3.1864
91,3.9,8.0,0.0,1.3492,3.1484
92,3.0,4.0,0.0,1.0085,3.1313
93,4.0,6.0,0.0,1.2703,3.1501
94,4.0,8.0,0.0,1.3336,3.1116
95,3.7,5.0,0.0,1.2249,3.1466
96,3.5,5.0,0.0,1.1375,3.2013
97,4.2,10.0,0.0,1.4646,3.1588
98,3.0,4.0,0.0,1.0235,3.1643
99,3.8,6.0,0.0,1.2488,3.2487
100,5.4,9.0,0.0,1.751,3.1988
101,3.7,8.0,0.0,1.3116,3.1977
102,3.0,4.0,0.0,1.0171,3.3743
103,3.8,6.0,0.0,1.2593,3.1459
104,3.9,6.0,0.0,1.2561,3.2121
105,3.4,5.0,0.0,1.1347,3.2338
106,3.3,7.0,0.0,1.1301,3.1955
107,4.0,5.0,0.0,1.3346,3.2178
108,4.1,6.0,0.0,1.3444,3.2435
109,3.6,5.0,0.0,1.1993,3.2344
110,3.6,5.0,0.0,1.1543,3.2307
111,4.6,7.0,0.0,1.466,3.2263
112,4.0,6.0,0.0,1.2859,3.2504
113,3.4,5.0,0.0,1.1314,3.1563
114,3.9,6.0,0.0,1.2904,3.2691
115,4.0,7.0,0.0,1.3415,3.4903
116,3.6,5.0,0.0,1.1694,3.3295
117,3.5,6.0,0.0,1.1832,3.3309
118,4.6,7.0,0.0,1.4766,3.2988
119,3.6,5.0,0.0,1.2246,3.3847
120,3.3,5.0,0.0,1.0865,3.2918
121,3.6,6.0,0.0,1.2577,3.2954
122,3.8,6.0,0.0,1.2577,3.1847
123,3.8,7.0,0.0,1.2574,3.3652
124,3.9,8.0,0.0,1.2981,3.3684
125,3.6,8.0,0.0,1.241,3.2441
126,3.2,5.0,0.0,1.1072,3.1988
127,4.6,7.0,0.0,1.4663,3.2462
128,4.2,7.0,0.0,1.3856,3.2549
129,2.7,6.0,0.0,0.9539,3.2628
130,5.1,14.0,0.0,1.8464,3.2858
131,3.7,7.0,0.0,1.2651,3.3216
132,4.8,7.0,0.0,1.5296,3.2801
133,3.8,7.0,0.0,1.2935,3.2932
134,4.2,7.0,0.0,1.4032,3.3452
135,4.1,6.0,0.0,1.3539,3.3615
136,4.0,8.0,0.0,1.3613,3.2539
137,5.4,9.0,0.0,1.6703,3.3711
138,5.6,10.0,0.0,1.8567,3.3395
139,4.1,6.0,0.0,1.3109,3.4024
140,4.9,8.0,0.0,1.5525,3.2421
141,5.2,11.0,0.0,1.7544,3.1955
142,4.5,8.0,0.0,1.4852,3.2531
143,4.3,7.0,0.0,1.371,3.1442
144,5.4,7.0,0.0,1.6916,3.2815
145,4.0,5.0,0.0,1.3,3.2524
146,5.3,7.0,0.0,1.7058,3.3518
147,4.9,7.0,0.0,1.5506,3.2313
148,5.2,9.0,0.0,1.6568,3.2784
149,7.1,9.0,0.0,2.1967,3.5379
150,7.6,10.0,0.0,2.3764,3.5374
151,7.1,11.0,0.0,2.2864,3.4728
152,7.7,10.0,0.0,2.3294,3.4625
153,6.1,9.0,0.0,1.8634,3.5012
154,6.2,10.0,0.0,2.0755,3.5195
155,5.5,7.0,0.0,1.8508,3.3859
156,6.7,11.0,0.0,2.1587,3.3902
157,7.6,13.0,0.0,2.3668,3.6379
158,6.6,9.0,0.0,2.0538,3.5623
159,6.2,9.0,0.0,1.9727,3.452
160,6.8,10.0,0.0,2.2167,3.3789
161,7.0,12.0,0.0,2.2338,3.5334
162,5.7,8.0,0.0,1.8173,3.6301
163,5.2,9.0,0.0,1.7,3.2712
164,4.2,7.0,0.0,1.3645,3.392
165,5.3,9.0,0.0,1.7192,3.3129
166,3.7,6.0,0.0,1.252,3.2358
167,4.9,11.0,0.0,1.5991,3.3674
168,4.3,7.0,0.0,1.3811,3.2425
169,5.1,9.0,0.0,1.6401,3.1683
170,3.6,6.0,0.0,1.1461,3.2322
171,4.4,5.0,0.0,1.3865,3.3024
172,4.1,6.0,0.0,1.2735,3.2249
173,4.7,6.0,0.0,1.5628,3.2276
174,4.4,7.0,0.0,1.4284,3.1519
175,5.5,6.0,0.0,1.7284,3.2284
176,4.9,9.0,0.0,1.6423,3.4572
177,4.6,9.0,0.0,1.5609,3.3015
178,5.4,12.0,0.0,1.8314,3.3048
179,6.3,9.0,0.0,1.9358,3.4914
180,8.1,18.0,0.0,2.7834,3.5545
181,6.7,8.0,0.0,2.1459,3.5105
182,6.2,9.0,0.0,1.9405,3.6009
183,6.8,13.0,0.0,2.2186,3.6156
184,6.4,10.0,0.0,1.9717,3.5242
185,6.6,9.0,0.0,2.0283,3.5071
186,8.0,10.0,0.0,2.4726,3.6502
187,8.7,18.0,0.0,2.8728,3.6517
188,6.7,15.0,0.0,2.2532,3.6843
189,5.2,8.0,0.0,1.6153,3.7144
190,4.7,8.0,0.0,1.5698,3.6319
191,5.6,10.0,0.0,1.7827,3.6345
192,3.6,5.0,0.0,1.1749,3.276
193,5.8,8.0,0.0,1.7925,3.5216
194,5.9,9.0,0.0,1.8643,3.3694
195,4.5,8.0,0.0,1.4957,3.326
196,4.5,9.0,0.0,1.509,3.3175
197,3.9,6.0,0.0,1.3304,3.316
198,3.9,6.0,0.0,1.2285,3.3073
199,4.6,10.0,0.0,1.5184,3.3558
200,4.4,6.0,0.0,1.4484,3.3142
201,5.7,11.0,0.0,1.8611,3.2704
202,3.8,6.0,0.0,1.2278,3.235
203,5.3,10.0,0.0,1.743,3.2446
204,4.2,8.0,0.0,1.4426,3.2497
205,4.5,6.0,0.0,1.4007,3.24
206,4.9,8.0,0.0,1.5387,3.2776
207,5.1,7.0,0.0,1.6643,3.1538
208,3.4,6.0,0.0,1.1732,3.202
209,4.5,7.0,0.0,1.4834,3.2297
210,2.9,5.0,0.0,1.0223,3.2055
211,5.5,9.0,0.0,1.7594,3.2769
212,4.2,5.0,0.0,1.3519,3.2198
213,4.5,7.0,0.0,1.4678,3.1702
214,3.6,5.0,0.0,1.1901,3.1433
215,4.5,7.0,0.0,1.4273,3.1127
216,4.9,9.0,0.0,1.5513,3.2228
217,5.1,10.0,0.0,1.7206,3.1372
218,4.7,10.0,0.0,1.6053,3.19
219,3.9,8.0,0.0,1.321,3.2363
220,4.1,6.0,0.0,1.3101,3.2369
221,4.2,8.0,0.0,1.3761,3.1647
222,4.7,8.0,0.0,1.5741,3.1381
223,4.1,7.0,0.0,1.3928,3.2672
224,4.8,9.0,0.0,1.5855,3.3086
225,5.2,10.0,0.0,1.7021,3.2774
226,3.7,5.0,0.0,1.2314,3.2379
227,4.2,6.0,0.0,1.3715,3.2267
228,4.0,5.0,0.0,1.2913,3.1689
229,3.3,4.0,0.0,1.1079,3.2715
230,4.7,7.0,0.0,1.5445,3.2356
231,3.4,6.0,0.0,1.1446,3.1767
232,3.5,6.0,0.0,1.1686,3.1752
233,3.3,4.0,0.0,1.0712,3.2646
234,4.1,5.0,0.0,1.3304,3.279
235,4.2,8.0,0.0,1.4027,3.2948
236,3.6,5.0,0.0,1.1511,3.1692
237,4.4,7.0,0.0,1.4177,3.1397
238,3.8,5.0,0.0,1.2206,3.1126
239,3.9,6.0,0.0,1.245,3.1956
240,5.0,8.0,0.0,1.6227,3.264
241,4.1,8.0,0.0,1.3551,3.3025
242,3.9,6.0,0.0,1.2904,3.2924
243,4.9,8.0,0.0,1.5976,3.2421
244,4.5,6.0,0.0,1.4403,3.1224
245,4.4,6.0,0.0,1.3875,3.3422
246,5.4,8.0,0.0,1.7457,3.3456
247,4.7,7.0,0.0,1.5225,3.1834
248,5.1,9.0,0.0,1.6696,3.2809
249,4.0,6.0,0.0,1.2859,3.2821
250,4.3,9.0,0.0,1.4106,3.2543
251,3.7,6.0,0.0,1.2349,3.1451
252,4.1,7.0,0.0,1.3928,3.1804
253,3.7,5.0,0.0,1.1874,3.2277
254,4.5,6.0,0.0,1.4517,3.1377
255,3.4,5.0,0.0,1.1162,3.2587
256,4.5,7.0,0.0,1.4918,3.3004
257,3.6,5.0,0.0,1.1393,3.2122
258,3.6,7.0,0.0,1.2288,3.196
259,4.1,9.0,0.0,1.4421,3.3246
260,4.0,7.0,0.0,1.3657,3.3163
261,4.5,8.0,0.0,1.4559,3.2163
262,5.3,9.0,0.0,1.788,3.1983
263,4.4,6.0,0.0,1.4457,3.2345
264,3.1,4.0,0.0,1.0365,3.2411
265,5.7,9.0,0.0,1.8675,3.2821
266,5.1,7.0,0.0,1.6093,3.3857
267,4.2,7.0,0.0,1.3686,3.4579
268,4.0,6.0,0.0,1.2876,3.331
269,5.2,9.0,0.0,1.6964,3.333
270,4.7,6.0,0.0,1.4773,3.3968
271,4.8,7.0,0.0,1.546,3.4483
272,4.8,12.0,0.0,1.6806,3.4512
273,5.0,6.0,0.0,1.5587,3.5426
274,5.0,8.0,0.0,1.6268,3.4177
275,3.6,5.0,0.0,1.2376,3.4908
276,5.1,8.0,0.0,1.5893,3.521
277,4.0,5.0,0.0,1.3659,3.381
278,5.3,7.0,0.0,1.7009,3.5152
279,4.3,6.0,0.0,1.3586,3.4317
280,3.9,8.0,0.0,1.3109,3.5359
281,4.8,8.0,0.0,1.527,3.5513
282,4.1,6.0,0.0,1.2938,3.403
283,5.1,9.0,0.0,1.6328,3.3515
284,3.7,6.0,0.0,1.1584,3.4628
285,4.9,8.0,0.0,1.5675,3.389
286,4.0,7.0,0.0,1.3295,3.4132
287,3.4,5.0,0.0,1.1619,3.3172
288,3.9,7.0,0.0,1.251,3.5986
289,3.9,7.0,0.0,1.3025,3.4399
290,4.6,9.0,0.0,1.5508,3.472
291,4.5,5.0,0.0,1.4142,3.4954
292,4.4,8.0,0.0,1.4429,3.3787
293,3.4,6.0,0.0,1.1212,3.398
294,4.3,6.0,0.0,1.4281,3.4959
295,3.5,6.0,0.0,1.1638,3.4837
296,4.5,7.0,0.0,1.5106,3.5516
297,3.5,5.0,0.0,1.2203,3.4369
298,4.3,9.0,0.0,1.4622,3.5043
299,3.7,9.0,0.0,1.3073,3.5188
300,4.3,6.0,0.0,1.3705,3.5006
301,4.3,7.0,0.0,1.3875,3.4642
302,4.6,8.0,0.0,1.5534,3.5066
303,3.7,7.0,0.0,1.2387,3.4719
304,3.3,4.0,0.0,1.1209,3.3779
305,3.5,4.0,0.0,1.1522,3.2932
306,4.3,7.0,0.0,1.4121,3.2727
307,3.5,6.0,0.0,1.1529,3.212
308,5.0,7.0,0.0,1.5792,3.2742
309,5.4,10.0,0.0,1.7542,3.2125
310,4.4,7.0,0.0,1.4135,3.1576
311,5.4,11.0,0.0,1.8016,3.3211
312,5.3,7.0,0.0,1.6799,3.3328
313,5.9,14.0,0.0,2.0214,3.3029
314,6.2,10.0,0.0,1.9238,3.375
315,7.1,10.0,0.0,2.1393,3.4218
316,6.9,9.0,0.0,2.1025,3.5527
317,7.1,9.0,0.0,2.1791,3.5649
318,6.1,8.0,0.0,1.9747,3.4471
319,6.3,10.0,0.0,2.1159,3.4209
320,6.4,11.0,0.0,2.03,3.2978
321,5.3,9.0,0.0,1.6462,3.2556
322,6.9,10.0,0.0,2.1372,3.334
323,5.7,6.0,0.0,1.7999,3.3343
324,5.5,7.0,0.0,1.6856,3.2992
325,5.2,9.0,0.0,1.6922,3.2274
326,5.1,7.0,0.0,1.6371,3.2327
327,3.9,8.0,0.0,1.4027,3.2696
328,4.7,9.0,0.0,1.55,3.2834
329,4.1,7.0,0.0,1.3435,3.1342
330,3.6,5.0,0.0,1.2359,3.2218
331,5.2,10.0,0.0,1.7185,3.1736
332,3.6,5.0,0.0,1.1998,3.2376
333,4.0,7.0,0.0,1.3304,3.2616
334,3.8,6.0,0.0,1.2121,3.2675
335,4.4,8.0,0.0,1.4722,3.2713
336,4.6,7.0,0.0,1.4578,3.2603
337,5.1,8.0,0.0,1.6522,3.2342
338,3.7,5.0,0.0,1.2021,3.2335
339,3.9,8.0,0.0,1.3119,3.2855
340,3.4,6.0,0.0,1.1259,3.322
341,4.2,7.0,0.0,1.3698,3.3482
342,5.5,7.0,0.0,1.7233,3.4151
343,5.9,9.0,0.0,1.8852,3.6881
344,4.9,7.0,0.0,1.5225,3.4284
345,5.5,9.0,0.0,1.8083,3.3412
346,6.6,9.0,0.0,2.0363,3.3495
347,4.9,6.0,0.0,1.6288,3.4265
348,8.2,10.0,0.0,2.5075,3.713
349,7.0,13.0,0.0,2.2727,3.526
350,8.1,11.0,0.0,2.4943,3.5902
351,5.2,7.0,0.0,1.5956,3.4457
352,6.0,9.0,0.0,1.8583,3.3746
353,4.4,6.0,0.0,1.4315,3.3235
354,4.4,9.0,0.0,1.5059,3.3065
355,3.5,5.0,0.0,1.1567,3.202
356,3.9,6.0,0.0,1.2758,3.1869
357,4.3,8.0,0.0,1.44,3.1495
358,4.6,7.0,0.0,1.4858,3.2815
359,5.4,7.0,0.0,1.7107,3.3399
360,3.5,5.0,0.0,1.2249,3.3553
361,5.3,7.0,0.0,1.7088,3.367
362,4.4,8.0,0.0,1.4678,3.3202
363,4.9,12.0,0.0,1.7374,3.2894
364,4.4,6.0,0.0,1.4675,3.294
365,5.6,7.0,0.0,1.7747,3.2297
366,4.5,6.0,0.0,1.4675,3.2902
367,3.9,5.0,0.0,1.2883,3.3903
368,5.0,8.0,0.0,1.6086,3.5466
369,4.5,6.0,0.0,1.4027,3.3894
370,4.8,7.0,0.0,1.5644,3.3602
371,6.0,11.0,0.0,1.9662,3.585
372,6.2,8.0,0.0,2.0005,3.4862
373,4.7,6.0,0.0,1.4997,3.4529
374,6.5,10.0,0.0,2.0573,3.4841
375,6.6,12.0,0.0,2.1278,3.6328
376,6.7,11.0,0.0,2.135,3.625
377,6.3,10.0,0.0,2.005,3.5345
378,4.8,7.0,0.0,1.5647,3.4985
379,3.8,4.0,0.0,1.2114,3.4428
380,3.9,5.0,0.0,1.244,3.4105
381,3.6,6.0,0.0,1.1871,3.3978
382,4.6,8.0,0.0,1.4594,3.4558
383,3.9,6.0,0.0,1.2748,3.3922
384,3.2,5.0,0.0,1.0356,3.3785
385,4.1,5.0,0.0,1.306,3.3012
386,4.3,7.0,0.0,1.4276,3.3566
387,3.9,5.0,0.0,1.252,3.4201
388,4.5,6.0,0.0,1.4448,3.3225
389,3.5,5.0,0.0,1.1511,3.3863
390,4.6,7.0,0.0,1.5387,3.3736
391,3.8,7.0,0.0,1.2767,3.2055
392,5.0,10.0,0.0,1.7088,3.2369
393,3.9,7.0,0.0,1.3811,3.1136
394,5.1,8.0,0.0,1.5838,3.2267
395,4.5,7.0,0.0,1.4881,3.261
396,7.0,20.0,0.0,2.51,3.3424
397,5.3,13.0,0.0,1.8333,3.214
398,5.8,10.0,0.0,1.8843,3.3797
399,4.2,6.0,0.0,1.4098,3.3833
400,4.8,7.0,0.0,1.5724,3.3285
401,4.5,7.0,0.0,1.4486,3.1385
402,4.5,7.0,0.0,1.4632,3.2019
403,4.3,8.0,0.0,1.4331,3.1543
404,4.4,7.0,0.0,1.382,3.1993
405,4.4,6.0,0.0,1.4214,3.2926
406,3.4,5.0,0.0,1.183,3.1405
407,4.8,6.0,0.0,1.5353,3.1591
408,5.4,7.0,0.0,1.6553,3.2349
409,3.9,6.0,0.0,1.287,3.1501
410,5.4,13.0,0.0,1.8905,3.231
411,4.6,11.0,0.0,1.5906,3.3269
412,4.8,8.0,0.0,1.5651,3.4645
413,4.6,9.0,0.0,1.5474,3.2805
414,4.8,7.0,0.0,1.6086,3.3417
415,4.6,6.0,0.0,1.504,3.2732
416,4.7,7.0,0.0,1.5675,3.2554
417,4.1,6.0,0.0,1.3771,3.3137
418,5.1,7.0,0.0,1.6148,3.3529
419,4.4,7.0,0.0,1.4517,3.2649
420,6.0,12.0,0.0,2.0469,3.3392
421,6.4,9.0,0.0,2.0075,3.4381
422,4.9,6.0,0.0,1.593,3.4365
423,5.0,10.0,0.0,1.6653,3.3508
424,4.2,6.0,0.0,1.3613,3.3044
425,5.3,9.0,0.0,1.7676,3.2848
426,6.1,11.0,0.0,1.9824,3.396
427,4.7,10.0,0.0,1.6031,3.2118
428,5.5,7.0,0.0,1.7299,3.2768
429,5.4,7.0,0.0,1.7042,3.5262
430,4.6,8.0,0.0,1.469,3.4338
431,4.8,7.0,0.0,1.5222,3.371
432,6.2,8.0,0.0,1.852,3.4034
433,4.5,6.0,0.0,1.4526,3.2458
434,4.9,9.0,0.0,1.5688,3.2346
435,4.8,6.0,0.0,1.5248,3.185
436,4.4,7.0,0.0,1.3739,3.1427
437,5.1,8.0,0.0,1.6484,3.1956
438,4.1,7.0,0.0,1.3572,3.2892
439,4.7,7.0,0.0,1.5766,3.2933
440,4.6,8.0,0.0,1.5457,3.308
441,5.1,8.0,0.0,1.6462,3.3716
442,5.4,9.0,0.0,1.7384,3.4753
443,6.4,13.0,0.0,2.0994,3.6574
444,5.4,7.0,0.0,1.761,3.6895
445,7.2,14.0,0.0,2.2955,3.6851
446,8.8,12.0,0.0,2.674,3.8324
447,6.8,12.0,0.0,2.2123,3.4603
448,6.5,7.0,0.0,1.953,3.3513
449,6.6,10.0,0.0,2.0479,3.2635
450,6.1,10.0,0.0,1.9494,3.2028
451,4.7,8.0,0.0,1.5298,3.194
452,5.7,8.0,0.0,1.7883,3.2681
453,5.3,7.0,0.0,1.7029,3.2729
454,5.7,11.0,0.0,1.8979,3.2949
455,5.0,9.0,0.0,1.5906,3.2499
456,4.6,8.0,0.0,1.5828,3.1845
457,5.5,12.0,0.0,1.8629,3.2479
458,3.6,7.0,0.0,1.1789,3.2092
459,4.4,7.0,0.0,1.4654,3.3338
460,3.3,4.0,0.0,1.14,3.1598
461,5.2,8.0,0.0,1.6314,3.1567
462,4.6,9.0,0.0,1.5993,3.1302
463,4.4,9.0,0.0,1.4746,3.1253
464,3.6,6.0,0.0,1.1805,3.1653
465,4.9,8.0,0.0,1.557,3.2332
466,4.8,8.0,0.0,1.6093,3.3252
467,6.7,9.0,0.0,2.0526,3.7357
468,6.0,11.0,0.0,1.8731,3.5821
469,8.6,14.0,0.0,2.691,3.8702
470,9.3,11.0,0.0,2.7946,3.8398
471,8.3,13.0,0.0,2.5573,3.7681
472,7.1,11.0,0.0,2.2153,3.7673
473,6.2,8.0,0.0,1.9022,3.6016
474,8.7,17.0,0.0,2.8295,3.5312
475,6.7,8.0,0.0,2.0091,3.5373
476,5.3,8.0,0.0,1.6409,3.6479
477,5.2,8.0,0.0,1.5978,3.5531
478,6.6,8.0,0.0,2.0912,3.3285
479,4.9,6.0,0.0,1.5172,3.4395
480,5.5,8.0,0.0,1.8023,3.1808
481,4.4,6.0,0.0,1.4027,3.2058
482,5.0,7.0,0.0,1.5368,3.205
483,5.8,8.0,0.0,1.8388,3.3968
484,3.7,6.0,0.0,1.2206,3.2833
485,3.8,5.0,0.0,1.2124,3.2821
486,5.4,8.0,0.0,1.7066,3.2419
487,4.5,8.0,0.0,1.4791,3.3053
488,3.3,4.0,0.0,1.1036,3.2221
489,4.0,7.0,0.0,1.3759,3.2872
490,5.4,8.0,0.0,1.7243,3.439
491,4.8,10.0,0.0,1.6546,3.5006
492,3.7,5.0,0.0,1.2207,3.2984
493,4.3,6.0,0.0,1.3934,3.4644
494,4.4,7.0,0.0,1.4431,3.3631
495,5.3,8.0,0.0,1.6727,3.4453
496,5.6,9.0,0.0,1.7562,3.4098
497,6.6,12.0,0.0,2.1269,3.536
498,5.1,8.0,0.0,1.6762,3.3303
499,4.0,5.0,0.0,1.3271,3.2767
500,4.3,7.0,0.0,1.3701,3.2618
501,6.2,10.0,0.0,1.9178,3.4128
502,5.3,8.0,0.0,1.8012,3.3086
503,5.1,7.0,0.0,1.6026,3.2356
504,4.5,8.0,0.0,1.4981,3.3136
505,4.3,8.0,0.0,1.4263,3.2332
506,3.5,5.0,0.0,1.166,3.2227
507,4.9,11.0,0.0,1.743,3.3281
508,4.8,6.0,0.0,1.5387,3.283
509,4.0,8.0,0.0,1.3334,3.3499
510,3.2,4.0,0.0,1.0677,3.3804
511,4.1,5.0,0.0,1.317,3.42
512,4.3,9.0,0.0,1.4798,3.3608
513,4.0,6.0,0.0,1.3498,3.2727
514,4.5,8.0,0.0,1.4901,3.281
515,3.5,6.0,0.0,1.1779,3.3232
516,3.7,6.0,0.0,1.2252,3.3834
517,3.6,8.0,0.0,1.2935,3.4212
518,3.7,6.0,0.0,1.2449,3.4893
519,4.3,6.0,0.0,1.3955,3.6259
520,4.5,10.0,0.0,1.5296,3.4997
521,5.5,10.0,0.0,1.8507,3.6245
522,4.8,7.0,0.0,1.4988,3.7073
523,5.0,7.0,0.0,1.5916,3.5611
524,4.7,9.0,0.0,1.5981,3.3696
525,5.3,10.0,0.0,1.7503,3.4374
526,3.9,5.0,0.0,1.245,3.324
527,4.2,7.0,0.0,1.3235,3.442
528,4.8,6.0,0.0,1.5348,3.4905
529,4.7,6.0,0.0,1.4746,3.5375
530,4.6,6.0,0.0,1.5013,3.3751
531,4.6,7.0,0.0,1.5639,3.2254
532,3.3,4.0,0.0,1.0428,3.1994
533,5.4,10.0,0.0,1.6784,3.2553
534,4.6,9.0,0.0,1.4908,3.3176
535,5.1,10.0,0.0,1.6636,3.2493
536,4.3,5.0,0.0,1.3519,3.2959
537,3.9,6.0,0.0,1.2542,3.2574
538,5.0,7.0,0.0,1.651,3.4416
539,4.6,7.0,0.0,1.4741,3.603
540,4.7,11.0,0.0,1.5993,3.5851
541,3.7,5.0,0.0,1.2157,3.6022
542,4.8,8.0,0.0,1.5508,3.4922
543,5.3,8.0,0.0,1.695,3.3681
544,4.4,8.0,0.0,1.4531,3.2764
545,4.2,6.0,0.0,1.3463,3.2179
546,3.7,5.0,0.0,1.2151,3.2104
547,4.6,7.0,0.0,1.4785,3.2981
548,4.6,8.0,0.0,1.5303,3.1995
549,7.0,16.0,0.0,2.3879,3.3086
550,7.4,16.0,0.0,2.4966,3.4804
551,10.2,15.0,0.0,3.165,3.8665
552,10.6,16.0,0.0,3.2591,3.9783
553,7.8,10.0,0.0,2.3196,3.7022
554,6.8,15.0,0.0,2.2032,3.3492
555,8.4,13.0,0.0,2.6449,3.6771
556,5.5,7.0,0.0,1.7936,3.4907
557,4.4,8.0,0.0,1.4935,3.3204
558,5.5,8.0,0.0,1.7607,3.2831
559,4.4,6.0,0.0,1.3574,3.4464
560,5.9,10.0,0.0,1.9287,3.4786
561,4.7,10.0,0.0,1.5613,3.3407
562,4.3,6.0,0.0,1.3776,3.2901
563,5.8,12.0,0.0,1.8888,3.3086
564,2.7,6.0,0.0,0.9704,3.2525
565,3.9,6.0,0.0,1.2757,3.2585
566,4.9,7.0,0.0,1.5078,3.2385
567,4.5,10.0,0.0,1.5961,3.4672
568,4.3,5.0,0.0,1.4457,3.3971
569,3.8,9.0,0.0,1.3328,3.296
570,5.1,13.0,0.0,1.8193,3.2173
571,3.9,6.0,0.0,1.3109,3.2498
572,5.0,7.0,0.0,1.5658,3.3476
573,6.9,12.0,0.0,2.1972,3.2251
574,5.1,7.0,0.0,1.5718,3.2565
575,4.1,6.0,0.0,1.3067,3.1623
576,3.7,5.0,0.0,1.2561,3.1573
577,3.9,6.0,0.0,1.3565,3.1917
578,5.0,8.0,0.0,1.6089,3.2411
579,5.4,10.0,0.0,1.7257,3.2997
580,4.3,9.0,0.0,1.4098,3.24
581,4.1,7.0,0.0,1.3213,3.3182
582,4.3,6.0,0.0,1.3507,3.2151
583,5.3,7.0,0.0,1.6975,3.4937
584,4.8,7.0,0.0,1.5662,3.5342
585,3.7,6.0,0.0,1.2142,3.4453
586,3.8,5.0,0.0,1.2327,3.1659
587,4.9,11.0,0.0,1.6553,3.1946
588,3.7,5.0,0.0,1.2384,3.2205
589,4.4,8.0,0.0,1.5132,3.1678
590,4.0,7.0,0.0,1.3468,3.1188
591,3.5,5.0,0.0,1.1805,3.1161
592,4.0,8.0,0.0,1.3875,3.0615
593,3.9,6.0,0.0,1.296,3.0959
594,4.0,6.0,0.0,1.3615,3.1028
595,3.4,5.0,0.0,1.1315,3.1282
596,4.7,7.0,0.0,1.5088,3.1041
597,4.6,9.0,0.0,1.5008,3.1427
598,4.4,9.0,0.0,1.4782,3.3965
599,5.3,7.0,0.0,1.7011,3.3733
600,4.4,7.0,0.0,1.393,4.0113
601,5.2,7.0,0.0,1.7117,3.269
602,6.3,8.0,0.0,1.9261,3.2845
603,5.2,7.0,0.0,1.6875,3.4095
604,6.7,10.0,0.0,2.0679,3.4088
605,4.7,11.0,0.0,1.6454,3.2255
606,4.8,8.0,0.0,1.5907,3.2802
607,4.8,7.0,0.0,1.5298,3.2576
608,3.9,5.0,0.0,1.2953,3.199
609,4.1,7.0,0.0,1.3855,3.196
610,3.7,6.0,0.0,1.2327,3.197
611,3.8,6.0,0.0,1.2327,3.197
612,3.2,5.0,0.0,1.0772,3.2007
613,4.4,9.0,0.0,1.4866,3.2343
614,4.2,6.0,0.0,1.3583,3.2513
615,6.0,16.0,0.0,2.1887,3.2857
616,6.7,10.0,0.0,2.1694,3.3086
617,4.8,6.0,0.0,1.5328,3.2642
618,6.8,11.0,0.0,2.1517,3.2058
619,5.0,9.0,0.0,1.6953,3.3692
620,3.9,5.0,0.0,1.2154,3.3292
621,4.6,5.0,0.0,1.452,3.2056
622,6.0,10.0,0.0,1.9099,3.243
623,4.1,8.0,0.0,1.3717,3.3024
624,5.2,11.0,0.0,1.7094,3.1932
625,3.7,5.0,0.0,1.2352,3.3012
626,4.1,7.0,0.0,1.3076,3.4532
627,4.4,8.0,0.0,1.4691,3.5024
628,4.1,7.0,0.0,1.3253,3.3116
629,5.4,9.0,0.0,1.6946,3.4834
630,4.3,6.0,0.0,1.3581,3.5897
631,3.9,8.0,0.0,1.3409,3.5025
632,3.4,5.0,0.0,1.0831,3.4279
633,4.2,6.0,0.0,1.3739,3.4886
634,4.2,6.0,0.0,1.3115,3.5465
635,4.5,8.0,0.0,1.46,3.5016
636,5.0,11.0,0.0,1.7083,3.4995
637,4.7,7.0,0.0,1.5093,3.4773
638,4.0,6.0,0.0,1.3379,3.5423
639,4.4,8.0,0.0,1.4191,3.5335
640,4.4,7.0,0.0,1.4263,3.3551
641,3.7,5.0,0.0,1.2805,3.3363
642,3.4,4.0,0.0,1.1646,3.254
643,4.3,7.0,0.0,1.4276,3.2853
644,3.5,5.0,0.0,1.0923,3.2833
645,4.6,8.0,0.0,1.5558,3.3268
646,6.1,11.0,0.0,1.9647,3.3726
647,3.7,6.0,0.0,1.2366,3.2455
648,3.7,4.0,0.0,1.2417,3.2735
649,3.9,6.0,0.0,1.2563,3.3654
650,4.6,8.0,0.0,1.4517,3.4379
651,3.5,6.0,0.0,1.1533,3.4441
652,4.9,7.0,0.0,1.5802,3.4655
653,4.1,5.0,0.0,1.382,3.3265
654,3.5,5.0,0.0,1.2186,3.3744
655,4.4,7.0,0.0,1.4534,3.3673
656,4.6,7.0,0.0,1.5191,3.3835
657,4.0,7.0,0.0,1.3219,3.4845
658,4.1,6.0,0.0,1.351,3.4913
659,4.2,8.0,0.0,1.4035,3.2672
660,4.3,7.0,0.0,1.3754,3.2727
661,5.0,8.0,0.0,1.5495,3.298
662,5.2,8.0,0.0,1.6278,3.2304
663,5.3,8.0,0.0,1.6815,3.3909
664,4.1,9.0,0.0,1.4239,3.3893
665,6.3,12.0,0.0,2.0116,3.5311
666,6.2,9.0,0.0,2.0494,3.6036
667,6.4,18.0,0.0,2.3352,3.3944
668,4.9,8.0,0.0,1.5855,3.3116
669,5.9,9.0,0.0,1.833,3.3621
670,4.5,6.0,0.0,1.4309,3.3804
671,4.7,7.0,0.0,1.5079,3.3455
672,4.1,6.0,0.0,1.3811,3.2396
673,4.5,7.0,0.0,1.4118,3.2314
674,4.3,6.0,0.0,1.4051,3.3452
675,4.0,6.0,0.0,1.326,3.2665
676,3.7,5.0,0.0,1.253,3.2562
677,4.7,8.0,0.0,1.5728,3.4076
678,3.6,6.0,0.0,1.2186,3.2839
679,4.1,6.0,0.0,1.3454,3.377
680,2.8,4.0,0.0,0.9615,3.3317
681,5.7,9.0,0.0,1.8658,3.4827
682,6.1,11.0,0.0,1.9874,3.5661
683,6.9,10.0,0.0,2.203,3.5978
684,6.1,9.0,0.0,1.9131,3.5025
685,5.3,11.0,0.0,1.7485,3.5153
686,3.5,4.0,0.0,1.1755,3.3642
687,4.7,7.0,0.0,1.5748,3.4409
688,4.3,7.0,0.0,1.4357,3.2943
689,4.3,6.0,0.0,1.4277,3.2447
690,3.9,5.0,0.0,1.2714,3.2853
691,3.8,5.0,0.0,1.2369,3.3231
692,4.9,6.0,0.0,1.5387,3.2086
693,4.3,7.0,0.0,1.4347,3.2251
694,4.4,8.0,0.0,1.5147,3.2422
695,4.6,7.0,0.0,1.4687,3.2481
696,4.6,11.0,0.0,1.5869,3.1723
697,5.5,9.0,0.0,1.8204,3.1776
698,4.7,7.0,0.0,1.5159,3.1807
699,4.6,10.0,0.0,1.5174,3.1832
700,3.9,7.0,0.0,1.3364,3.1546
701,4.8,7.0,0.0,1.5058,3.2291
702,7.3,11.0,0.0,2.3164,3.4526
703,5.0,7.0,0.0,1.6266,3.5122
704,5.7,11.0,0.0,1.905,3.4242
705,5.1,9.0,0.0,1.7457,3.5255
706,5.1,10.0,0.0,1.6881,3.2319
707,5.4,9.0,0.0,1.756,3.3031
708,5.9,9.0,0.0,1.8675,3.2427
709,4.4,6.0,0.0,1.4513,3.4473
710,6.3,15.0,0.0,2.2193,3.2196
711,5.8,8.0,0.0,1.7725,3.3531
712,5.5,8.0,0.0,1.8027,3.1621
713,5.2,7.0,0.0,1.6425,3.1202
714,4.0,9.0,0.0,1.3361,3.1361
715,4.2,6.0,0.0,1.3304,3.303
716,3.9,5.0,0.0,1.2609,3.212
717,4.8,6.0,0.0,1.5174,3.183
718,5.1,8.0,0.0,1.6987,3.2432
719,4.8,6.0,0.0,1.527,3.2816
720,5.0,8.0,0.0,1.6024,3.2544
721,3.2,5.0,0.0,1.108,3.224
722,3.8,5.0,0.0,1.2446,3.2767
723,4.1,7.0,0.0,1.3747,3.3128
724,7.5,16.0,0.0,2.4357,3.4182
725,5.3,8.0,0.0,1.6619,3.2694
726,7.6,12.0,0.0,2.4117,3.5692
727,4.5,6.0,0.0,1.4663,3.2136
728,5.5,8.0,0.0,1.7117,3.2299
729,4.6,6.0,0.0,1.4512,3.359
730,4.7,6.0,0.0,1.48,3.2812
731,4.9,7.0,0.0,1.5665,3.294
732,5.7,12.0,0.0,1.8276,3.4665
733,4.2,5.0,0.0,1.3452,3.3241
734,5.7,9.0,0.0,1.8114,3.4388
735,5.6,9.0,0.0,1.8231,3.5379
736,4.5,5.0,0.0,1.429,3.4985
737,5.9,9.0,0.0,1.8839,3.3249
738,4.2,7.0,0.0,1.3906,3.2368
739,4.7,7.0,0.0,1.6053,3.1558
740,4.1,7.0,0.0,1.373,3.1855
741,3.3,4.0,0.0,1.1354,3.2529
742,4.5,6.0,0.0,1.3684,3.3147
743,3.7,6.0,0.0,1.26,3.3569
744,4.6,8.0,0.0,1.5274,3.4353
745,3.6,4.0,0.0,1.1,3.4161
746,3.7,5.0,0.0,1.2606,3.2047
747,4.1,6.0,0.0,1.3435,3.1374
748,4.2,8.0,0.0,1.3771,3.1883
749,5.1,9.0,0.0,1.6865,3.1911
750,4.7,8.0,0.0,1.4784,3.1651
751,4.5,8.0,0.0,1.5146,3.2403
752,4.4,6.0,0.0,1.4027,3.2712
753,3.6,5.0,0.0,1.2038,3.3266
754,4.4,7.0,0.0,1.4809,3.2932
755,3.8,5.0,0.0,1.1839,3.3479
756,5.8,10.0,0.0,1.8169,3.4055
757,6.1,9.0,0.0,1.9228,3.4337
758,4.2,6.0,0.0,1.3666,3.3511
759,5.1,9.0,0.0,1.7091,3.3518
760,5.7,10.0,0.0,1.8909,3.3911
761,4.5,7.0,0.0,1.49,3.2228
762,4.0,5.0,0.0,1.3557,3.2228
763,3.2,4.0,0.0,1.0775,3.3445
764,3.5,6.0,0.0,1.1608,3.2684
765,4.8,8.0,0.0,1.5117,3.205
766,3.1,5.0,0.0,1.0588,3.2175
767,4.2,6.0,0.0,1.4204,3.2581
768,4.0,7.0,0.0,1.3014,3.2353
769,4.2,7.0,0.0,1.3817,3.2254
770,4.1,6.0,0.0,1.2729,3.2158
771,3.3,6.0,0.0,1.1347,3.4222
772,5.2,9.0,0.0,1.6645,3.2988
773,5.3,8.0,0.0,1.7047,3.3397
774,6.1,15.0,0.0,2.1026,3.4065
775,5.1,8.0,0.0,1.6317,3.2939
776,4.9,11.0,0.0,1.6576,3.1738
777,5.4,8.0,0.0,1.727,3.2002
778,4.6,7.0,0.0,1.4975,3.247
779,5.4,7.0,0.0,1.6941,3.2702
780,5.6,8.0,0.0,1.7925,3.3604
781,7.3,10.0,0.0,2.2454,3.425
782,5.3,11.0,0.0,1.7553,3.3938
783,5.3,8.0,0.0,1.7404,3.3283
784,4.9,9.0,0.0,1.6301,3.2797
785,5.4,8.0,0.0,1.6853,3.2043
786,5.4,8.0,0.0,1.7439,3.1604
787,4.1,6.0,0.0,1.35,3.1733
788,2.8,5.0,0.0,1.0065,3.2927
789,3.6,9.0,0.0,1.2728,3.1887
790,3.2,8.0,0.0,1.1546,3.1798
791,4.7,6.0,0.0,1.5322,3.208
792,3.6,6.0,0.0,1.1871,3.1701
793,4.5,9.0,0.0,1.4925,3.1887
794,4.3,6.0,0.0,1.4144,3.2534
795,3.8,5.0,0.0,1.2859,3.4667
796,4.7,7.0,0.0,1.5433,3.2965
797,4.3,7.0,0.0,1.42,3.2723
798,5.2,8.0,0.0,1.653,3.2805
799,5.6,8.0,0.0,1.8226,3.2265
800,4.7,8.0,0.0,1.5516,3.2332
801,5.7,8.0,0.0,1.8139,3.3398
802,6.6,12.0,0.0,2.1338,3.3115
803,3.2,7.0,0.0,1.1539,3.3097
804,3.7,7.0,0.0,1.2398,3.3225
805,4.7,11.0,0.0,1.5917,3.2961
806,4.9,8.0,0.0,1.5662,3.2416
807,3.4,5.0,0.0,1.1336,3.331
808,3.0,4.0,0.0,1.0365,3.4092
809,4.3,6.0,0.0,1.3675,3.2182
810,4.7,8.0,0.0,1.5156,3.2248
811,4.0,8.0,0.0,1.3415,3.1511
812,4.0,7.0,0.0,1.3115,3.1277
813,4.0,6.0,0.0,1.2955,3.1893
814,4.7,7.0,0.0,1.5033,3.2897
815,6.1,12.0,0.0,1.9249,3.3255
816,6.7,9.0,0.0,2.1493,3.2994
817,6.1,10.0,0.0,1.9061,3.3892
818,6.4,14.0,0.0,2.1291,3.4908
819,5.6,8.0,0.0,1.8351,3.3843
820,3.7,5.0,0.0,1.3092,3.2394
821,4.8,7.0,0.0,1.5143,3.2538
822,5.3,8.0,0.0,1.6764,3.4308
823,6.8,15.0,0.0,2.2113,3.3004
824,5.2,7.0,0.0,1.6425,3.4004
825,4.9,7.0,0.0,1.5993,3.4731
826,4.9,7.0,0.0,1.5635,3.2804
827,3.8,7.0,0.0,1.2968,3.2897
828,4.0,5.0,0.0,1.3944,3.2599
829,5.1,12.0,0.0,1.7509,3.167
830,4.5,6.0,0.0,1.4483,3.2218
831,3.8,5.0,0.0,1.2366,3.2394
832,4.0,8.0,0.0,1.3318,3.4485
833,4.4,6.0,0.0,1.4566,3.3749
834,4.3,6.0,0.0,1.4027,3.2059
835,4.1,9.0,0.0,1.4782,3.269
836,4.4,9.0,0.0,1.5108,3.3373
837,5.3,7.0,0.0,1.5961,3.2691
838,4.2,6.0,0.0,1.3613,3.2814
839,3.9,8.0,0.0,1.3101,3.1756
840,4.1,8.0,0.0,1.3778,3.1759
841,3.5,7.0,0.0,1.2249,3.1752
842,3.7,5.0,0.0,1.1808,3.1742
843,4.2,7.0,0.0,1.4368,3.2161
844,5.5,8.0,0.0,1.7068,3.2334
845,5.4,10.0,0.0,1.7658,3.3448
846,5.3,8.0,0.0,1.6508,3.3018
847,4.6,11.0,0.0,1.6179,3.3002
848,5.6,10.0,0.0,1.8444,3.5385
849,4.8,6.0,0.0,1.5024,3.5172
850,4.8,7.0,0.0,1.5217,3.3378
851,4.3,10.0,0.0,1.4498,3.1806
852,4.6,6.0,0.0,1.5224,3.1521
853,5.0,8.0,0.0,1.5893,3.2921
854,4.5,8.0,0.0,1.4948,3.2396
855,4.8,7.0,0.0,1.6384,3.2975
856,4.2,7.0,0.0,1.4151,3.2261
857,4.9,7.0,0.0,1.5387,3.3166
858,4.9,6.0,0.0,1.5288,3.4623
859,4.5,7.0,0.0,1.4905,3.43
860,4.2,8.0,0.0,1.4044,3.2044
861,3.2,4.0,0.0,1.0701,3.1387
862,5.1,9.0,0.0,1.7245,3.1667
863,3.6,5.0,0.0,1.1803,3.1331
864,4.7,7.0,0.0,1.5279,3.1038
865,4.3,6.0,0.0,1.3316,3.2193
866,4.6,6.0,0.0,1.4758,3.2013
867,4.6,7.0,0.0,1.4755,3.3209
868,4.4,8.0,0.0,1.5159,3.3023
869,5.6,11.0,0.0,1.852,3.2446
870,6.2,12.0,0.0,2.0164,3.4838
871,5.2,7.0,0.0,1.7219,3.2952
872,5.2,9.0,0.0,1.7103,3.5456
873,6.0,20.0,0.0,2.3128,3.3496
874,4.1,6.0,0.0,1.2748,3.3709
875,4.0,9.0,0.0,1.3454,3.3529
876,4.6,7.0,0.0,1.4874,3.5045
877,4.0,7.0,0.0,1.3598,3.2986
878,5.0,14.0,0.0,1.8253,3.3481
879,3.8,5.0,0.0,1.2919,3.3836
880,5.6,11.0,0.0,1.8611,3.3454
881,3.9,7.0,0.0,1.2571,3.3002
882,3.3,8.0,0.0,1.2131,3.3962
883,4.2,6.0,0.0,1.351,3.2983
884,4.3,8.0,0.0,1.4077,3.3354
885,3.7,5.0,0.0,1.2221,3.2687
886,4.3,6.0,0.0,1.4179,3.242
887,4.3,7.0,0.0,1.4468,3.2793
888,5.5,10.0,0.0,1.7862,3.3475
889,4.6,7.0,0.0,1.5101,3.3511
890,4.1,6.0,0.0,1.3316,3.3831
891,4.6,8.0,0.0,1.4736,3.3407
892,5.2,9.0,0.0,1.7198,3.4472
893,4.6,6.0,0.0,1.4287,3.4345
894,3.9,5.0,0.0,1.3416,3.4818
895,4.3,9.0,0.0,1.4591,3.3169
896,4.3,9.0,0.0,1.4104,3.4095
897,3.7,6.0,0.0,1.1779,3.3978
898,2.8,4.0,0.0,0.9314,3.3197
899,3.8,5.0,0.0,1.2114,3.3143
900,3.7,5.0,0.0,1.182,3.3383
901,3.4,6.0,0.0,1.1529,3.3304
902,5.3,8.0,0.0,1.6993,3.3242
903,3.8,5.0,0.0,1.2314,3.2649
904,4.2,6.0,0.0,1.4239,3.4324
905,3.8,7.0,0.0,1.3286,3.3324
906,5.2,13.0,0.0,1.8424,3.3605
907,4.2,5.0,0.0,1.3705,3.341
908,4.5,8.0,0.0,1.5302,3.4546
909,5.1,8.0,0.0,1.6101,3.4621
910,5.3,11.0,0.0,1.7723,3.5783
911,5.1,7.0,0.0,1.6378,3.5289
912,4.0,6.0,0.0,1.3076,3.4395
913,7.3,19.0,0.0,2.5361,3.4225
914,5.1,12.0,0.0,1.7418,3.3987
915,3.9,5.0,0.0,1.3513,3.1735
916,3.5,5.0,0.0,1.1393,3.2115
917,3.3,5.0,0.0,1.117,3.1913
918,4.9,7.0,0.0,1.618,3.2759
919,5.6,8.0,0.0,1.8241,3.2402
920,3.6,6.0,0.0,1.2207,3.3539
921,4.4,8.0,0.0,1.4523,3.4013
922,4.1,6.0,0.0,1.3393,3.4876
923,4.3,6.0,0.0,1.3601,3.3194
924,4.7,6.0,0.0,1.4287,3.2903
925,5.2,11.0,0.0,1.7362,3.4212
926,3.7,7.0,0.0,1.2366,3.3152
927,4.2,8.0,0.0,1.4149,3.4275
928,4.8,8.0,0.0,1.5534,3.3113
929,3.6,4.0,0.0,1.1747,3.2491
930,4.4,6.0,0.0,1.3834,3.3411
931,4.9,7.0,0.0,1.5729,3.3407
932,4.2,7.0,0.0,1.3489,3.2136
933,5.4,11.0,0.0,1.758,3.2413
934,4.0,5.0,0.0,1.399,3.3437
935,6.5,15.0,0.0,2.2559,3.4507
936,6.0,11.0,0.0,1.9815,3.6118
937,5.3,8.0,0.0,1.7748,3.5952
938,6.4,9.0,0.0,2.0118,3.4325
939,5.8,8.0,0.0,1.8529,3.1867
940,4.4,5.0,0.0,1.3644,3.329
941,3.7,4.0,0.0,1.2085,3.3191
942,4.8,8.0,0.0,1.5652,3.3506
943,5.1,8.0,0.0,1.5928,3.2669
944,6.2,12.0,0.0,2.0165,3.4384
945,3.9,5.0,0.0,1.2669,3.3125
946,4.2,7.0,0.0,1.3271,3.3206
947,3.8,6.0,0.0,1.2408,3.3935
948,4.3,7.0,0.0,1.3961,3.3622
949,3.9,8.0,0.0,1.3747,3.3431
950,2.6,4.0,0.0,0.8743,3.3054
951,4.2,7.0,0.0,1.3915,3.4547
952,4.8,8.0,0.0,1.5381,3.4071
953,6.5,11.0,0.0,2.1184,3.3648
954,6.1,9.0,0.0,1.9061,3.5111
955,4.7,6.0,0.0,1.5151,3.4509
956,5.0,7.0,0.0,1.6583,3.4619
957,4.1,6.0,0.0,1.3913,3.3948
958,5.0,8.0,0.0,1.5573,3.3789
959,3.8,7.0,0.0,1.2835,3.3265
960,4.9,8.0,0.0,1.6014,3.3523
961,4.4,5.0,0.0,1.3638,3.3237
962,5.0,6.0,0.0,1.6418,3.4143
963,4.3,6.0,0.0,1.4061,3.3822
964,5.7,11.0,0.0,1.8795,3.2788
965,7.0,9.0,0.0,2.1926,3.3624
966,7.2,12.0,0.0,2.2888,3.4055
967,6.7,15.0,0.0,2.2717,3.3579
968,5.6,7.0,0.0,1.7514,3.1814
969,6.1,10.0,0.0,1.9692,3.3187
970,5.7,12.0,0.0,1.8894,3.3155
971,5.0,9.0,0.0,1.5701,3.3077
972,4.2,7.0,0.0,1.3528,3.2294
973,4.3,7.0,0.0,1.4517,3.2375
974,3.7,5.0,0.0,1.2929,3.2027
975,4.4,8.0,0.0,1.4578,3.2689
976,3.7,5.0,0.0,1.2107,3.3383
977,4.5,8.0,0.0,1.4798,3.3949
978,5.3,8.0,0.0,1.6988,3.3979
979,3.9,6.0,0.0,1.3189,3.2778
980,4.4,7.0,0.0,1.4663,3.2331
981,4.7,7.0,0.0,1.5843,3.3417
982,6.5,11.0,0.0,2.1039,3.297
983,4.7,11.0,0.0,1.6066,3.3425
984,4.3,9.0,0.0,1.469,3.3049
985,3.4,4.0,0.0,1.0927,3.1945
986,4.5,6.0,0.0,1.429,3.2593
987,3.9,6.0,0.0,1.3017,3.3334
988,4.0,6.0,0.0,1.3598,3.2699
989,3.8,6.0,0.0,1.2401,3.2974
990,3.6,6.0,0.0,1.1993,3.2363
991,3.7,5.0,0.0,1.2106,3.2884
992,3.9,7.0,0.0,1.294,3.2607
993,4.0,7.0,0.0,1.3477,3.2415
994,4.3,8.0,0.0,1.4387,3.3034
995,4.1,5.0,0.0,1.3416,3.203
996,4.9,15.0,0.0,1.8597,3.2427
997,5.3,6.0,0.0,1.8092,3.2686
998,5.3,7.0,0.0,1.7082,3.4134
999,6.2,11.0,0.0,1.9673,3.4049
1000,6.5,12.0,0.0,2.1228,3.5644
1001,5.3,7.0,0.0,1.6751,3.3807
1002,7.4,10.0,0.0,2.368,3.6866
1003,8.2,11.0,0.0,2.4944,3.7039
1004,7.5,10.0,0.0,2.4129,3.3712
1005,7.3,11.0,0.0,2.2467,3.3327
1006,4.5,5.0,0.0,1.4135,3.1724
1007,4.3,6.0,0.0,1.4107,3.4209
1008,5.5,9.0,0.0,1.746,3.3093
1009,4.4,8.0,0.0,1.3833,3.2258
1010,4.2,7.0,0.0,1.4129,3.1798
1011,3.7,5.0,0.0,1.2121,3.1994
1012,3.9,6.0,0.0,1.3438,3.1965
1013,4.5,8.0,0.0,1.4564,3.2216
1014,4.7,7.0,0.0,1.4595,3.2572
1015,3.9,6.0,0.0,1.2764,3.2794
1016,5.1,9.0,0.0,1.6653,3.2728
1017,5.8,8.0,0.0,1.9147,3.3023
1018,5.5,9.0,0.0,1.7617,3.3164
1019,3.3,5.0,0.0,1.0909,3.3816
1020,6.0,7.0,0.0,1.8888,3.2688
1021,5.6,11.0,0.0,1.8481,3.1897
1022,5.0,6.0,0.0,1.6357,3.266
1023,3.6,6.0,0.0,1.2278,3.4155
1024,4.1,6.0,0.0,1.309,3.4583
1025,4.1,6.0,0.0,1.326,3.4009
1026,3.9,5.0,0.0,1.2884,3.2763
1027,4.6,6.0,0.0,1.484,3.149
1028,3.9,5.0,0.0,1.2314,3.1271
1029,3.7,5.0,0.0,1.2288,3.1178
1030,3.5,5.0,0.0,1.1615,3.2284
1031,3.7,5.0,0.0,1.2571,3.2629
1032,3.7,5.0,0.0,1.251,3.5017
1033,3.4,6.0,0.0,1.0874,3.5144
1034,3.6,5.0,0.0,1.1578,3.4754
1035,3.4,4.0,0.0,1.105,3.4531
1036,3.3,5.0,0.0,1.1011,3.4545
1037,5.3,10.0,0.0,1.6822,3.2145
1038,4.1,6.0,0.0,1.382,3.2034
1039,4.4,8.0,0.0,1.4591,3.2508
1040,4.3,7.0,0.0,1.3811,3.1578
1041,4.1,7.0,0.0,1.3346,3.1789
1042,4.3,8.0,0.0,1.3855,3.2243
1043,4.8,7.0,0.0,1.546,3.2488
1044,4.2,7.0,0.0,1.3642,3.2295
1045,4.6,8.0,0.0,1.4663,3.3108
1046,4.3,7.0,0.0,1.3932,3.3497
1047,4.4,7.0,0.0,1.4092,3.4182
1048,4.6,9.0,0.0,1.4809,3.3405
1049,5.3,11.0,0.0,1.7782,3.1949
1050,4.6,7.0,0.0,1.4629,3.2106
1051,4.3,8.0,0.0,1.4518,3.2454
1052,4.8,6.0,0.0,1.6155,3.3195
1053,4.7,7.0,0.0,1.5324,3.3118
1054,3.4,5.0,0.0,1.1137,3.2047
1055,5.3,8.0,0.0,1.6503,3.2321
1056,4.9,8.0,0.0,1.6588,3.1821
1057,3.9,6.0,0.0,1.3015,3.2644
1058,4.9,7.0,0.0,1.6049,3.2747
1059,4.5,6.0,0.0,1.4303,3.5481
1060,4.5,9.0,0.0,1.4744,3.6012
1061,4.3,6.0,0.0,1.386,3.3883
1062,4.2,6.0,0.0,1.3691,3.3511
1063,4.8,8.0,0.0,1.5239,3.4181
1064,5.1,10.0,0.0,1.7029,3.2525
1065,4.6,8.0,0.0,1.533,3.294
1066,4.2,7.0,0.0,1.3955,3.2597
1067,4.1,6.0,0.0,1.3566,3.3623
1068,4.3,8.0,0.0,1.4309,3.4585
1069,4.6,5.0,0.0,1.5266,3.5132
1070,3.7,6.0,0.0,1.2382,3.3868
1071,4.9,8.0,0.0,1.584,3.2222
1072,4.1,5.0,0.0,1.3883,3.3211
1073,3.5,5.0,0.0,1.1374,3.2881
1074,3.7,6.0,0.0,1.2577,3.2923
1075,4.0,5.0,0.0,1.3321,3.2253
1076,5.0,7.0,0.0,1.5419,3.3004
1077,4.2,5.0,0.0,1.3689,3.2094
1078,4.6,8.0,0.0,1.5335,3.2087
1079,3.1,5.0,0.0,1.049,3.2108
1080,4.7,8.0,0.0,1.5296,3.2275
1081,3.1,5.0,0.0,1.0448,3.2111
1082,3.1,4.0,0.0,1.0428,3.2027
1083,4.0,5.0,0.0,1.296,3.1953
1084,3.9,5.0,0.0,1.261,3.2058
1085,4.4,7.0,0.0,1.4191,3.195
1086,4.3,6.0,0.0,1.3647,3.268
1087,4.5,7.0,0.0,1.4379,3.2241
1088,4.7,8.0,0.0,1.5233,3.1636
1089,5.3,7.0,0.0,1.7555,3.1764
1090,4.0,8.0,0.0,1.3637,3.1834
1091,5.3,8.0,0.0,1.7338,3.1858
1092,3.7,6.0,0.0,1.2255,3.172
1093,4.4,9.0,0.0,1.4403,3.2388
1094,5.1,8.0,0.0,1.6144,3.2908
1095,4.2,7.0,0.0,1.3704,3.5033
1096,4.0,7.0,0.0,1.2845,3.3245
1097,4.5,7.0,0.0,1.4457,3.407
1098,4.8,9.0,0.0,1.6132,3.5518
1099,3.9,6.0,0.0,1.2938,3.3485
1100,4.5,6.0,0.0,1.4058,3.4305
1101,4.6,7.0,0.0,1.4359,3.5273
1102,6.4,7.0,0.0,1.9199,3.6256
1103,4.7,7.0,0.0,1.4722,3.4303
1104,4.4,6.0,0.0,1.4035,3.3967
1105,5.3,10.0,0.0,1.7912,3.3787
1106,5.9,8.0,0.0,1.8818,3.3823
1107,4.9,9.0,0.0,1.5542,3.2227
1108,4.1,7.0,0.0,1.3511,3.2995
1109,5.7,10.0,0.0,1.8496,3.4084
1110,4.3,8.0,0.0,1.4784,3.2437
1111,4.7,7.0,0.0,1.5277,3.2032
1112,4.4,8.0,0.0,1.4357,3.3014
1113,4.5,7.0,0.0,1.4276,3.3425
1114,4.7,7.0,0.0,1.5238,3.3014
1115,4.5,7.0,0.0,1.4885,3.2876
1116,4.5,7.0,0.0,1.4825,3.3001
1117,3.4,5.0,0.0,1.0963,3.2881
1118,3.9,6.0,0.0,1.2862,3.2765
1119,5.3,7.0,0.0,1.6815,3.2639
1120,5.9,12.0,0.0,2.0252,3.3292
1121,5.4,10.0,0.0,1.786,3.2871
1122,4.5,7.0,0.0,1.402,3.3224
1123,4.7,6.0,0.0,1.5635,3.3357
1124,6.1,13.0,0.0,2.0267,3.4319
1125,4.7,9.0,0.0,1.5875,3.4184
1126,6.0,9.0,0.0,1.9096,3.4198
1127,4.0,5.0,0.0,1.2971,3.3234
1128,4.2,6.0,0.0,1.3659,3.404
1129,4.2,5.0,0.0,1.3928,3.5082
1130,6.2,11.0,0.0,2.0467,3.3865
1131,5.4,9.0,0.0,1.7693,3.3654
1132,4.9,10.0,0.0,1.6496,3.4338
1133,6.4,12.0,0.0,2.1186,3.4943
1134,5.2,6.0,0.0,1.6823,3.3514
1135,4.4,7.0,0.0,1.4291,3.6388
1136,5.0,13.0,0.0,1.7371,3.6446
1137,4.5,8.0,0.0,1.5394,3.7055
1138,5.3,7.0,0.0,1.7029,3.8063
1139,4.7,6.0,0.0,1.4435,3.5649
1140,6.8,9.0,0.0,2.0644,3.4983
1141,6.1,12.0,0.0,1.958,3.5056
1142,7.4,12.0,0.0,2.3226,3.3785
1143,6.1,13.0,0.0,2.0516,3.3262
1144,5.3,7.0,0.0,1.6875,3.3759
1145,5.6,8.0,0.0,1.7859,3.4228
1146,5.3,9.0,0.0,1.7356,3.3202
1147,4.8,7.0,0.0,1.5433,3.3066
1148,7.0,20.0,0.0,2.5155,3.5083
1149,7.3,13.0,0.0,2.299,3.7589
1150,4.8,7.0,0.0,1.5256,3.5144
1151,4.1,6.0,0.0,1.3346,3.3089
1152,3.4,5.0,0.0,1.1054,3.328
1153,4.7,7.0,0.0,1.4975,3.3327
1154,3.4,5.0,0.0,1.1694,3.5436
1155,4.3,6.0,0.0,1.3849,3.6703
1156,3.7,6.0,0.0,1.2555,3.463
1157,5.7,9.0,0.0,1.8088,3.5795
1158,4.0,5.0,0.0,1.2462,3.5056
1159,4.6,10.0,0.0,1.5167,3.5533
1160,7.0,13.0,0.0,2.2693,3.4872
1161,5.2,10.0,0.0,1.7372,3.6249
1162,5.0,7.0,0.0,1.6374,3.4384
1163,4.7,6.0,0.0,1.5764,3.5526
1164,5.2,9.0,0.0,1.6993,3.6515
1165,4.5,7.0,0.0,1.3906,3.5707
1166,4.0,8.0,0.0,1.3225,3.4923
1167,4.9,8.0,0.0,1.573,3.2628
1168,4.2,7.0,0.0,1.3489,3.3304
1169,4.8,6.0,0.0,1.5577,3.3249
1170,5.1,9.0,0.0,1.6118,3.4821
1171,4.0,5.0,0.0,1.2349,3.3622
1172,4.4,6.0,0.0,1.4301,3.5817
1173,6.4,8.0,0.0,1.981,3.5895
1174,5.3,10.0,0.0,1.8125,3.4015
1175,5.8,10.0,0.0,1.8626,3.4162
1176,5.9,10.0,0.0,1.885,3.5264
1177,4.9,10.0,0.0,1.6584,3.3326
1178,6.1,13.0,0.0,2.0977,3.4038
1179,5.2,7.0,0.0,1.7263,3.2898
1180,5.0,7.0,0.0,1.5961,3.2641
1181,5.3,7.0,0.0,1.6445,3.3015
1182,4.3,7.0,0.0,1.4001,3.2724
1183,4.9,8.0,0.0,1.6329,3.3597
1184,4.6,8.0,0.0,1.5588,3.3187
1185,5.1,10.0,0.0,1.715,3.2694
1186,4.8,7.0,0.0,1.4892,3.386
1187,6.8,12.0,0.0,2.1423,3.3073
1188,6.2,10.0,0.0,1.8789,3.4239
1189,5.6,7.0,0.0,1.7971,3.503
1190,3.4,5.0,0.0,1.1704,3.3408
1191,4.7,6.0,0.0,1.5446,3.2264
1192,4.7,6.0,0.0,1.5587,3.2069
1193,3.9,6.0,0.0,1.3592,3.1648
1194,4.8,9.0,0.0,1.6251,3.3477
1195,4.8,6.0,0.0,1.5322,3.347
1196,4.2,6.0,0.0,1.3872,3.3857
1197,5.6,8.0,0.0,1.6938,3.4031
1198,4.5,8.0,0.0,1.49,3.3593
1199,3.6,5.0,0.0,1.1494,3.2637
1200,3.5,5.0,0.0,1.1283,3.2903
1201,4.2,7.0,0.0,1.3316,3.3436
1202,5.0,8.0,0.0,1.5873,3.3859
1203,3.5,5.0,0.0,1.2031,3.2293
1204,4.9,7.0,0.0,1.5483,3.3266
1205,4.6,7.0,0.0,1.4986,3.4383
1206,5.1,8.0,0.0,1.6665,3.5381
1207,4.1,5.0,0.0,1.3498,3.5221
1208,5.3,7.0,0.0,1.6929,3.3713
1209,4.2,8.0,0.0,1.4207,3.3684
1210,3.6,5.0,0.0,1.1915,3.3924
1211,4.3,8.0,0.0,1.4548,3.3998
1212,5.5,9.0,0.0,1.6891,3.3643
1213,3.1,4.0,0.0,1.0332,3.3449
1214,4.6,7.0,0.0,1.4469,3.4423
1215,5.1,8.0,0.0,1.6328,3.3907
1216,3.8,6.0,0.0,1.2366,3.4067
1217,4.8,7.0,0.0,1.5328,3.4349
1218,6.2,8.0,0.0,1.9,3.3504
1219,4.5,7.0,0.0,1.4567,3.4454
1220,5.2,9.0,0.0,1.7234,3.5336
1221,5.3,8.0,0.0,1.7005,3.3971
1222,6.6,11.0,0.0,2.0428,3.7171
1223,8.3,11.0,0.0,2.5027,3.9278
1224,6.5,12.0,0.0,2.1344,3.5814
1225,5.5,9.0,0.0,1.7361,3.5577
1226,5.2,6.0,0.0,1.6339,3.4342
1227,4.6,8.0,0.0,1.5327,3.4976
1228,5.9,9.0,0.0,1.8626,3.5629
1229,7.7,12.0,0.0,2.3297,3.5576
1230,5.2,8.0,0.0,1.6053,3.4967
1231,7.3,10.0,0.0,2.2913,3.598
1232,5.9,7.0,0.0,1.8514,3.5079
1233,5.5,7.0,0.0,1.7635,3.4013
1234,5.4,11.0,0.0,1.7959,3.3804
1235,5.1,11.0,0.0,1.7268,3.4198
1236,6.6,14.0,0.0,2.2561,3.5078
1237,10.0,13.0,0.0,3.1043,4.091
1238,11.5,17.0,0.0,3.4805,4.2963
1239,9.2,12.0,0.0,2.7166,3.9872
1240,9.0,13.0,0.0,2.8734,3.7446
1241,6.4,9.0,0.0,2.0784,3.5379
1242,7.0,13.0,0.0,2.2956,3.4629
1243,7.2,12.0,0.0,2.2982,3.4701
1244,6.5,9.0,0.0,2.0594,3.3347
1245,7.1,12.0,0.0,2.2476,3.2867
1246,5.9,10.0,0.0,1.8943,3.2278
1247,4.4,9.0,0.0,1.5366,3.3592
1248,4.0,6.0,0.0,1.3089,3.3418
1249,4.5,12.0,0.0,1.5941,3.2644
1250,5.0,7.0,0.0,1.5878,3.3175
1251,4.1,5.0,0.0,1.3467,3.3397
1252,4.2,5.0,0.0,1.4135,3.2972
1253,4.7,6.0,0.0,1.469,3.2546
1254,4.8,7.0,0.0,1.5288,3.1661
1255,3.8,5.0,0.0,1.3295,3.2055
1256,5.2,7.0,0.0,1.728,3.2059
1257,2.7,4.0,0.0,0.9044,3.2098
1258,4.4,6.0,0.0,1.3889,3.3097
1259,3.7,5.0,0.0,1.2767,3.2828
1260,4.1,7.0,0.0,1.3935,3.3148
1261,5.3,8.0,0.0,1.6972,3.313
1262,3.8,6.0,0.0,1.2922,3.2406
1263,4.1,10.0,0.0,1.463,3.268
1264,3.7,5.0,0.0,1.2726,3.2918
1265,4.0,7.0,0.0,1.3783,3.2203
1266,4.1,7.0,0.0,1.3295,3.2451
1267,5.4,8.0,0.0,1.6648,3.3212
1268,4.9,9.0,0.0,1.6475,3.4451
1269,3.5,4.0,0.0,1.1608,3.328
1270,4.5,7.0,0.0,1.4955,3.3323
1271,4.2,8.0,0.0,1.4146,3.2448
1272,5.9,11.0,0.0,1.8784,3.3021
1273,6.6,10.0,0.0,2.0663,3.3201
1274,5.9,12.0,0.0,1.967,3.403
1275,4.7,8.0,0.0,1.6378,3.3509
1276,6.1,9.0,0.0,1.9307,3.4454
1277,4.3,6.0,0.0,1.4061,3.3767
1278,5.5,20.0,0.0,2.2463,3.271
1279,4.4,7.0,0.0,1.4134,3.3705
1280,5.9,7.0,0.0,1.8138,3.4414
1281,6.1,17.0,0.0,2.1749,3.2839
1282,7.5,13.0,0.0,2.4163,3.4015
1283,5.2,8.0,0.0,1.6556,3.3901
1284,6.9,13.0,0.0,2.1634,3.5161
1285,7.8,16.0,0.0,2.5588,3.5281
1286,5.1,7.0,0.0,1.682,3.3889
1287,4.8,10.0,0.0,1.5675,3.3482
1288,5.1,7.0,0.0,1.6186,3.3025
1289,4.6,8.0,0.0,1.4595,3.287
1290,3.2,4.0,0.0,1.0996,3.2849
1291,3.9,6.0,0.0,1.3342,3.319
1292,3.8,5.0,0.0,1.244,3.361
1293,4.3,7.0,0.0,1.4118,3.3605
1294,4.3,8.0,0.0,1.4839,3.3731
1295,6.2,10.0,0.0,1.9961,3.4435
1296,5.7,9.0,0.0,1.8342,3.398
1297,4.5,7.0,0.0,1.4276,3.3577
1298,4.8,9.0,0.0,1.6217,3.3632
1299,4.9,7.0,0.0,1.5708,3.4519
1300,8.2,12.0,0.0,2.6514,3.5346
1301,7.7,14.0,0.0,2.4668,3.4823
1302,6.7,8.0,0.0,2.1288,3.5748
1303,6.6,11.0,0.0,2.0739,3.5018
1304,5.1,7.0,0.0,1.6523,3.2986
1305,5.1,8.0,0.0,1.6804,3.2547
1306,6.6,8.0,0.0,2.0658,3.4247
1307,5.6,9.0,0.0,1.8459,3.5851
1308,8.3,14.0,0.0,2.6958,3.7936
1309,10.3,23.0,0.0,3.2672,4.0546
1310,12.8,17.0,0.0,3.6774,4.224
1311,13.2,15.0,0.0,4.0283,3.9907
1312,10.3,14.0,0.0,3.0922,3.7603
1313,8.8,13.0,0.0,2.847,3.5893
1314,10.5,15.0,0.0,3.3326,3.7615
1315,8.5,12.0,0.0,2.6408,3.423
1316,9.0,13.0,0.0,2.7788,3.5744
1317,10.2,16.0,0.0,3.2137,3.5042
1318,8.9,12.0,0.0,2.729,3.6
1319,9.5,15.0,0.0,3.0721,3.5805
1320,12.9,20.0,0.0,3.8754,3.7747
1321,12.9,22.0,0.0,4.0516,3.828
1322,10.7,15.0,0.0,3.3498,3.8536
1323,17.1,30.0,0.0,5.3827,3.9957
1324,14.3,25.0,0.0,4.2771,4.3757
1325,14.6,23.0,0.0,4.5863,4.9033
1326,9.8,16.0,0.0,3.0139,4.1861
1327,10.8,14.0,0.0,3.3968,4.4058
1328,9.2,17.0,0.0,2.9328,3.6824
1329,5.8,9.0,0.0,1.8237,3.5592
1330,5.5,8.0,0.0,1.752,3.5609
1331,5.4,8.0,0.0,1.694,3.455
1332,4.4,7.0,0.0,1.3977,3.1617
1333,5.3,8.0,0.0,1.7023,3.1332
1334,4.6,7.0,0.0,1.4881,3.1213
1335,3.5,5.0,0.0,1.1769,3.1646
1336,3.3,5.0,0.0,1.0889,3.112
1337,5.0,9.0,0.0,1.6631,3.1802
1338,4.0,5.0,0.0,1.3,3.2986
1339,4.1,7.0,0.0,1.3592,3.2021
1340,5.0,9.0,0.0,1.6302,3.2283
1341,4.5,6.0,0.0,1.4051,3.4405
1342,4.2,5.0,0.0,1.3229,3.2966
1343,4.6,6.0,0.0,1.4858,3.3707
1344,3.4,4.0,0.0,1.1258,3.3466
1345,4.6,9.0,0.0,1.5392,3.3257
1346,5.0,10.0,0.0,1.6654,3.2455
1347,4.4,6.0,0.0,1.4287,3.2767
1348,5.6,9.0,0.0,1.7226,3.2632
1349,5.0,8.0,0.0,1.6186,3.3342
1350,7.1,11.0,0.0,2.1599,3.5377
1351,6.7,10.0,0.0,2.1218,3.3565
1352,6.2,10.0,0.0,1.9354,3.4695
1353,6.1,9.0,0.0,1.9744,3.3812
1354,8.6,13.0,0.0,2.7217,3.6586
1355,9.1,13.0,0.0,2.6627,3.8029
1356,8.7,11.0,0.0,2.6026,3.9137
1357,9.2,14.0,0.0,2.8671,3.779
1358,6.9,9.0,0.0,2.018,3.6307
1359,8.7,14.0,0.0,2.6746,3.6174
1360,7.6,11.0,0.0,2.33,3.5263
1361,6.1,9.0,0.0,2.01,3.4643
1362,6.4,11.0,0.0,2.1197,3.493
1363,4.3,5.0,0.0,1.4608,3.3068
1364,3.5,5.0,0.0,1.1701,3.2777
1365,4.5,6.0,0.0,1.4525,3.367
1366,5.3,7.0,0.0,1.7233,3.4159
1367,4.7,6.0,0.0,1.4586,3.2859
1368,4.3,5.0,0.0,1.3964,3.2657
1369,4.9,10.0,0.0,1.6372,3.3135
1370,5.3,7.0,0.0,1.6492,3.3981
1371,4.5,7.0,0.0,1.5005,3.3353
1372,3.8,6.0,0.0,1.2254,3.3677
1373,4.7,6.0,0.0,1.4608,3.3791
1374,4.7,9.0,0.0,1.5588,3.3954
1375,4.9,7.0,0.0,1.6401,3.4072
1376,4.9,8.0,0.0,1.5861,3.3869
1377,4.2,5.0,0.0,1.407,3.2758
1378,4.8,6.0,0.0,1.5081,3.253
1379,4.0,5.0,0.0,1.3491,3.2106
1380,4.8,9.0,0.0,1.5914,3.3634
1381,4.3,7.0,0.0,1.4384,3.2855
1382,4.8,15.0,0.0,1.8691,3.2198
1383,4.8,7.0,0.0,1.5403,3.3209
1384,5.8,10.0,0.0,1.8356,3.432
1385,4.4,6.0,0.0,1.429,3.3649
1386,4.2,9.0,0.0,1.4239,3.4267
1387,3.8,7.0,0.0,1.2884,3.5767
1388,5.0,9.0,0.0,1.677,3.3087
1389,3.6,5.0,0.0,1.2735,3.3108
1390,3.0,4.0,0.0,1.0188,3.3323
1391,4.0,5.0,0.0,1.3477,3.2597
1392,5.0,8.0,0.0,1.5989,3.3852
1393,4.1,7.0,0.0,1.3301,3.3803
1394,3.3,4.0,0.0,1.067,3.2776
1395,4.1,6.0,0.0,1.3316,3.4242
1396,5.9,10.0,0.0,1.8529,3.3149
1397,5.9,8.0,0.0,1.8094,3.4482
1398,5.7,10.0,0.0,1.8259,3.7217
1399,4.9,8.0,0.0,1.6832,3.3962
1400,4.5,6.0,0.0,1.5355,3.5145
1401,5.0,9.0,0.0,1.6074,3.4785
1402,5.4,10.0,0.0,1.7035,3.313
1403,5.2,8.0,0.0,1.6418,3.2229
1404,4.1,7.0,0.0,1.3495,3.2066
1405,3.9,6.0,0.0,1.2814,3.2302
1406,4.2,7.0,0.0,1.4517,3.3048
1407,4.2,5.0,0.0,1.3908,3.23
1408,4.4,8.0,0.0,1.4403,3.2165
1409,4.2,6.0,0.0,1.3304,3.2872
1410,3.8,8.0,0.0,1.3046,3.3309
1411,3.7,6.0,0.0,1.2385,3.2501
1412,4.8,8.0,0.0,1.5953,3.2615
1413,3.2,5.0,0.0,1.0455,3.2653
1414,5.3,8.0,0.0,1.7203,3.2984
1415,4.0,4.0,0.0,1.3495,3.2071
1416,3.7,5.0,0.0,1.1723,3.2504
1417,4.7,6.0,0.0,1.4933,3.2855
1418,4.3,7.0,0.0,1.4526,3.2749
1419,4.0,7.0,0.0,1.3153,3.2342
1420,3.9,5.0,0.0,1.3137,3.3102
1421,4.4,7.0,0.0,1.4261,3.3027
1422,3.8,5.0,0.0,1.2329,3.3897
1423,4.1,6.0,0.0,1.3937,3.3585
1424,5.2,7.0,0.0,1.6314,3.2694
1425,4.1,5.0,0.0,1.3134,3.2867
1426,4.6,7.0,0.0,1.5012,3.2922
1427,4.3,9.0,0.0,1.4579,3.2653
1428,5.0,9.0,0.0,1.6715,3.3651
1429,5.8,7.0,0.0,1.8036,3.4842
1430,4.6,7.0,0.0,1.4668,3.4046
1431,4.9,6.0,0.0,1.5457,3.3973
1432,6.1,9.0,0.0,1.9146,3.3291
1433,5.5,12.0,0.0,1.8389,3.3379
1434,4.0,6.0,0.0,1.3002,3.5087
1435,4.9,10.0,0.0,1.5729,3.5643
1436,4.7,9.0,0.0,1.5199,3.4013
1437,4.3,8.0,0.0,1.4512,3.4368
1438,5.0,7.0,0.0,1.5868,3.4576
1439,4.4,8.0,0.0,1.4654,3.4079
1440,4.7,8.0,0.0,1.5418,3.311
1441,3.8,5.0,0.0,1.253,3.142
1442,4.7,6.0,0.0,1.4331,3.1493
1443,5.9,13.0,0.0,2.0274,3.1671
1444,4.1,6.0,0.0,1.3318,3.4191
1445,4.2,7.0,0.0,1.3625,3.4794
1446,4.3,8.0,0.0,1.4058,3.2388
1447,5.2,7.0,0.0,1.6271,3.269
1448,3.6,5.0,0.0,1.1402,3.262
1449,2.8,4.0,0.0,0.9734,3.2932
1450,4.4,7.0,0.0,1.4089,3.2522
1451,3.7,7.0,0.0,1.2387,3.2264
1452,4.1,9.0,0.0,1.3961,3.2498
1453,5.9,8.0,0.0,1.8355,3.3925
1454,4.8,9.0,0.0,1.6179,3.3462
1455,5.4,8.0,0.0,1.7209,3.3603
1456,4.4,7.0,0.0,1.4302,3.4156
1457,3.5,5.0,0.0,1.1487,3.3225
1458,3.6,6.0,0.0,1.2091,3.1716
1459,3.8,5.0,0.0,1.2189,3.4338
1460,4.4,6.0,0.0,1.4417,3.2888
1461,4.1,7.0,0.0,1.3601,3.2671
1462,4.1,6.0,0.0,1.4061,3.2547
1463,3.8,4.0,0.0,1.2239,3.3706
1464,4.5,6.0,0.0,1.4169,3.4435
1465,4.8,10.0,0.0,1.6619,3.3884
1466,3.7,5.0,0.0,1.2781,3.3244
1467,3.6,7.0,0.0,1.2197,3.3208
1468,4.4,9.0,0.0,1.5264,3.3478
1469,3.7,6.0,0.0,1.2592,3.3504
1470,6.4,11.0,0.0,2.0414,3.4186
1471,5.0,7.0,0.0,1.5787,3.3206
1472,4.2,7.0,0.0,1.3435,3.3552
1473,3.8,6.0,0.0,1.2563,3.2495
1474,4.3,6.0,0.0,1.3586,3.2819
1475,4.0,6.0,0.0,1.2679,3.2543
1476,4.4,8.0,0.0,1.4396,3.2897
1477,5.8,9.0,0.0,1.8005,3.2722
1478,5.1,8.0,0.0,1.6144,3.3445
1479,6.4,13.0,0.0,2.0604,3.3233
1480,6.3,12.0,0.0,2.0664,3.3719
1481,4.1,7.0,0.0,1.3565,3.2769
1482,3.8,8.0,0.0,1.3012,3.1845
1483,4.8,6.0,0.0,1.5302,3.2746
1484,4.9,6.0,0.0,1.5678,3.271
1485,5.3,12.0,0.0,1.8169,3.2814
1486,4.6,9.0,0.0,1.4957,3.2205
1487,5.2,9.0,0.0,1.6784,3.3233
1488,4.2,9.0,0.0,1.429,3.4176
1489,5.9,8.0,0.0,1.8282,3.3622
1490,5.0,7.0,0.0,1.6023,3.3092
1491,4.0,7.0,0.0,1.3632,3.2795
1492,5.0,8.0,0.0,1.619,3.4763
1493,4.5,7.0,0.0,1.4256,3.5496
1494,5.5,7.0,0.0,1.7107,3.5994
1495,5.7,10.0,0.0,1.7094,3.5456
1496,4.5,8.0,0.0,1.5048,3.5496
1497,4.0,6.0,0.0,1.3295,3.4429
1498,4.8,8.0,0.0,1.505,3.387
1499,3.8,4.0,0.0,1.1494,3.3632
1500,4.3,6.0,0.0,1.3592,3.345
1501,6.0,8.0,0.0,1.7826,3.3544
1502,5.9,10.0,0.0,1.9379,3.4136
1503,5.0,7.0,0.0,1.6653,3.485
1504,5.8,8.0,0.0,1.8059,3.625
1505,5.0,7.0,0.0,1.5853,3.5048
1506,4.4,8.0,0.0,1.4284,3.4481
1507,4.3,9.0,0.0,1.437,3.4181
1508,4.0,7.0,0.0,1.3168,3.3469
1509,4.2,6.0,0.0,1.3598,3.3518
1510,4.2,6.0,0.0,1.4353,3.3114
1511,3.8,5.0,0.0,1.2606,3.2387
1512,2.9,4.0,0.0,0.9476,3.2961
1513,4.8,6.0,0.0,1.5015,3.4243
1514,4.2,7.0,0.0,1.3625,3.4039
1515,3.8,7.0,0.0,1.2826,3.4079
1516,4.6,6.0,0.0,1.4893,3.4327
1517,5.8,10.0,0.0,1.8348,3.4908
1518,6.1,9.0,0.0,1.9564,3.2819
1519,4.9,6.0,0.0,1.6254,3.3396
1520,4.9,7.0,0.0,1.5701,3.3079
1521,9.0,13.0,0.0,2.7426,3.5354
1522,8.8,17.0,0.0,2.8709,3.8309
1523,10.0,12.0,0.0,3.0327,3.8813
1524,8.8,13.0,0.0,2.8188,4.0006
1525,8.3,17.0,0.0,2.7415,3.6301
1526,7.9,10.0,0.0,2.5701,3.4871
1527,5.6,10.0,0.0,1.8333,3.2759
1528,4.7,10.0,0.0,1.6496,3.2549
1529,5.0,8.0,0.0,1.6492,3.3464
1530,4.4,7.0,0.0,1.3994,3.4616
1531,3.6,5.0,0.0,1.1662,3.2211
1532,4.4,5.0,0.0,1.4424,3.3616
1533,3.2,5.0,0.0,1.0989,3.2727
1534,2.8,4.0,0.0,0.9597,3.1517
1535,3.6,5.0,0.0,1.2,3.25
1536,4.0,6.0,0.0,1.3219,3.258
1537,4.3,7.0,0.0,1.4075,3.2478
1538,4.2,7.0,0.0,1.3948,3.2153
1539,4.1,5.0,0.0,1.3948,3.4107
1540,3.9,5.0,0.0,1.3265,3.1909
1541,4.5,9.0,0.0,1.4765,3.2059
1542,3.7,6.0,0.0,1.2555,3.1945
1543,5.1,6.0,0.0,1.6469,3.2183
1544,3.9,8.0,0.0,1.296,3.2279
1545,4.9,8.0,0.0,1.5615,3.2015
1546,4.2,8.0,0.0,1.4491,3.2207
1547,4.3,6.0,0.0,1.4104,3.4198
1548,5.2,7.0,0.0,1.6986,3.434
1549,6.2,11.0,0.0,1.9844,3.5132
1550,4.8,10.0,0.0,1.6576,3.2823
1551,4.6,8.0,0.0,1.5124,3.4243
1552,5.2,9.0,0.0,1.7221,3.2652
1553,4.4,6.0,0.0,1.4414,3.3159
1554,3.5,5.0,0.0,1.1176,3.3345
1555,3.3,4.0,0.0,1.0713,3.2521
1556,4.7,6.0,0.0,1.5322,3.1426
1557,3.5,5.0,0.0,1.1609,3.1343
1558,4.0,6.0,0.0,1.3077,3.2019
1559,4.2,6.0,0.0,1.3826,3.1661
1560,4.6,7.0,0.0,1.5088,3.1323
1561,3.8,7.0,0.0,1.275,3.1082
1562,3.5,5.0,0.0,1.1598,3.1002
1563,4.4,9.0,0.0,1.4945,3.1319
1564,3.1,5.0,0.0,1.0712,3.39
1565,4.3,8.0,0.0,1.3987,3.2184
1566,4.3,7.0,0.0,1.3932,3.2549
1567,4.5,8.0,0.0,1.5032,3.318
1568,4.5,7.0,0.0,1.456,3.3626
1569,4.7,12.0,0.0,1.6681,3.3262
1570,2.6,4.0,0.0,0.8977,3.2974
1571,4.4,6.0,0.0,1.4566,3.2827
1572,5.2,9.0,0.0,1.6821,3.243
1573,4.8,9.0,0.0,1.5524,3.1891
1574,4.9,9.0,0.0,1.6751,3.2942
1575,5.1,6.0,0.0,1.6702,3.5754
1576,4.5,7.0,0.0,1.4421,3.4344
1577,5.0,8.0,0.0,1.6384,3.331
1578,5.0,8.0,0.0,1.5739,3.3623
1579,5.3,6.0,0.0,1.6877,3.3231
1580,4.6,6.0,0.0,1.5222,3.3115
1581,3.4,8.0,0.0,1.2366,3.479
1582,4.7,6.0,0.0,1.4999,3.3421
1583,4.2,6.0,0.0,1.3259,3.2119
1584,3.3,5.0,0.0,1.0703,3.4007
1585,3.7,6.0,0.0,1.2032,3.3357
1586,3.6,6.0,0.0,1.191,3.5484
1587,3.2,6.0,0.0,1.114,3.4903
1588,3.6,5.0,0.0,1.1985,3.4828
1589,4.5,14.0,0.0,1.7289,3.5523
1590,4.5,7.0,0.0,1.4728,3.587
1591,6.3,13.0,0.0,2.1423,3.5491
1592,6.0,9.0,0.0,1.884,3.4293
1593,5.3,10.0,0.0,1.7685,3.3997
1594,5.2,8.0,0.0,1.619,3.2722
1595,7.0,11.0,0.0,2.2732,3.3352
1596,6.7,11.0,0.0,2.1241,3.4019
1597,6.6,11.0,0.0,2.1045,3.3507
1598,4.7,6.0,0.0,1.5838,3.3409
1599,5.2,10.0,0.0,1.7338,3.3568
1600,5.9,14.0,0.0,1.9959,3.2613
1601,5.3,8.0,0.0,1.7001,3.2581
1602,4.9,8.0,0.0,1.5537,3.2022
1603,3.7,6.0,0.0,1.2137,3.1562
1604,4.3,6.0,0.0,1.386,3.2515
1605,5.2,8.0,0.0,1.6796,3.363
1606,3.1,6.0,0.0,1.0889,3.3507
1607,3.6,6.0,0.0,1.1958,3.3248
1608,4.7,6.0,0.0,1.5001,3.43
1609,4.1,5.0,0.0,1.324,3.3645
1610,6.5,9.0,0.0,2.0914,3.5852
1611,4.8,7.0,0.0,1.5901,3.5413
1612,4.1,7.0,0.0,1.3043,3.3291
1613,4.3,7.0,0.0,1.3674,3.1839
1614,3.5,6.0,0.0,1.1632,3.2557
1615,2.9,6.0,0.0,1.0378,3.2724
1616,2.8,8.0,0.0,1.0872,3.2021
1617,2.7,4.0,0.0,0.9154,3.3034
1618,3.8,7.0,0.0,1.2732,3.2637
1619,3.0,5.0,0.0,1.0301,3.2944
1620,4.0,6.0,0.0,1.2969,3.2613
1621,3.6,6.0,0.0,1.2041,3.5056
1622,4.8,6.0,0.0,1.5855,3.4798
1623,5.8,11.0,0.0,1.9569,3.2693
1624,5.1,9.0,0.0,1.6964,3.4506
1625,6.2,9.0,0.0,1.9612,3.5266
1626,6.3,10.0,0.0,1.9683,3.3665
1627,6.8,15.0,0.0,2.2509,3.2659
1628,3.7,5.0,0.0,1.1864,3.413
1629,4.5,6.0,0.0,1.4078,3.3145
1630,5.2,9.0,0.0,1.682,3.2414
1631,4.8,8.0,0.0,1.5614,3.1845
1632,4.0,5.0,0.0,1.3,3.1877
1633,4.1,5.0,0.0,1.346,3.2174
1634,4.9,10.0,0.0,1.6584,3.2649
1635,5.1,7.0,0.0,1.645,3.4338
1636,5.5,10.0,0.0,1.8134,3.5873
1637,5.5,9.0,0.0,1.782,3.5751
1638,5.7,10.0,0.0,1.8459,3.432
1639,6.0,11.0,0.0,1.9617,3.3544
1640,4.5,7.0,0.0,1.4744,3.2681
1641,4.8,8.0,0.0,1.5127,3.3483
1642,5.1,9.0,0.0,1.6337,3.2944
1643,5.2,7.0,0.0,1.6752,3.3352
1644,5.4,9.0,0.0,1.7802,3.3669
1645,4.4,9.0,0.0,1.4509,3.4803
1646,4.9,7.0,0.0,1.5716,3.3408
1647,3.9,8.0,0.0,1.3349,3.3112
1648,4.0,5.0,0.0,1.326,3.2554
1649,4.3,8.0,0.0,1.4245,3.3204
1650,4.1,7.0,0.0,1.3791,3.3086
1651,3.0,5.0,0.0,0.9905,3.3599
1652,2.7,4.0,0.0,0.9009,3.4631
1653,4.7,6.0,0.0,1.4941,3.2589
1654,3.9,8.0,0.0,1.3067,3.3847
1655,6.1,12.0,0.0,2.0193,3.2882
1656,4.7,8.0,0.0,1.537,3.3634
1657,3.0,4.0,0.0,1.0323,3.415
1658,4.4,6.0,0.0,1.4526,3.5032
1659,4.4,8.0,0.0,1.4318,3.49
1660,4.5,6.0,0.0,1.4481,3.5392
1661,5.5,10.0,0.0,1.7951,3.4509
1662,5.1,7.0,0.0,1.6451,3.3979
1663,4.7,7.0,0.0,1.4422,3.4406
1664,4.5,7.0,0.0,1.4605,3.3102
1665,4.3,7.0,0.0,1.3744,3.2851
1666,4.6,6.0,0.0,1.519,3.2073
1667,4.5,7.0,0.0,1.4608,3.2402
1668,4.4,10.0,0.0,1.5276,3.1946
1669,3.4,6.0,0.0,1.156,3.2724
1670,5.7,9.0,0.0,1.8378,3.3864
1671,5.6,11.0,0.0,1.8683,3.3333
1672,5.5,15.0,0.0,1.964,3.4195
1673,4.6,6.0,0.0,1.4925,3.3502
1674,4.4,7.0,0.0,1.4379,3.2894
1675,4.6,10.0,0.0,1.534,3.3324
1676,4.8,6.0,0.0,1.5802,3.4066
1677,6.9,12.0,0.0,2.188,3.4848
1678,6.1,9.0,0.0,1.9484,3.5043
1679,5.8,9.0,0.0,1.8535,3.4768
1680,5.3,7.0,0.0,1.7233,3.4554
1681,4.7,7.0,0.0,1.5875,3.4512
1682,6.3,11.0,0.0,2.0162,3.5544
1683,6.3,8.0,0.0,1.9476,3.4749
1684,6.8,13.0,0.0,2.2013,3.4702
1685,6.9,9.0,0.0,2.2302,3.5228
1686,6.3,10.0,0.0,2.0204,3.4125
1687,6.7,8.0,0.0,2.1197,3.4523
1688,5.9,8.0,0.0,1.9098,3.5766
1689,5.1,8.0,0.0,1.6447,3.5436
1690,5.7,9.0,0.0,1.8121,3.4058
1691,5.3,6.0,0.0,1.6445,3.5113
1692,6.3,10.0,0.0,1.9767,3.665
1693,5.8,7.0,0.0,1.8227,3.5273
1694,5.7,8.0,0.0,1.795,3.6164
1695,5.0,7.0,0.0,1.6278,3.4905
1696,5.4,9.0,0.0,1.729,3.2844
1697,4.1,6.0,0.0,1.3557,3.3573
1698,4.0,8.0,0.0,1.3485,3.378
1699,4.2,5.0,0.0,1.3495,3.4522
1700,4.1,6.0,0.0,1.351,3.3172
1701,3.2,5.0,0.0,1.0781,3.4491
1702,5.3,9.0,0.0,1.7882,3.4085
1703,4.0,6.0,0.0,1.2767,3.3954
1704,5.2,9.0,0.0,1.6988,3.2987
1705,5.6,9.0,0.0,1.7416,3.3242
1706,4.0,8.0,0.0,1.3739,3.2431
1707,4.8,11.0,0.0,1.6128,3.1635
1708,7.0,10.0,0.0,2.1862,3.6099
1709,6.3,9.0,0.0,2.0033,3.5632
1710,5.4,10.0,0.0,1.7335,3.6417
1711,7.1,12.0,0.0,2.2346,3.569
1712,6.3,9.0,0.0,2.0134,3.5688
1713,5.7,8.0,0.0,1.7972,3.4071
1714,6.9,10.0,0.0,2.1433,3.4232
1715,5.6,10.0,0.0,1.8462,3.4286
1716,5.0,9.0,0.0,1.6636,3.2886
1717,4.7,7.0,0.0,1.5251,3.2015
1718,5.7,12.0,0.0,1.8839,3.3064
1719,4.2,6.0,0.0,1.3793,3.2099
1720,3.7,5.0,0.0,1.2124,3.2982
1721,4.3,8.0,0.0,1.4073,3.2486
1722,4.0,7.0,0.0,1.3666,3.1558
1723,3.9,5.0,0.0,1.2876,3.1685
1724,4.4,7.0,0.0,1.4108,3.1884
1725,4.8,7.0,0.0,1.5134,3.145
1726,4.7,6.0,0.0,1.567,3.2413
1727,4.4,5.0,0.0,1.4493,3.216
1728,6.6,13.0,0.0,2.0739,3.3528
1729,5.7,8.0,0.0,1.8081,3.159
1730,4.6,6.0,0.0,1.5045,3.24
1731,4.9,8.0,0.0,1.5724,3.1624
1732,4.7,6.0,0.0,1.5272,3.1952
1733,5.0,8.0,0.0,1.6142,3.1497
1734,5.5,11.0,0.0,1.8373,3.302
1735,4.9,10.0,0.0,1.6432,3.1677
1736,5.8,10.0,0.0,1.8779,3.1896
1737,6.0,11.0,0.0,1.9596,3.3121
1738,6.1,11.0,0.0,1.9668,3.2761
1739,5.6,8.0,0.0,1.7103,3.2067
1740,5.1,7.0,0.0,1.6103,3.1893
1741,4.6,7.0,0.0,1.4732,3.2082
1742,4.9,8.0,0.0,1.5342,3.2659
1743,5.1,8.0,0.0,1.593,3.2326
1744,5.3,7.0,0.0,1.6636,3.412
1745,5.5,8.0,0.0,1.7198,3.4089
1746,5.9,8.0,0.0,1.8337,3.5598
1747,6.2,8.0,0.0,1.9761,3.69
1748,8.1,14.0,0.0,2.5744,3.7428
1749,5.7,11.0,0.0,1.8484,3.3074
1750,6.1,10.0,0.0,1.9132,3.4214
1751,6.3,15.0,0.0,2.1242,3.364
1752,5.9,9.0,0.0,1.818,3.2265
1753,7.3,11.0,0.0,2.2405,3.2559
1754,4.7,6.0,0.0,1.5159,3.2925
1755,4.6,8.0,0.0,1.4881,3.3607
1756,5.0,8.0,0.0,1.6151,3.3091
1757,5.3,8.0,0.0,1.6962,3.4173
1758,4.8,8.0,0.0,1.5779,3.4666
1759,4.8,10.0,0.0,1.5815,3.3549
1760,4.6,7.0,0.0,1.5816,3.3115
1761,5.3,9.0,0.0,1.6337,3.3083
1762,5.2,7.0,0.0,1.6793,3.439
1763,5.4,8.0,0.0,1.6462,3.2676
1764,5.1,7.0,0.0,1.6217,3.2873
1765,5.1,8.0,0.0,1.6578,3.1799
1766,5.3,8.0,0.0,1.6784,3.1614
1767,3.9,7.0,0.0,1.2878,3.1581
1768,4.4,6.0,0.0,1.4603,3.3273
1769,3.9,6.0,0.0,1.2784,3.1324
1770,4.3,7.0,0.0,1.3892,3.123
1771,4.9,6.0,0.0,1.5843,3.134
1772,3.4,5.0,0.0,1.1079,3.0959
1773,4.3,7.0,0.0,1.4309,3.27
1774,3.6,8.0,0.0,1.252,3.2025
1775,4.8,8.0,0.0,1.5381,3.2135
1776,4.3,7.0,0.0,1.4309,3.183
1777,3.6,5.0,0.0,1.1749,3.3124
1778,3.9,6.0,0.0,1.3,3.1798
1779,4.4,7.0,0.0,1.4118,3.1876
1780,3.6,6.0,0.0,1.2246,3.1918
1781,4.5,7.0,0.0,1.4318,3.1467
1782,3.9,6.0,0.0,1.2758,3.1768
1783,3.8,7.0,0.0,1.3109,3.1916
1784,3.8,6.0,0.0,1.3006,3.2194
1785,4.1,5.0,0.0,1.3229,3.2554
1786,5.1,13.0,0.0,1.8111,3.2423
1787,5.7,10.0,0.0,1.85,3.2754
1788,3.9,5.0,0.0,1.2555,3.3217
1789,5.0,8.0,0.0,1.5817,3.4488
1790,6.1,9.0,0.0,1.9748,3.4597
1791,5.1,9.0,0.0,1.6335,3.3446
1792,4.9,7.0,0.0,1.5713,3.2081
1793,5.4,9.0,0.0,1.6964,3.1742
1794,5.1,7.0,0.0,1.6192,3.1931
1795,3.9,8.0,0.0,1.3376,3.2093
1796,4.8,7.0,0.0,1.5327,3.2891
1797,5.9,8.0,0.0,1.9339,3.3726
1798,4.7,6.0,0.0,1.5106,3.3075
1799,5.1,6.0,0.0,1.5898,3.3292
1800,5.8,10.0,0.0,1.8043,3.3458
1801,4.6,6.0,0.0,1.5266,3.4085
1802,6.5,13.0,0.0,2.0749,3.5185
1803,4.9,7.0,0.0,1.5198,3.4375
1804,7.9,14.0,0.0,2.5361,3.4479
1805,6.0,14.0,0.0,2.0469,3.4359
1806,4.7,7.0,0.0,1.5158,3.4006
1807,7.5,17.0,0.0,2.5353,3.4992
1808,4.2,5.0,0.0,1.3581,3.3006
1809,4.3,5.0,0.0,1.3717,3.2389
1810,6.6,14.0,0.0,2.1913,3.2537
1811,3.8,7.0,0.0,1.2314,3.2869
1812,5.4,10.0,0.0,1.7932,3.2466
1813,4.0,6.0,0.0,1.2767,3.2923
1814,4.1,7.0,0.0,1.3791,3.2393
1815,3.7,7.0,0.0,1.2124,3.263
1816,4.6,6.0,0.0,1.4517,3.1947
1817,5.4,8.0,0.0,1.7418,3.3645
1818,6.0,10.0,0.0,1.9596,3.3907
1819,4.8,7.0,0.0,1.5606,3.3011
1820,3.7,7.0,0.0,1.2104,3.3497
1821,6.5,10.0,0.0,2.1284,3.4202
1822,5.3,7.0,0.0,1.6532,3.4217
1823,5.2,9.0,0.0,1.7054,3.495
1824,5.2,7.0,0.0,1.6418,3.6222
1825,4.8,6.0,0.0,1.6522,3.598
1826,5.9,9.0,0.0,1.922,3.4328
1827,5.2,7.0,0.0,1.6086,3.35
1828,4.8,9.0,0.0,1.6554,3.3593
1829,7.0,9.0,0.0,2.1525,3.4497
1830,3.3,4.0,0.0,1.1354,3.406
1831,3.4,4.0,0.0,1.1371,3.4294
1832,4.2,5.0,0.0,1.3618,3.5032
1833,3.9,5.0,0.0,1.3119,3.4943
1834,3.8,4.0,0.0,1.2114,3.2113
1835,4.5,10.0,0.0,1.4967,3.25
1836,3.7,7.0,0.0,1.2948,3.1943
1837,3.8,7.0,0.0,1.2638,3.2411
1838,4.5,7.0,0.0,1.4839,3.3502
1839,5.0,7.0,0.0,1.5857,3.2428
1840,4.4,6.0,0.0,1.4177,3.1971
1841,4.7,6.0,0.0,1.4456,3.2436
1842,4.5,7.0,0.0,1.5145,3.2167
1843,3.6,5.0,0.0,1.1426,3.2155
1844,3.2,6.0,0.0,1.1071,3.1976
1845,4.5,6.0,0.0,1.466,3.226
1846,3.6,5.0,0.0,1.1664,3.2819
1847,4.4,7.0,0.0,1.4107,3.356
1848,4.7,8.0,0.0,1.573,3.3127
1849,3.5,6.0,0.0,1.1723,3.3412
1850,5.8,10.0,0.0,1.8638,3.3144
1851,5.0,7.0,0.0,1.6,3.327
1852,4.3,7.0,0.0,1.4448,3.3083
1853,4.8,6.0,0.0,1.5392,3.3682
1854,3.9,5.0,0.0,1.2907,3.1938
1855,4.8,8.0,0.0,1.5311,3.1424
1856,4.5,6.0,0.0,1.4575,3.2497
1857,4.6,7.0,0.0,1.4851,3.1611
1858,3.8,5.0,0.0,1.26,3.164
1859,4.7,7.0,0.0,1.4997,3.1697
1860,3.4,4.0,0.0,1.1312,3.1446
1861,4.8,7.0,0.0,1.5037,3.2505
1862,5.7,9.0,0.0,1.7797,3.1934
1863,3.9,7.0,0.0,1.3376,3.2484
1864,6.0,9.0,0.0,1.8824,3.4615
1865,5.0,8.0,0.0,1.5802,3.255
1866,6.1,9.0,0.0,1.9098,3.2863
1867,4.2,7.0,0.0,1.3566,3.289
1868,4.7,8.0,0.0,1.5024,3.3341
1869,4.8,9.0,0.0,1.5893,3.2805
1870,3.6,5.0,0.0,1.2322,3.3268
1871,5.2,8.0,0.0,1.7022,3.2498
1872,3.8,8.0,0.0,1.2919,3.2047
1873,4.9,10.0,0.0,1.5876,3.2745
1874,4.6,8.0,0.0,1.5,3.3058
1875,4.9,9.0,0.0,1.6032,3.343
1876,3.7,6.0,0.0,1.2498,3.2881
1877,5.1,8.0,0.0,1.6971,3.3244
1878,5.8,9.0,0.0,1.8235,3.3604
1879,4.9,8.0,0.0,1.5338,3.4502
1880,3.6,7.0,0.0,1.194,3.2645
1881,3.9,7.0,0.0,1.3122,3.1888
1882,4.1,12.0,0.0,1.5226,3.2542
1883,3.8,6.0,0.0,1.2403,3.2373
1884,3.3,5.0,0.0,1.0675,3.2614
1885,4.8,6.0,0.0,1.5457,3.329
1886,4.1,6.0,0.0,1.3191,3.3295
1887,4.7,6.0,0.0,1.4824,3.4913
1888,5.3,7.0,0.0,1.6583,3.3369
1889,4.8,5.0,0.0,1.5652,3.2723
1890,4.3,9.0,0.0,1.4462,3.3014
1891,4.5,6.0,0.0,1.4689,3.2375
1892,4.1,8.0,0.0,1.3672,3.2847
1893,3.7,5.0,0.0,1.2482,3.2318
1894,3.6,5.0,0.0,1.1609,3.2449
1895,4.1,7.0,0.0,1.3645,3.2141
1896,3.7,6.0,0.0,1.249,3.1544
1897,3.4,8.0,0.0,1.2382,3.2591
1898,3.5,7.0,0.0,1.2385,3.2211
1899,5.6,10.0,0.0,1.8307,3.3883
1900,4.6,6.0,0.0,1.5125,3.3448
1901,3.7,6.0,0.0,1.244,3.3938
1902,3.8,7.0,0.0,1.299,3.3212
1903,3.8,5.0,0.0,1.2923,3.354
1904,4.0,6.0,0.0,1.3025,3.1914
1905,5.1,8.0,0.0,1.6423,3.3094
1906,3.5,5.0,0.0,1.1609,3.1299
1907,4.1,6.0,0.0,1.3318,3.227
1908,5.0,7.0,0.0,1.5989,3.2134
1909,3.6,5.0,0.0,1.1993,3.1607
1910,3.2,4.0,0.0,1.0812,3.1797
1911,3.5,5.0,0.0,1.2322,3.136
1912,4.4,10.0,0.0,1.5277,3.2607
1913,4.2,7.0,0.0,1.426,3.2806
1914,3.4,6.0,0.0,1.1808,3.4257
1915,4.2,7.0,0.0,1.3122,3.2467
1916,4.6,9.0,0.0,1.5117,3.4509
1917,4.9,8.0,0.0,1.6553,3.4717
1918,3.5,4.0,0.0,1.2514,3.3562
1919,3.8,5.0,0.0,1.2446,3.4406
1920,6.8,9.0,0.0,2.1264,3.4043
1921,4.5,7.0,0.0,1.4744,3.3628
1922,4.0,7.0,0.0,1.2845,3.3057
1923,4.6,6.0,0.0,1.4248,3.3443
1924,5.2,8.0,0.0,1.6974,3.3694
1925,5.6,10.0,0.0,1.8412,3.4209
1926,5.2,8.0,0.0,1.6818,3.3612
1927,6.1,8.0,0.0,1.9723,3.6231
1928,8.5,18.0,0.0,2.7524,3.546
1929,5.1,8.0,0.0,1.5407,3.3911
1930,4.4,6.0,0.0,1.3762,3.1897
1931,3.9,6.0,0.0,1.3363,3.2419
1932,5.1,9.0,0.0,1.6374,3.2805
1933,4.3,5.0,0.0,1.3849,3.3226
1934,3.9,8.0,0.0,1.3319,3.3724
1935,5.8,11.0,0.0,1.8664,3.3624
1936,5.8,12.0,0.0,1.9131,3.5001
1937,6.7,9.0,0.0,2.07,3.8121
1938,5.9,9.0,0.0,1.8638,3.5075
1939,4.9,6.0,0.0,1.6624,3.5616
1940,4.5,8.0,0.0,1.4678,3.4887
1941,4.9,6.0,0.0,1.5521,3.4356
1942,4.4,7.0,0.0,1.4796,3.3305
1943,4.5,6.0,0.0,1.4525,3.261
1944,5.9,10.0,0.0,1.8955,3.4343
1945,4.9,7.0,0.0,1.5675,3.5185
1946,5.3,10.0,0.0,1.7124,3.4349
1947,4.9,10.0,0.0,1.6532,3.4276
1948,5.5,9.0,0.0,1.7748,3.2914
1949,4.9,7.0,0.0,1.547,3.2739
1950,3.6,6.0,0.0,1.1832,3.2284
1951,3.8,6.0,0.0,1.3153,3.3727
1952,4.8,9.0,0.0,1.619,3.3619
1953,4.3,9.0,0.0,1.4379,3.433
1954,4.3,5.0,0.0,1.4291,3.4188
1955,7.6,21.0,0.0,2.6694,3.6626
1956,4.9,7.0,0.0,1.602,3.3557
1957,4.9,9.0,0.0,1.5684,3.2634
1958,4.3,8.0,0.0,1.4151,3.2672
1959,4.7,11.0,0.0,1.6333,3.2525
1960,4.9,6.0,0.0,1.5662,3.232
1961,4.7,8.0,0.0,1.5355,3.4719
1962,4.3,6.0,0.0,1.4248,3.5053
1963,4.5,10.0,0.0,1.5416,3.4266
1964,5.1,8.0,0.0,1.6271,3.2935
1965,4.8,8.0,0.0,1.569,3.3899
1966,4.2,6.0,0.0,1.3935,3.4304
1967,4.2,6.0,0.0,1.3363,3.3154
1968,6.2,11.0,0.0,1.9793,3.4564
1969,4.7,11.0,0.0,1.5867,3.5043
1970,5.8,7.0,0.0,1.8357,3.363
1971,5.2,6.0,0.0,1.5966,3.3654
1972,6.3,11.0,0.0,2.0213,3.4031
1973,4.8,10.0,0.0,1.5981,3.3452
1974,4.2,7.0,0.0,1.4288,3.2134
1975,5.5,8.0,0.0,1.7657,3.2499
1976,4.6,8.0,0.0,1.522,3.2019
1977,3.6,6.0,0.0,1.1789,3.1829
1978,6.0,21.0,0.0,2.413,3.1917
1979,4.1,6.0,0.0,1.334,3.2269
1980,3.0,4.0,0.0,1.0029,3.1709
1981,4.2,5.0,0.0,1.3557,3.2362
1982,4.3,10.0,0.0,1.5297,3.2808
1983,3.5,6.0,0.0,1.1546,3.1746
1984,4.1,6.0,0.0,1.2969,3.3338
1985,3.4,7.0,0.0,1.184,3.4436
1986,4.7,9.0,0.0,1.558,3.3854
1987,4.1,6.0,0.0,1.3638,3.3177
1988,4.2,6.0,0.0,1.3489,3.2964
1989,4.9,6.0,0.0,1.5679,3.3664
1990,5.0,9.0,0.0,1.6074,3.3477
1991,5.0,7.0,0.0,1.5901,3.3986
1992,4.0,5.0,0.0,1.2805,3.2616
1993,4.2,9.0,0.0,1.4047,3.2442
1994,4.5,9.0,0.0,1.4967,3.2012
1995,4.1,8.0,0.0,1.3883,3.2817
1996,5.2,9.0,0.0,1.6733,3.2738
1997,4.6,8.0,0.0,1.5508,3.2318
1998,4.3,6.0,0.0,1.3811,3.2284
1999,6.2,11.0,0.0,2.0312,3.3226
2000,4.0,8.0,0.0,1.326,3.2132
2001,4.7,9.0,0.0,1.5431,3.3134
2002,4.1,8.0,0.0,1.3519,3.2293
2003,3.5,5.0,0.0,1.1684,3.2396
2004,3.9,7.0,0.0,1.3704,3.2472
2005,4.3,6.0,0.0,1.3761,3.1141
2006,4.2,6.0,0.0,1.3477,3.2578
2007,4.2,6.0,0.0,1.4,3.3087
2008,3.4,6.0,0.0,1.1169,3.4466
2009,3.2,4.0,0.0,1.044,3.2534
2010,4.3,7.0,0.0,1.4144,3.4935
2011,4.3,7.0,0.0,1.4468,3.3743
2012,4.4,7.0,0.0,1.3851,3.3589
2013,5.1,10.0,0.0,1.6934,3.4057
2014,6.0,9.0,0.0,1.8621,3.2842
2015,5.1,11.0,0.0,1.7122,3.3478
2016,4.9,9.0,0.0,1.6032,3.3779
2017,3.5,5.0,0.0,1.1901,3.2298
2018,4.2,9.0,0.0,1.4627,3.467
2019,4.1,6.0,0.0,1.3113,3.3754
2020,4.1,7.0,0.0,1.3379,3.4362
2021,6.2,11.0,0.0,1.9926,3.4865
2022,3.9,6.0,0.0,1.3115,3.2001
2023,5.2,8.0,0.0,1.6031,3.3251
2024,5.9,11.0,0.0,1.9164,3.3073
2025,5.0,6.0,0.0,1.6081,3.369
2026,5.3,13.0,0.0,1.8841,3.2992
2027,5.3,10.0,0.0,1.7241,3.2132
2028,4.2,6.0,0.0,1.3659,3.2813
2029,3.5,5.0,0.0,1.1901,3.3392
2030,4.9,10.0,0.0,1.6167,3.3262
2031,4.4,8.0,0.0,1.4917,3.2062
2032,3.9,5.0,0.0,1.2784,3.3812
2033,4.4,7.0,0.0,1.444,3.2711
2034,4.2,7.0,0.0,1.366,3.3016
2035,4.2,6.0,0.0,1.363,3.2913
2036,4.7,7.0,0.0,1.5184,3.1639
2037,3.9,5.0,0.0,1.252,3.1052
2038,4.1,6.0,0.0,1.299,3.318
2039,6.1,11.0,0.0,1.9498,3.1965
2040,3.9,6.0,0.0,1.2997,3.1537
2041,5.2,8.0,0.0,1.6762,3.1305
2042,4.9,7.0,0.0,1.5748,3.4418
2043,4.5,8.0,0.0,1.4809,3.2346
2044,5.2,8.0,0.0,1.6251,3.2912
2045,5.9,7.0,0.0,1.816,3.4012
2046,5.6,10.0,0.0,1.8036,3.2915
2047,5.2,8.0,0.0,1.6655,3.3666
2048,6.4,9.0,0.0,2.0282,3.4852
2049,8.2,12.0,0.0,2.601,3.7153
2050,8.3,10.0,0.0,2.5372,3.5787
2051,8.0,14.0,0.0,2.4602,3.7291
2052,6.6,10.0,0.0,2.0886,3.6601
2053,5.7,8.0,0.0,1.7349,3.6551
2054,6.2,9.0,0.0,1.9136,3.5385
2055,6.7,11.0,0.0,2.0648,3.5191
2056,5.5,8.0,0.0,1.7909,3.4476
2057,5.2,9.0,0.0,1.7124,3.3573
2058,5.1,7.0,0.0,1.6394,3.4594
2059,4.5,6.0,0.0,1.4245,3.3088
2060,4.6,6.0,0.0,1.4705,3.218
2061,5.8,9.0,0.0,1.7854,3.2841
2062,5.6,7.0,0.0,1.831,3.3937
2063,3.8,5.0,0.0,1.3154,3.2719
2064,5.1,7.0,0.0,1.5651,3.2672
2065,6.5,11.0,0.0,2.0797,3.3503
2066,4.5,7.0,0.0,1.4702,3.562
2067,5.9,13.0,0.0,2.06,3.3812
2068,4.8,7.0,0.0,1.4709,3.5039
2069,4.0,6.0,0.0,1.3104,3.4326
2070,4.7,6.0,0.0,1.469,3.5557
2071,5.0,7.0,0.0,1.5644,3.4949
2072,5.2,6.0,0.0,1.5587,3.2635
2073,5.2,10.0,0.0,1.6733,3.3381
2074,6.1,10.0,0.0,1.8899,3.322
2075,4.8,10.0,0.0,1.5613,3.3634
2076,5.0,7.0,0.0,1.5916,3.37
2077,4.2,5.0,0.0,1.3304,3.1848
2078,3.9,6.0,0.0,1.3195,3.3723
2079,4.1,6.0,0.0,1.3586,3.2604
2080,5.1,8.0,0.0,1.6217,3.2112
2081,4.7,6.0,0.0,1.4382,3.2284
2082,5.1,8.0,0.0,1.6136,3.2651
2083,4.9,6.0,0.0,1.5355,3.2852
2084,5.9,7.0,0.0,1.8456,3.3627
2085,5.2,7.0,0.0,1.5792,3.3939
2086,4.0,6.0,0.0,1.2657,3.274
2087,3.8,5.0,0.0,1.249,3.2247
2088,4.8,8.0,0.0,1.5941,3.3698
2089,4.2,6.0,0.0,1.315,3.3833
2090,5.6,9.0,0.0,1.7859,3.566
2091,7.1,12.0,0.0,2.3021,3.3621
2092,5.0,9.0,0.0,1.6515,3.4215
2093,5.7,10.0,0.0,1.8615,3.6598
2094,5.7,9.0,0.0,1.8626,3.4369
2095,6.4,12.0,0.0,2.0372,3.3745
2096,4.7,7.0,0.0,1.5377,3.3438
2097,4.8,6.0,0.0,1.5644,3.3723
2098,4.0,8.0,0.0,1.3094,3.3708
2099,4.3,11.0,0.0,1.573,3.3773
2100,5.2,10.0,0.0,1.7342,3.3649
2101,7.1,13.0,0.0,2.3979,3.6582
2102,7.1,10.0,0.0,2.3077,3.7324
2103,7.9,10.0,0.0,2.5483,3.8167
2104,9.3,13.0,0.0,2.8461,3.9177
2105,8.0,10.0,0.0,2.4424,3.7898
2106,8.9,11.0,0.0,2.6383,4.1713
2107,8.5,13.0,0.0,2.6384,3.6906
2108,7.8,12.0,0.0,2.4384,3.6198
2109,9.3,12.0,0.0,2.9563,3.851
2110,10.0,14.0,0.0,3.1257,4.0386
2111,11.1,18.0,0.0,3.4259,4.1123
2112,9.5,16.0,0.0,3.0812,4.1173
2113,8.3,10.0,0.0,2.6724,3.8904
2114,9.8,12.0,0.0,3.1493,4.3271
2115,10.1,19.0,0.0,3.2187,4.4267
2116,9.8,18.0,0.0,3.076,4.3118
2117,9.9,13.0,0.0,3.1069,4.1464
2118,11.7,14.0,0.0,3.4764,4.1827
2119,10.6,14.0,0.0,3.1985,4.2926
2120,12.2,18.0,0.0,3.7314,4.2151
2121,10.2,13.0,0.0,3.0379,4.0505
2122,10.3,17.0,0.0,3.229,3.9249
2123,11.7,17.0,0.0,3.5878,4.1697
2124,11.5,17.0,0.0,3.647,4.0935
2125,11.2,20.0,0.0,3.5101,4.2579
2126,13.6,21.0,0.0,3.9638,4.7409
2127,12.1,16.0,0.0,3.7446,4.6816
2128,12.3,17.0,0.0,3.5879,4.753
2129,12.5,20.0,0.0,4.0212,4.9435
2130,12.5,20.0,0.0,3.7022,4.6672
2131,12.3,23.0,0.0,3.8807,4.7219
2132,10.7,14.0,0.0,3.2683,4.3481
2133,9.7,14.0,0.0,2.9175,4.3068
2134,10.6,15.0,0.0,3.1579,4.1583
2135,8.5,10.0,0.0,2.432,4.0141
2136,10.9,16.0,0.0,3.4007,4.0066
2137,8.4,16.0,0.0,2.6903,3.7254
2138,8.1,11.0,0.0,2.5278,3.5899
2139,7.1,9.0,0.0,2.275,3.6606
2140,6.7,10.0,0.0,2.1564,3.3941
2141,5.9,9.0,0.0,1.8725,3.4127
2142,5.9,9.0,0.0,1.8786,3.4227
2143,5.7,10.0,0.0,1.8248,3.3631
2144,3.5,6.0,0.0,1.2081,3.3271
2145,5.4,10.0,0.0,1.7949,3.4273
2146,4.7,6.0,0.0,1.4697,3.2917
2147,5.4,8.0,0.0,1.7029,3.2976
2148,4.8,6.0,0.0,1.559,3.2909
2149,5.4,9.0,0.0,1.7349,3.2711
2150,4.2,6.0,0.0,1.3343,3.2968
2151,4.2,7.0,0.0,1.3921,3.3106
2152,4.4,7.0,0.0,1.392,3.3571
2153,4.3,5.0,0.0,1.4358,3.2156
2154,5.9,11.0,0.0,1.9981,3.5927
2155,4.7,8.0,0.0,1.5556,3.3092
2156,5.1,7.0,0.0,1.5901,3.2066
2157,4.2,7.0,0.0,1.3932,3.3779
2158,5.9,7.0,0.0,1.8585,3.6052
2159,5.2,9.0,0.0,1.6583,3.5479
2160,7.3,11.0,0.0,2.26,3.5461
2161,5.8,8.0,0.0,1.8589,3.5443
2162,6.1,10.0,0.0,1.9903,3.4478
2163,5.3,8.0,0.0,1.6917,3.4361
2164,6.7,14.0,0.0,2.2271,3.6026
2165,10.6,14.0,0.0,3.2994,4.0688
2166,10.3,15.0,0.0,3.2471,4.4007
2167,12.1,20.0,0.0,3.6427,4.3947
2168,10.8,14.0,0.0,3.1614,4.2727
2169,9.3,11.0,0.0,2.7683,3.9506
2170,7.4,11.0,0.0,2.2857,3.7227
2171,9.1,14.0,0.0,2.6748,3.8092
2172,8.7,13.0,0.0,2.6358,3.7776
2173,7.9,14.0,0.0,2.5197,3.9391
2174,9.7,12.0,0.0,2.8892,3.7692
2175,9.7,14.0,0.0,2.9782,3.7987
2176,7.5,12.0,0.0,2.3803,3.6451
2177,6.7,8.0,0.0,2.0561,3.393
2178,7.5,11.0,0.0,2.3431,3.6166
2179,6.2,8.0,0.0,2.0721,3.5605
2180,5.9,8.0,0.0,1.9323,3.4605
2181,6.9,10.0,0.0,2.1545,3.4417
2182,7.6,11.0,0.0,2.3944,3.4081
2183,5.0,8.0,0.0,1.5652,3.3883
2184,4.1,6.0,0.0,1.3492,3.3117
2185,4.2,6.0,0.0,1.3908,3.3604
2186,4.8,7.0,0.0,1.5969,3.3066
2187,4.2,8.0,0.0,1.4169,3.222
2188,4.1,6.0,0.0,1.3137,3.2338
2189,3.7,6.0,0.0,1.2726,3.175
2190,3.4,4.0,0.0,1.1358,3.2073
2191,3.9,6.0,0.0,1.337,3.262
2192,5.3,7.0,0.0,1.7462,3.5351
2193,3.5,7.0,0.0,1.1694,3.5108
2194,5.0,8.0,0.0,1.6005,3.537
2195,4.9,7.0,0.0,1.5718,3.4387
2196,5.9,12.0,0.0,1.9818,3.2073
2197,4.8,8.0,0.0,1.5302,3.1516
2198,4.3,5.0,0.0,1.3793,3.2122
2199,6.0,8.0,0.0,1.9709,3.3386
2200,5.0,11.0,0.0,1.6596,3.2619
2201,4.5,7.0,0.0,1.4903,3.1894
2202,5.4,9.0,0.0,1.7542,3.3149
2203,6.6,12.0,0.0,2.1421,3.3924
2204,4.2,6.0,0.0,1.3607,3.5237
2205,6.6,9.0,0.0,2.1166,3.8192
2206,11.1,15.0,0.0,3.4691,3.7744
2207,8.6,15.0,0.0,2.6984,3.916
2208,10.5,15.0,0.0,3.1927,4.1517
2209,9.0,11.0,0.0,2.736,3.9218
2210,8.6,13.0,0.0,2.6558,3.7704
2211,6.7,13.0,0.0,2.2218,3.5709
2212,7.1,13.0,0.0,2.3409,3.5207
2213,5.7,12.0,0.0,1.8688,3.4462
2214,4.5,6.0,0.0,1.4303,3.2996
2215,4.7,6.0,0.0,1.5124,3.3088
2216,6.3,10.0,0.0,1.9866,3.3672
2217,5.1,7.0,0.0,1.6151,3.3228
2218,4.3,7.0,0.0,1.4512,3.2192
2219,4.2,9.0,0.0,1.4957,3.2402
2220,5.2,9.0,0.0,1.6875,3.1879
2221,4.3,7.0,0.0,1.382,3.1616
2222,3.8,8.0,0.0,1.299,3.1817
2223,4.7,6.0,0.0,1.4755,3.1929
2224,4.5,6.0,0.0,1.3908,3.226
2225,4.6,8.0,0.0,1.5581,3.2393
2226,5.6,7.0,0.0,1.7543,3.1695
2227,4.6,7.0,0.0,1.4566,3.2053
2228,4.3,6.0,0.0,1.4148,3.1828
2229,5.9,12.0,0.0,1.9537,3.2097
2230,5.3,9.0,0.0,1.6978,3.1961
2231,4.5,8.0,0.0,1.5053,3.1654
2232,4.2,5.0,0.0,1.398,3.1546
2233,5.1,9.0,0.0,1.6703,3.3219
2234,4.9,7.0,0.0,1.5708,3.2498
2235,4.3,7.0,0.0,1.4214,3.2684
2236,3.9,6.0,0.0,1.2955,3.258
2237,4.9,6.0,0.0,1.5638,3.3169
2238,4.8,7.0,0.0,1.4992,3.2984
2239,4.3,9.0,0.0,1.4812,3.2352
2240,4.6,7.0,0.0,1.4945,3.2562
2241,5.1,9.0,0.0,1.6217,3.2647
2242,4.6,6.0,0.0,1.477,3.3255
2243,4.3,7.0,0.0,1.3935,3.2551
2244,3.5,7.0,0.0,1.1975,3.445
2245,4.9,7.0,0.0,1.5867,3.4256
2246,3.5,5.0,0.0,1.1146,3.2632
2247,3.8,6.0,0.0,1.2571,3.2363
2248,3.7,6.0,0.0,1.1874,3.2735
2249,3.9,7.0,0.0,1.272,3.2976
2250,3.9,5.0,0.0,1.2239,3.3441
2251,4.8,10.0,0.0,1.6288,3.1234
2252,5.0,7.0,0.0,1.6756,3.1329
2253,5.8,12.0,0.0,1.8892,3.2198
2254,4.0,5.0,0.0,1.2968,3.3457
2255,2.8,5.0,0.0,0.9577,3.2048
2256,5.3,8.0,0.0,1.6768,3.2427
2257,3.9,7.0,0.0,1.296,3.3284
2258,3.7,5.0,0.0,1.1786,3.2426
2259,4.5,7.0,0.0,1.4607,3.2216
2260,4.7,8.0,0.0,1.4827,3.2811
2261,3.5,6.0,0.0,1.2366,3.2128
2262,3.6,5.0,0.0,1.2327,3.2159
2263,4.4,7.0,0.0,1.3975,3.2354
2264,3.8,7.0,0.0,1.243,3.2279
2265,4.5,6.0,0.0,1.4479,3.2045
2266,3.8,5.0,0.0,1.1975,3.1842
2267,4.8,7.0,0.0,1.5213,3.2252
2268,5.1,8.0,0.0,1.6576,3.2273
2269,4.7,7.0,0.0,1.5103,3.2328
2270,5.3,12.0,0.0,1.8018,3.3201
2271,4.0,9.0,0.0,1.3964,3.2208
2272,3.8,5.0,0.0,1.2295,3.1195
2273,3.7,5.0,0.0,1.2414,3.2499
2274,4.6,6.0,0.0,1.4622,3.2877
2275,5.5,8.0,0.0,1.7791,3.3678
2276,6.8,11.0,0.0,2.1656,3.5452
2277,6.1,10.0,0.0,1.9345,3.5683
2278,5.8,8.0,0.0,1.8439,3.4782
2279,8.9,14.0,0.0,2.718,3.6039
2280,6.3,11.0,0.0,2.1124,3.5784
2281,6.5,14.0,0.0,2.101,3.4492
2282,4.4,7.0,0.0,1.4622,3.2856
2283,5.3,8.0,0.0,1.6639,3.1953
2284,5.3,10.0,0.0,1.7169,3.185
2285,4.3,6.0,0.0,1.4449,3.1798
2286,5.4,8.0,0.0,1.6606,3.1381
2287,3.5,6.0,0.0,1.1646,3.1951
2288,3.6,6.0,0.0,1.194,3.2133
2289,4.5,9.0,0.0,1.4765,3.2238
2290,4.0,5.0,0.0,1.3574,3.2694
2291,4.6,8.0,0.0,1.5213,3.3775
2292,3.3,4.0,0.0,1.1402,3.3002
2293,4.5,6.0,0.0,1.4481,3.2303
2294,4.0,5.0,0.0,1.249,3.2284
2295,3.7,6.0,0.0,1.2403,3.4085
2296,4.4,6.0,0.0,1.4472,3.3062
2297,5.2,8.0,0.0,1.6679,3.3267
2298,4.5,7.0,0.0,1.4632,3.3259
2299,4.6,6.0,0.0,1.5058,3.2757
2300,4.7,8.0,0.0,1.5074,3.315
2301,4.8,7.0,0.0,1.4517,3.4381
2302,6.3,11.0,0.0,1.9945,3.698
2303,4.7,6.0,0.0,1.4655,3.6571
2304,4.4,7.0,0.0,1.3569,3.6087
2305,5.0,7.0,0.0,1.597,3.5779
2306,4.4,7.0,0.0,1.4309,3.6916
2307,6.2,11.0,0.0,1.9519,3.5492
2308,5.2,8.0,0.0,1.6339,3.4776
2309,6.7,9.0,0.0,2.0561,3.5476
2310,4.2,7.0,0.0,1.2836,3.4183
2311,4.0,7.0,0.0,1.257,3.2532
2312,4.8,7.0,0.0,1.6264,3.2819
2313,7.1,16.0,0.0,2.3958,3.3488
2314,4.1,7.0,0.0,1.3271,3.2535
2315,4.5,6.0,0.0,1.4476,3.2816
2316,4.0,7.0,0.0,1.3304,3.2219
2317,5.8,8.0,0.0,1.7916,3.2603
2318,3.7,5.0,0.0,1.2462,3.2685
2319,4.2,6.0,0.0,1.351,3.2326
2320,3.9,8.0,0.0,1.3198,3.2364
2321,5.1,10.0,0.0,1.7035,3.2454
2322,4.4,7.0,0.0,1.4623,3.2634
2323,4.3,8.0,0.0,1.4457,3.3962
2324,5.0,8.0,0.0,1.5945,3.4439
2325,3.9,7.0,0.0,1.2811,3.3173
2326,4.7,9.0,0.0,1.5156,3.2183
2327,4.3,9.0,0.0,1.4442,3.2464
2328,5.0,7.0,0.0,1.6687,3.3667
2329,4.4,6.0,0.0,1.4497,3.5111
2330,4.4,6.0,0.0,1.4301,3.3911
2331,4.7,6.0,0.0,1.4586,3.2882
2332,4.8,6.0,0.0,1.5561,3.2702
2333,5.9,13.0,0.0,2.0488,3.2281
2334,3.6,6.0,0.0,1.272,3.1821
2335,3.8,5.0,0.0,1.2706,3.2112
2336,4.5,8.0,0.0,1.4343,3.1929
2337,3.8,5.0,0.0,1.201,3.2898
2338,4.6,8.0,0.0,1.475,3.2717
2339,4.6,8.0,0.0,1.4414,3.2497
2340,4.4,7.0,0.0,1.4036,3.1533
2341,3.4,6.0,0.0,1.1487,3.2149
2342,4.7,8.0,0.0,1.5256,3.172
2343,3.7,5.0,0.0,1.2314,3.1176
2344,4.4,7.0,0.0,1.4115,3.1963
2345,4.5,9.0,0.0,1.5467,3.2143
2346,4.7,6.0,0.0,1.4387,3.3041
2347,3.9,7.0,0.0,1.2805,3.3902
2348,4.6,8.0,0.0,1.4866,3.4493
2349,4.1,8.0,0.0,1.3739,3.4355
2350,4.6,7.0,0.0,1.5362,3.3737
2351,4.7,8.0,0.0,1.5093,3.3253
2352,4.0,8.0,0.0,1.3784,3.3564
2353,4.3,8.0,0.0,1.4211,3.3684
2354,3.5,5.0,0.0,1.1533,3.273
2355,4.1,8.0,0.0,1.3592,3.3374
2356,4.7,9.0,0.0,1.5918,3.2331
2357,5.6,12.0,0.0,1.8423,3.2604
2358,4.9,6.0,0.0,1.5405,3.2678
2359,3.9,8.0,0.0,1.3934,3.2758
2360,4.3,9.0,0.0,1.4697,3.4221
2361,4.3,6.0,0.0,1.4075,3.3261
2362,4.2,6.0,0.0,1.4174,3.322
2363,5.3,6.0,0.0,1.6571,3.511
2364,6.4,9.0,0.0,1.9933,3.5309
2365,7.2,11.0,0.0,2.3311,3.6585
2366,7.2,14.0,0.0,2.4163,3.3983
2367,5.6,10.0,0.0,1.8076,3.264
2368,4.4,8.0,0.0,1.3928,3.2086
2369,3.9,6.0,0.0,1.2492,3.2376
2370,4.6,6.0,0.0,1.4424,3.1388
2371,3.6,7.0,0.0,1.2464,3.2473
2372,6.0,10.0,0.0,1.8741,3.2328
2373,4.2,5.0,0.0,1.3625,3.3716
2374,4.5,8.0,0.0,1.4809,3.3265
2375,3.9,6.0,0.0,1.2948,3.2792
2376,4.8,8.0,0.0,1.5422,3.3054
2377,4.0,7.0,0.0,1.3551,3.2357
2378,4.1,6.0,0.0,1.3718,3.5029
2379,4.1,6.0,0.0,1.3489,3.3399
2380,4.4,9.0,0.0,1.4595,3.4627
2381,5.8,8.0,0.0,1.8731,3.4406
2382,3.9,6.0,0.0,1.2417,3.4213
2383,3.7,7.0,0.0,1.2446,3.3814
2384,5.0,9.0,0.0,1.6291,3.5471
2385,4.5,7.0,0.0,1.5185,3.3017
2386,6.0,11.0,0.0,1.8629,3.4747
2387,4.7,7.0,0.0,1.4973,3.5247
2388,4.1,8.0,0.0,1.3527,3.5787
2389,5.1,8.0,0.0,1.6066,3.3509
2390,3.9,6.0,0.0,1.2679,3.2708
2391,4.4,8.0,0.0,1.4317,3.2825
2392,4.4,6.0,0.0,1.4158,3.5423
2393,5.1,7.0,0.0,1.6485,3.6596
2394,5.4,7.0,0.0,1.7,3.4915
2395,7.3,13.0,0.0,2.3059,3.6194
2396,6.1,11.0,0.0,1.9631,3.5816
2397,5.3,7.0,0.0,1.6279,3.5513
2398,4.2,5.0,0.0,1.3418,3.43
2399,6.0,14.0,0.0,2.0994,3.4441
2400,4.4,6.0,0.0,1.4331,3.3913
2401,5.1,7.0,0.0,1.6049,3.3008
2402,4.1,6.0,0.0,1.3229,3.2399
2403,5.0,10.0,0.0,1.6988,3.2103
2404,4.5,9.0,0.0,1.4691,3.2494
2405,4.1,5.0,0.0,1.3817,3.1591
2406,4.1,5.0,0.0,1.3485,3.1092
2407,4.3,8.0,0.0,1.4169,3.4379
2408,3.8,7.0,0.0,1.3,3.1886
2409,5.6,9.0,0.0,1.7909,3.2902
2410,4.0,6.0,0.0,1.2845,3.2679
2411,5.0,6.0,0.0,1.542,3.4596
2412,5.3,10.0,0.0,1.6989,3.2729
2413,4.7,8.0,0.0,1.5413,3.3216
2414,4.7,6.0,0.0,1.4174,3.3296
2415,4.6,7.0,0.0,1.4622,3.3199
2416,4.9,12.0,0.0,1.6677,3.1954
2417,4.5,7.0,0.0,1.3964,3.2947
2418,3.6,6.0,0.0,1.2655,3.2447
2419,5.5,8.0,0.0,1.6934,3.2087
2420,4.5,6.0,0.0,1.4302,3.3162
2421,6.7,11.0,0.0,2.1699,3.2672
2422,4.7,7.0,0.0,1.534,3.3127
2423,4.7,6.0,0.0,1.4622,3.2187
2424,5.4,9.0,0.0,1.7865,3.4363
2425,5.9,10.0,0.0,1.8552,3.3476
2426,6.1,9.0,0.0,1.8713,3.3888
2427,5.1,8.0,0.0,1.652,3.3614
2428,4.8,7.0,0.0,1.5696,3.5255
2429,6.5,10.0,0.0,2.0401,3.7039
2430,5.2,7.0,0.0,1.6323,3.5939
2431,4.2,8.0,0.0,1.4621,3.3447
2432,4.4,5.0,0.0,1.4412,3.3665
2433,3.6,5.0,0.0,1.1126,3.1992
2434,3.8,6.0,0.0,1.2151,3.1399
2435,3.8,8.0,0.0,1.2714,3.2217
2436,4.7,7.0,0.0,1.4312,3.2937
2437,4.2,7.0,0.0,1.4027,3.5897
2438,3.8,6.0,0.0,1.3364,3.2699
2439,4.3,7.0,0.0,1.4303,3.2246
2440,4.6,7.0,0.0,1.4879,3.2121
2441,4.4,7.0,0.0,1.4191,3.251
2442,3.1,6.0,0.0,1.0863,3.2456
2443,4.9,7.0,0.0,1.6303,3.3812
2444,4.0,9.0,0.0,1.393,3.338
2445,4.0,7.0,0.0,1.3674,3.1856
2446,3.1,5.0,0.0,1.0516,3.4559
2447,3.5,5.0,0.0,1.141,3.2392
2448,3.8,7.0,0.0,1.2767,3.2374
2449,3.2,4.0,0.0,1.0421,3.2199
2450,3.7,5.0,0.0,1.2159,3.2499
2451,4.0,5.0,0.0,1.2767,3.4293
2452,5.8,11.0,0.0,1.9203,3.4215
2453,6.1,8.0,0.0,1.8993,3.3462
2454,4.7,6.0,0.0,1.5665,3.6012
2455,4.9,8.0,0.0,1.6248,3.379
2456,4.1,8.0,0.0,1.3607,3.2255
2457,4.9,8.0,0.0,1.5853,3.5362
2458,4.2,6.0,0.0,1.3067,3.3643
2459,4.7,7.0,0.0,1.4722,3.3641
2460,4.7,7.0,0.0,1.479,3.3517
2461,4.9,8.0,0.0,1.6,3.2702
2462,4.9,8.0,0.0,1.6014,3.3192
2463,5.8,12.0,0.0,1.9311,3.3065
2464,4.7,8.0,0.0,1.5185,3.2132
2465,5.2,8.0,0.0,1.6796,3.3148
2466,5.7,8.0,0.0,1.8462,3.3595
2467,4.3,7.0,0.0,1.4276,3.3122
2468,4.4,10.0,0.0,1.5556,3.2492
2469,6.0,12.0,0.0,2.0168,3.2078
2470,4.0,9.0,0.0,1.3632,3.3106
2471,3.2,9.0,0.0,1.1636,3.2181
2472,5.0,9.0,0.0,1.6411,3.2834
2473,3.7,5.0,0.0,1.26,3.2229
2474,3.8,5.0,0.0,1.2859,3.2422
2475,4.4,7.0,0.0,1.4771,3.2395
2476,3.6,5.0,0.0,1.1636,3.2276
2477,3.7,5.0,0.0,1.1985,3.2098
2478,3.1,4.0,0.0,1.0037,3.2112
2479,4.9,6.0,0.0,1.5387,3.2256
2480,5.2,7.0,0.0,1.6605,3.2881
2481,4.8,9.0,0.0,1.6024,3.2408
2482,4.6,6.0,0.0,1.4925,3.2161
2483,4.3,6.0,0.0,1.4239,3.3215
2484,4.1,9.0,0.0,1.382,3.2402
2485,3.1,5.0,0.0,1.0611,3.2517
2486,3.0,5.0,0.0,1.0392,3.1908
2487,4.2,6.0,0.0,1.4007,3.2081
2488,4.2,6.0,0.0,1.3948,3.2531
2489,4.8,14.0,0.0,1.7635,3.2787
2490,4.7,7.0,0.0,1.5575,3.4936
2491,5.6,14.0,0.0,1.9153,3.4304
2492,5.9,13.0,0.0,2.0104,3.4339
2493,5.1,8.0,0.0,1.6784,3.2722
2494,5.3,7.0,0.0,1.7289,3.3639
2495,5.4,7.0,0.0,1.6578,3.2836
2496,3.7,7.0,0.0,1.2249,3.2635
2497,4.7,7.0,0.0,1.5448,3.3139
2498,3.8,5.0,0.0,1.2416,3.4619
2499,4.2,5.0,0.0,1.3482,3.4743
2500,4.9,9.0,0.0,1.5652,3.3648
2501,4.6,10.0,0.0,1.6066,3.3271
2502,4.6,7.0,0.0,1.4632,3.3483
2503,4.8,7.0,0.0,1.5394,3.2855
2504,5.5,9.0,0.0,1.761,3.1979
2505,4.9,7.0,0.0,1.5305,3.2237
2506,4.6,6.0,0.0,1.497,3.2596
2507,5.0,7.0,0.0,1.5937,3.2411
2508,4.7,8.0,0.0,1.5445,3.2373
2509,4.5,6.0,0.0,1.4259,3.1921
2510,4.2,6.0,0.0,1.3265,3.1676
2511,4.1,6.0,0.0,1.3168,3.3166
2512,4.2,6.0,0.0,1.3681,3.3309
2513,4.4,8.0,0.0,1.4283,3.3541
2514,3.8,8.0,0.0,1.2835,3.2458
2515,4.6,8.0,0.0,1.4746,3.1822
2516,5.1,8.0,0.0,1.5991,3.2453
2517,4.4,6.0,0.0,1.4219,3.2274
2518,4.0,6.0,0.0,1.3528,3.2793
2519,4.3,6.0,0.0,1.393,3.3102
2520,4.1,8.0,0.0,1.3892,3.4536
2521,4.4,7.0,0.0,1.4162,3.5396
2522,3.6,6.0,0.0,1.2352,3.3885
2523,3.3,5.0,0.0,1.1079,3.3569
2524,4.9,10.0,0.0,1.6117,3.356
2525,4.8,8.0,0.0,1.5865,3.349
2526,4.8,7.0,0.0,1.5529,3.374
2527,3.9,6.0,0.0,1.3025,3.323
2528,5.6,10.0,0.0,1.8104,3.4001
2529,4.0,8.0,0.0,1.3804,3.3568
2530,5.0,6.0,0.0,1.6337,3.4344
2531,4.4,5.0,0.0,1.4517,3.2853
2532,3.6,5.0,0.0,1.1601,3.2648
2533,2.8,4.0,0.0,0.9652,3.3316
2534,3.4,5.0,0.0,1.1018,3.3011
2535,3.9,5.0,0.0,1.2938,3.2498
2536,4.8,8.0,0.0,1.5588,3.2482
2537,3.9,5.0,0.0,1.2236,3.2725
2538,3.8,6.0,0.0,1.1998,3.2571
2539,4.0,6.0,0.0,1.2748,3.2595
2540,3.3,6.0,0.0,1.1011,3.2551
2541,3.7,5.0,0.0,1.1817,3.2507
2542,3.8,6.0,0.0,1.3089,3.2428
2543,5.1,8.0,0.0,1.6229,3.2607
2544,4.9,10.0,0.0,1.6107,3.2249
2545,4.0,5.0,0.0,1.3301,3.2007
2546,4.0,5.0,0.0,1.299,3.2905
2547,5.8,10.0,0.0,1.8169,3.3964
2548,4.1,6.0,0.0,1.2969,3.3946
2549,4.7,7.0,0.0,1.5074,3.3105
2550,6.1,11.0,0.0,2.0173,3.4589
2551,9.3,17.0,0.0,3.0114,3.8978
2552,13.6,26.0,0.0,4.445,4.6901
2553,18.6,34.0,0.0,5.5714,5.0327
2554,16.1,20.0,0.0,4.8729,4.7973
2555,11.4,16.0,0.0,3.5941,4.2188
2556,9.6,12.0,0.0,2.9145,3.8857
2557,5.9,8.0,0.0,1.8658,3.573
2558,5.7,10.0,0.0,1.8613,3.3692
2559,4.9,7.0,0.0,1.6007,3.3692
2560,3.2,4.0,0.0,1.1312,3.238
2561,4.2,8.0,0.0,1.3889,3.2285
2562,3.1,5.0,0.0,1.0835,3.2102
2563,3.9,8.0,0.0,1.373,3.2754
2564,4.1,6.0,0.0,1.3274,3.2247
2565,4.1,7.0,0.0,1.3851,3.2224
2566,4.6,8.0,0.0,1.5379,3.2335
2567,3.3,5.0,0.0,1.0794,3.2632
2568,3.4,5.0,0.0,1.1445,3.2979
2569,5.0,9.0,0.0,1.7019,3.3342
2570,4.5,8.0,0.0,1.5026,3.339
2571,4.1,5.0,0.0,1.3318,3.261
2572,5.0,9.0,0.0,1.6455,3.2029
2573,6.0,8.0,0.0,2.0199,3.4965
2574,5.5,9.0,0.0,1.7517,3.4862
2575,5.6,11.0,0.0,1.8171,3.3567
2576,5.4,9.0,0.0,1.8184,3.455
2577,4.9,7.0,0.0,1.5907,3.2594
2578,4.7,6.0,0.0,1.4769,3.188
2579,4.5,6.0,0.0,1.5283,3.2118
2580,5.4,9.0,0.0,1.7168,3.1465
2581,5.0,8.0,0.0,1.6016,3.2172
2582,4.4,6.0,0.0,1.3849,3.1288
2583,4.4,7.0,0.0,1.4417,3.2052
2584,5.8,9.0,0.0,1.8634,3.3466
2585,3.8,6.0,0.0,1.2401,3.3072
2586,4.2,10.0,0.0,1.4691,3.2092
2587,4.8,7.0,0.0,1.5662,3.2508
2588,4.5,6.0,0.0,1.4691,3.3113
2589,5.0,9.0,0.0,1.6332,3.4095
2590,3.2,5.0,0.0,1.0609,3.182
2591,5.0,12.0,0.0,1.7685,3.2353
2592,3.9,5.0,0.0,1.2862,3.2505
2593,4.9,8.0,0.0,1.5185,3.2963
2594,3.9,7.0,0.0,1.2498,3.2405
2595,4.1,7.0,0.0,1.3328,3.1897
2596,4.7,8.0,0.0,1.4968,3.2838
2597,4.3,6.0,0.0,1.3318,3.2696
2598,4.2,6.0,0.0,1.3527,3.2706
2599,4.3,5.0,0.0,1.4712,3.2088
2600,4.7,6.0,0.0,1.4239,3.4085
2601,3.8,9.0,0.0,1.3831,3.3109
2602,5.8,12.0,0.0,1.9566,3.4904
2603,4.1,7.0,0.0,1.3453,3.3512
2604,4.2,10.0,0.0,1.4347,3.3064
2605,5.0,7.0,0.0,1.6081,3.3489
2606,5.2,9.0,0.0,1.6546,3.4157
2607,5.2,8.0,0.0,1.6303,3.3611
2608,5.3,10.0,0.0,1.7734,3.2837
2609,4.3,7.0,0.0,1.3934,3.2541
2610,5.5,7.0,0.0,1.7051,3.3039
2611,4.9,8.0,0.0,1.5624,3.3592
2612,4.2,5.0,0.0,1.3672,3.2999
2613,4.7,8.0,0.0,1.5348,3.2264
2614,4.7,6.0,0.0,1.5665,3.3161
2615,3.9,8.0,0.0,1.3739,3.2561
2616,4.7,6.0,0.0,1.4986,3.264
2617,4.6,6.0,0.0,1.4807,3.5411
2618,4.2,8.0,0.0,1.4273,3.5321
2619,4.1,5.0,0.0,1.2984,3.2892
2620,3.5,6.0,0.0,1.1864,3.2337
2621,4.6,8.0,0.0,1.519,3.2431
2622,4.2,6.0,0.0,1.3101,3.3035
2623,5.4,11.0,0.0,1.7895,3.2877
2624,3.6,4.0,0.0,1.2466,3.2331
2625,4.4,6.0,0.0,1.5239,3.1653
2626,5.1,8.0,0.0,1.6462,3.5791
2627,5.3,10.0,0.0,1.7117,3.4422
2628,4.5,7.0,0.0,1.4261,3.2268
2629,3.8,7.0,0.0,1.3519,3.1425
2630,4.3,7.0,0.0,1.3703,3.113
2631,5.7,7.0,0.0,1.8073,3.2177
2632,5.7,9.0,0.0,1.8351,3.1726
2633,6.0,9.0,0.0,1.8841,3.2225
2634,6.3,9.0,0.0,1.9564,3.4454
2635,5.8,7.0,0.0,1.8051,3.38
2636,7.0,8.0,0.0,2.2956,3.4838
2637,8.0,12.0,0.0,2.4211,3.398
2638,5.1,7.0,0.0,1.5817,3.3391
2639,5.6,9.0,0.0,1.7959,3.3605
2640,5.8,9.0,0.0,1.8466,3.2846
2641,6.5,11.0,0.0,2.0848,3.2755
2642,4.5,7.0,0.0,1.4537,3.2054
2643,5.7,8.0,0.0,1.7764,3.1772
2644,5.9,10.0,0.0,1.8611,3.2393
2645,5.1,8.0,0.0,1.6254,3.2099
2646,5.0,10.0,0.0,1.7033,3.2322
2647,4.8,6.0,0.0,1.4879,3.2472
2648,4.9,8.0,0.0,1.5524,3.2405
2649,4.3,6.0,0.0,1.3559,3.1949
2650,5.0,7.0,0.0,1.5716,3.1961
2651,3.5,5.0,0.0,1.1265,3.1521
2652,4.2,9.0,0.0,1.4018,3.1796
2653,4.6,8.0,0.0,1.5156,3.3122
2654,4.8,6.0,0.0,1.5288,3.2673
2655,6.9,10.0,0.0,2.1265,3.4361
2656,5.8,9.0,0.0,1.8728,3.4571
2657,5.2,7.0,0.0,1.6703,3.3409
2658,4.4,6.0,0.0,1.3941,3.2589
2659,4.1,7.0,0.0,1.2812,3.1895
2660,4.8,7.0,0.0,1.5832,3.2189
2661,4.9,7.0,0.0,1.618,3.2063
2662,4.7,6.0,0.0,1.5355,3.1677
2663,4.6,7.0,0.0,1.5156,3.172
2664,4.7,14.0,0.0,1.7692,3.2444
2665,4.3,7.0,0.0,1.3713,3.2705
2666,7.5,11.0,0.0,2.4434,3.447
2667,11.6,22.0,0.0,3.7711,3.6955
2668,10.3,13.0,0.0,3.2951,3.9779
2669,10.9,16.0,0.0,3.2951,3.7146
2670,10.8,20.0,0.0,3.3586,3.5
2671,5.1,6.0,0.0,1.5978,3.4941
2672,4.2,6.0,0.0,1.337,3.1882
2673,3.7,6.0,0.0,1.1915,3.094
2674,6.2,10.0,0.0,2.0134,3.1495
2675,4.7,8.0,0.0,1.556,3.1563
2676,5.0,6.0,0.0,1.6401,3.209
2677,4.2,5.0,0.0,1.3843,3.1687
2678,4.9,8.0,0.0,1.5961,3.1653
2679,4.1,5.0,0.0,1.3921,3.394
2680,4.1,7.0,0.0,1.3444,3.4193
2681,4.5,6.0,0.0,1.4326,3.3553
2682,5.1,7.0,0.0,1.6168,3.3079
2683,3.9,6.0,0.0,1.3295,3.3249
2684,4.1,6.0,0.0,1.3554,3.2318
2685,4.8,9.0,0.0,1.5581,3.2277
2686,4.2,6.0,0.0,1.4035,3.2348
2687,5.2,9.0,0.0,1.7284,3.3518
2688,3.4,4.0,0.0,1.1686,3.2963
2689,3.8,5.0,0.0,1.2764,3.2977
2690,4.1,7.0,0.0,1.3143,3.2741
2691,5.1,7.0,0.0,1.6248,3.3171
2692,4.5,8.0,0.0,1.5426,3.3044
2693,4.8,6.0,0.0,1.5041,3.3129
2694,5.7,11.0,0.0,1.8456,3.4699
2695,6.0,11.0,0.0,2.0322,3.4233
2696,7.1,10.0,0.0,2.2113,3.6037
2697,5.7,7.0,0.0,1.8574,3.4805
2698,5.3,8.0,0.0,1.6808,3.2969
2699,5.6,7.0,0.0,1.7713,3.1117
2700,4.9,8.0,0.0,1.5767,3.1767
2701,5.4,10.0,0.0,1.7624,3.2525
2702,5.3,9.0,0.0,1.745,3.3612
2703,6.1,9.0,0.0,1.9585,3.4627
2704,6.7,8.0,0.0,2.0884,3.5263
2705,7.4,12.0,0.0,2.3197,3.6278
2706,5.4,9.0,0.0,1.7342,3.6788
2707,6.2,14.0,0.0,2.1018,3.5892
2708,6.1,8.0,0.0,1.9325,3.7386
2709,4.2,6.0,0.0,1.4318,3.49
2710,5.0,6.0,0.0,1.5724,3.4729
2711,3.7,6.0,0.0,1.2669,3.442
2712,4.8,8.0,0.0,1.5575,3.5512
2713,4.1,6.0,0.0,1.3073,3.2852
2714,3.5,5.0,0.0,1.2207,3.3349
2715,4.3,7.0,0.0,1.3875,3.3965
2716,3.5,5.0,0.0,1.2196,3.5735
2717,2.4,4.0,0.0,0.8499,3.2835
2718,3.5,5.0,0.0,1.1608,3.377
2719,4.3,5.0,0.0,1.4259,3.3101
2720,3.5,8.0,0.0,1.2114,3.2319
2721,4.3,7.0,0.0,1.427,3.2117
2722,2.4,3.0,0.0,0.8471,3.2587
2723,4.2,7.0,0.0,1.3915,3.3529
2724,5.6,8.0,0.0,1.7849,3.3927
2725,4.8,7.0,0.0,1.519,3.3746
2726,5.4,8.0,0.0,1.7118,3.4338
2727,6.3,13.0,0.0,2.0231,3.502
2728,7.6,9.0,0.0,2.4466,3.7141
2729,11.1,16.0,0.0,3.4696,4.17
2730,14.5,25.0,0.0,4.4919,4.3447
2731,15.7,21.0,0.0,4.6355,4.8604
2732,15.2,20.0,0.0,4.5173,4.5088
2733,11.3,17.0,0.0,3.6515,3.9489
2734,12.6,17.0,0.0,3.7493,4.1043
2735,8.5,17.0,0.0,2.6888,3.7253
2736,5.7,9.0,0.0,1.8745,3.3848
2737,4.9,7.0,0.0,1.6086,3.2626
2738,4.1,7.0,0.0,1.3759,3.2597
2739,4.7,7.0,0.0,1.5429,3.2383
2740,4.5,9.0,0.0,1.5342,3.2169
2741,4.8,12.0,0.0,1.6953,3.2547
2742,4.3,6.0,0.0,1.4075,3.3026
2743,3.7,5.0,0.0,1.2008,3.1866
2744,3.1,5.0,0.0,1.0682,3.1442
2745,4.7,8.0,0.0,1.5207,3.16
2746,4.1,7.0,0.0,1.3225,3.1967
2747,3.8,5.0,0.0,1.2689,3.181
2748,2.8,6.0,0.0,1.0029,3.1707
2749,4.4,6.0,0.0,1.4239,3.2072
2750,3.4,5.0,0.0,1.1227,3.3156
2751,4.7,10.0,0.0,1.5961,3.3071
2752,4.2,7.0,0.0,1.4361,3.3327
2753,5.6,10.0,0.0,1.8525,3.3583
2754,5.1,8.0,0.0,1.6374,3.3604
2755,3.4,5.0,0.0,1.1461,3.3052
2756,3.7,5.0,0.0,1.2352,3.4644
2757,4.1,7.0,0.0,1.3565,3.3481
2758,4.4,6.0,0.0,1.4317,3.3369
2759,4.6,6.0,0.0,1.4654,3.2349
2760,4.1,6.0,0.0,1.2904,3.1741
2761,5.4,14.0,0.0,1.855,3.3224
2762,4.8,7.0,0.0,1.5537,3.3299
2763,3.7,6.0,0.0,1.2196,3.2713
2764,4.3,8.0,0.0,1.4412,3.2087
2765,4.1,6.0,0.0,1.3625,3.3723
2766,5.2,7.0,0.0,1.7103,3.298
2767,4.2,6.0,0.0,1.3878,3.1939
2768,3.9,5.0,0.0,1.2767,3.1593
2769,4.4,8.0,0.0,1.4722,3.3285
2770,5.2,9.0,0.0,1.6796,3.3363
2771,4.8,7.0,0.0,1.5739,3.2664
2772,5.2,8.0,0.0,1.6148,3.1586
2773,5.9,8.0,0.0,1.8018,3.1288
2774,4.7,10.0,0.0,1.6227,3.1183
2775,4.1,7.0,0.0,1.3379,3.2297
2776,4.9,8.0,0.0,1.607,3.2359
2777,4.3,8.0,0.0,1.4129,3.1506
2778,4.9,12.0,0.0,1.7349,3.1745
2779,4.3,6.0,0.0,1.4193,3.2017
2780,3.5,6.0,0.0,1.167,3.1511
2781,4.9,8.0,0.0,1.5238,3.2683
2782,4.9,6.0,0.0,1.5662,3.1932
2783,4.5,6.0,0.0,1.4127,3.1511
2784,4.8,6.0,0.0,1.5289,3.2728
2785,5.0,8.0,0.0,1.5785,3.3581
2786,5.1,8.0,0.0,1.6093,3.3058
2787,5.8,7.0,0.0,1.8231,3.4189
2788,5.9,12.0,0.0,2.0567,3.3698
2789,5.5,11.0,0.0,1.7912,3.3037
2790,5.0,7.0,0.0,1.6093,3.2389
2791,5.2,9.0,0.0,1.6276,3.2709
2792,4.0,5.0,0.0,1.3073,3.386
2793,3.1,5.0,0.0,1.0471,3.3484
2794,3.6,6.0,0.0,1.1786,3.2291
2795,4.2,6.0,0.0,1.3632,3.1663
2796,4.8,7.0,0.0,1.6105,3.1647
2797,4.1,6.0,0.0,1.3304,3.1514
2798,6.1,8.0,0.0,1.9157,3.1849
2799,4.1,7.0,0.0,1.324,3.2497
2800,4.9,14.0,0.0,1.7791,3.2788
2801,4.6,9.0,0.0,1.5238,3.3719
2802,5.6,8.0,0.0,1.7651,3.4653
2803,4.7,6.0,0.0,1.4865,3.4191
2804,6.5,12.0,0.0,2.1432,3.4443
2805,5.7,10.0,0.0,1.8405,3.4102
2806,4.9,6.0,0.0,1.4595,3.2778
2807,4.4,6.0,0.0,1.4247,3.2728
2808,5.0,12.0,0.0,1.7465,3.2176
2809,4.2,6.0,0.0,1.3829,3.1194
2810,4.0,6.0,0.0,1.2805,3.1412
2811,4.3,5.0,0.0,1.3812,3.237
2812,2.8,4.0,0.0,0.9368,3.0815
2813,4.8,11.0,0.0,1.6315,3.1903
2814,4.0,7.0,0.0,1.2961,3.4205
2815,3.5,7.0,0.0,1.2052,3.3221
2816,4.1,7.0,0.0,1.3363,3.2221
2817,4.8,8.0,0.0,1.5813,3.2262
2818,4.2,8.0,0.0,1.4417,3.2654
2819,4.0,6.0,0.0,1.3229,3.3276
2820,4.0,6.0,0.0,1.3321,3.2675
2821,4.3,8.0,0.0,1.4146,3.2765
2822,5.1,7.0,0.0,1.5819,3.2921
2823,3.8,7.0,0.0,1.2689,3.2871
2824,4.5,8.0,0.0,1.4759,3.3275
2825,3.9,6.0,0.0,1.2735,3.2435
2826,4.8,7.0,0.0,1.5667,3.2401
2827,3.8,7.0,0.0,1.252,3.2458
2828,3.7,5.0,0.0,1.275,3.1697
2829,3.7,6.0,0.0,1.2369,3.2189
2830,3.7,6.0,0.0,1.2241,3.3177
2831,3.2,4.0,0.0,1.0798,3.2684
2832,5.0,10.0,0.0,1.6665,3.5637
2833,3.8,6.0,0.0,1.2842,3.189
2834,5.4,8.0,0.0,1.7349,3.2377
2835,4.0,9.0,0.0,1.4149,3.1796
2836,4.1,6.0,0.0,1.402,3.2658
2837,5.2,8.0,0.0,1.6703,3.3114
2838,6.0,8.0,0.0,1.8561,3.2837
2839,4.6,9.0,0.0,1.5688,3.3699
2840,4.6,7.0,0.0,1.5156,3.2822
2841,4.5,6.0,0.0,1.4564,3.3122
2842,4.2,5.0,0.0,1.3495,3.3492
2843,3.7,5.0,0.0,1.3083,3.3814
2844,4.7,7.0,0.0,1.5387,3.351
2845,3.4,4.0,0.0,1.1864,3.2838
2846,4.7,8.0,0.0,1.5256,3.325
2847,4.1,5.0,0.0,1.299,3.3235
2848,4.3,7.0,0.0,1.399,3.3858
2849,3.8,6.0,0.0,1.2492,3.1567
2850,3.2,6.0,0.0,1.0947,3.2385
2851,3.5,4.0,0.0,1.2446,3.1842
2852,3.7,5.0,0.0,1.2278,3.2808
2853,4.6,6.0,0.0,1.4595,3.2821
2854,4.0,6.0,0.0,1.2966,3.284
2855,3.8,5.0,0.0,1.251,3.2231
2856,4.4,8.0,0.0,1.4722,3.2621
2857,7.1,15.0,0.0,2.3466,3.2942
2858,5.3,9.0,0.0,1.6934,3.556
2859,4.8,6.0,0.0,1.4957,3.3361
2860,3.6,4.0,0.0,1.1701,3.1118
2861,3.6,7.0,0.0,1.2186,3.1512
2862,4.1,8.0,0.0,1.3812,3.1952
2863,5.3,7.0,0.0,1.6459,3.2049
2864,4.7,8.0,0.0,1.5033,3.316
2865,3.7,8.0,0.0,1.249,3.1791
2866,4.9,11.0,0.0,1.6775,3.379
2867,4.7,8.0,0.0,1.5174,3.2223
2868,4.7,9.0,0.0,1.5033,3.2796
2869,4.5,7.0,0.0,1.4702,3.1701
2870,3.9,6.0,0.0,1.2984,3.1257
2871,5.0,8.0,0.0,1.5961,3.0912
2872,5.3,8.0,0.0,1.7094,3.1348
2873,4.3,6.0,0.0,1.3856,3.1893
2874,3.9,5.0,0.0,1.3165,3.1822
2875,5.6,9.0,0.0,1.8388,3.4079
2876,4.9,6.0,0.0,1.539,3.338
2877,4.6,7.0,0.0,1.4731,3.4338
2878,4.2,6.0,0.0,1.4016,3.3003
2879,4.3,7.0,0.0,1.4211,3.2537
2880,4.0,6.0,0.0,1.3153,3.3287
2881,4.7,7.0,0.0,1.5037,3.3339
2882,5.6,13.0,0.0,1.8539,3.2798
2883,4.4,7.0,0.0,1.44,3.2897
2884,4.5,6.0,0.0,1.4331,3.2636
2885,5.2,8.0,0.0,1.6372,3.2358
2886,5.2,7.0,0.0,1.6423,3.2123
2887,3.7,6.0,0.0,1.2203,3.1772
2888,4.5,8.0,0.0,1.4903,3.2958
2889,3.3,5.0,0.0,1.0886,3.287
2890,3.8,5.0,0.0,1.2167,3.3012
2891,3.7,5.0,0.0,1.2206,3.3927
2892,4.4,7.0,0.0,1.4146,3.2952
2893,4.2,6.0,0.0,1.3403,3.3115
2894,3.6,4.0,0.0,1.1546,3.3365
2895,4.9,7.0,0.0,1.5381,3.3239
2896,4.9,8.0,0.0,1.588,3.3433
2897,5.4,10.0,0.0,1.7351,3.3376
2898,4.3,6.0,0.0,1.366,3.3186
2899,3.9,10.0,0.0,1.3541,3.3537
2900,4.4,7.0,0.0,1.4495,3.2334
2901,3.5,7.0,0.0,1.1786,3.1787
2902,5.0,8.0,0.0,1.635,3.2356
2903,2.8,3.0,0.0,0.9869,3.104
2904,3.3,4.0,0.0,1.1314,3.1775
2905,3.6,6.0,0.0,1.1904,3.2524
2906,4.0,5.0,0.0,1.2886,3.2014
2907,3.2,5.0,0.0,1.1402,3.3761
2908,4.4,6.0,0.0,1.4579,3.3374
2909,5.0,9.0,0.0,1.6903,3.3704
2910,4.6,8.0,0.0,1.4755,3.3682
2911,4.8,6.0,0.0,1.5288,3.3791
2912,3.8,7.0,0.0,1.2679,3.2632
2913,3.1,5.0,0.0,1.0744,3.2623
2914,3.2,8.0,0.0,1.1715,3.2529
2915,3.8,5.0,0.0,1.2164,3.237
2916,3.1,6.0,0.0,1.0524,3.2478
2917,3.3,5.0,0.0,1.1105,3.3211
2918,4.8,8.0,0.0,1.5817,3.2538
2919,4.3,7.0,0.0,1.4118,3.2906
2920,4.6,6.0,0.0,1.4481,3.4863
2921,6.1,8.0,0.0,1.9203,3.3731
2922,5.1,9.0,0.0,1.6155,3.4871
2923,8.2,23.0,0.0,2.9154,3.4184
2924,6.7,12.0,0.0,2.1664,3.2548
2925,5.3,7.0,0.0,1.6618,3.4173
2926,4.2,7.0,0.0,1.3955,3.4894
2927,5.5,8.0,0.0,1.6883,3.332
2928,4.7,9.0,0.0,1.5379,3.2784
2929,3.6,5.0,0.0,1.253,3.2692
2930,4.5,7.0,0.0,1.5292,3.1488
2931,4.5,7.0,0.0,1.4456,3.2034
2932,4.4,8.0,0.0,1.4428,3.1741
2933,4.8,18.0,0.0,2.0371,3.2277
2934,3.7,6.0,0.0,1.2641,3.2609
2935,2.8,4.0,0.0,0.9798,3.2306
2936,6.2,9.0,0.0,1.9631,3.26
2937,3.5,6.0,0.0,1.1769,3.3123
2938,4.5,6.0,0.0,1.4517,3.2048
2939,4.7,8.0,0.0,1.5536,3.2688
2940,3.4,5.0,0.0,1.1598,3.4874
2941,4.0,6.0,0.0,1.2781,3.3623
2942,3.7,6.0,0.0,1.2285,3.4308
2943,4.5,7.0,0.0,1.4608,3.2039
2944,3.9,6.0,0.0,1.2835,3.1964
2945,3.8,6.0,0.0,1.2221,3.1936
2946,4.2,9.0,0.0,1.4564,3.2408
2947,5.3,14.0,0.0,1.9442,3.3104
2948,4.4,8.0,0.0,1.4525,3.1053
2949,5.5,11.0,0.0,1.8627,3.1931
2950,6.0,9.0,0.0,1.8767,3.3306
2951,4.3,6.0,0.0,1.3999,3.1688
2952,3.3,5.0,0.0,1.1126,3.357
2953,4.2,5.0,0.0,1.3288,3.2828
2954,3.9,5.0,0.0,1.2919,3.3602
2955,4.3,8.0,0.0,1.4498,3.3979
2956,5.4,7.0,0.0,1.7107,3.4534
2957,4.5,8.0,0.0,1.5235,3.2866
2958,4.6,7.0,0.0,1.4766,3.4455
2959,3.3,6.0,0.0,1.1258,3.3226
2960,3.9,6.0,0.0,1.2688,3.3527
2961,4.2,6.0,0.0,1.3465,3.3379
2962,4.9,7.0,0.0,1.5516,3.3912
2963,4.9,8.0,0.0,1.6455,3.354
2964,5.6,8.0,0.0,1.7493,3.4314
2965,5.6,7.0,0.0,1.7222,3.388
2966,4.9,6.0,0.0,1.5823,3.484
2967,6.2,11.0,0.0,2.079,3.4231
2968,5.3,8.0,0.0,1.7051,3.4077
2969,5.3,9.0,0.0,1.7196,3.293
2970,5.0,9.0,0.0,1.6384,3.3223
2971,3.9,6.0,0.0,1.296,3.4523
2972,4.4,8.0,0.0,1.4731,3.3344
2973,4.2,7.0,0.0,1.4027,3.3015
2974,5.2,13.0,0.0,1.8487,3.3115
2975,5.6,8.0,0.0,1.8111,3.4807
2976,5.2,7.0,0.0,1.6725,3.3651
2977,4.6,7.0,0.0,1.4703,3.2514
2978,5.2,7.0,0.0,1.6576,3.237
2979,5.0,8.0,0.0,1.6214,3.3498
2980,5.1,8.0,0.0,1.6699,3.4305
2981,6.3,10.0,0.0,1.9904,3.5599
2982,6.3,11.0,0.0,2.114,3.5728
2983,7.6,15.0,0.0,2.4621,3.7582
2984,13.0,18.0,0.0,3.9609,4.3751
2985,12.2,18.0,0.0,3.7781,4.389
2986,11.4,15.0,0.0,3.4569,4.1825
2987,9.4,15.0,0.0,2.9124,3.956
2988,5.7,7.0,0.0,1.8498,3.4959
2989,5.7,9.0,0.0,1.8379,3.5116
2990,4.1,7.0,0.0,1.3037,3.4723
2991,3.0,5.0,0.0,1.0206,3.4697
2992,4.4,8.0,0.0,1.4287,3.3469
2993,3.1,6.0,0.0,1.0641,3.3811
2994,3.7,6.0,0.0,1.2219,3.4249
2995,4.0,6.0,0.0,1.2574,3.3537
2996,4.6,9.0,0.0,1.523,3.475
2997,5.1,7.0,0.0,1.5891,3.485
2998,3.9,7.0,0.0,1.3559,3.4599
2999,4.3,7.0,0.0,1.4329,3.26
3000,3.2,6.0,0.0,1.1269,3.181
3001,4.7,7.0,0.0,1.522,3.2221
3002,3.5,5.0,0.0,1.1615,3.2928
3003,4.0,7.0,0.0,1.3601,3.5146
3004,4.3,7.0,0.0,1.4317,3.5514
3005,3.7,5.0,0.0,1.2031,3.3309
3006,3.9,7.0,0.0,1.2923,3.2811
3007,4.9,9.0,0.0,1.6148,3.28
3008,3.8,6.0,0.0,1.2955,3.4011
3009,6.5,11.0,0.0,2.0944,3.5456
3010,5.4,8.0,0.0,1.7644,3.679
3011,5.9,7.0,0.0,1.7861,3.4316
3012,6.1,8.0,0.0,1.9031,3.7039
3013,7.3,12.0,0.0,2.1789,3.8248
3014,8.7,13.0,0.0,2.6697,3.681
3015,7.1,9.0,0.0,2.1401,3.7949
3016,7.2,10.0,0.0,2.2176,3.9075
3017,8.8,15.0,0.0,2.8384,3.7654
3018,6.4,11.0,0.0,2.0766,3.5819
3019,5.3,11.0,0.0,1.8264,3.4759
3020,4.8,7.0,0.0,1.5322,3.5883
3021,4.9,7.0,0.0,1.5865,3.4245
3022,4.4,7.0,0.0,1.4071,3.5294
3023,4.5,8.0,0.0,1.4586,3.318
3024,3.8,5.0,0.0,1.2285,3.3821
3025,3.6,6.0,0.0,1.1958,3.3485
3026,4.6,8.0,0.0,1.4851,3.2921
3027,4.0,8.0,0.0,1.3964,3.4084
3028,4.1,7.0,0.0,1.3017,3.4395
3029,5.0,9.0,0.0,1.6736,3.4989
3030,3.9,8.0,0.0,1.3192,3.4614
3031,4.0,6.0,0.0,1.3551,3.5432
3032,4.8,9.0,0.0,1.5379,3.639
3033,4.4,7.0,0.0,1.3927,3.5001
3034,4.9,8.0,0.0,1.5516,3.5048
3035,6.8,12.0,0.0,2.1794,3.5235
3036,6.0,11.0,0.0,1.8735,3.5294
3037,4.7,8.0,0.0,1.5729,3.3292
3038,4.5,6.0,0.0,1.372,3.2132
3039,5.1,8.0,0.0,1.6606,3.3562
3040,3.7,6.0,0.0,1.2223,3.2822
3041,4.4,8.0,0.0,1.4893,3.2516
3042,4.8,7.0,0.0,1.5495,3.2779
3043,5.3,12.0,0.0,1.8418,3.2436
3044,4.7,8.0,0.0,1.5058,3.2738
3045,6.5,11.0,0.0,2.1246,3.4299
3046,5.9,8.0,0.0,1.8192,3.4011
3047,5.1,7.0,0.0,1.6082,3.441
3048,4.7,6.0,0.0,1.5355,3.319
3049,6.0,8.0,0.0,1.8244,3.3781
3050,6.6,11.0,0.0,2.1363,3.4611
3051,5.3,9.0,0.0,1.6981,3.362
3052,4.8,8.0,0.0,1.5905,3.3353
3053,4.7,8.0,0.0,1.5688,3.3479
3054,3.8,6.0,0.0,1.2091,3.4642
3055,3.3,4.0,0.0,1.0817,3.234
3056,4.1,6.0,0.0,1.3923,3.2078
3057,4.0,5.0,0.0,1.2701,3.2604
3058,3.9,5.0,0.0,1.2488,3.251
3059,3.6,5.0,0.0,1.1473,3.1004
3060,4.0,6.0,0.0,1.2484,3.1392
3061,3.9,5.0,0.0,1.2884,3.1061
3062,4.3,7.0,0.0,1.3992,3.1389
3063,4.5,6.0,0.0,1.4112,3.1888
3064,4.4,8.0,0.0,1.4629,3.2429
3065,4.5,7.0,0.0,1.4678,3.2297
3066,4.0,7.0,0.0,1.3672,3.188
3067,3.9,6.0,0.0,1.2285,3.249
3068,4.7,9.0,0.0,1.5835,3.25
3069,4.3,9.0,0.0,1.4731,3.2496
3070,4.4,7.0,0.0,1.4879,3.272
3071,3.7,5.0,0.0,1.2032,3.2657
3072,3.0,5.0,0.0,0.9989,3.2266
3073,5.1,7.0,0.0,1.7058,3.3303
3074,4.1,7.0,0.0,1.3565,3.1927
3075,3.9,6.0,0.0,1.3,3.2062
3076,4.4,6.0,0.0,1.3904,3.1692
3077,4.0,5.0,0.0,1.3192,3.1129
3078,5.3,9.0,0.0,1.7303,3.1211
3079,4.6,7.0,0.0,1.4838,3.225
3080,5.5,10.0,0.0,1.7789,3.2834
3081,4.3,5.0,0.0,1.3491,3.3886
3082,5.4,9.0,0.0,1.7234,3.352
3083,4.0,7.0,0.0,1.3119,3.3224
3084,4.2,6.0,0.0,1.366,3.28
3085,5.1,6.0,0.0,1.5986,3.2424
3086,5.7,14.0,0.0,1.967,3.2756
3087,5.3,12.0,0.0,1.7402,3.3359
3088,5.2,8.0,0.0,1.6912,3.3293
3089,4.6,6.0,0.0,1.4608,3.2655
3090,5.2,8.0,0.0,1.7229,3.3995
3091,4.5,7.0,0.0,1.4988,3.2722
3092,4.0,4.0,0.0,1.3115,3.2543
3093,4.7,7.0,0.0,1.5429,3.214
3094,4.7,8.0,0.0,1.55,3.3675
3095,5.6,9.0,0.0,1.8264,3.4554
3096,5.7,7.0,0.0,1.8841,3.3503
3097,6.3,9.0,0.0,2.0733,3.4452
3098,6.2,9.0,0.0,1.8585,3.4728
3099,5.7,8.0,0.0,1.7932,3.5158
3100,5.1,8.0,0.0,1.6764,3.4654
3101,5.2,10.0,0.0,1.6927,3.4607
3102,4.5,6.0,0.0,1.4326,3.497
3103,4.0,7.0,0.0,1.3089,3.3806
3104,4.4,11.0,0.0,1.5392,3.3381
3105,4.4,6.0,0.0,1.4635,3.4381
3106,3.5,5.0,0.0,1.1619,3.2645
3107,4.4,7.0,0.0,1.5156,3.1982
3108,4.0,7.0,0.0,1.304,3.4356
3109,3.4,6.0,0.0,1.1032,3.4156
3110,2.7,5.0,0.0,0.9734,3.267
3111,3.1,7.0,0.0,1.1018,3.3373
3112,2.8,5.0,0.0,0.9539,3.2305
3113,4.2,6.0,0.0,1.341,3.1793
3114,3.4,5.0,0.0,1.1301,3.2067
3115,3.7,5.0,0.0,1.2173,3.1922
3116,4.4,6.0,0.0,1.4174,3.3483
3117,4.5,7.0,0.0,1.4629,3.3143
3118,5.0,8.0,0.0,1.6772,3.3194
3119,4.9,10.0,0.0,1.5708,3.4083
3120,3.9,6.0,0.0,1.257,3.2695
3121,3.6,5.0,0.0,1.1487,3.2933
3122,3.9,8.0,0.0,1.3115,3.1343
3123,3.4,6.0,0.0,1.118,3.1841
3124,5.1,9.0,0.0,1.6317,3.2839
3125,4.2,7.0,0.0,1.3288,3.2761
3126,4.2,7.0,0.0,1.3812,3.3159
3127,4.0,6.0,0.0,1.2606,3.3713
3128,4.5,6.0,0.0,1.4379,3.2811
3129,3.9,6.0,0.0,1.2643,3.2296
3130,4.3,6.0,0.0,1.4036,3.3639
3131,4.0,7.0,0.0,1.382,3.3273
3132,4.6,10.0,0.0,1.6345,3.3774
3133,3.1,4.0,0.0,1.1144,3.3245
3134,4.7,7.0,0.0,1.4836,3.3908
3135,4.5,8.0,0.0,1.4586,3.278
3136,4.0,5.0,0.0,1.3393,3.2367
3137,2.9,4.0,0.0,0.9539,3.234
3138,3.8,9.0,0.0,1.3195,3.3116
3139,3.6,5.0,0.0,1.1608,3.1992
3140,4.6,7.0,0.0,1.5143,3.2081
3141,4.1,8.0,0.0,1.3744,3.1882
3142,3.7,5.0,0.0,1.257,3.221
3143,3.8,6.0,0.0,1.2609,3.2108
3144,4.8,10.0,0.0,1.6371,3.1974
3145,4.0,6.0,0.0,1.2913,3.1547
3146,3.6,6.0,0.0,1.2074,3.1836
3147,2.9,4.0,0.0,0.9828,3.269
3148,5.3,11.0,0.0,1.7736,3.2874
3149,3.6,7.0,0.0,1.2492,3.4307
3150,3.5,5.0,0.0,1.1435,3.2582
3151,4.2,5.0,0.0,1.3416,3.2414
3152,4.6,8.0,0.0,1.5156,3.454
3153,4.4,7.0,0.0,1.4036,3.4955
3154,3.8,5.0,0.0,1.2031,3.3053
3155,3.2,5.0,0.0,1.1169,3.2807
3156,5.3,10.0,0.0,1.7151,3.3897
3157,3.4,4.0,0.0,1.2151,3.2649
3158,4.8,7.0,0.0,1.5721,3.2889
3159,5.1,9.0,0.0,1.6725,3.332
3160,4.6,6.0,0.0,1.4191,3.3663
3161,4.3,7.0,0.0,1.437,3.2381
3162,5.9,8.0,0.0,1.8344,3.4088
3163,5.4,10.0,0.0,1.8735,3.4719
3164,7.7,17.0,0.0,2.5531,3.5088
3165,8.1,11.0,0.0,2.5075,3.7324
3166,9.2,12.0,0.0,2.8938,3.832
3167,8.6,10.0,0.0,2.5825,3.7497
3168,7.9,11.0,0.0,2.508,3.6483
3169,6.6,13.0,0.0,2.313,3.4069
3170,4.9,7.0,0.0,1.551,3.4938
3171,4.9,7.0,0.0,1.5726,3.2946
3172,3.9,5.0,0.0,1.2955,3.2244
3173,2.9,5.0,0.0,0.9327,3.1788
3174,4.8,7.0,0.0,1.5811,3.1572
3175,3.9,6.0,0.0,1.249,3.1213
3176,4.6,8.0,0.0,1.5429,3.1715
3177,4.1,7.0,0.0,1.3349,3.3926
3178,4.3,6.0,0.0,1.3915,3.1659
3179,3.6,5.0,0.0,1.1646,3.1423
3180,4.4,6.0,0.0,1.4387,3.1518
3181,3.2,4.0,0.0,1.0837,3.1303
3182,4.5,6.0,0.0,1.4066,3.1104
3183,6.0,7.0,0.0,1.8509,3.3941
3184,4.0,8.0,0.0,1.3964,3.3073
3185,5.4,17.0,0.0,2.0584,3.4504
3186,6.0,8.0,0.0,1.9096,3.3878
3187,4.9,7.0,0.0,1.6179,3.5133
3188,5.0,7.0,0.0,1.6118,3.3767
3189,4.8,8.0,0.0,1.6271,3.2708
3190,4.6,9.0,0.0,1.4722,3.3458
3191,4.4,8.0,0.0,1.4591,3.2247
3192,4.8,8.0,0.0,1.5064,3.2529
3193,5.1,9.0,0.0,1.6411,3.3427
3194,4.8,9.0,0.0,1.6154,3.2775
3195,4.0,4.0,0.0,1.3295,3.2368
3196,4.7,7.0,0.0,1.5442,3.1981
3197,3.9,6.0,0.0,1.2884,3.1678
3198,4.2,7.0,0.0,1.3618,3.1789
3199,5.1,8.0,0.0,1.6376,3.1379
3200,4.0,5.0,0.0,1.2886,3.1046
3201,3.4,5.0,0.0,1.1054,3.0804
3202,4.2,7.0,0.0,1.3483,3.1027
3203,3.6,5.0,0.0,1.1825,3.1293
3204,5.0,8.0,0.0,1.5787,3.1579
3205,3.4,5.0,0.0,1.0794,3.1289
3206,4.2,6.0,0.0,1.3771,3.1203
3207,3.5,4.0,0.0,1.1386,3.0952
3208,5.1,8.0,0.0,1.6045,3.1511
3209,3.9,6.0,0.0,1.2247,3.2239
3210,3.6,5.0,0.0,1.2076,3.2419
3211,5.4,12.0,0.0,1.8462,3.291
3212,4.1,7.0,0.0,1.3855,3.2813
3213,4.5,7.0,0.0,1.4812,3.3996
3214,3.0,5.0,0.0,1.0002,3.1608
3215,3.4,4.0,0.0,1.1287,3.1447
3216,3.7,8.0,0.0,1.2542,3.1879
3217,3.7,8.0,0.0,1.2561,3.3536
3218,5.7,11.0,0.0,1.8333,3.312
3219,4.5,5.0,0.0,1.4035,3.1743
3220,3.5,6.0,0.0,1.1901,3.1657
3221,4.4,8.0,0.0,1.4743,3.1762
3222,3.0,5.0,0.0,1.0455,3.2419
3223,5.3,12.0,0.0,1.833,3.3708
3224,5.0,10.0,0.0,1.6879,3.365
3225,5.5,8.0,0.0,1.7231,3.3999
3226,7.6,13.0,0.0,2.3479,3.3929
3227,6.1,9.0,0.0,1.9925,3.3221
3228,4.2,6.0,0.0,1.3243,3.2544
3229,4.7,6.0,0.0,1.4871,3.2924
3230,4.6,6.0,0.0,1.4027,3.2574
3231,4.8,7.0,0.0,1.5183,3.335
3232,5.5,9.0,0.0,1.8039,3.3393
3233,4.5,7.0,0.0,1.4799,3.3085
3234,3.6,5.0,0.0,1.1574,3.2057
3235,5.0,9.0,0.0,1.6435,3.3261
3236,4.7,6.0,0.0,1.4632,3.2138
3237,5.2,10.0,0.0,1.707,3.2491
3238,4.9,8.0,0.0,1.5439,3.3489
3239,5.8,13.0,0.0,1.9402,3.3797
3240,4.5,6.0,0.0,1.4705,3.3927
3241,5.2,9.0,0.0,1.7159,3.4543
3242,3.8,5.0,0.0,1.252,3.2984
3243,5.9,13.0,0.0,1.9916,3.3173
3244,4.5,6.0,0.0,1.4458,3.337
3245,5.8,9.0,0.0,1.7734,3.407
3246,5.7,10.0,0.0,1.8269,3.3659
3247,6.1,11.0,0.0,1.9609,3.3697
3248,5.6,9.0,0.0,1.7692,3.1364
3249,5.0,7.0,0.0,1.6641,3.2478
3250,4.7,8.0,0.0,1.5169,3.2135
3251,4.8,8.0,0.0,1.5066,3.1421
3252,5.9,8.0,0.0,1.9015,3.2381
3253,6.0,8.0,0.0,1.9261,3.3305
3254,8.8,15.0,0.0,2.7106,3.6278
3255,8.8,11.0,0.0,2.7502,3.6885
3256,10.3,14.0,0.0,3.1666,3.8311
3257,9.2,15.0,0.0,2.8425,3.6179
3258,6.7,9.0,0.0,2.1366,3.3786
3259,5.0,7.0,0.0,1.5953,3.293
3260,4.7,6.0,0.0,1.5119,3.4742
3261,4.2,6.0,0.0,1.295,3.2572
3262,3.6,5.0,0.0,1.1338,3.3428
3263,4.1,5.0,0.0,1.4151,3.1613
3264,3.7,6.0,0.0,1.244,3.1641
3265,4.1,7.0,0.0,1.3593,3.1522
3266,3.8,6.0,0.0,1.2622,3.1075
3267,3.3,5.0,0.0,1.1632,3.1259
3268,4.1,7.0,0.0,1.3259,3.1165
3269,3.8,8.0,0.0,1.2857,3.1116
3270,4.0,5.0,0.0,1.2983,3.1477
3271,3.7,5.0,0.0,1.1608,3.1862
3272,5.2,8.0,0.0,1.6583,3.3215
3273,5.2,8.0,0.0,1.6462,3.2869
3274,4.6,7.0,0.0,1.4986,3.2898
3275,7.0,17.0,0.0,2.3182,3.4029
3276,4.8,8.0,0.0,1.5639,3.36
3277,5.4,8.0,0.0,1.6978,3.3593
3278,6.2,8.0,0.0,1.9209,3.3737
3279,5.1,8.0,0.0,1.6571,3.1591
3280,4.1,6.0,0.0,1.3519,3.192
3281,5.9,10.0,0.0,1.8888,3.286
3282,4.8,8.0,0.0,1.5264,3.1245
3283,4.6,6.0,0.0,1.4158,3.1267
3284,3.7,5.0,0.0,1.2246,3.0971
3285,4.3,7.0,0.0,1.4032,3.1095
3286,4.1,7.0,0.0,1.3316,3.1162
3287,4.3,8.0,0.0,1.4129,3.2295
3288,3.9,7.0,0.0,1.2624,3.2746
3289,4.7,10.0,0.0,1.5708,3.2987
3290,6.0,9.0,0.0,1.8856,3.3656
3291,4.7,6.0,0.0,1.4992,3.3627
3292,5.2,8.0,0.0,1.6523,3.3721
3293,3.5,5.0,0.0,1.114,3.3777
3294,4.4,5.0,0.0,1.3797,3.3812
3295,4.6,7.0,0.0,1.4685,3.2227
3296,4.1,6.0,0.0,1.3195,3.2459
3297,4.6,6.0,0.0,1.4717,3.2877
3298,3.8,7.0,0.0,1.321,3.2163
3299,4.5,7.0,0.0,1.4985,3.3121
3300,4.0,7.0,0.0,1.3113,3.3387
3301,3.6,5.0,0.0,1.2114,3.248
3302,3.6,4.0,0.0,1.2679,3.3933
3303,3.7,5.0,0.0,1.1889,3.3561
3304,5.9,10.0,0.0,1.8589,3.4255
3305,3.4,5.0,0.0,1.0889,3.1576
3306,4.0,6.0,0.0,1.3445,3.2062
3307,3.9,6.0,0.0,1.3025,3.1081
3308,4.8,8.0,0.0,1.5721,3.1954
3309,4.6,6.0,0.0,1.5013,3.1737
3310,4.8,7.0,0.0,1.5132,3.1214
3311,4.6,7.0,0.0,1.4955,3.1357
3312,4.3,7.0,0.0,1.4058,3.2436
3313,4.1,6.0,0.0,1.3115,3.1446
3314,4.0,6.0,0.0,1.261,3.2365
3315,3.8,7.0,0.0,1.2835,3.1613
3316,3.9,6.0,0.0,1.3295,3.2149
3317,4.1,10.0,0.0,1.4703,3.1781
3318,4.0,7.0,0.0,1.3076,3.1562
3319,4.9,9.0,0.0,1.5705,3.1958
3320,4.4,7.0,0.0,1.4315,3.2179
3321,4.7,7.0,0.0,1.5288,3.232
3322,5.1,10.0,0.0,1.6889,3.4098
3323,4.6,7.0,0.0,1.5772,3.5259
3324,4.6,7.0,0.0,1.45,3.449
3325,5.3,10.0,0.0,1.7005,3.4676
3326,5.1,8.0,0.0,1.6929,3.3244
3327,4.6,9.0,0.0,1.5395,3.2385
3328,4.3,7.0,0.0,1.4309,3.2348
3329,3.9,7.0,0.0,1.2876,3.2234
3330,4.1,7.0,0.0,1.3485,3.2638
3331,4.1,5.0,0.0,1.3826,3.2881
3332,3.3,5.0,0.0,1.0805,3.2718
3333,3.9,8.0,0.0,1.3625,3.3382
3334,5.4,8.0,0.0,1.6925,3.3354
3335,5.5,10.0,0.0,1.7939,3.4361
3336,3.0,5.0,0.0,1.072,3.4473
3337,3.8,6.0,0.0,1.2919,3.5375
3338,4.3,8.0,0.0,1.4663,3.321
3339,4.6,7.0,0.0,1.5547,3.3157
3340,6.1,9.0,0.0,1.9052,3.401
3341,5.4,8.0,0.0,1.6595,3.283
3342,6.1,12.0,0.0,2.0163,3.3927
3343,4.3,7.0,0.0,1.4287,3.2359
3344,4.2,6.0,0.0,1.4183,3.2099
3345,4.7,6.0,0.0,1.4644,3.2347
3346,5.7,8.0,0.0,1.8246,3.335
3347,6.9,9.0,0.0,2.1926,3.5255
3348,7.1,10.0,0.0,2.2068,3.6193
3349,10.3,16.0,0.0,3.1189,4.0044
3350,7.8,13.0,0.0,2.3962,3.5641
3351,6.0,8.0,0.0,2.0099,3.5136
3352,9.2,14.0,0.0,2.9247,3.4731
3353,6.5,8.0,0.0,1.9428,3.3724
3354,5.1,8.0,0.0,1.6157,3.2462
3355,4.3,6.0,0.0,1.3955,3.2158
3356,3.4,4.0,0.0,1.1395,3.2324
3357,3.9,6.0,0.0,1.3168,3.1225
3358,4.4,6.0,0.0,1.4701,3.205
3359,4.1,6.0,0.0,1.3015,3.1747
3360,3.8,5.0,0.0,1.219,3.2687
3361,5.2,8.0,0.0,1.6568,3.3151
3362,4.7,6.0,0.0,1.4823,3.4869
3363,4.3,7.0,0.0,1.3771,3.4751
3364,5.7,8.0,0.0,1.7744,3.3844
3365,6.0,12.0,0.0,1.9469,3.3649
3366,3.8,6.0,0.0,1.3015,3.2873
3367,4.6,7.0,0.0,1.4149,3.328
3368,4.7,6.0,0.0,1.5146,3.3473
3369,4.4,8.0,0.0,1.4608,3.3399
3370,4.8,7.0,0.0,1.4773,3.3349
3371,5.6,9.0,0.0,1.7635,3.2791
3372,5.3,8.0,0.0,1.6899,3.3065
3373,4.6,6.0,0.0,1.4386,3.2491
3374,4.4,6.0,0.0,1.4104,3.2702
3375,4.2,9.0,0.0,1.4644,3.2645
3376,5.1,7.0,0.0,1.505,3.281
3377,6.2,9.0,0.0,1.9431,3.2486
3378,4.3,6.0,0.0,1.3748,3.2283
3379,5.0,11.0,0.0,1.6471,3.2024
3380,4.3,6.0,0.0,1.4075,3.1774
3381,4.4,9.0,0.0,1.489,3.1927
3382,5.5,9.0,0.0,1.7275,3.2026
3383,4.2,6.0,0.0,1.3689,3.4548
3384,4.0,5.0,0.0,1.3191,3.3852
3385,3.7,6.0,0.0,1.26,3.1959
3386,4.3,6.0,0.0,1.3955,3.136
3387,4.4,10.0,0.0,1.5314,3.2357
3388,3.7,5.0,0.0,1.275,3.245
3389,3.5,4.0,0.0,1.2173,3.3231
3390,5.0,12.0,0.0,1.7464,3.4031
3391,4.2,6.0,0.0,1.373,3.2133
3392,4.4,7.0,0.0,1.4415,3.2199
3393,4.2,7.0,0.0,1.3994,3.2873
3394,5.0,7.0,0.0,1.5903,3.5004
3395,5.2,13.0,0.0,1.8837,3.5852
3396,6.2,10.0,0.0,1.9803,3.4972
3397,6.0,12.0,0.0,1.9385,3.6347
3398,4.6,7.0,0.0,1.4771,3.4855
3399,3.4,4.0,0.0,1.1036,3.521
3400,5.8,9.0,0.0,1.8677,3.4713
3401,5.5,10.0,0.0,1.7802,3.4376
3402,4.4,6.0,0.0,1.3856,3.3033
3403,8.3,12.0,0.0,2.5103,3.5111
3404,8.9,18.0,0.0,2.9333,3.5534
3405,6.1,9.0,0.0,1.8941,3.3678
3406,7.9,13.0,0.0,2.3734,3.4619
3407,7.1,8.0,0.0,2.1609,3.6138
3408,6.6,11.0,0.0,2.1331,3.5088
3409,6.4,9.0,0.0,1.9255,3.3859
3410,5.0,10.0,0.0,1.6315,3.2928
3411,3.7,6.0,0.0,1.2104,3.2406
3412,4.5,9.0,0.0,1.4986,3.2023
3413,4.9,7.0,0.0,1.5516,3.2699
3414,4.7,7.0,0.0,1.5248,3.4393
3415,4.9,7.0,0.0,1.5537,3.5359
3416,5.7,10.0,0.0,1.8725,3.4188
3417,10.0,14.0,0.0,3.1638,3.6922
3418,10.5,15.0,0.0,3.1683,3.9023
3419,8.7,11.0,0.0,2.7344,4.0761
3420,10.0,12.0,0.0,3.0757,3.9982
3421,7.0,9.0,0.0,2.255,3.6631
3422,10.1,15.0,0.0,3.1777,3.6052
3423,7.6,12.0,0.0,2.5118,3.4834
3424,9.2,16.0,0.0,2.9007,3.6264
3425,10.5,15.0,0.0,3.2168,3.7586
3426,8.7,13.0,0.0,2.7253,3.6559
3427,7.9,17.0,0.0,2.6686,3.5623
3428,7.5,12.0,0.0,2.4469,3.5521
3429,10.1,13.0,0.0,3.1032,3.6379
3430,8.9,14.0,0.0,2.7981,3.6602
3431,7.1,9.0,0.0,2.196,3.7091
3432,11.0,16.0,0.0,3.4336,3.6659
3433,12.2,21.0,0.0,3.7802,3.9037
3434,10.4,22.0,0.0,3.3451,3.911
3435,13.0,26.0,0.0,4.1538,4.1618
3436,18.4,35.0,0.0,5.8056,4.5503
3437,14.0,19.0,0.0,4.1633,4.3669
3438,14.4,24.0,0.0,4.3234,4.3798
3439,14.6,19.0,0.0,4.398,4.8032
3440,14.0,20.0,0.0,4.2447,4.748
3441,13.6,18.0,0.0,3.9387,4.644
3442,13.1,18.0,0.0,3.8131,4.6956
3443,12.5,17.0,0.0,3.5448,4.3521
3444,12.5,23.0,0.0,3.7119,4.3939
3445,9.0,14.0,0.0,2.783,4.4649
3446,8.6,11.0,0.0,2.631,3.984
3447,9.0,13.0,0.0,2.6833,4.1048
3448,7.0,10.0,0.0,2.1838,3.9319
3449,7.7,11.0,0.0,2.3574,3.7517
3450,6.4,8.0,0.0,1.8893,3.5185
3451,5.1,8.0,0.0,1.662,3.3818
3452,7.1,11.0,0.0,2.1512,3.3925
3453,5.8,8.0,0.0,1.9031,3.4743
3454,6.8,10.0,0.0,2.0723,3.3577
3455,5.2,8.0,0.0,1.6639,3.3317
3456,5.9,7.0,0.0,1.8561,3.2664
3457,6.5,13.0,0.0,2.1418,3.228
3458,5.2,10.0,0.0,1.7212,3.1486
3459,4.7,7.0,0.0,1.547,3.2583
3460,5.0,8.0,0.0,1.6251,3.2515
3461,4.6,10.0,0.0,1.5581,3.2627
3462,4.3,7.0,0.0,1.4594,3.2992
3463,3.9,6.0,0.0,1.3198,3.2392
3464,3.6,4.0,0.0,1.1365,3.2242
3465,4.5,7.0,0.0,1.519,3.2226
3466,4.3,8.0,0.0,1.4493,3.317
3467,4.6,6.0,0.0,1.4939,3.3024
3468,5.0,10.0,0.0,1.6655,3.3165
3469,7.9,12.0,0.0,2.47,3.497
3470,5.7,8.0,0.0,1.8366,3.3172
3471,7.8,10.0,0.0,2.3283,3.5918
3472,8.9,16.0,0.0,2.7439,4.122
3473,9.9,11.0,0.0,2.8986,4.3432
3474,12.5,19.0,0.0,3.5662,4.515
3475,11.0,16.0,0.0,3.1385,4.0056
3476,10.0,11.0,0.0,2.8401,4.1181
3477,9.2,11.0,0.0,2.8788,4.0487
3478,11.4,15.0,0.0,3.6121,4.0342
3479,9.1,11.0,0.0,2.8878,3.9749
3480,8.0,11.0,0.0,2.4505,3.6038
3481,7.3,13.0,0.0,2.3887,3.4535
3482,5.9,10.0,0.0,1.9105,3.2992
3483,6.7,10.0,0.0,2.1651,3.2883
3484,6.8,11.0,0.0,2.1494,3.3232
3485,5.3,10.0,0.0,1.7621,3.3218
3486,4.6,6.0,0.0,1.4621,3.3362
3487,5.1,7.0,0.0,1.6981,3.312
3488,5.2,7.0,0.0,1.653,3.3531
3489,5.3,9.0,0.0,1.6756,3.3617
3490,4.2,7.0,0.0,1.325,3.448
3491,6.4,16.0,0.0,2.2356,3.4507
3492,4.3,10.0,0.0,1.509,3.3826
3493,5.7,10.0,0.0,1.8092,3.339
3494,5.5,10.0,0.0,1.7664,3.3606
3495,4.9,8.0,0.0,1.5851,3.4572
3496,5.1,12.0,0.0,1.768,3.5852
3497,4.4,6.0,0.0,1.4273,3.3481
3498,3.8,5.0,0.0,1.1889,3.2443
3499,4.0,6.0,0.0,1.2963,3.17
3500,4.0,6.0,0.0,1.309,3.2433
3501,4.2,6.0,0.0,1.3956,3.1794
3502,4.6,10.0,0.0,1.5675,3.1956
3503,3.6,9.0,0.0,1.2722,3.1219
3504,5.1,8.0,0.0,1.6576,3.1112
3505,5.5,20.0,0.0,2.2632,3.1972
3506,3.8,5.0,0.0,1.2278,3.2271
3507,3.8,6.0,0.0,1.244,3.242
3508,4.3,8.0,0.0,1.469,3.2806
3509,3.6,7.0,0.0,1.2376,3.2842
3510,4.5,6.0,0.0,1.4755,3.2625
3511,3.4,5.0,0.0,1.1825,3.2592
3512,3.7,9.0,0.0,1.3379,3.2848
3513,4.5,7.0,0.0,1.4245,3.3183
3514,3.2,5.0,0.0,1.0591,3.2709
3515,4.6,7.0,0.0,1.5138,3.243
3516,3.5,4.0,0.0,1.2314,3.2861
3517,3.9,7.0,0.0,1.2685,3.4022
3518,3.7,5.0,0.0,1.2408,3.314
3519,4.3,6.0,0.0,1.3686,3.2779
3520,5.3,10.0,0.0,1.7439,3.2566
3521,6.1,13.0,0.0,2.0806,3.2558
3522,4.6,10.0,0.0,1.5835,3.158
3523,4.7,10.0,0.0,1.5702,3.0874
3524,4.4,5.0,0.0,1.4218,3.27
3525,4.1,6.0,0.0,1.3319,3.1349
3526,4.4,9.0,0.0,1.4579,3.1033
3527,4.3,7.0,0.0,1.3883,3.3351
3528,4.4,7.0,0.0,1.4697,3.2811
3529,4.2,7.0,0.0,1.4032,3.3241
3530,4.9,9.0,0.0,1.662,3.4122
3531,5.0,9.0,0.0,1.6363,3.277
3532,4.3,8.0,0.0,1.4534,3.3822
3533,4.7,10.0,0.0,1.5708,3.4357
3534,5.5,7.0,0.0,1.7692,3.3939
3535,4.0,9.0,0.0,1.3761,3.2459
3536,5.0,13.0,0.0,1.7383,3.2877
3537,4.2,6.0,0.0,1.3684,3.2364
3538,4.0,9.0,0.0,1.4,3.1349
3539,3.8,5.0,0.0,1.2403,3.1132
3540,5.6,9.0,0.0,1.7813,3.1715
3541,4.8,9.0,0.0,1.6362,3.3546
3542,5.3,11.0,0.0,1.7342,3.3318
3543,5.3,7.0,0.0,1.6642,3.4393
3544,5.0,9.0,0.0,1.7089,3.5265
3545,5.9,10.0,0.0,1.8862,3.3414
3546,5.1,8.0,0.0,1.6103,3.2315
3547,5.2,9.0,0.0,1.6793,3.3322
3548,5.6,8.0,0.0,1.8145,3.4666
3549,4.8,6.0,0.0,1.5992,3.5537
3550,5.3,9.0,0.0,1.7116,3.4207
3551,7.2,16.0,0.0,2.3685,3.382
3552,4.6,8.0,0.0,1.5893,3.3153
3553,4.9,7.0,0.0,1.6101,3.2733
3554,5.8,9.0,0.0,1.8852,3.3705
3555,5.6,7.0,0.0,1.7173,3.195
3556,5.2,9.0,0.0,1.7146,3.5295
3557,3.8,5.0,0.0,1.2526,3.3339
3558,6.6,12.0,0.0,2.076,3.6338
3559,4.5,6.0,0.0,1.4818,3.5649
3560,4.6,7.0,0.0,1.4903,3.4836
3561,4.9,7.0,0.0,1.5639,3.5715
3562,7.1,15.0,0.0,2.2729,3.57
3563,6.4,12.0,0.0,2.0678,3.5219
3564,5.7,8.0,0.0,1.8137,3.4078
3565,5.4,9.0,0.0,1.7281,3.3486
3566,6.4,12.0,0.0,2.0498,3.2857
3567,6.4,10.0,0.0,2.0906,3.2304
3568,7.8,11.0,0.0,2.3854,3.3541
3569,7.3,13.0,0.0,2.3684,3.5795
3570,6.3,9.0,0.0,1.9427,3.3748
3571,6.8,10.0,0.0,2.1814,3.4658
3572,6.3,12.0,0.0,1.9943,3.3481
3573,5.5,12.0,0.0,1.8303,3.42
3574,5.5,9.0,0.0,1.7587,3.4272
3575,4.2,7.0,0.0,1.3836,3.3527
3576,4.7,9.0,0.0,1.5387,3.2599
3577,5.4,8.0,0.0,1.6981,3.2939
3578,4.0,6.0,0.0,1.315,3.2636
3579,3.0,4.0,0.0,1.0203,3.2497
3580,3.8,5.0,0.0,1.1887,3.238
3581,4.0,6.0,0.0,1.3286,3.1231
3582,3.5,5.0,0.0,1.16,3.1183
3583,4.8,11.0,0.0,1.6905,3.1299
3584,4.4,8.0,0.0,1.4925,3.1412
3585,5.0,9.0,0.0,1.6352,3.1961
3586,5.2,10.0,0.0,1.7553,3.205
3587,6.5,10.0,0.0,2.0421,3.234
3588,4.6,6.0,0.0,1.4892,3.2519
3589,4.5,6.0,0.0,1.4442,3.3291
3590,3.9,6.0,0.0,1.261,3.2298
3591,5.1,11.0,0.0,1.6736,3.309
3592,6.3,14.0,0.0,2.1441,3.3527
3593,6.5,10.0,0.0,2.0751,3.4907
3594,7.3,12.0,0.0,2.2951,3.4534
3595,8.9,18.0,0.0,2.9177,3.533
3596,6.7,10.0,0.0,2.1913,3.4363
3597,8.0,10.0,0.0,2.5059,3.5654
3598,7.0,13.0,0.0,2.3426,3.6177
3599,8.7,14.0,0.0,2.6784,3.7866
3600,7.7,11.0,0.0,2.4792,3.7877
3601,10.7,16.0,0.0,3.2171,3.8346
3602,10.6,13.0,0.0,3.2105,4.2186
3603,8.3,11.0,0.0,2.6732,3.959
3604,9.2,12.0,0.0,2.742,3.9115
3605,7.5,10.0,0.0,2.4249,3.6942
3606,7.9,11.0,0.0,2.391,3.7282
3607,5.2,8.0,0.0,1.6329,3.3196
3608,6.4,11.0,0.0,2.0075,3.4153
3609,4.0,6.0,0.0,1.3666,3.2527
3610,5.1,9.0,0.0,1.6279,3.2439
3611,5.1,8.0,0.0,1.7044,3.3335
3612,5.5,8.0,0.0,1.7674,3.3506
3613,5.9,9.0,0.0,1.8947,3.4246
3614,6.8,12.0,0.0,2.2396,3.3145
3615,5.6,9.0,0.0,1.8187,3.3783
3616,6.8,11.0,0.0,2.1448,3.5648
3617,6.8,9.0,0.0,2.1199,3.5781
3618,6.8,8.0,0.0,2.2137,3.7781
3619,8.5,10.0,0.0,2.5716,3.8247
3620,6.7,10.0,0.0,2.2004,3.8595
3621,6.9,9.0,0.0,2.1745,3.6562
3622,10.3,17.0,0.0,3.2056,3.9396
3623,7.4,10.0,0.0,2.3663,3.9344
3624,6.8,10.0,0.0,2.1515,3.5345
3625,8.2,13.0,0.0,2.4264,3.7469
3626,9.7,12.0,0.0,2.738,3.7264
3627,7.5,12.0,0.0,2.3924,3.7524
3628,7.1,9.0,0.0,2.1443,3.7812
3629,8.1,14.0,0.0,2.5259,3.7897
3630,7.7,13.0,0.0,2.4723,3.5696
3631,8.5,12.0,0.0,2.5434,3.8854
3632,8.1,11.0,0.0,2.3276,3.7034
3633,7.8,11.0,0.0,2.3709,3.8414
3634,6.1,7.0,0.0,1.8888,3.7409
3635,7.5,10.0,0.0,2.2239,3.8026
3636,8.5,13.0,0.0,2.5656,3.8838
3637,8.2,13.0,0.0,2.539,3.7661
3638,8.1,11.0,0.0,2.4678,3.819
3639,8.4,12.0,0.0,2.504,4.0403
3640,7.3,12.0,0.0,2.1665,4.0283
3641,7.7,12.0,0.0,2.4839,3.8621
3642,6.9,9.0,0.0,2.125,3.8547
3643,7.3,10.0,0.0,2.2472,3.8048
3644,7.0,13.0,0.0,2.1789,3.6601
3645,6.0,8.0,0.0,1.8147,3.7482
3646,5.2,12.0,0.0,1.7938,3.6715
3647,5.0,7.0,0.0,1.6437,3.589
3648,4.5,5.0,0.0,1.6169,3.5222
3649,5.4,9.0,0.0,1.7708,3.3876
3650,6.4,9.0,0.0,1.9868,3.4489
3651,5.1,7.0,0.0,1.6846,3.5078
3652,5.8,10.0,0.0,1.872,3.2828
3653,4.0,8.0,0.0,1.3848,3.2429
3654,4.4,6.0,0.0,1.4177,3.1929
3655,4.7,7.0,0.0,1.6086,3.1815
3656,3.9,6.0,0.0,1.3318,3.2724
3657,5.2,7.0,0.0,1.6266,3.3241
3658,5.5,11.0,0.0,1.8385,3.3598
3659,5.0,7.0,0.0,1.5547,3.3868
3660,2.7,4.0,0.0,0.9381,3.2433
3661,5.5,13.0,0.0,1.9008,3.4835
3662,4.9,7.0,0.0,1.5439,3.3252
3663,4.3,6.0,0.0,1.4058,3.3215
3664,4.7,7.0,0.0,1.5105,3.2805
3665,3.8,6.0,0.0,1.2948,3.4369
3666,4.3,6.0,0.0,1.4136,3.2069
3667,4.8,7.0,0.0,1.5446,3.1935
3668,3.6,5.0,0.0,1.1354,3.1728
3669,4.1,10.0,0.0,1.4036,3.111
3670,4.3,5.0,0.0,1.3973,3.0811
3671,4.2,6.0,0.0,1.3198,3.107
3672,3.5,5.0,0.0,1.1908,3.3588
3673,4.3,11.0,0.0,1.5491,3.1853
3674,4.2,10.0,0.0,1.4939,3.1797
3675,4.1,6.0,0.0,1.3363,3.3728
3676,4.3,8.0,0.0,1.419,3.2443
3677,4.7,7.0,0.0,1.5741,3.2274
3678,4.4,6.0,0.0,1.4495,3.2958
3679,4.5,9.0,0.0,1.5005,3.1892
3680,3.6,5.0,0.0,1.1619,3.2201
3681,3.6,6.0,0.0,1.1746,3.2886
3682,4.3,11.0,0.0,1.5303,3.4029
3683,4.5,10.0,0.0,1.5459,3.3614
3684,4.2,8.0,0.0,1.434,3.3868
3685,3.8,7.0,0.0,1.2689,3.5359
3686,5.3,10.0,0.0,1.7578,3.4152
3687,4.7,6.0,0.0,1.6515,3.3892
3688,5.8,10.0,0.0,1.8884,3.4994
3689,4.3,7.0,0.0,1.4188,3.3542
3690,3.5,7.0,0.0,1.2002,3.3971
3691,3.7,5.0,0.0,1.2314,3.4513
3692,5.1,8.0,0.0,1.6852,3.3794
3693,4.5,11.0,0.0,1.6185,3.3773
3694,4.3,6.0,0.0,1.4174,3.341
3695,3.7,6.0,0.0,1.2806,3.3708
3696,3.5,5.0,0.0,1.1653,3.3307
3697,5.3,14.0,0.0,1.9184,3.2487
3698,4.4,7.0,0.0,1.4177,3.333
3699,4.1,5.0,0.0,1.299,3.3212
3700,3.8,8.0,0.0,1.304,3.3744
3701,5.3,7.0,0.0,1.6834,3.5561
3702,5.2,7.0,0.0,1.614,3.5349
3703,4.6,7.0,0.0,1.5156,3.4741
3704,5.1,8.0,0.0,1.635,3.5114
3705,5.9,7.0,0.0,1.8788,3.7235
3706,4.6,6.0,0.0,1.49,3.7112
3707,4.8,8.0,0.0,1.5523,3.6209
3708,4.2,7.0,0.0,1.3554,3.5339
3709,4.3,6.0,0.0,1.4188,3.3914
3710,5.7,8.0,0.0,1.8722,3.3824
3711,4.7,6.0,0.0,1.5729,3.4378
3712,4.1,5.0,0.0,1.3711,3.4011
3713,5.0,10.0,0.0,1.6515,3.386
3714,3.5,5.0,0.0,1.1871,3.5307
3715,5.5,7.0,0.0,1.7692,3.6284
3716,6.5,11.0,0.0,2.0762,3.5159
3717,7.0,11.0,0.0,2.2472,3.7694
3718,8.3,18.0,0.0,2.6997,4.0994
3719,7.7,12.0,0.0,2.3869,3.8681
3720,6.9,10.0,0.0,2.1846,3.6947
3721,6.9,9.0,0.0,2.1148,3.6761
3722,5.4,7.0,0.0,1.7748,3.7932
3723,6.8,16.0,0.0,2.3152,3.6108
3724,6.6,11.0,0.0,2.0896,3.6324
3725,5.8,10.0,0.0,1.8888,3.4869
3726,3.8,7.0,0.0,1.3542,3.4105
3727,5.4,10.0,0.0,1.7243,3.5569
3728,4.9,7.0,0.0,1.5624,3.3235
3729,3.2,4.0,0.0,1.0471,3.4229
3730,4.3,5.0,0.0,1.3715,3.4602
3731,3.7,6.0,0.0,1.2042,3.2691
3732,4.3,6.0,0.0,1.3316,3.3227
3733,4.5,6.0,0.0,1.4149,3.3457
3734,5.2,10.0,0.0,1.7168,3.3696
3735,4.7,11.0,0.0,1.6107,3.298
3736,4.0,12.0,0.0,1.4866,3.4131
3737,3.7,7.0,0.0,1.245,3.2438
3738,4.5,6.0,0.0,1.4281,3.2246
3739,3.1,4.0,0.0,1.0428,3.2487
3740,4.6,8.0,0.0,1.5213,3.3044
3741,3.9,6.0,0.0,1.3228,3.3299
3742,5.0,10.0,0.0,1.6756,3.4728
3743,5.8,8.0,0.0,1.8621,3.2646
3744,3.8,5.0,0.0,1.2913,3.2945
3745,5.3,10.0,0.0,1.6846,3.3062
3746,5.8,10.0,0.0,1.8304,3.5739
3747,5.1,8.0,0.0,1.6332,3.2759
3748,4.2,7.0,0.0,1.3569,3.2294
3749,4.2,7.0,0.0,1.4032,3.1457
3750,5.0,11.0,0.0,1.6883,3.3618
3751,4.7,7.0,0.0,1.542,3.3897
3752,4.2,5.0,0.0,1.337,3.3336
3753,5.4,8.0,0.0,1.7068,3.3393
3754,4.4,6.0,0.0,1.4632,3.3274
3755,3.7,6.0,0.0,1.2419,3.364
3756,5.0,6.0,0.0,1.6041,3.4054
3757,5.3,11.0,0.0,1.7519,3.4486
3758,5.1,8.0,0.0,1.6636,3.3709
3759,6.0,9.0,0.0,1.8628,3.4513
3760,5.6,7.0,0.0,1.7912,3.5065
3761,6.5,11.0,0.0,2.0011,3.4519
3762,6.0,8.0,0.0,1.8708,3.4657
3763,7.8,11.0,0.0,2.4161,3.4935
3764,6.0,12.0,0.0,1.9767,3.4181
3765,5.1,9.0,0.0,1.613,3.3446
3766,6.2,9.0,0.0,1.8913,3.3496
3767,7.0,14.0,0.0,2.2297,3.5054
3768,10.3,16.0,0.0,3.1666,3.829
3769,13.3,23.0,0.0,4.1494,4.1124
3770,7.9,11.0,0.0,2.5534,3.7485
3771,6.2,9.0,0.0,1.9602,3.5945
3772,5.6,10.0,0.0,1.8302,3.4506
3773,4.8,8.0,0.0,1.5452,3.3007
3774,3.9,7.0,0.0,1.2648,3.2959
3775,4.5,6.0,0.0,1.4217,3.3298
3776,4.5,6.0,0.0,1.3973,3.3539
3777,4.7,8.0,0.0,1.4871,3.3618
3778,3.8,5.0,0.0,1.3259,3.3165
3779,3.9,6.0,0.0,1.2814,3.3815
3780,3.6,4.0,0.0,1.2333,3.3549
3781,4.1,8.0,0.0,1.386,3.4046
3782,3.8,5.0,0.0,1.3437,3.3993
3783,5.1,9.0,0.0,1.6279,3.4443
3784,3.9,7.0,0.0,1.3143,3.5752
3785,4.8,7.0,0.0,1.4957,3.4313
3786,4.9,7.0,0.0,1.5835,3.4021
3787,5.6,12.0,0.0,1.8514,3.3364
3788,4.8,7.0,0.0,1.5166,3.307
3789,4.2,9.0,0.0,1.4759,3.1545
3790,3.5,6.0,0.0,1.2104,3.2343
3791,4.0,6.0,0.0,1.3583,3.2221
3792,5.6,9.0,0.0,1.777,3.1152
3793,4.5,6.0,0.0,1.4431,3.244
3794,4.2,7.0,0.0,1.45,3.1776
3795,4.8,12.0,0.0,1.6916,3.1804
3796,5.4,10.0,0.0,1.7277,3.2736
3797,4.5,6.0,0.0,1.4741,3.259
3798,5.5,9.0,0.0,1.7636,3.2816
3799,5.0,13.0,0.0,1.7992,3.226
3800,4.3,5.0,0.0,1.4368,3.3309
3801,4.7,7.0,0.0,1.4812,3.2638
3802,4.3,5.0,0.0,1.3448,3.3373
3803,6.1,9.0,0.0,1.8647,3.3777
3804,7.9,11.0,0.0,2.4299,3.7085
3805,8.3,17.0,0.0,2.7276,3.9187
3806,10.4,13.0,0.0,3.0836,4.1135
3807,14.6,29.0,0.0,4.3994,4.4725
3808,15.9,20.0,0.0,4.6939,4.8142
3809,14.1,22.0,0.0,4.1554,4.3374
3810,12.3,17.0,0.0,3.5841,4.132
3811,7.9,11.0,0.0,2.4653,3.5547
3812,8.4,16.0,0.0,2.7453,3.4578
3813,6.4,10.0,0.0,2.077,3.4369
3814,4.0,5.0,0.0,1.348,3.3087
3815,4.0,7.0,0.0,1.2878,3.3761
3816,4.4,7.0,0.0,1.4351,3.3168
3817,4.9,9.0,0.0,1.5367,3.3336
3818,4.8,8.0,0.0,1.5537,3.3636
3819,5.0,6.0,0.0,1.5875,3.63
3820,4.8,9.0,0.0,1.6186,3.3693
3821,5.2,9.0,0.0,1.7395,3.3681
3822,4.8,6.0,0.0,1.5381,3.3508
3823,4.9,10.0,0.0,1.5961,3.3541
3824,4.2,6.0,0.0,1.4098,3.5716
3825,4.6,7.0,0.0,1.4353,3.28
3826,3.5,6.0,0.0,1.1494,3.5464
3827,3.8,5.0,0.0,1.2488,3.4652
3828,4.7,6.0,0.0,1.5521,3.3654
3829,4.1,6.0,0.0,1.3691,3.6083
3830,4.0,6.0,0.0,1.3454,3.5769
3831,4.8,8.0,0.0,1.558,3.4522
3832,5.7,8.0,0.0,1.788,3.7226
3833,4.9,8.0,0.0,1.5654,3.6738
3834,4.7,8.0,0.0,1.5061,3.5544
3835,4.8,7.0,0.0,1.5684,3.4387
3836,6.1,12.0,0.0,1.9402,3.4812
3837,4.6,6.0,0.0,1.4401,3.4427
3838,4.9,8.0,0.0,1.6485,3.5103
3839,4.1,5.0,0.0,1.3189,3.3074
3840,3.9,5.0,0.0,1.2706,3.2503
3841,5.4,8.0,0.0,1.6793,3.2521
3842,4.0,7.0,0.0,1.3638,3.3287
3843,4.2,7.0,0.0,1.4142,3.3493
3844,5.1,7.0,0.0,1.652,3.4582
3845,7.2,12.0,0.0,2.3069,3.5609
3846,6.8,10.0,0.0,2.1151,3.483
3847,5.9,11.0,0.0,1.9395,3.4541
3848,6.6,10.0,0.0,2.0829,3.5093
3849,5.0,7.0,0.0,1.6026,3.3342
3850,7.2,11.0,0.0,2.2778,3.4031
3851,7.0,9.0,0.0,2.2023,3.5571
3852,7.2,8.0,0.0,2.2449,3.6582
3853,6.5,10.0,0.0,2.1261,3.6934
3854,7.6,14.0,0.0,2.4698,3.5701
3855,7.5,10.0,0.0,2.2426,3.6703
3856,6.5,8.0,0.0,2.1247,3.5132
3857,6.5,9.0,0.0,2.101,3.4754
3858,7.8,11.0,0.0,2.4669,3.4352
3859,7.5,11.0,0.0,2.3664,3.5852
3860,9.0,15.0,0.0,2.8963,3.6868
3861,7.9,16.0,0.0,2.5718,3.5074
3862,5.2,8.0,0.0,1.6726,3.559
3863,5.6,10.0,0.0,1.8552,3.6322
3864,4.7,8.0,0.0,1.5835,3.5284
3865,4.6,7.0,0.0,1.4948,3.4988
3866,5.3,8.0,0.0,1.6852,3.3614
3867,5.6,8.0,0.0,1.7217,3.4061
3868,4.9,6.0,0.0,1.5316,3.3156
3869,5.4,9.0,0.0,1.7544,3.4854
3870,5.7,9.0,0.0,1.8688,3.387
3871,5.2,7.0,0.0,1.631,3.4769
3872,5.7,8.0,0.0,1.7979,3.379
3873,5.6,8.0,0.0,1.8446,3.417
3874,5.5,8.0,0.0,1.7514,3.5323
3875,6.2,13.0,0.0,2.0706,3.5383
3876,5.5,7.0,0.0,1.8344,3.3319
3877,7.0,13.0,0.0,2.3159,3.5396
3878,5.9,7.0,0.0,1.8807,3.3507
3879,7.2,13.0,0.0,2.2885,3.4491
3880,6.0,16.0,0.0,2.1394,3.4387
3881,5.4,9.0,0.0,1.7599,3.3882
3882,3.7,5.0,0.0,1.26,3.1702
3883,5.4,11.0,0.0,1.7854,3.2238
3884,5.2,10.0,0.0,1.7221,3.2737
3885,4.9,7.0,0.0,1.5516,3.2851
3886,4.7,8.0,0.0,1.537,3.2681
3887,4.9,8.0,0.0,1.6915,3.3279
3888,4.1,7.0,0.0,1.326,3.179
3889,3.4,6.0,0.0,1.1786,3.2205
3890,3.7,6.0,0.0,1.2301,3.1379
3891,3.6,6.0,0.0,1.206,3.2866
3892,4.1,6.0,0.0,1.4098,3.2
3893,3.9,7.0,0.0,1.3153,3.4249
3894,5.6,10.0,0.0,1.8574,3.4136
3895,5.1,9.0,0.0,1.6834,3.3798
3896,3.5,5.0,0.0,1.118,3.4473
3897,4.7,9.0,0.0,1.5446,3.5004
3898,4.5,5.0,0.0,1.4741,3.3907
3899,4.1,6.0,0.0,1.347,3.4953
3900,4.6,6.0,0.0,1.458,3.3328
3901,4.8,7.0,0.0,1.5288,3.3981
3902,7.8,15.0,0.0,2.4658,3.5611
3903,5.6,9.0,0.0,1.7708,3.3818
3904,5.3,9.0,0.0,1.6942,3.4427
3905,5.1,8.0,0.0,1.6512,3.4274
3906,5.4,7.0,0.0,1.7965,3.3124
3907,4.4,7.0,0.0,1.4511,3.2987
3908,5.9,8.0,0.0,1.8405,3.4012
3909,3.9,5.0,0.0,1.272,3.3377
3910,5.9,12.0,0.0,2.0016,3.2928
3911,4.4,6.0,0.0,1.4193,3.5047
3912,4.4,6.0,0.0,1.4582,3.4039
3913,5.6,10.0,0.0,1.7519,3.3073
3914,5.0,7.0,0.0,1.5914,3.3493
3915,4.6,8.0,0.0,1.534,3.2495
3916,4.7,9.0,0.0,1.4933,3.3193
3917,4.2,8.0,0.0,1.3698,3.3994
3918,4.3,8.0,0.0,1.4228,3.2909
3919,3.6,5.0,0.0,1.183,3.3424
3920,4.1,6.0,0.0,1.386,3.3411
3921,5.5,8.0,0.0,1.7093,3.282
3922,3.3,7.0,0.0,1.1435,3.1675
3923,4.4,8.0,0.0,1.4106,3.1646
3924,4.1,5.0,0.0,1.2997,3.315
3925,5.8,9.0,0.0,1.8624,3.3955
3926,3.8,6.0,0.0,1.2107,3.3103
3927,4.9,6.0,0.0,1.6242,3.4388
3928,5.5,10.0,0.0,1.8012,3.319
3929,5.2,8.0,0.0,1.6496,3.258
3930,4.6,7.0,0.0,1.5124,3.4207
3931,4.1,8.0,0.0,1.4359,3.3509
3932,4.5,8.0,0.0,1.4731,3.3509
3933,5.0,10.0,0.0,1.687,3.3518
3934,5.1,8.0,0.0,1.6148,3.373
3935,4.7,8.0,0.0,1.5549,3.4216
3936,5.7,7.0,0.0,1.8507,3.3728
3937,3.9,5.0,0.0,1.299,3.4868
3938,4.3,5.0,0.0,1.3422,3.2989
3939,4.0,5.0,0.0,1.2577,3.2224
3940,5.7,14.0,0.0,1.9765,3.3852
3941,5.8,14.0,0.0,1.982,3.3017
3942,5.4,9.0,0.0,1.7393,3.3771
3943,4.2,8.0,0.0,1.3717,3.2375
3944,4.4,6.0,0.0,1.4188,3.1131
3945,5.1,7.0,0.0,1.6595,3.2063
3946,3.6,5.0,0.0,1.1371,3.2132
3947,4.4,9.0,0.0,1.4696,3.2015
3948,4.0,6.0,0.0,1.337,3.2142
3949,4.9,7.0,0.0,1.5815,3.2358
3950,4.0,5.0,0.0,1.3739,3.2662
3951,4.7,7.0,0.0,1.5169,3.2362
3952,3.8,7.0,0.0,1.2767,3.2471
3953,3.6,7.0,0.0,1.2068,3.1995
3954,4.7,10.0,0.0,1.5452,3.2721
3955,5.2,9.0,0.0,1.6875,3.2859
3956,4.9,9.0,0.0,1.5743,3.2332
3957,4.4,6.0,0.0,1.393,3.2504
3958,4.4,9.0,0.0,1.4329,3.4276
3959,4.5,7.0,0.0,1.4233,3.415
3960,4.1,6.0,0.0,1.3346,3.2324
3961,5.6,7.0,0.0,1.7523,3.2523
3962,4.7,13.0,0.0,1.7477,3.227
3963,4.1,6.0,0.0,1.3333,3.3516
3964,4.7,6.0,0.0,1.5078,3.2987
3965,3.3,6.0,0.0,1.0941,3.2422
3966,3.9,6.0,0.0,1.3274,3.2675
3967,3.5,7.0,0.0,1.2002,3.2979
3968,5.4,9.0,0.0,1.7094,3.3111
3969,5.2,8.0,0.0,1.6693,3.3891
3970,3.6,8.0,0.0,1.2643,3.3558
3971,4.0,5.0,0.0,1.3119,3.4293
3972,4.3,6.0,0.0,1.3607,3.3866
3973,4.5,7.0,0.0,1.5209,3.2967
3974,7.7,12.0,0.0,2.3403,3.386
3975,5.2,9.0,0.0,1.6883,3.3367
3976,4.8,10.0,0.0,1.5601,3.388
3977,4.2,7.0,0.0,1.3691,3.2424
3978,4.1,6.0,0.0,1.3253,3.2525
3979,4.3,6.0,0.0,1.3698,3.2492
3980,4.7,7.0,0.0,1.5534,3.2991
3981,5.1,12.0,0.0,1.7571,3.2957
3982,4.1,8.0,0.0,1.3435,3.2891
3983,5.8,7.0,0.0,1.7971,3.3042
3984,4.7,6.0,0.0,1.4968,3.2492
3985,4.3,8.0,0.0,1.4765,3.2585
3986,3.6,4.0,0.0,1.2041,3.2743
3987,3.8,4.0,0.0,1.3089,3.269
3988,3.5,6.0,0.0,1.1746,3.2538
3989,3.6,6.0,0.0,1.2104,3.2614
3990,3.8,7.0,0.0,1.2314,3.2497
3991,3.0,7.0,0.0,1.0632,3.2481
3992,5.1,8.0,0.0,1.6974,3.3161
3993,5.8,11.0,0.0,1.9585,3.3602
3994,5.2,8.0,0.0,1.6666,3.3771
3995,6.6,12.0,0.0,2.0361,3.2607
3996,5.5,9.0,0.0,1.7977,3.2451
3997,6.6,13.0,0.0,2.1289,3.3705
3998,5.6,8.0,0.0,1.7833,3.5457
3999,7.0,11.0,0.0,2.1783,3.3291
4000,6.2,9.0,0.0,1.9621,3.3298
4001,6.5,14.0,0.0,2.161,3.4451
4002,6.5,12.0,0.0,2.1554,3.3904
4003,7.1,10.0,0.0,2.2005,3.4933
4004,5.5,8.0,0.0,1.841,3.3683
4005,4.2,5.0,0.0,1.3027,3.3714
4006,3.9,5.0,0.0,1.2757,3.2891
4007,5.3,10.0,0.0,1.7263,3.2954
4008,4.3,6.0,0.0,1.3688,3.2919
4009,4.8,9.0,0.0,1.5446,3.2623
4010,4.2,6.0,0.0,1.3565,3.2466
4011,3.5,6.0,0.0,1.1543,3.2554
4012,2.5,3.0,0.0,0.8567,3.373
4013,4.5,6.0,0.0,1.4379,3.2369
4014,4.1,5.0,0.0,1.326,3.2243
4015,4.2,8.0,0.0,1.4141,3.3164
4016,4.3,6.0,0.0,1.3877,3.4078
4017,4.5,8.0,0.0,1.5143,3.4336
4018,5.4,8.0,0.0,1.7324,3.6301
4019,7.9,14.0,0.0,2.5814,3.6092
4020,6.4,9.0,0.0,2.0512,3.5655
4021,6.4,10.0,0.0,2.0318,3.5305
4022,7.4,10.0,0.0,2.4012,3.3538
4023,6.4,11.0,0.0,2.0856,3.3191
4024,6.1,12.0,0.0,2.0537,3.5257
4025,4.7,7.0,0.0,1.5305,3.4995
4026,5.6,10.0,0.0,1.7803,3.4874
4027,5.7,10.0,0.0,1.9082,3.6814
4028,7.0,13.0,0.0,2.2864,3.6775
4029,4.6,8.0,0.0,1.5156,3.4893
4030,5.9,10.0,0.0,1.9767,3.5964
4031,4.5,6.0,0.0,1.4303,3.6502
4032,4.7,6.0,0.0,1.5772,3.514
4033,5.3,8.0,0.0,1.6993,3.5211
4034,5.9,8.0,0.0,1.8771,3.8433
4035,7.3,11.0,0.0,2.2776,3.8393
4036,8.7,13.0,0.0,2.6733,3.8214
4037,7.0,10.0,0.0,2.2173,3.6312
4038,8.6,12.0,0.0,2.5594,3.6346
4039,7.1,11.0,0.0,2.214,3.4672
4040,8.5,12.0,0.0,2.6693,3.5133
4041,5.7,8.0,0.0,1.7883,3.3103
4042,5.8,9.0,0.0,1.8938,3.3127
4043,4.9,6.0,0.0,1.5141,3.458
4044,7.1,12.0,0.0,2.2476,3.5997
4045,7.3,10.0,0.0,2.3125,3.7881
4046,7.6,13.0,0.0,2.43,3.4621
4047,6.7,15.0,0.0,2.2485,3.3514
4048,6.7,11.0,0.0,2.0615,3.3369
4049,5.0,6.0,0.0,1.5898,3.1674
4050,4.6,7.0,0.0,1.4663,3.1597
4051,3.7,6.0,0.0,1.2246,3.1435
4052,5.2,7.0,0.0,1.6413,3.2693
4053,3.1,4.0,0.0,1.0196,3.2214
4054,4.5,6.0,0.0,1.4169,3.2796
4055,5.0,7.0,0.0,1.6576,3.3362
4056,3.6,6.0,0.0,1.1817,3.2821
4057,4.1,6.0,0.0,1.3,3.1262
4058,3.5,4.0,0.0,1.2057,3.1275
4059,3.9,6.0,0.0,1.2805,3.1149
4060,5.2,7.0,0.0,1.6512,3.1362
4061,3.0,7.0,0.0,1.0724,3.1401
4062,4.4,8.0,0.0,1.4731,3.2464
4063,4.7,7.0,0.0,1.461,3.3068
4064,4.8,10.0,0.0,1.6148,3.3177
4065,4.6,7.0,0.0,1.51,3.2937
4066,3.5,5.0,0.0,1.16,3.2457
4067,3.8,6.0,0.0,1.3027,3.2052
4068,4.8,7.0,0.0,1.5492,3.2691
4069,4.0,5.0,0.0,1.2826,3.3245
4070,3.6,5.0,0.0,1.1435,3.3681
4071,4.2,6.0,0.0,1.3185,3.2187
4072,6.8,13.0,0.0,2.2203,3.348
4073,4.6,6.0,0.0,1.4769,3.4388
4074,4.1,5.0,0.0,1.3465,3.309
4075,5.9,10.0,0.0,1.8713,3.342
4076,5.5,7.0,0.0,1.6929,3.3109
4077,6.3,10.0,0.0,1.9628,3.2231
4078,6.4,9.0,0.0,1.889,3.1967
4079,5.8,8.0,0.0,1.8148,3.3693
4080,4.3,5.0,0.0,1.4009,3.264
4081,4.3,9.0,0.0,1.469,3.3374
4082,3.9,7.0,0.0,1.3077,3.2103
4083,4.5,7.0,0.0,1.5274,3.4304
4084,4.6,6.0,0.0,1.4555,3.4673
4085,6.0,11.0,0.0,1.9844,3.6379
4086,4.6,8.0,0.0,1.5353,3.426
4087,5.2,9.0,0.0,1.6953,3.4286
4088,3.9,6.0,0.0,1.3274,3.2965
4089,2.9,4.0,0.0,0.9783,3.3987
4090,4.9,8.0,0.0,1.6116,3.3275
4091,4.1,9.0,0.0,1.4118,3.2739
4092,3.8,6.0,0.0,1.259,3.4182
4093,4.6,7.0,0.0,1.5103,3.391
4094,3.4,6.0,0.0,1.0989,3.3376
4095,4.1,6.0,0.0,1.3162,3.4197
4096,4.9,11.0,0.0,1.6912,3.373
4097,4.7,9.0,0.0,1.5285,3.4121
4098,5.4,11.0,0.0,1.8464,3.471
4099,5.4,9.0,0.0,1.7173,3.4589
4100,5.5,7.0,0.0,1.7321,3.4167
4101,3.6,4.0,0.0,1.1634,3.4291
4102,3.8,5.0,0.0,1.2446,3.2629
4103,4.8,6.0,0.0,1.5614,3.3642
4104,5.7,8.0,0.0,1.8257,3.5826
4105,5.1,7.0,0.0,1.5916,3.6181
4106,6.9,8.0,0.0,2.2318,3.8633
4107,9.8,22.0,0.0,3.1826,3.7233
4108,8.1,13.0,0.0,2.56,3.8699
4109,8.6,11.0,0.0,2.7568,4.1518
4110,8.0,10.0,0.0,2.6096,3.9499
4111,5.7,10.0,0.0,1.7957,3.6544
4112,5.6,8.0,0.0,1.8325,3.5425
4113,4.8,8.0,0.0,1.5626,3.392
4114,3.5,7.0,0.0,1.2058,3.4999
4115,5.0,7.0,0.0,1.6288,3.4491
4116,3.3,4.0,0.0,1.0923,3.4408
4117,4.9,8.0,0.0,1.5764,3.5108
4118,3.7,5.0,0.0,1.2085,3.2989
4119,4.0,5.0,0.0,1.2835,3.2711
4120,3.5,6.0,0.0,1.1347,3.2135
4121,3.3,4.0,0.0,1.1018,3.1159
4122,4.9,11.0,0.0,1.6728,3.2048
4123,3.6,6.0,0.0,1.2246,3.3046
4124,4.1,9.0,0.0,1.4073,3.2758
4125,4.0,8.0,0.0,1.3519,3.3149
4126,4.1,7.0,0.0,1.3385,3.3374
4127,3.7,5.0,0.0,1.2488,3.4658
4128,4.9,9.0,0.0,1.6425,3.4179
4129,4.8,8.0,0.0,1.5026,3.5751
4130,4.7,12.0,0.0,1.7089,3.4878
4131,5.3,7.0,0.0,1.7714,3.2553
4132,4.7,6.0,0.0,1.4785,3.2766
4133,3.6,5.0,0.0,1.1758,3.3046
4134,4.8,9.0,0.0,1.5483,3.3922
4135,3.4,5.0,0.0,1.1574,3.3279
4136,4.1,7.0,0.0,1.3601,3.3181
4137,4.9,8.0,0.0,1.5444,3.3202
4138,5.0,7.0,0.0,1.5665,3.4777
4139,4.8,8.0,0.0,1.5835,3.6562
4140,8.6,14.0,0.0,2.7035,3.6742
4141,7.0,10.0,0.0,2.158,3.7399
4142,5.7,8.0,0.0,1.8446,3.6112
4143,5.5,8.0,0.0,1.8215,3.8141
4144,4.1,7.0,0.0,1.3811,3.5758
4145,5.4,8.0,0.0,1.666,3.5811
4146,4.5,6.0,0.0,1.4403,3.5028
4147,6.5,11.0,0.0,2.0004,3.7572
4148,8.9,15.0,0.0,2.8023,3.5915
4149,8.2,14.0,0.0,2.6198,4.0002
4150,6.7,9.0,0.0,2.1623,3.6748
4151,7.1,11.0,0.0,2.239,3.7386
4152,7.3,11.0,0.0,2.2584,3.5815
4153,5.3,8.0,0.0,1.7284,3.6451
4154,7.6,12.0,0.0,2.389,3.6269
4155,6.8,11.0,0.0,2.1372,3.8201
4156,6.8,10.0,0.0,2.0799,3.6812
4157,5.9,9.0,0.0,1.7949,3.5628
4158,6.1,11.0,0.0,1.9534,3.4446
4159,6.8,10.0,0.0,2.0847,3.6256
4160,4.6,7.0,0.0,1.5072,3.4793
4161,4.9,14.0,0.0,1.7836,3.4797
4162,4.7,6.0,0.0,1.4847,3.4742
4163,5.4,8.0,0.0,1.6793,3.3754
4164,5.0,7.0,0.0,1.6314,3.3638
4165,3.6,5.0,0.0,1.2081,3.4208
4166,4.4,7.0,0.0,1.4048,3.5116
4167,3.6,4.0,0.0,1.184,3.4689
4168,4.1,7.0,0.0,1.3994,3.4232
4169,3.6,5.0,0.0,1.166,3.4689
4170,4.5,8.0,0.0,1.4511,3.4165
4171,4.6,10.0,0.0,1.5156,3.4896
4172,4.1,7.0,0.0,1.3444,3.4053
4173,4.5,6.0,0.0,1.4098,3.362
4174,4.9,7.0,0.0,1.5452,3.4697
4175,3.9,7.0,0.0,1.3067,3.4191
4176,5.0,8.0,0.0,1.6553,3.4412
4177,4.6,7.0,0.0,1.4972,3.4527
4178,5.0,7.0,0.0,1.6291,3.391
4179,3.8,6.0,0.0,1.3067,3.3437
4180,4.3,8.0,0.0,1.3921,3.5055
4181,5.9,8.0,0.0,1.8575,3.4461
4182,4.8,6.0,0.0,1.4985,3.4715
4183,4.4,6.0,0.0,1.3684,3.4581
4184,6.0,9.0,0.0,1.9156,3.4835
4185,4.5,8.0,0.0,1.447,3.4056
4186,5.5,9.0,0.0,1.7833,3.5364
4187,6.1,8.0,0.0,1.9482,3.5054
4188,4.4,7.0,0.0,1.4483,3.3768
4189,4.6,7.0,0.0,1.4702,3.369
4190,4.9,9.0,0.0,1.65,3.4749
4191,4.1,7.0,0.0,1.3817,3.2727
4192,4.4,8.0,0.0,1.4698,3.3021
4193,3.9,5.0,0.0,1.2714,3.4342
4194,4.3,6.0,0.0,1.4089,3.3706
4195,4.3,7.0,0.0,1.3999,3.4345
4196,4.3,7.0,0.0,1.3875,3.3076
4197,3.7,6.0,0.0,1.259,3.3077
4198,4.6,8.0,0.0,1.5191,3.3693
4199,4.9,9.0,0.0,1.583,3.4722
4200,5.3,8.0,0.0,1.7199,3.2297
4201,4.4,6.0,0.0,1.4239,3.3197
4202,5.4,7.0,0.0,1.7342,3.2605
4203,3.9,6.0,0.0,1.2484,3.2092
4204,4.1,5.0,0.0,1.3528,3.188
4205,4.0,6.0,0.0,1.3563,3.3133
4206,3.6,6.0,0.0,1.2104,3.3558
4207,4.7,8.0,0.0,1.5407,3.2718
4208,4.0,6.0,0.0,1.3409,3.4061
4209,3.9,10.0,0.0,1.3759,3.253
4210,3.8,6.0,0.0,1.3136,3.4511
4211,6.2,8.0,0.0,1.9767,3.3923
4212,4.7,6.0,0.0,1.567,3.4
4213,6.4,9.0,0.0,2.0281,3.386
4214,5.8,9.0,0.0,1.8366,3.2842
4215,5.2,8.0,0.0,1.6522,3.4022
4216,4.7,7.0,0.0,1.4797,3.5285
4217,4.7,7.0,0.0,1.5225,3.5344
4218,4.6,10.0,0.0,1.5945,3.4625
4219,5.1,8.0,0.0,1.6239,3.6432
4220,3.5,6.0,0.0,1.1404,3.4899
4221,4.7,8.0,0.0,1.5452,3.4434
4222,5.0,8.0,0.0,1.5865,3.3508
4223,5.9,12.0,0.0,1.957,3.4337
4224,3.9,5.0,0.0,1.2568,3.4392
4225,5.0,9.0,0.0,1.5941,3.3335
4226,3.7,6.0,0.0,1.2189,3.3553
4227,5.2,7.0,0.0,1.6512,3.4167
4228,4.6,8.0,0.0,1.4836,3.4485
4229,5.2,13.0,0.0,1.8442,3.2993
4230,4.9,7.0,0.0,1.5715,3.3572
4231,5.7,9.0,0.0,1.8373,3.4848
4232,6.8,11.0,0.0,2.1914,3.4391
4233,6.0,9.0,0.0,1.9307,3.3658
4234,3.6,6.0,0.0,1.2167,3.3142
4235,3.4,4.0,0.0,1.1893,3.2771
4236,4.1,7.0,0.0,1.4106,3.4045
4237,4.0,6.0,0.0,1.3319,3.3285
4238,4.3,6.0,0.0,1.4303,3.4236
4239,5.4,7.0,0.0,1.7209,3.5031
4240,4.9,10.0,0.0,1.603,3.5027
4241,5.6,7.0,0.0,1.8271,3.4651
4242,6.4,10.0,0.0,2.031,3.6343
4243,5.2,9.0,0.0,1.6823,3.5561
4244,4.0,6.0,0.0,1.3349,3.4918
4245,5.6,10.0,0.0,1.785,3.3956
4246,5.1,7.0,0.0,1.6891,3.5791
4247,4.2,7.0,0.0,1.3574,3.45
4248,4.5,7.0,0.0,1.4972,3.4581
4249,4.8,8.0,0.0,1.5465,3.4524
4250,5.8,13.0,0.0,1.9304,3.486
4251,5.3,6.0,0.0,1.628,3.4333
4252,5.6,13.0,0.0,1.8193,3.4958
4253,6.4,9.0,0.0,1.9435,3.6123
4254,6.6,16.0,0.0,2.2064,3.4489
4255,4.5,7.0,0.0,1.4925,3.3463
4256,4.3,6.0,0.0,1.4,3.5104
4257,5.2,8.0,0.0,1.6626,3.4523
4258,5.2,12.0,0.0,1.7349,3.4264
4259,4.6,8.0,0.0,1.5353,3.4421
4260,4.6,6.0,0.0,1.4491,3.537
4261,4.6,8.0,0.0,1.5235,3.4676
4262,5.2,8.0,0.0,1.6317,3.3925
4263,5.4,9.0,0.0,1.7441,3.4831
4264,5.1,8.0,0.0,1.6136,3.4783
4265,4.4,6.0,0.0,1.4098,3.4288
4266,5.6,7.0,0.0,1.7894,3.3433
4267,4.6,7.0,0.0,1.4903,3.4943
4268,5.1,6.0,0.0,1.6138,3.4652
4269,6.0,8.0,0.0,1.8443,3.4332
4270,5.7,7.0,0.0,1.7869,3.3796
4271,6.1,9.0,0.0,1.8601,3.3807
4272,5.1,8.0,0.0,1.588,3.3666
4273,4.4,8.0,0.0,1.4393,3.2806
4274,4.5,6.0,0.0,1.4134,3.319
4275,5.0,7.0,0.0,1.6437,3.4249
4276,4.5,7.0,0.0,1.5033,3.4053
4277,4.7,8.0,0.0,1.5654,3.5032
4278,4.8,7.0,0.0,1.5394,3.6654
4279,4.9,8.0,0.0,1.5431,3.5981
4280,5.4,14.0,0.0,1.9158,3.4812
4281,3.7,7.0,0.0,1.253,3.5359
4282,4.6,8.0,0.0,1.5283,3.3963
4283,5.1,8.0,0.0,1.6467,3.4052
4284,5.3,10.0,0.0,1.7339,3.5363
4285,6.3,9.0,0.0,2.0104,3.751
4286,8.0,14.0,0.0,2.4814,3.6864
4287,5.8,13.0,0.0,1.9332,3.3716
4288,5.1,6.0,0.0,1.6451,3.4053
4289,4.2,6.0,0.0,1.3659,3.4284
4290,5.1,7.0,0.0,1.5675,3.2739
4291,4.2,7.0,0.0,1.3711,3.214
4292,4.6,7.0,0.0,1.4834,3.2632
4293,4.7,7.0,0.0,1.5452,3.2297
4294,4.4,6.0,0.0,1.3898,3.239
4295,5.3,9.0,0.0,1.7068,3.3013
4296,5.1,13.0,0.0,1.7515,3.3506
4297,5.9,8.0,0.0,1.8004,3.3586
4298,4.1,5.0,0.0,1.3266,3.3456
4299,5.0,7.0,0.0,1.6157,3.1742
4300,3.8,5.0,0.0,1.2932,3.1384
4301,5.1,7.0,0.0,1.621,3.1304
4302,5.3,11.0,0.0,1.7912,3.2626
4303,5.8,10.0,0.0,1.8355,3.3597
4304,5.3,8.0,0.0,1.6315,3.3329
4305,6.4,11.0,0.0,2.0243,3.2766
4306,4.6,8.0,0.0,1.5459,3.4555
4307,4.7,6.0,0.0,1.4925,3.322
4308,4.4,9.0,0.0,1.5338,3.4175
4309,6.3,11.0,0.0,1.9698,3.5775
4310,5.0,7.0,0.0,1.6144,3.505
4311,5.9,9.0,0.0,1.882,3.3949
4312,6.3,14.0,0.0,2.0793,3.411
4313,6.7,12.0,0.0,2.1508,3.4625
4314,4.7,7.0,0.0,1.562,3.4631
4315,6.1,8.0,0.0,1.912,3.6462
4316,6.2,8.0,0.0,1.9805,3.7508
4317,5.9,9.0,0.0,1.8688,3.7289
4318,4.9,6.0,0.0,1.5478,3.5309
4319,4.3,5.0,0.0,1.3586,3.3693
4320,4.2,6.0,0.0,1.3811,3.427
4321,4.3,8.0,0.0,1.3363,3.3132
4322,4.7,7.0,0.0,1.5472,3.4757
4323,4.6,7.0,0.0,1.4261,3.5103
4324,2.1,3.0,0.0,0.7274,3.4466
4325,3.2,8.0,0.0,1.1476,3.2018
4326,3.2,6.0,0.0,1.0632,3.1616
4327,3.5,7.0,0.0,1.2057,3.1327
4328,3.8,5.0,0.0,1.253,3.175
4329,5.6,10.0,0.0,1.8527,3.2696
4330,6.9,14.0,0.0,2.292,3.311
4331,5.0,8.0,0.0,1.6806,3.2368
4332,4.9,8.0,0.0,1.5638,3.2185
4333,4.2,6.0,0.0,1.3477,3.1642
4334,5.4,9.0,0.0,1.7514,3.3172
4335,4.7,7.0,0.0,1.4946,3.3321
4336,4.3,6.0,0.0,1.4663,3.3223
4337,4.7,6.0,0.0,1.4832,3.3171
4338,3.7,6.0,0.0,1.2314,3.1933
4339,4.7,6.0,0.0,1.5394,3.2652
4340,5.0,7.0,0.0,1.6618,3.1944
4341,4.7,8.0,0.0,1.5251,3.189
4342,4.2,8.0,0.0,1.4443,3.1793
4343,5.0,8.0,0.0,1.6098,3.1932
4344,5.0,9.0,0.0,1.6636,3.2483
4345,3.9,7.0,0.0,1.3017,3.164
4346,4.5,9.0,0.0,1.4784,3.1829
4347,4.3,6.0,0.0,1.3826,3.2882
4348,4.5,6.0,0.0,1.4793,3.231
4349,4.8,7.0,0.0,1.6435,3.2577
4350,5.1,8.0,0.0,1.6696,3.2249
4351,4.3,7.0,0.0,1.3659,3.2503
4352,5.2,8.0,0.0,1.6266,3.2437
4353,5.0,10.0,0.0,1.6506,3.5084
4354,5.2,8.0,0.0,1.7397,3.468
4355,4.9,6.0,0.0,1.5652,3.6464
4356,5.9,9.0,0.0,1.8521,3.5831
4357,7.0,9.0,0.0,2.1977,3.5458
4358,5.9,12.0,0.0,1.9683,3.5176
4359,5.4,10.0,0.0,1.7859,3.525
4360,5.1,7.0,0.0,1.6435,3.4221
4361,5.0,6.0,0.0,1.5525,3.2904
4362,5.2,7.0,0.0,1.6667,3.3307
4363,4.9,6.0,0.0,1.4832,3.2968
4364,4.5,6.0,0.0,1.4221,3.2754
4365,3.7,5.0,0.0,1.2151,3.1905
4366,4.0,6.0,0.0,1.2888,3.0854
4367,4.4,7.0,0.0,1.3715,3.0843
4368,3.9,7.0,0.0,1.2624,3.1373
4369,4.2,8.0,0.0,1.4457,3.2769
4370,4.1,6.0,0.0,1.2808,3.4467
4371,3.6,5.0,0.0,1.1424,3.3436
4372,3.3,5.0,0.0,1.1576,3.2055
4373,4.6,8.0,0.0,1.4782,3.194
4374,4.0,6.0,0.0,1.3144,3.2572
4375,4.2,7.0,0.0,1.4415,3.2539
4376,4.3,10.0,0.0,1.4567,3.2522
4377,4.7,8.0,0.0,1.5103,3.3365
4378,4.7,8.0,0.0,1.5644,3.3925
4379,5.9,11.0,0.0,1.9344,3.2814
4380,5.2,10.0,0.0,1.6963,3.2802
4381,3.2,6.0,0.0,1.0849,3.1772
4382,4.8,9.0,0.0,1.5652,3.2125
4383,3.9,5.0,0.0,1.2767,3.2288
4384,7.2,13.0,0.0,2.319,3.5774
4385,5.6,10.0,0.0,1.7962,3.3886
4386,5.1,9.0,0.0,1.683,3.4796
4387,6.8,18.0,0.0,2.3976,3.3968
4388,4.8,7.0,0.0,1.5108,3.309
4389,5.4,13.0,0.0,1.9029,3.2373
4390,5.3,9.0,0.0,1.6938,3.2892
4391,5.3,8.0,0.0,1.6936,3.2951
4392,4.3,6.0,0.0,1.4232,3.3145
4393,5.4,9.0,0.0,1.7058,3.4649
4394,4.5,7.0,0.0,1.4568,3.2228
4395,3.8,6.0,0.0,1.26,3.1271
4396,4.2,6.0,0.0,1.3425,3.2484
4397,3.8,6.0,0.0,1.2635,3.1936
4398,3.7,5.0,0.0,1.2468,3.2438
4399,3.7,6.0,0.0,1.2464,3.21
4400,4.7,10.0,0.0,1.608,3.2818
4401,5.5,9.0,0.0,1.7843,3.2456
4402,6.6,15.0,0.0,2.1368,3.3508
4403,5.6,9.0,0.0,1.7959,3.279
4404,5.1,9.0,0.0,1.7051,3.3614
4405,6.0,9.0,0.0,1.8668,3.2093
4406,6.7,9.0,0.0,1.9894,3.5879
4407,10.3,14.0,0.0,3.1136,3.8249
4408,13.2,19.0,0.0,3.9817,4.1304
4409,11.9,20.0,0.0,3.7322,4.1251
4410,8.5,12.0,0.0,2.495,3.5692
4411,5.6,10.0,0.0,1.8062,3.3879
4412,5.6,8.0,0.0,1.7277,3.2649
4413,4.0,6.0,0.0,1.3115,3.1927
4414,4.0,7.0,0.0,1.287,3.1194
4415,3.5,5.0,0.0,1.1198,3.1415
4416,3.8,6.0,0.0,1.2446,3.0883
4417,3.8,5.0,0.0,1.2114,3.1453
4418,2.7,4.0,0.0,0.9171,3.1932
4419,4.0,8.0,0.0,1.3328,3.2282
4420,3.1,4.0,0.0,1.0266,3.162
4421,3.6,5.0,0.0,1.1664,3.3094
4422,3.6,7.0,0.0,1.232,3.3014
4423,3.4,5.0,0.0,1.1301,3.2853
4424,4.4,9.0,0.0,1.4955,3.3867
4425,5.1,12.0,0.0,1.8165,3.3904
4426,3.8,8.0,0.0,1.2859,3.4107
4427,5.4,9.0,0.0,1.7514,3.3022
4428,3.8,6.0,0.0,1.2635,3.2589
4429,5.0,7.0,0.0,1.6363,3.3552
4430,4.4,8.0,0.0,1.4635,3.4927
4431,4.9,8.0,0.0,1.5726,3.4192
4432,4.9,8.0,0.0,1.6194,3.2267
4433,3.3,6.0,0.0,1.1465,3.2214
4434,3.5,5.0,0.0,1.1543,3.2168
4435,4.3,9.0,0.0,1.4415,3.2038
4436,5.2,10.0,0.0,1.7243,3.3201
4437,4.0,5.0,0.0,1.3189,3.3821
4438,3.4,5.0,0.0,1.1187,3.258
4439,3.5,6.0,0.0,1.1634,3.215
4440,4.5,6.0,0.0,1.4595,3.1251
4441,3.3,4.0,0.0,1.118,3.2178
4442,5.1,8.0,0.0,1.5785,3.2284
4443,4.3,8.0,0.0,1.4607,3.2622
4444,4.5,9.0,0.0,1.4975,3.2899
4445,3.7,5.0,0.0,1.2568,3.3149
4446,5.1,8.0,0.0,1.6848,3.4062
4447,4.9,7.0,0.0,1.5581,3.4751
4448,4.7,10.0,0.0,1.6494,3.3682
4449,3.7,5.0,0.0,1.1901,3.1656
4450,4.0,5.0,0.0,1.3115,3.152
4451,5.1,7.0,0.0,1.6772,3.2485
4452,6.2,14.0,0.0,2.0671,3.3772
4453,6.2,10.0,0.0,1.9467,3.449
4454,3.8,6.0,0.0,1.2546,3.4008
4455,5.4,8.0,0.0,1.7339,3.7228
4456,5.8,8.0,0.0,1.8303,3.4661
4457,6.7,11.0,0.0,2.1442,3.4055
4458,5.4,7.0,0.0,1.7011,3.5113
4459,4.0,6.0,0.0,1.2767,3.4335
4460,4.0,6.0,0.0,1.26,3.4029
4461,5.5,7.0,0.0,1.6953,3.3086
4462,3.8,6.0,0.0,1.2247,3.162
4463,5.4,8.0,0.0,1.7187,3.2816
4464,4.7,7.0,0.0,1.5516,3.1607
4465,4.9,9.0,0.0,1.6177,3.3726
4466,5.1,8.0,0.0,1.6082,3.2994
4467,4.7,6.0,0.0,1.456,3.4429
4468,4.5,13.0,0.0,1.6953,3.2676
4469,4.6,6.0,0.0,1.4608,3.1679
4470,5.1,9.0,0.0,1.6653,3.1649
4471,3.5,6.0,0.0,1.1769,3.1465
4472,5.0,9.0,0.0,1.6535,3.1905
4473,3.6,5.0,0.0,1.1461,3.2825
4474,4.2,6.0,0.0,1.364,3.2128
4475,4.2,8.0,0.0,1.4036,3.1921
4476,4.7,8.0,0.0,1.55,3.1457
4477,3.7,9.0,0.0,1.3747,3.1326
4478,3.8,5.0,0.0,1.2624,3.1302
4479,3.4,4.0,0.0,1.1395,3.1817
4480,3.9,5.0,0.0,1.2207,3.1218
4481,3.8,5.0,0.0,1.296,3.1414
4482,4.5,8.0,0.0,1.4697,3.1515
4483,4.5,6.0,0.0,1.4616,3.3426
4484,3.2,5.0,0.0,1.0872,3.4161
4485,4.3,6.0,0.0,1.4058,3.5142
4486,3.5,9.0,0.0,1.2983,3.4703
4487,4.7,7.0,0.0,1.5124,3.5023
4488,3.6,6.0,0.0,1.2076,3.395
4489,3.8,7.0,0.0,1.2526,3.476
4490,3.9,7.0,0.0,1.3361,3.4603
4491,4.3,6.0,0.0,1.3213,3.5638
4492,4.5,7.0,0.0,1.4468,3.2462
4493,3.9,6.0,0.0,1.2842,3.5934
4494,4.1,6.0,0.0,1.296,3.4821
4495,5.4,8.0,0.0,1.7383,3.6911
4496,5.0,8.0,0.0,1.6751,3.5764
4497,2.7,3.0,0.0,0.9132,3.5034
4498,4.8,6.0,0.0,1.5624,3.4503
4499,3.7,8.0,0.0,1.2446,3.2977
4500,3.9,6.0,0.0,1.3191,3.4176
