generation,top_mean_fitness,max_fitness,min_fitness,std_fitness,elapsed_time_sec
1,2.6,4.0,0.0,0.889,2.9231
2,3.3,6.0,0.0,1.1212,2.9886
3,3.1,5.0,0.0,1.0651,2.98
4,3.8,5.0,0.0,1.2456,3.3001
5,3.7,6.0,0.0,1.2333,3.0948
6,4.4,7.0,0.0,1.4078,3.1422
7,4.6,9.0,0.0,1.5327,3.1942
8,4.5,6.0,0.0,1.4753,3.0687
9,4.1,7.0,0.0,1.3657,3.0029
10,3.2,7.0,0.0,1.1146,3.0994
11,3.9,6.0,0.0,1.244,3.0661
12,4.3,6.0,0.0,1.3674,3.0643
13,3.2,5.0,0.0,1.0543,3.1169
14,3.2,5.0,0.0,1.0831,3.1556
15,3.5,5.0,0.0,1.2114,3.1259
16,4.1,7.0,0.0,1.3342,3.1631
17,2.9,4.0,0.0,0.9985,3.0509
18,3.1,4.0,0.0,1.0448,3.0931
19,3.9,7.0,0.0,1.3038,3.0927
20,4.2,6.0,0.0,1.3855,3.0715
21,3.6,7.0,0.0,1.244,3.0831
22,3.6,4.0,0.0,1.2038,3.0958
23,3.8,7.0,0.0,1.2798,3.1378
24,5.1,9.0,0.0,1.6607,3.1474
25,5.8,11.0,0.0,1.9203,3.1495
26,4.6,7.0,0.0,1.4871,3.1659
27,4.1,7.0,0.0,1.371,3.2234
28,3.5,8.0,0.0,1.2216,3.1933
29,4.4,6.0,0.0,1.4498,3.3153
30,3.6,5.0,0.0,1.214,3.1276
31,3.4,8.0,0.0,1.209,3.1233
32,4.4,7.0,0.0,1.4537,3.2132
33,3.8,7.0,0.0,1.2641,3.1588
34,3.9,5.0,0.0,1.2904,3.1674
35,4.6,8.0,0.0,1.4753,3.2142
36,4.2,6.0,0.0,1.3698,3.1682
37,3.8,5.0,0.0,1.2021,3.1762
38,4.0,7.0,0.0,1.3524,3.182
39,5.3,8.0,0.0,1.74,3.173
40,5.5,9.0,0.0,1.7882,3.2223
41,4.1,7.0,0.0,1.3519,3.2048
42,3.4,5.0,0.0,1.1522,3.1739
43,4.3,9.0,0.0,1.4722,3.2033
44,3.5,5.0,0.0,1.1126,3.2118
45,4.9,9.0,0.0,1.6057,3.1544
46,5.8,9.0,0.0,1.8358,3.196
47,4.6,7.0,0.0,1.4448,3.305
48,4.4,6.0,0.0,1.3701,3.142
49,5.8,9.0,0.0,1.8405,3.1552
50,4.2,7.0,0.0,1.4136,3.17
51,5.0,9.0,0.0,1.5941,3.1218
52,5.0,9.0,0.0,1.6882,3.1318
53,5.8,9.0,0.0,1.8459,3.2215
54,4.7,7.0,0.0,1.5119,3.2334
55,4.5,8.0,0.0,1.5256,3.1886
56,3.5,5.0,0.0,1.1522,3.2069
57,6.3,9.0,0.0,1.9748,3.2612
58,4.1,5.0,0.0,1.3483,3.2203
59,3.5,5.0,0.0,1.1546,3.2684
60,4.4,7.0,0.0,1.469,3.3675
61,3.0,4.0,0.0,0.9962,3.2344
62,4.5,5.0,0.0,1.4142,3.1694
63,4.3,10.0,0.0,1.4555,3.1543
64,3.8,5.0,0.0,1.2303,3.2691
65,3.5,6.0,0.0,1.1769,3.2047
66,4.2,7.0,0.0,1.3836,3.2981
67,4.7,7.0,0.0,1.5534,3.1442
68,4.1,8.0,0.0,1.3923,3.1537
69,4.9,14.0,0.0,1.7861,3.1933
70,4.8,8.0,0.0,1.5545,3.2817
71,4.4,6.0,0.0,1.4879,3.3358
72,4.7,7.0,0.0,1.4917,3.4739
73,4.4,10.0,0.0,1.5021,3.3641
74,5.0,9.0,0.0,1.7077,3.377
75,4.7,7.0,0.0,1.547,3.2188
76,4.5,8.0,0.0,1.51,3.3118
77,4.0,6.0,0.0,1.28,3.4522
78,4.8,8.0,0.0,1.5353,3.4731
79,3.6,5.0,0.0,1.1772,3.3801
80,3.6,5.0,0.0,1.2488,3.3676
81,4.3,6.0,0.0,1.3883,3.3803
82,4.9,6.0,0.0,1.5516,3.3035
83,3.4,6.0,0.0,1.1336,3.255
84,3.6,5.0,0.0,1.26,3.2302
85,4.3,6.0,0.0,1.3947,3.2507
86,4.6,10.0,0.0,1.6106,3.2851
87,2.9,4.0,0.0,0.9908,3.2117
88,4.8,10.0,0.0,1.6163,3.2582
89,5.2,9.0,0.0,1.6822,3.2802
90,4.3,6.0,0.0,1.4118,3.3193
91,4.4,6.0,0.0,1.4078,3.2826
92,7.0,11.0,0.0,2.2159,3.3801
93,5.6,8.0,0.0,1.7927,3.3834
94,5.6,10.0,0.0,1.8934,3.3727
95,6.9,8.0,0.0,2.0864,3.4694
96,9.0,13.0,0.0,2.7295,3.4507
97,6.6,10.0,0.0,2.0316,3.4797
98,6.3,10.0,0.0,1.9882,3.3891
99,6.5,9.0,0.0,2.033,3.3461
100,5.7,8.0,0.0,1.8395,3.3857
101,5.1,6.0,0.0,1.5903,3.2833
102,4.5,9.0,0.0,1.4888,3.304
103,4.3,6.0,0.0,1.398,3.3036
104,7.1,14.0,0.0,2.3759,3.3354
105,6.6,10.0,0.0,2.0731,3.3781
106,5.8,10.0,0.0,1.9379,3.3814
107,6.9,12.0,0.0,2.245,3.3879
108,7.1,10.0,0.0,2.2004,3.4008
109,4.4,6.0,0.0,1.4077,3.3344
110,5.6,9.0,0.0,1.8399,3.3197
111,5.1,9.0,0.0,1.7093,3.3535
112,4.4,6.0,0.0,1.3666,3.2741
113,4.7,8.0,0.0,1.519,3.3451
114,4.7,7.0,0.0,1.5419,3.261
115,3.7,7.0,0.0,1.261,3.3
116,4.6,7.0,0.0,1.5053,3.3158
117,5.2,8.0,0.0,1.6663,3.3224
118,4.0,6.0,0.0,1.2906,3.3106
119,3.0,5.0,0.0,1.0266,3.3352
120,3.2,4.0,0.0,1.0638,3.3125
121,3.6,5.0,0.0,1.1823,3.3476
122,3.8,7.0,0.0,1.2689,3.3453
123,3.0,4.0,0.0,0.9929,3.2202
124,3.9,8.0,0.0,1.3198,3.2738
125,5.2,7.0,0.0,1.6515,3.3829
126,3.2,4.0,0.0,1.0382,3.3443
127,4.0,6.0,0.0,1.2728,3.2965
128,4.3,7.0,0.0,1.4219,3.2542
129,3.7,6.0,0.0,1.2038,3.2512
130,4.0,5.0,0.0,1.3025,3.2146
131,3.6,5.0,0.0,1.1569,3.2297
132,4.1,6.0,0.0,1.306,3.3315
133,5.4,10.0,0.0,1.7322,3.2689
134,4.7,7.0,0.0,1.5645,3.3242
135,4.6,7.0,0.0,1.5222,3.2782
136,6.4,14.0,0.0,2.1643,3.3515
137,4.8,8.0,0.0,1.5274,3.3463
138,6.3,9.0,0.0,1.9743,3.3411
139,6.6,10.0,0.0,2.0102,3.3786
140,6.5,9.0,0.0,2.0591,3.3663
141,8.5,16.0,0.0,2.8082,3.2855
142,7.4,13.0,0.0,2.4019,3.3294
143,5.4,9.0,0.0,1.7685,3.3186
144,3.7,6.0,0.0,1.236,3.2286
145,5.6,9.0,0.0,1.7906,3.2899
146,3.6,5.0,0.0,1.191,3.2347
147,4.1,6.0,0.0,1.3409,3.2684
148,3.7,6.0,0.0,1.2387,3.2126
149,3.8,5.0,0.0,1.2349,3.2009
150,3.1,5.0,0.0,1.0798,3.1929
151,4.2,7.0,0.0,1.3559,3.2546
152,4.4,6.0,0.0,1.4047,3.2247
153,3.7,8.0,0.0,1.2653,3.3823
154,4.0,7.0,0.0,1.3616,3.42
155,4.1,8.0,0.0,1.3833,3.4735
156,5.3,7.0,0.0,1.6822,3.4794
157,5.5,8.0,0.0,1.7578,3.3204
158,4.9,10.0,0.0,1.619,3.3466
159,4.3,7.0,0.0,1.4431,3.3457
160,3.4,5.0,0.0,1.1402,3.3973
161,3.9,6.0,0.0,1.3259,3.3265
162,4.2,7.0,0.0,1.3295,3.2275
163,3.6,5.0,0.0,1.2643,3.4002
164,4.9,7.0,0.0,1.5888,3.3302
165,4.3,7.0,0.0,1.4134,3.3685
166,4.5,7.0,0.0,1.4333,3.4791
167,4.6,7.0,0.0,1.4863,3.503
168,3.6,6.0,0.0,1.1854,3.3772
169,6.2,10.0,0.0,1.9966,3.3925
170,4.9,7.0,0.0,1.5547,3.3681
171,4.4,7.0,0.0,1.4654,3.3518
172,5.2,7.0,0.0,1.6815,3.3898
173,5.4,9.0,0.0,1.6953,3.3681
174,5.3,9.0,0.0,1.6978,3.0819
175,4.2,6.0,0.0,1.393,3.128
176,5.2,7.0,0.0,1.6303,3.1624
177,4.9,8.0,0.0,1.6315,3.289
178,5.9,8.0,0.0,1.9365,3.3876
179,7.9,19.0,0.0,2.6946,3.5893
180,6.6,11.0,0.0,2.1811,3.2838
181,7.3,12.0,0.0,2.2709,3.2771
182,6.0,8.0,0.0,2.0045,3.2647
183,5.1,6.0,0.0,1.6936,3.2684
184,4.8,12.0,0.0,1.6882,3.265
185,5.2,8.0,0.0,1.6389,3.2515
186,4.9,7.0,0.0,1.6214,3.274
187,6.4,9.0,0.0,2.033,3.2561
188,4.5,8.0,0.0,1.4758,3.1456
189,5.5,10.0,0.0,1.8084,3.1226
190,3.4,6.0,0.0,1.2032,3.0983
191,4.2,10.0,0.0,1.4422,3.1318
192,3.0,5.0,0.0,1.0459,3.1626
193,4.3,5.0,0.0,1.3559,3.1832
194,3.3,4.0,0.0,1.0897,3.1538
195,3.8,7.0,0.0,1.3268,3.048
196,4.2,10.0,0.0,1.4525,3.1398
197,3.4,5.0,0.0,1.1522,3.1878
198,4.0,7.0,0.0,1.3177,3.1936
199,3.6,5.0,0.0,1.2139,3.1941
200,4.1,7.0,0.0,1.4001,3.2083
201,3.5,5.0,0.0,1.1569,3.2646
202,4.4,9.0,0.0,1.505,3.2628
203,5.4,8.0,0.0,1.7241,3.2585
204,4.6,7.0,0.0,1.5024,3.262
205,6.4,11.0,0.0,2.0516,3.3549
206,4.5,7.0,0.0,1.4957,3.1898
207,3.9,5.0,0.0,1.2859,3.2111
208,3.4,7.0,0.0,1.1567,3.2682
209,4.1,7.0,0.0,1.3791,3.241
210,5.6,8.0,0.0,1.8304,3.2653
211,5.6,9.0,0.0,1.8238,3.154
212,6.0,8.0,0.0,1.9354,3.2535
213,5.3,8.0,0.0,1.78,3.1725
214,4.2,8.0,0.0,1.372,3.1673
215,4.3,6.0,0.0,1.3778,3.1592
216,3.9,6.0,0.0,1.315,3.1344
217,4.8,9.0,0.0,1.5817,3.1347
218,5.0,11.0,0.0,1.6962,3.0576
219,4.6,8.0,0.0,1.5164,3.0808
220,3.8,5.0,0.0,1.3038,3.0431
221,3.4,4.0,0.0,1.1522,3.0713
222,3.8,5.0,0.0,1.2669,3.1305
223,6.1,12.0,0.0,2.0752,3.2972
224,5.5,8.0,0.0,1.7454,3.2482
225,6.2,25.0,0.0,2.6847,3.2173
226,7.3,17.0,0.0,2.5175,3.3298
227,5.2,7.0,0.0,1.6259,3.3086
228,5.5,8.0,0.0,1.6999,3.2347
229,6.7,15.0,0.0,2.2579,3.3114
230,5.7,10.0,0.0,1.8561,3.2543
231,5.2,10.0,0.0,1.6799,3.341
232,5.2,7.0,0.0,1.7725,3.2834
233,5.8,9.0,0.0,1.8189,3.3033
234,5.2,9.0,0.0,1.6402,3.3482
235,5.1,7.0,0.0,1.6459,3.2889
236,5.7,9.0,0.0,1.8552,3.2398
237,6.8,11.0,0.0,2.1811,3.3229
238,5.0,8.0,0.0,1.5906,3.3949
239,4.6,7.0,0.0,1.4959,3.4352
240,5.4,8.0,0.0,1.7843,3.2814
241,5.3,9.0,0.0,1.7571,3.211
242,6.1,11.0,0.0,1.8952,3.2546
243,5.3,7.0,0.0,1.6981,3.3927
244,5.8,11.0,0.0,1.926,3.351
245,5.5,8.0,0.0,1.7988,3.478
246,6.5,12.0,0.0,2.1642,3.4189
247,6.9,13.0,0.0,2.1703,3.415
248,7.9,17.0,0.0,2.6685,3.3309
249,6.1,11.0,0.0,2.017,3.2375
250,4.9,12.0,0.0,1.7222,3.195
251,3.9,6.0,0.0,1.2826,3.2017
252,5.2,8.0,0.0,1.6496,3.2997
253,5.9,8.0,0.0,1.8302,3.3401
254,3.8,5.0,0.0,1.2157,3.1301
255,3.9,5.0,0.0,1.2726,3.1999
256,5.0,8.0,0.0,1.6014,3.335
257,5.0,8.0,0.0,1.6362,3.3167
258,4.9,6.0,0.0,1.5667,3.2597
259,5.4,7.0,0.0,1.748,3.3392
260,5.5,7.0,0.0,1.7849,3.3234
261,4.4,6.0,0.0,1.3991,3.2975
262,5.4,9.0,0.0,1.7351,3.3642
263,5.9,9.0,0.0,1.8529,3.4372
264,5.9,11.0,0.0,1.9356,3.3177
265,3.3,5.0,0.0,1.0831,3.1866
266,5.3,8.0,0.0,1.7044,3.3335
267,6.5,11.0,0.0,2.1096,3.216
268,4.2,6.0,0.0,1.3483,3.1919
269,4.0,7.0,0.0,1.2904,3.3766
270,4.5,9.0,0.0,1.5184,3.3859
271,3.4,5.0,0.0,1.12,3.1306
272,4.1,8.0,0.0,1.4162,3.3773
273,4.1,10.0,0.0,1.466,3.3247
274,4.1,5.0,0.0,1.2764,3.0662
275,4.0,7.0,0.0,1.3477,3.0562
276,5.8,10.0,0.0,1.9052,3.1788
277,6.5,12.0,0.0,2.1176,3.2728
278,5.6,8.0,0.0,1.795,3.2632
279,6.6,9.0,0.0,2.0528,3.3086
280,5.7,13.0,0.0,1.9092,3.2313
281,5.0,7.0,0.0,1.6402,3.2634
282,5.4,7.0,0.0,1.7578,3.3329
283,6.7,10.0,0.0,2.0923,3.3115
284,4.1,5.0,0.0,1.3572,3.2863
285,6.8,16.0,0.0,2.2943,3.3191
286,4.8,8.0,0.0,1.6066,3.2901
287,6.6,17.0,0.0,2.3927,3.2986
288,6.1,11.0,0.0,1.9973,3.2459
289,5.3,7.0,0.0,1.7021,3.2278
290,5.1,8.0,0.0,1.6454,3.3029
291,5.8,14.0,0.0,1.9741,3.3406
292,6.0,14.0,0.0,2.0199,3.3884
293,5.7,8.0,0.0,1.8214,3.3471
294,5.0,9.0,0.0,1.6386,3.2351
295,5.3,7.0,0.0,1.7161,3.3022
296,4.8,8.0,0.0,1.534,3.3117
297,6.0,10.0,0.0,1.9333,3.334
298,4.8,6.0,0.0,1.4959,3.362
299,4.3,7.0,0.0,1.3975,3.3146
300,4.8,7.0,0.0,1.566,3.2421
301,4.8,7.0,0.0,1.5274,3.2496
302,4.9,7.0,0.0,1.5764,3.3151
303,5.5,9.0,0.0,1.7351,3.3021
304,5.6,10.0,0.0,1.7734,3.2722
305,5.9,8.0,0.0,1.8296,3.3038
306,5.9,10.0,0.0,1.8624,3.3681
307,4.5,7.0,0.0,1.4188,3.2255
308,6.2,8.0,0.0,2.0066,3.4769
309,5.7,8.0,0.0,1.7909,3.2763
310,4.7,6.0,0.0,1.5316,3.2917
311,6.6,12.0,0.0,2.1582,3.2901
312,5.6,10.0,0.0,1.8279,3.2375
313,5.7,8.0,0.0,1.7901,3.3729
314,4.1,6.0,0.0,1.3409,3.3139
315,4.7,7.0,0.0,1.5344,3.2836
316,6.4,9.0,0.0,2.0563,3.3758
317,4.1,8.0,0.0,1.3754,3.2282
318,4.5,7.0,0.0,1.434,3.2393
319,5.8,11.0,0.0,1.922,3.2528
320,5.3,11.0,0.0,1.7854,3.2887
321,5.9,10.0,0.0,1.9141,3.2833
322,10.7,20.0,0.0,3.4689,3.4011
323,9.7,16.0,0.0,3.0688,3.3976
324,6.2,13.0,0.0,2.061,3.6776
325,4.9,9.0,0.0,1.5762,3.2458
326,2.6,4.0,0.0,0.9013,3.2674
327,3.6,5.0,0.0,1.1915,3.2032
328,4.2,5.0,0.0,1.3638,3.2368
329,4.1,6.0,0.0,1.364,3.0537
330,5.8,11.0,0.0,1.8841,3.3099
331,3.4,5.0,0.0,1.0853,3.39
332,4.7,8.0,0.0,1.5183,3.2443
333,4.0,6.0,0.0,1.3771,3.1485
334,3.8,6.0,0.0,1.2366,3.0732
335,3.8,6.0,0.0,1.2563,3.1886
336,5.0,8.0,0.0,1.6401,3.207
337,5.2,10.0,0.0,1.7025,3.1609
338,4.7,8.0,0.0,1.569,3.2169
339,4.7,8.0,0.0,1.5012,3.2088
340,4.6,6.0,0.0,1.4925,3.2163
341,3.9,7.0,0.0,1.3268,3.1918
342,4.4,8.0,0.0,1.4163,3.1644
343,5.2,10.0,0.0,1.718,3.1545
344,4.6,8.0,0.0,1.5118,3.2076
345,4.7,7.0,0.0,1.4858,3.3544
346,3.9,6.0,0.0,1.2417,3.4487
347,5.5,13.0,0.0,2.0114,3.4556
348,4.8,6.0,0.0,1.4723,3.4118
349,5.9,8.0,0.0,1.852,3.5258
350,6.5,13.0,0.0,2.128,3.4344
351,5.2,9.0,0.0,1.6699,3.3919
352,5.2,8.0,0.0,1.6758,3.4498
353,5.4,9.0,0.0,1.7436,3.481
354,6.1,8.0,0.0,1.9098,3.4249
355,7.9,20.0,0.0,2.7649,3.2888
356,10.1,30.0,0.0,3.7237,3.428
357,16.2,29.0,0.0,5.2677,3.9683
358,14.7,18.0,0.0,4.5388,4.2363
359,19.0,29.0,0.0,5.8084,4.2871
360,16.6,24.0,0.0,4.9411,4.0036
361,19.0,33.0,0.0,5.7556,4.4038
362,23.5,35.0,0.0,7.0348,4.6481
363,23.0,40.0,0.0,7.0542,4.902
364,20.6,29.0,0.0,6.2515,4.8821
365,23.2,39.0,0.0,7.1406,5.0972
366,21.3,30.0,0.0,6.3136,4.7631
367,15.8,27.0,0.0,4.7707,4.6617
368,14.4,25.0,0.0,4.4354,4.0117
369,12.7,17.0,0.0,4.0337,4.0269
370,15.0,24.0,0.0,4.448,4.1328
371,16.2,23.0,0.0,4.9554,4.077
372,15.8,20.0,0.0,4.9244,4.0161
373,18.9,26.0,0.0,5.684,4.059
374,13.0,20.0,0.0,4.0448,3.631
375,16.9,25.0,0.0,5.0821,3.7245
376,15.6,26.0,0.0,4.8949,3.7489
377,15.3,20.0,0.0,4.7216,3.6512
378,13.0,21.0,0.0,3.9202,3.7216
379,16.6,28.0,0.0,5.1034,3.9335
380,17.2,33.0,0.0,5.3943,3.9082
381,13.6,20.0,0.0,4.1456,3.8007
382,16.2,21.0,0.0,4.9614,3.9079
383,15.5,25.0,0.0,4.74,3.8352
384,13.8,24.0,0.0,4.1883,3.7115
385,16.0,22.0,0.0,4.9699,3.7629
386,15.5,21.0,0.0,4.5757,3.7946
387,21.1,28.0,0.0,6.3558,4.0218
388,16.6,28.0,0.0,5.0237,3.936
389,19.5,26.0,0.0,5.9831,3.8997
390,14.3,19.0,0.0,4.4714,3.8392
391,15.8,24.0,0.0,4.7102,3.7982
392,16.4,26.0,0.0,5.0683,3.6394
393,13.2,17.0,0.0,3.9446,3.8564
394,16.2,26.0,0.0,5.0839,3.7074
395,15.9,25.0,0.0,4.9212,3.762
396,14.5,24.0,0.0,4.5599,3.8586
397,13.6,17.0,0.0,4.1069,3.7488
398,16.8,19.0,0.0,5.0072,3.8283
399,14.3,22.0,0.0,4.3742,3.6948
400,15.7,22.0,0.0,4.6427,3.605
401,13.0,18.0,0.0,3.9481,3.4867
402,11.2,23.0,0.0,3.599,3.5592
403,15.4,32.0,0.0,4.8807,3.6489
404,14.9,21.0,0.0,4.3643,3.7559
405,12.2,16.0,0.0,3.6197,3.7485
406,16.8,24.0,0.0,5.0276,3.939
407,13.7,16.0,0.0,4.456,3.9435
408,14.6,19.0,0.0,4.4152,3.7705
409,13.8,18.0,0.0,4.1185,3.7172
410,13.4,17.0,0.0,4.1488,3.7116
411,13.8,22.0,0.0,4.2446,3.7066
412,21.3,27.0,0.0,6.2287,3.9945
413,14.8,32.0,0.0,4.8826,3.6636
414,13.5,18.0,0.0,3.8556,3.8286
415,13.8,25.0,0.0,4.3604,3.6772
416,15.6,29.0,0.0,4.8854,3.7884
417,13.5,22.0,0.0,4.1571,3.7092
418,17.6,27.0,0.0,5.265,3.8577
419,13.4,20.0,0.0,4.111,3.651
420,11.9,19.0,0.0,3.604,3.6952
421,12.7,18.0,0.0,3.8344,3.664
422,11.0,17.0,0.0,3.3476,3.4917
423,14.1,17.0,0.0,4.1788,3.6589
424,15.1,27.0,0.0,4.7174,3.9657
425,19.8,34.0,0.0,6.1941,3.9472
426,13.5,20.0,0.0,4.1959,3.6385
427,12.9,17.0,0.0,3.9611,3.4893
428,14.7,21.0,0.0,4.3965,3.8062
429,14.8,22.0,0.0,4.6016,3.8027
430,14.3,19.0,0.0,4.1624,3.8448
431,18.5,28.0,0.0,5.6366,3.905
432,16.4,25.0,0.0,4.9012,4.0584
433,17.5,37.0,0.0,5.7104,3.8681
434,12.0,20.0,0.0,3.7521,3.6168
435,8.1,19.0,0.0,2.7327,3.4924
436,9.7,16.0,0.0,3.0077,3.5794
437,11.6,19.0,0.0,3.5944,3.6997
438,9.2,16.0,0.0,2.9532,3.5214
439,4.5,7.0,0.0,1.4676,3.2653
440,4.6,8.0,0.0,1.4975,3.3354
441,4.1,6.0,0.0,1.3113,3.3196
442,3.7,5.0,0.0,1.2164,3.3481
443,4.8,8.0,0.0,1.5835,3.3369
444,4.8,7.0,0.0,1.5702,3.1732
445,4.0,6.0,0.0,1.3598,3.1907
446,4.2,6.0,0.0,1.3675,3.165
447,5.5,10.0,0.0,1.8913,3.2728
448,4.3,7.0,0.0,1.4245,3.1238
449,5.5,9.0,0.0,1.7988,3.2655
450,5.6,11.0,0.0,1.8388,3.3015
451,5.2,6.0,0.0,1.5644,3.3048
452,7.1,16.0,0.0,2.3819,3.5436
453,5.7,8.0,0.0,1.7992,3.4003
454,7.6,10.0,0.0,2.3125,3.462
455,7.9,10.0,0.0,2.4748,3.4255
456,4.9,7.0,0.0,1.5627,3.2143
457,7.1,11.0,0.0,2.2511,3.2728
458,4.9,8.0,0.0,1.6018,3.1887
459,5.3,9.0,0.0,1.7797,3.2577
460,6.6,9.0,0.0,2.042,3.1768
461,11.7,23.0,0.0,3.8321,3.5189
462,16.5,20.0,0.0,5.1499,4.1857
463,19.5,25.0,0.0,5.8327,4.3928
464,17.4,21.0,0.0,5.2419,4.3336
465,23.4,43.0,0.0,7.3919,4.435
466,16.2,34.0,0.0,4.928,4.1009
467,15.2,21.0,0.0,4.6755,3.8191
468,12.4,27.0,0.0,4.0853,3.5938
469,11.9,15.0,0.0,3.52,3.5764
470,13.3,18.0,0.0,4.0181,3.8539
471,9.1,18.0,0.0,2.9859,3.5625
472,9.3,17.0,0.0,2.9909,3.5609
473,11.8,27.0,0.0,3.8012,3.6536
474,6.0,8.0,0.0,1.7949,3.3126
475,4.9,6.0,0.0,1.5537,3.3665
476,5.0,8.0,0.0,1.583,3.3739
477,4.5,7.0,0.0,1.4202,3.1835
478,4.7,7.0,0.0,1.505,3.101
479,4.0,7.0,0.0,1.3831,3.288
480,3.1,6.0,0.0,1.0989,3.1825
481,4.1,6.0,0.0,1.3393,3.0938
482,3.6,6.0,0.0,1.1988,3.3363
483,3.5,5.0,0.0,1.183,3.364
484,3.7,7.0,0.0,1.2561,3.2713
485,3.3,5.0,0.0,1.0963,3.2714
486,4.2,10.0,0.0,1.4851,3.3471
487,4.7,7.0,0.0,1.4678,3.4369
488,6.3,15.0,0.0,2.188,3.4696
489,6.8,14.0,0.0,2.2271,3.3146
490,11.0,22.0,0.0,3.5745,3.6397
491,18.6,31.0,0.0,5.7371,3.7801
492,17.8,23.0,0.0,5.5242,4.0126
493,13.2,20.0,0.0,4.0944,3.6871
494,14.2,44.0,0.0,5.199,3.8647
495,11.6,18.0,0.0,3.5226,3.789
496,18.4,31.0,0.0,5.7718,3.9443
497,21.0,41.0,0.0,6.5842,4.3616
498,19.8,35.0,0.0,6.2143,5.0018
499,21.9,43.0,0.0,6.7861,4.9563
500,24.0,32.0,0.0,7.1765,4.9892
501,24.1,39.0,0.0,7.4742,5.0183
502,26.3,41.0,0.0,7.8751,5.0132
503,27.1,51.0,0.0,8.1509,5.3288
504,24.8,42.0,0.0,7.4302,5.0834
505,24.4,42.0,0.0,7.2994,4.8246
506,18.8,26.0,0.0,5.6868,4.5422
507,16.4,21.0,0.0,5.0498,4.5935
508,10.8,19.0,0.0,3.2442,3.9322
509,16.8,33.0,0.0,5.351,3.9048
510,7.4,10.0,0.0,2.3937,3.4759
511,5.0,7.0,0.0,1.5906,3.2785
512,4.0,5.0,0.0,1.3563,3.2529
513,3.5,5.0,0.0,1.2285,3.2598
514,3.4,6.0,0.0,1.2058,3.2075
515,5.1,10.0,0.0,1.7035,3.2092
516,3.9,5.0,0.0,1.3167,3.1728
517,4.0,5.0,0.0,1.3115,3.1996
518,3.3,5.0,0.0,1.0648,3.2195
519,2.3,3.0,0.0,0.8282,3.1789
520,3.5,4.0,0.0,1.1948,3.2047
521,4.2,6.0,0.0,1.3674,3.2846
522,3.9,6.0,0.0,1.3219,3.4015
523,4.3,7.0,0.0,1.3908,3.4645
524,4.7,8.0,0.0,1.5861,3.5652
525,5.0,10.0,0.0,1.671,3.4831
526,7.0,11.0,0.0,2.263,3.7215
527,4.8,7.0,0.0,1.5338,3.4391
528,5.7,9.0,0.0,1.7741,3.5123
529,5.5,9.0,0.0,1.8154,3.3426
530,4.2,8.0,0.0,1.4098,3.372
531,3.6,5.0,0.0,1.1357,3.361
532,3.5,5.0,0.0,1.1319,3.1717
533,4.4,6.0,0.0,1.3632,3.2697
534,3.9,6.0,0.0,1.2842,3.3161
535,4.5,6.0,0.0,1.429,3.2342
536,4.2,10.0,0.0,1.4925,3.2998
537,4.3,7.0,0.0,1.4318,3.4489
538,4.1,6.0,0.0,1.3032,3.291
539,3.8,4.0,0.0,1.2207,3.33
540,5.2,13.0,0.0,1.7959,3.4206
541,4.2,6.0,0.0,1.3351,3.3158
542,4.5,8.0,0.0,1.4933,3.3642
543,5.6,8.0,0.0,1.7685,3.4618
544,4.1,7.0,0.0,1.3444,3.2217
545,4.1,8.0,0.0,1.3637,3.2256
546,4.1,9.0,0.0,1.3836,3.1929
547,4.1,6.0,0.0,1.2963,3.3436
548,4.0,8.0,0.0,1.3672,3.4188
549,4.2,7.0,0.0,1.3559,3.4569
550,4.0,5.0,0.0,1.3666,3.4169
551,4.7,7.0,0.0,1.6271,3.2259
552,3.5,5.0,0.0,1.1832,3.1707
553,4.9,6.0,0.0,1.6733,3.3913
554,4.8,7.0,0.0,1.5924,3.2894
555,6.0,9.0,0.0,1.8892,3.4821
556,5.1,11.0,0.0,1.7685,3.3138
557,6.7,18.0,0.0,2.3514,3.4365
558,5.9,9.0,0.0,1.904,3.4663
559,5.7,8.0,0.0,1.7528,3.5231
560,4.0,7.0,0.0,1.3032,3.401
561,4.0,6.0,0.0,1.3565,3.2459
562,4.7,8.0,0.0,1.5568,3.4229
563,5.7,9.0,0.0,1.7837,3.423
564,5.1,7.0,0.0,1.5911,3.4511
565,5.8,10.0,0.0,1.8465,3.6405
566,6.4,9.0,0.0,2.0173,3.4334
567,6.3,14.0,0.0,2.1278,3.2445
568,6.0,8.0,0.0,1.9019,3.3918
569,5.5,11.0,0.0,1.8281,3.303
570,5.6,8.0,0.0,1.8014,3.2936
571,3.9,6.0,0.0,1.2963,3.1808
572,4.9,11.0,0.0,1.6988,3.2344
573,4.1,7.0,0.0,1.4553,3.2043
574,4.2,7.0,0.0,1.3892,3.5073
575,3.8,6.0,0.0,1.386,3.1683
576,3.6,5.0,0.0,1.2206,3.1424
577,4.5,7.0,0.0,1.489,3.2915
578,3.8,6.0,0.0,1.243,3.2946
579,3.3,5.0,0.0,1.1056,3.3371
580,5.2,10.0,0.0,1.7246,3.4576
581,5.0,7.0,0.0,1.6111,3.4304
582,4.7,7.0,0.0,1.5124,3.485
583,5.0,8.0,0.0,1.6271,3.545
584,5.1,6.0,0.0,1.5811,4.1293
585,5.4,12.0,0.0,1.8116,3.3159
586,5.1,10.0,0.0,1.6879,3.2819
587,6.8,12.0,0.0,2.1461,3.3377
588,6.0,9.0,0.0,1.8615,3.2692
589,5.0,6.0,0.0,1.6279,3.2879
590,7.8,9.0,0.0,2.4327,3.416
591,5.1,9.0,0.0,1.6704,3.297
592,4.6,6.0,0.0,1.4016,3.1989
593,6.0,13.0,0.0,2.0243,3.1832
594,4.8,6.0,0.0,1.5001,3.2509
595,4.5,5.0,0.0,1.4823,3.2276
596,5.5,9.0,0.0,1.7892,3.2259
597,4.7,6.0,0.0,1.527,3.3628
598,4.7,11.0,0.0,1.6901,3.5366
599,3.6,6.0,0.0,1.1653,3.4834
600,4.0,6.0,0.0,1.2767,3.4112
601,4.4,7.0,0.0,1.4302,3.5115
602,6.1,12.0,0.0,1.9882,3.4704
603,7.2,11.0,0.0,2.3259,3.3357
604,7.3,16.0,0.0,2.5088,3.2246
605,6.5,9.0,0.0,2.0112,3.4109
606,6.6,12.0,0.0,2.1798,3.375
607,6.7,11.0,0.0,2.1104,3.3724
608,7.3,13.0,0.0,2.2569,3.4703
609,6.4,13.0,0.0,2.1278,3.5211
610,6.0,10.0,0.0,1.9096,3.7572
611,4.6,8.0,0.0,1.5146,3.4959
612,5.4,11.0,0.0,1.7601,3.4558
613,7.2,15.0,0.0,2.4629,3.6191
614,6.6,12.0,0.0,2.1225,3.7215
615,6.9,10.0,0.0,2.2377,3.5204
616,7.2,16.0,0.0,2.3974,3.4421
617,7.9,12.0,0.0,2.4936,3.5353
618,5.5,7.0,0.0,1.7389,3.3773
619,6.0,10.0,0.0,1.8841,3.4206
620,4.9,8.0,0.0,1.618,3.3531
621,5.5,9.0,0.0,1.7378,3.2696
622,4.6,6.0,0.0,1.4697,3.2548
623,4.6,6.0,0.0,1.4273,3.2014
624,4.7,7.0,0.0,1.485,3.5188
625,4.4,7.0,0.0,1.4177,3.5089
626,4.0,7.0,0.0,1.3185,3.3396
627,5.3,14.0,0.0,1.8745,3.584
628,5.8,9.0,0.0,1.8843,3.3792
629,5.1,9.0,0.0,1.7301,3.4446
630,4.7,7.0,0.0,1.525,3.2608
631,6.2,8.0,0.0,1.9854,3.2418
632,7.8,13.0,0.0,2.4441,3.4126
633,8.2,27.0,0.0,3.1623,3.3126
634,6.3,21.0,0.0,2.4765,3.3286
635,6.8,10.0,0.0,2.1187,3.3129
636,8.4,21.0,0.0,2.8217,3.3569
637,5.5,8.0,0.0,1.7192,3.2628
638,6.0,9.0,0.0,1.8894,3.2704
639,5.5,9.0,0.0,1.7054,3.2586
640,5.7,9.0,0.0,1.8378,3.5181
641,5.3,6.0,0.0,1.7219,3.3838
642,5.6,7.0,0.0,1.7601,3.6304
643,5.1,9.0,0.0,1.7113,3.5572
644,7.0,13.0,0.0,2.2399,3.3829
645,6.6,9.0,0.0,2.1104,3.4175
646,5.8,8.0,0.0,1.7635,3.2688
647,5.9,19.0,0.0,2.2517,3.306
648,6.5,11.0,0.0,2.1036,3.2564
649,4.8,9.0,0.0,1.6284,3.2325
650,5.3,8.0,0.0,1.6632,3.3873
651,4.8,7.0,0.0,1.5055,3.261
652,4.4,5.0,0.0,1.3918,3.2011
653,5.6,10.0,0.0,1.7633,3.4536
654,4.6,6.0,0.0,1.4957,3.2525
655,5.7,11.0,0.0,1.8178,3.2344
656,4.2,7.0,0.0,1.4284,3.2219
657,4.9,7.0,0.0,1.5431,3.1399
658,4.3,7.0,0.0,1.3964,3.1411
659,3.5,4.0,0.0,1.0861,3.13
660,3.5,6.0,0.0,1.2083,3.1238
661,4.0,6.0,0.0,1.315,3.2535
662,3.8,6.0,0.0,1.364,3.5435
663,5.6,10.0,0.0,1.7257,3.6499
664,6.2,10.0,0.0,1.955,3.435
665,6.4,15.0,0.0,2.2261,3.5327
666,6.9,10.0,0.0,2.2198,3.8233
667,7.2,10.0,0.0,2.4037,3.862
668,7.2,12.0,0.0,2.2495,3.7878
669,5.9,9.0,0.0,1.7664,3.7647
670,6.1,10.0,0.0,1.9345,3.7644
671,5.1,7.0,0.0,1.6,3.7303
672,7.3,17.0,0.0,2.5,3.7275
673,5.9,9.0,0.0,1.8302,3.4795
674,6.4,10.0,0.0,1.969,3.5227
675,7.3,11.0,0.0,2.1921,3.3456
676,7.2,11.0,0.0,2.2628,3.5337
677,7.7,20.0,0.0,2.6598,3.5427
678,12.9,20.0,0.0,4.0578,3.7698
679,23.3,30.0,0.0,7.1219,4.893
680,21.1,26.0,0.0,6.1714,4.6927
681,22.9,28.0,0.0,6.9026,4.916
682,22.9,29.0,0.0,6.5361,4.7221
683,21.7,33.0,0.0,6.3293,4.8412
684,24.4,28.0,0.0,7.4505,5.5135
685,23.3,31.0,0.0,6.9227,4.7407
686,20.7,28.0,0.0,6.2696,4.261
687,16.9,23.0,0.0,5.0323,3.9538
688,21.7,32.0,0.0,6.567,4.3232
689,17.8,25.0,0.0,5.4112,4.1112
690,16.8,21.0,0.0,5.004,3.9674
691,13.3,17.0,0.0,4.2156,3.8669
692,11.8,15.0,0.0,3.4947,3.9268
693,11.4,19.0,0.0,3.5774,3.9446
694,16.3,25.0,0.0,4.9799,4.4405
695,17.0,26.0,0.0,5.2249,4.1086
696,12.4,18.0,0.0,3.6851,4.0253
697,11.3,18.0,0.0,3.4654,3.8666
698,14.8,28.0,0.0,4.6533,4.0584
699,16.7,28.0,0.0,5.3112,3.9182
700,22.7,35.0,0.0,6.7755,4.7307
701,18.3,21.0,0.0,5.3189,4.6441
702,20.7,35.0,0.0,5.9291,4.9928
703,19.2,31.0,0.0,5.3572,4.661
704,23.0,41.0,0.0,6.8201,4.5082
705,26.4,42.0,0.0,7.713,4.7976
706,20.6,29.0,0.0,5.773,4.9045
707,22.7,37.0,0.0,6.5444,5.066
708,22.2,37.0,0.0,6.5178,4.8057
709,21.1,28.0,0.0,5.8958,5.062
710,18.6,25.0,0.0,5.2387,4.86
711,20.7,29.0,0.0,5.9385,4.8726
712,19.9,37.0,0.0,5.7059,4.8868
713,16.6,33.0,0.0,4.8499,4.4528
714,15.0,18.0,0.0,4.1882,4.4856
715,14.7,20.0,0.0,4.0483,4.5905
716,14.3,20.0,0.0,4.0704,4.0821
717,12.9,18.0,0.0,3.5724,4.5341
718,16.9,22.0,0.0,4.8216,4.705
719,23.7,39.0,0.0,6.6556,5.1789
720,25.0,45.0,0.0,7.4987,5.8155
721,24.5,33.0,0.0,6.7449,5.1615
722,23.8,31.0,0.0,6.5605,5.495
723,29.9,41.0,0.0,8.7991,6.0962
724,29.2,39.0,0.0,8.2313,6.2347
725,26.6,34.0,0.0,7.5975,5.8931
726,26.1,35.0,0.0,7.9396,5.4647
727,21.3,31.0,0.0,6.0368,4.5778
728,22.0,47.0,0.0,6.9642,4.5091
729,17.9,28.0,0.0,5.5542,4.4343
730,13.1,23.0,0.0,4.1799,4.0642
731,18.5,34.0,0.0,5.8117,4.0268
732,16.3,29.0,0.0,5.1684,4.3135
733,17.1,22.0,0.0,5.1607,4.0529
734,15.2,25.0,0.0,4.5662,4.4822
735,17.5,23.0,0.0,5.3618,4.4889
736,21.0,45.0,0.0,6.529,4.6554
737,21.6,37.0,0.0,6.8468,4.6872
738,22.8,31.0,0.0,6.7023,5.1631
739,18.2,28.0,0.0,5.7021,4.4481
740,22.0,31.0,0.0,6.742,5.0177
741,20.6,30.0,0.0,6.3677,4.609
742,16.7,23.0,0.0,5.1037,4.1557
743,24.0,33.0,0.0,7.3452,4.4623
744,17.4,34.0,0.0,5.5633,4.2995
745,21.4,35.0,0.0,6.5673,4.5145
746,20.1,32.0,0.0,6.2962,4.1813
747,20.8,34.0,0.0,6.4734,4.3864
748,22.2,36.0,0.0,6.7535,4.2691
749,23.6,41.0,0.0,7.5101,4.5389
750,20.9,28.0,0.0,6.2177,4.2966
751,26.5,36.0,0.0,8.1334,4.6341
752,28.3,36.0,0.0,8.363,5.0286
753,25.3,38.0,0.0,7.4287,4.4664
754,26.4,36.0,0.0,8.1152,4.7187
755,31.1,38.0,0.0,9.4449,5.3158
756,30.3,48.0,0.0,9.0589,5.3914
757,31.3,53.0,0.0,9.6462,5.6539
758,35.7,40.0,0.0,10.4235,5.1951
759,36.4,48.0,0.0,10.8779,5.5914
760,38.9,48.0,0.0,11.2963,5.6792
761,39.0,44.0,0.0,12.4924,6.2961
762,32.0,37.0,0.0,9.5477,5.5754
763,32.1,43.0,0.0,9.2302,5.5667
764,31.4,48.0,0.0,9.4654,5.2436
765,25.3,39.0,0.0,7.8536,4.8327
766,22.1,30.0,0.0,6.634,4.4724
767,19.6,32.0,0.0,5.8238,4.1351
768,18.2,25.0,0.0,5.2649,4.2747
769,16.4,29.0,0.0,4.8026,3.9834
770,13.8,22.0,0.0,4.1009,4.1237
771,20.7,32.0,0.0,6.1176,4.0725
772,18.0,25.0,0.0,5.5991,3.9146
773,17.9,29.0,0.0,5.5131,3.8002
774,18.6,27.0,0.0,5.681,3.6876
775,16.0,23.0,0.0,4.885,3.8836
776,22.2,31.0,0.0,6.6484,4.1854
777,24.2,30.0,0.0,6.946,4.8804
778,24.0,30.0,0.0,7.1454,4.7047
779,23.2,27.0,0.0,6.9094,4.5507
780,30.4,44.0,0.0,9.0236,4.9208
781,22.9,30.0,0.0,6.7057,4.8485
782,21.5,31.0,0.0,6.1782,4.9336
783,20.3,34.0,0.0,5.8521,4.879
784,19.3,33.0,0.0,5.5322,4.9108
785,21.5,49.0,0.0,6.8395,4.3443
786,17.6,24.0,0.0,5.1692,4.5918
787,23.1,38.0,0.0,6.7969,4.845
788,22.2,30.0,0.0,6.2835,4.7652
789,21.0,27.0,0.0,6.0248,4.5199
790,20.4,41.0,0.0,6.3032,4.4764
791,19.1,25.0,0.0,5.7049,4.5359
792,21.0,35.0,0.0,6.4775,4.564
793,18.9,32.0,0.0,5.7272,4.5002
794,17.6,27.0,0.0,5.0902,4.1491
795,16.9,24.0,0.0,5.0807,4.0522
796,14.7,20.0,0.0,4.3645,3.7149
797,15.1,23.0,0.0,4.4721,4.0271
798,15.2,22.0,0.0,4.5008,3.8667
799,13.8,18.0,0.0,4.1361,3.8916
800,17.8,19.0,0.0,5.3011,4.2312
801,16.1,23.0,0.0,4.8734,4.0218
802,16.3,21.0,0.0,4.7652,4.5037
803,15.9,21.0,0.0,4.6787,3.9646
804,17.2,24.0,0.0,4.9839,4.0723
805,15.5,29.0,0.0,4.8676,4.0047
806,18.0,24.0,0.0,5.2684,4.5173
807,17.3,22.0,0.0,5.0161,4.4064
808,18.2,35.0,0.0,5.5176,4.5009
809,18.4,23.0,0.0,5.4134,4.4931
810,17.5,24.0,0.0,5.2714,4.2704
811,15.1,27.0,0.0,4.6784,3.9152
812,15.7,23.0,0.0,4.6804,4.0815
813,14.7,20.0,0.0,4.444,3.9102
814,10.1,13.0,0.0,3.1668,3.8394
815,15.0,24.0,0.0,4.6348,3.8535
816,13.7,21.0,0.0,4.1117,3.8235
817,15.8,28.0,0.0,5.0505,3.8635
818,12.9,19.0,0.0,3.9514,3.7587
819,14.2,24.0,0.0,4.3895,3.8692
820,14.1,21.0,0.0,4.2173,3.8021
821,10.7,16.0,0.0,3.1372,3.7376
822,12.7,18.0,0.0,3.787,3.7785
823,13.8,23.0,0.0,4.1701,3.6934
824,16.6,25.0,0.0,4.9685,3.8558
825,14.6,18.0,0.0,4.4884,3.8123
826,15.0,24.0,0.0,4.4208,3.8069
827,12.7,24.0,0.0,3.8134,3.6273
828,13.8,24.0,0.0,4.1696,3.8156
829,15.2,22.0,0.0,4.5354,3.8388
830,13.7,22.0,0.0,4.0697,3.7462
831,19.0,28.0,0.0,5.7199,3.9443
832,13.0,18.0,0.0,3.8821,3.9934
833,15.3,24.0,0.0,4.7321,3.8094
834,13.1,23.0,0.0,4.112,3.7462
835,13.8,28.0,0.0,4.4508,3.6753
836,13.6,20.0,0.0,4.1602,3.928
837,17.9,23.0,0.0,5.3169,3.8804
838,11.2,14.0,0.0,3.5614,3.5638
839,14.1,20.0,0.0,4.4675,3.7562
840,15.1,27.0,0.0,4.9159,3.6976
841,17.5,45.0,0.0,6.2339,3.5071
842,18.4,29.0,0.0,5.5094,3.7525
843,15.9,22.0,0.0,4.9629,3.8336
844,14.0,22.0,0.0,4.3035,3.77
845,17.3,24.0,0.0,5.2809,3.9328
846,15.8,37.0,0.0,5.2522,3.8714
847,9.7,19.0,0.0,3.1444,3.5068
848,10.8,16.0,0.0,3.3157,3.6171
849,9.7,15.0,0.0,3.0931,3.5291
850,22.2,28.0,0.0,7.1418,4.2443
851,24.3,30.0,0.0,7.521,4.3917
852,24.2,46.0,0.0,7.6679,4.7524
853,20.4,32.0,0.0,6.0033,4.5421
854,23.9,41.0,0.0,7.2917,4.9496
855,22.9,36.0,0.0,6.8711,4.9499
856,24.4,35.0,0.0,7.163,4.7923
857,19.1,30.0,0.0,5.8097,4.1707
858,19.9,35.0,0.0,5.9815,4.4761
859,17.5,26.0,0.0,5.2161,4.3324
860,18.5,40.0,0.0,5.8658,4.4122
861,23.1,34.0,0.0,6.9277,4.7648
862,19.7,31.0,0.0,5.9965,4.3467
863,19.3,42.0,0.0,6.363,4.1007
864,17.9,23.0,0.0,5.5127,4.1561
865,19.9,27.0,0.0,6.004,4.116
866,14.7,22.0,0.0,4.5629,3.9927
867,17.8,30.0,0.0,5.5679,3.9641
868,18.8,27.0,0.0,5.6608,4.3432
869,17.8,26.0,0.0,5.374,4.2635
870,20.4,31.0,0.0,6.1501,4.4002
871,15.0,26.0,0.0,4.5888,3.9511
872,12.4,21.0,0.0,4.0185,3.761
873,13.3,19.0,0.0,3.9403,3.9305
874,12.4,16.0,0.0,3.753,3.6932
875,13.4,17.0,0.0,3.9184,3.7829
876,13.1,27.0,0.0,4.0838,4.0671
877,10.5,12.0,0.0,3.0097,4.0476
878,15.4,18.0,0.0,4.7146,4.1659
879,12.6,17.0,0.0,3.9039,4.0411
880,12.9,19.0,0.0,3.9026,4.0513
881,15.2,25.0,0.0,4.8621,3.8886
882,15.0,22.0,0.0,4.4779,3.7617
883,17.9,27.0,0.0,5.5508,3.9144
884,15.2,19.0,0.0,4.5456,3.8378
885,12.0,22.0,0.0,3.8187,3.6383
886,14.0,25.0,0.0,4.5177,3.88
887,14.4,20.0,0.0,4.4679,4.0975
888,14.9,24.0,0.0,4.3531,4.0843
889,15.3,21.0,0.0,4.6426,3.9638
890,13.2,20.0,0.0,3.9047,4.1855
891,17.8,31.0,0.0,5.529,4.0163
892,13.6,22.0,0.0,3.9742,3.761
893,15.0,22.0,0.0,4.4602,3.8427
894,14.9,25.0,0.0,4.7356,3.8233
895,15.9,26.0,0.0,4.8218,3.8538
896,13.5,17.0,0.0,4.0341,3.8239
897,11.0,17.0,0.0,3.3909,3.5746
898,12.8,16.0,0.0,4.0186,3.7679
899,12.5,23.0,0.0,4.0249,3.6764
900,10.0,15.0,0.0,3.1708,3.7572
901,11.0,16.0,0.0,3.2665,3.6223
902,12.9,18.0,0.0,3.8144,3.7042
903,14.1,33.0,0.0,4.5997,3.9572
904,13.5,19.0,0.0,4.0596,3.5042
905,15.8,24.0,0.0,4.8359,3.808
906,15.5,32.0,0.0,5.1006,3.8126
907,18.6,30.0,0.0,6.0382,4.0598
908,18.2,30.0,0.0,5.8959,4.0614
909,20.0,26.0,0.0,6.2948,4.3648
910,14.0,22.0,0.0,4.3806,3.8165
911,13.5,23.0,0.0,4.2308,4.1064
912,15.6,20.0,0.0,4.7778,4.6439
913,23.8,43.0,0.0,7.4357,4.8464
914,26.4,49.0,0.0,8.431,4.9766
915,27.8,50.0,0.0,8.5042,4.6221
916,18.5,42.0,0.0,6.0539,4.0991
917,19.4,29.0,0.0,5.9403,4.0629
918,16.5,35.0,0.0,5.1692,3.8848
919,17.6,28.0,0.0,5.4584,3.9623
920,20.3,40.0,0.0,6.4468,4.1066
921,15.7,27.0,0.0,4.7943,4.2377
922,20.6,28.0,0.0,6.2317,4.7303
923,18.3,26.0,0.0,5.3361,4.5029
924,22.0,43.0,0.0,7.0914,4.3505
925,20.3,39.0,0.0,6.1444,4.5384
926,25.6,44.0,0.0,7.921,4.3597
927,22.8,37.0,0.0,7.174,4.2605
928,16.5,29.0,0.0,5.1917,4.0595
929,17.6,28.0,0.0,5.507,4.1458
930,16.4,24.0,0.0,4.9251,4.0355
931,17.2,31.0,0.0,5.5008,4.0326
932,9.8,16.0,0.0,3.0676,3.5685
933,12.2,20.0,0.0,3.883,3.6848
934,20.8,29.0,0.0,6.5564,4.1015
935,19.7,27.0,0.0,5.8769,4.2867
936,23.6,39.0,0.0,6.9732,4.5344
937,23.4,42.0,0.0,7.0149,4.8793
938,25.1,33.0,0.0,7.3258,4.8989
939,18.3,26.0,0.0,5.2621,4.3289
940,13.9,21.0,0.0,4.3102,3.9853
941,15.1,25.0,0.0,4.6827,3.8632
942,8.3,13.0,0.0,2.5221,3.4176
943,5.0,7.0,0.0,1.588,3.3776
944,4.3,6.0,0.0,1.4457,3.1739
945,5.0,7.0,0.0,1.5868,3.256
946,4.7,6.0,0.0,1.4944,3.297
947,7.0,8.0,0.0,2.2309,3.5407
948,4.3,7.0,0.0,1.4242,3.4492
949,4.5,8.0,0.0,1.4678,3.4658
950,3.5,5.0,0.0,1.1047,3.3108
951,4.0,6.0,0.0,1.2609,3.3025
952,4.6,7.0,0.0,1.4881,3.3255
953,4.1,5.0,0.0,1.3444,3.2763
954,4.2,8.0,0.0,1.4007,3.2631
955,7.3,20.0,0.0,2.5812,3.4021
956,5.3,8.0,0.0,1.6606,3.3372
957,4.9,6.0,0.0,1.5835,3.2924
958,7.7,12.0,0.0,2.4499,3.3752
959,7.9,15.0,0.0,2.5179,3.5151
960,6.5,11.0,0.0,1.9078,3.639
961,5.2,6.0,0.0,1.6486,3.3739
962,5.6,7.0,0.0,1.7567,3.3374
963,4.4,6.0,0.0,1.3675,3.294
964,4.1,6.0,0.0,1.3637,3.2698
965,3.7,6.0,0.0,1.2767,3.2335
966,4.9,10.0,0.0,1.6796,3.2702
967,4.4,7.0,0.0,1.4486,3.2252
968,3.5,4.0,0.0,1.1823,3.1989
969,4.9,6.0,0.0,1.6032,3.2499
970,5.0,7.0,0.0,1.5835,3.1983
971,5.4,8.0,0.0,1.7436,3.4253
972,7.1,11.0,0.0,2.265,3.4779
973,13.0,24.0,0.0,4.2764,3.6613
974,27.8,48.0,0.0,8.758,4.7883
975,22.5,40.0,0.0,6.9698,4.7005
976,20.6,33.0,0.0,6.1758,4.7287
977,18.0,34.0,0.0,5.4883,4.0206
978,18.4,27.0,0.0,5.4773,4.7196
979,26.9,46.0,0.0,7.919,5.0313
980,19.0,24.0,0.0,5.5815,4.4091
981,19.1,25.0,0.0,5.6097,4.3955
982,14.6,24.0,0.0,4.2887,3.9793
983,6.7,9.0,0.0,2.1393,3.4101
984,5.2,7.0,0.0,1.592,3.3658
985,5.6,10.0,0.0,1.8325,3.1842
986,5.4,9.0,0.0,1.8005,3.2129
987,13.5,28.0,0.0,4.4639,3.6442
988,21.2,34.0,0.0,6.5628,3.965
989,24.2,41.0,0.0,7.6161,4.2548
990,23.2,29.0,0.0,7.155,4.4405
991,28.1,38.0,0.0,8.1231,5.0383
992,27.2,32.0,0.0,8.2952,5.1064
993,21.3,26.0,0.0,6.6168,4.8983
994,23.8,33.0,0.0,7.322,4.3652
995,12.6,32.0,0.0,4.3051,3.7223
996,5.8,13.0,0.0,2.0274,3.4013
997,4.5,9.0,0.0,1.4919,3.3013
998,8.7,19.0,0.0,3.0467,3.4591
999,12.0,25.0,0.0,3.815,3.7288
1000,12.2,17.0,0.0,3.6416,3.7164
1001,12.8,18.0,0.0,3.8117,3.7762
1002,15.6,25.0,0.0,4.827,3.651
1003,10.3,15.0,0.0,3.2828,3.5634
1004,18.8,35.0,0.0,5.8249,3.5729
1005,10.9,17.0,0.0,3.5903,3.4271
1006,13.2,27.0,0.0,4.155,3.534
1007,15.0,19.0,0.0,4.5374,3.5297
1008,13.2,17.0,0.0,3.9438,3.5446
1009,16.3,24.0,0.0,4.7558,3.7774
1010,22.2,31.0,0.0,6.5742,4.3608
1011,16.1,24.0,0.0,4.8711,4.2096
1012,16.8,24.0,0.0,4.9842,4.3804
1013,16.8,26.0,0.0,4.9879,4.3521
1014,25.9,39.0,0.0,7.8605,4.7934
1015,22.5,29.0,0.0,6.4574,4.7826
1016,20.5,27.0,0.0,6.0034,4.6378
1017,16.3,20.0,0.0,4.8861,4.2791
1018,20.7,27.0,0.0,5.9661,4.2981
1019,15.7,25.0,0.0,4.672,4.2278
1020,15.5,31.0,0.0,4.7297,4.0878
1021,12.8,16.0,0.0,3.7545,4.214
1022,15.1,27.0,0.0,4.6805,4.4091
1023,12.8,16.0,0.0,3.6997,4.2059
1024,19.4,36.0,0.0,5.8263,4.4681
1025,16.4,22.0,0.0,4.7683,4.398
1026,19.7,26.0,0.0,5.4394,4.5148
1027,18.6,36.0,0.0,5.6742,4.3245
1028,18.7,32.0,0.0,5.6427,4.6001
1029,19.7,27.0,0.0,5.7555,4.3378
1030,16.1,21.0,0.0,5.0269,4.2338
1031,14.2,23.0,0.0,4.3564,4.0925
1032,13.9,24.0,0.0,4.4141,3.5941
1033,12.8,23.0,0.0,3.9875,3.76
1034,13.5,25.0,0.0,4.4663,3.5066
1035,16.7,24.0,0.0,5.3865,3.9507
1036,18.0,24.0,0.0,5.5278,3.9236
1037,10.6,12.0,0.0,3.3414,3.6102
1038,11.2,19.0,0.0,3.6597,3.632
1039,14.0,26.0,0.0,4.6361,3.7651
1040,11.9,18.0,0.0,3.7293,3.9027
1041,12.7,16.0,0.0,3.9162,4.2154
1042,14.4,25.0,0.0,4.4551,4.0325
1043,13.9,21.0,0.0,4.4485,4.0713
1044,16.9,23.0,0.0,4.893,3.9277
1045,14.0,18.0,0.0,4.0579,3.8317
1046,15.9,21.0,0.0,4.7381,4.1751
1047,17.7,26.0,0.0,5.3353,4.3562
1048,16.2,20.0,0.0,4.9474,4.0866
1049,15.7,22.0,0.0,4.7751,4.428
1050,16.8,24.0,0.0,5.1472,4.7259
1051,16.6,35.0,0.0,5.1637,4.412
1052,17.9,30.0,0.0,5.6582,4.3017
1053,15.2,20.0,0.0,4.6441,3.9783
1054,10.3,23.0,0.0,3.4873,3.5966
1055,10.1,18.0,0.0,3.21,3.4552
1056,12.6,22.0,0.0,3.8489,3.5599
1057,18.9,29.0,0.0,5.7678,3.878
1058,12.2,19.0,0.0,3.8569,3.5781
1059,6.1,9.0,0.0,1.9955,3.5282
1060,8.7,12.0,0.0,2.6769,3.5864
1061,14.1,23.0,0.0,4.5163,4.0731
1062,14.9,24.0,0.0,4.6623,3.9371
1063,17.5,28.0,0.0,5.3398,4.0866
1064,19.5,27.0,0.0,5.7973,4.2189
1065,13.8,20.0,0.0,4.2475,3.7864
1066,15.2,21.0,0.0,4.5373,4.1468
1067,14.4,19.0,0.0,4.3807,4.102
1068,15.0,17.0,0.0,4.549,4.1964
1069,17.6,24.0,0.0,5.1501,4.4871
1070,21.2,45.0,0.0,6.8018,4.3533
1071,22.2,29.0,0.0,6.3844,4.4984
1072,22.2,35.0,0.0,6.4153,4.3386
1073,23.5,33.0,0.0,6.7196,4.5471
1074,23.7,33.0,0.0,7.0814,4.7847
1075,26.2,39.0,0.0,7.8376,5.0539
1076,20.5,28.0,0.0,6.0405,4.7929
1077,15.8,30.0,0.0,4.7728,4.04
1078,14.7,23.0,0.0,4.3148,4.0917
1079,18.4,26.0,0.0,5.5125,4.2233
1080,15.4,25.0,0.0,4.5599,4.0292
1081,15.3,27.0,0.0,4.9132,3.7261
1082,15.2,29.0,0.0,4.6658,3.9044
1083,15.7,29.0,0.0,4.7669,3.6698
1084,16.7,30.0,0.0,5.0458,3.8644
1085,17.7,22.0,0.0,5.2644,4.0062
1086,17.0,27.0,0.0,5.2811,3.8148
1087,19.7,37.0,0.0,6.166,3.8431
1088,15.2,20.0,0.0,4.6249,3.8085
1089,12.8,17.0,0.0,3.8737,3.5491
1090,18.7,28.0,0.0,5.7123,3.7894
1091,20.3,29.0,0.0,6.1071,4.0953
1092,17.5,27.0,0.0,5.3577,4.0193
1093,17.1,34.0,0.0,5.4072,3.9037
1094,13.8,19.0,0.0,4.2658,3.9038
1095,13.9,23.0,0.0,4.5248,3.689
1096,15.6,23.0,0.0,4.8763,3.6619
1097,13.4,20.0,0.0,4.0826,3.6613
1098,14.1,26.0,0.0,4.4416,3.7063
1099,12.4,17.0,0.0,3.9071,3.6287
1100,16.2,34.0,0.0,5.3003,3.9166
1101,17.1,28.0,0.0,5.4443,4.1215
1102,14.7,20.0,0.0,4.6142,3.8136
1103,13.3,20.0,0.0,4.1243,3.7516
1104,14.7,31.0,0.0,4.7231,3.5411
1105,11.4,14.0,0.0,3.4544,3.5136
1106,15.0,26.0,0.0,4.8263,3.5925
1107,17.9,40.0,0.0,5.8198,3.9845
1108,16.1,28.0,0.0,4.9707,3.7139
1109,12.4,18.0,0.0,3.7732,3.8827
1110,13.2,18.0,0.0,4.0802,3.9993
1111,16.5,24.0,0.0,4.9435,3.5569
1112,9.0,13.0,0.0,2.7867,3.3262
1113,10.6,28.0,0.0,3.702,3.3426
1114,13.2,20.0,0.0,4.2133,3.5319
1115,12.6,20.0,0.0,3.9377,3.7105
1116,15.4,31.0,0.0,4.8068,3.6372
1117,15.6,22.0,0.0,4.6672,3.594
1118,13.8,16.0,0.0,4.2515,3.7188
1119,15.3,25.0,0.0,4.6677,3.8013
1120,13.0,17.0,0.0,3.8953,3.8296
1121,16.8,25.0,0.0,5.0337,3.7356
1122,15.5,21.0,0.0,4.8049,3.7344
1123,21.5,34.0,0.0,6.5337,3.984
1124,17.4,22.0,0.0,5.1426,4.2683
1125,21.5,29.0,0.0,6.7621,4.2882
1126,14.8,25.0,0.0,4.6257,3.7435
1127,19.1,29.0,0.0,5.7021,3.9769
1128,17.5,29.0,0.0,5.3715,3.8079
1129,16.0,25.0,0.0,4.8284,3.9917
1130,16.3,28.0,0.0,5.0601,4.0175
1131,14.1,28.0,0.0,4.3589,3.7736
1132,13.5,17.0,0.0,4.0062,3.753
1133,13.8,21.0,0.0,4.2649,3.6069
1134,13.1,23.0,0.0,4.2344,3.6809
1135,14.3,18.0,0.0,4.2843,3.8063
1136,13.6,23.0,0.0,4.216,3.7586
1137,11.3,16.0,0.0,3.5419,3.7255
1138,13.5,23.0,0.0,4.1776,3.5895
1139,14.9,22.0,0.0,4.5329,3.9349
1140,15.9,21.0,0.0,4.9689,3.9522
1141,16.2,22.0,0.0,4.8602,3.8927
1142,18.6,30.0,0.0,5.7504,3.8397
1143,20.8,34.0,0.0,6.5376,3.9039
1144,13.6,18.0,0.0,4.1135,3.7464
1145,17.4,37.0,0.0,5.4,4.1787
1146,14.2,23.0,0.0,4.2729,3.7894
1147,17.0,24.0,0.0,5.107,4.0682
1148,20.8,48.0,0.0,6.7877,4.3462
1149,17.2,26.0,0.0,5.2593,4.4031
1150,19.3,32.0,0.0,5.8218,3.9003
1151,18.2,33.0,0.0,5.4949,3.9286
1152,15.6,24.0,0.0,4.7283,3.7674
1153,17.6,33.0,0.0,5.4076,3.8058
1154,16.9,21.0,0.0,5.1304,3.9829
1155,13.9,24.0,0.0,4.2154,3.7192
1156,12.9,17.0,0.0,3.89,3.8315
1157,17.2,29.0,0.0,5.1906,4.2156
1158,13.9,19.0,0.0,4.0426,3.9748
1159,15.3,23.0,0.0,4.6403,3.8607
1160,18.5,29.0,0.0,5.5998,4.0637
1161,14.4,24.0,0.0,4.4661,3.9444
1162,14.6,24.0,0.0,4.5791,3.9428
1163,13.0,18.0,0.0,4.0411,3.8073
1164,12.4,19.0,0.0,3.9018,3.7125
1165,12.7,20.0,0.0,3.7786,3.7471
1166,8.4,19.0,0.0,2.739,3.5131
1167,9.3,13.0,0.0,2.9418,3.5965
1168,9.2,14.0,0.0,2.9533,3.5723
1169,10.3,15.0,0.0,3.1241,3.6875
1170,17.3,35.0,0.0,5.48,3.9835
1171,16.6,25.0,0.0,5.2033,3.8655
1172,14.4,20.0,0.0,4.2455,3.7329
1173,17.3,29.0,0.0,5.3957,3.9419
1174,16.5,26.0,0.0,5.0898,3.8184
1175,14.5,20.0,0.0,4.3858,3.8281
1176,13.8,20.0,0.0,4.2179,3.8753
1177,18.1,22.0,0.0,5.4009,3.9379
1178,18.5,39.0,0.0,6.0394,3.8784
1179,13.7,19.0,0.0,4.1112,3.8505
1180,16.0,23.0,0.0,4.9697,3.916
1181,19.7,26.0,0.0,5.9526,4.2238
1182,18.1,31.0,0.0,5.5217,4.345
1183,20.1,27.0,0.0,6.1018,4.2754
1184,12.3,19.0,0.0,3.7397,4.0144
1185,19.6,31.0,0.0,5.8481,4.3765
1186,14.3,22.0,0.0,4.2856,4.3506
1187,14.1,22.0,0.0,4.2183,4.1484
1188,18.4,32.0,0.0,5.4765,4.5005
1189,16.5,34.0,0.0,5.2804,4.3515
1190,12.2,17.0,0.0,3.6158,4.2491
1191,14.0,23.0,0.0,4.2537,4.2563
1192,16.5,19.0,0.0,4.8949,4.5867
1193,16.2,24.0,0.0,4.8763,4.6152
1194,11.8,14.0,0.0,3.5083,4.2288
1195,13.5,26.0,0.0,4.165,4.0473
1196,13.5,19.0,0.0,4.1224,4.0104
1197,9.9,14.0,0.0,3.0806,3.948
1198,11.4,17.0,0.0,3.6387,3.8535
1199,10.3,21.0,0.0,3.3388,3.8445
1200,14.0,19.0,0.0,4.3081,4.2146
1201,8.0,12.0,0.0,2.4758,3.6807
1202,8.2,10.0,0.0,2.4458,3.7243
1203,4.8,7.0,0.0,1.5624,3.203
1204,5.0,7.0,0.0,1.721,3.2545
1205,5.0,9.0,0.0,1.6266,3.2141
1206,7.2,10.0,0.0,2.2454,3.3694
1207,6.5,11.0,0.0,2.043,3.4294
1208,4.8,7.0,0.0,1.6068,3.4076
1209,7.0,16.0,0.0,2.3756,3.3754
1210,8.6,12.0,0.0,2.6683,3.551
1211,15.2,21.0,0.0,4.64,3.9686
1212,18.6,33.0,0.0,5.7654,3.9321
1213,16.9,32.0,0.0,5.1894,4.1243
1214,14.6,26.0,0.0,4.5277,3.9664
1215,13.6,16.0,0.0,4.0276,3.7349
1216,15.3,25.0,0.0,4.7036,3.8079
1217,13.8,23.0,0.0,4.255,3.7587
1218,14.8,21.0,0.0,4.6011,3.643
1219,13.2,18.0,0.0,4.0063,3.713
1220,14.6,23.0,0.0,4.4785,3.7172
1221,14.5,18.0,0.0,4.4079,3.6864
1222,16.0,21.0,0.0,4.8456,3.7185
1223,15.7,23.0,0.0,4.7386,3.8022
1224,18.5,22.0,0.0,5.5414,4.025
1225,15.7,23.0,0.0,4.9828,3.8127
1226,12.7,18.0,0.0,3.7746,3.6406
1227,19.0,28.0,0.0,5.6678,3.986
1228,16.5,23.0,0.0,4.9447,4.3444
1229,17.4,27.0,0.0,5.3498,3.9449
1230,19.1,27.0,0.0,5.5523,4.1825
1231,17.9,33.0,0.0,5.5682,4.4027
1232,12.8,19.0,0.0,3.9628,3.9777
1233,16.9,28.0,0.0,5.2752,4.0146
1234,16.9,24.0,0.0,5.0797,3.9627
1235,15.2,21.0,0.0,4.6058,4.1007
1236,14.7,23.0,0.0,4.3744,3.8579
1237,16.7,23.0,0.0,4.741,4.1117
1238,13.1,22.0,0.0,3.9568,3.7557
1239,13.1,16.0,0.0,3.7558,3.6409
1240,16.0,21.0,0.0,4.8981,3.7106
1241,13.8,25.0,0.0,4.3232,3.5532
1242,11.4,30.0,0.0,3.887,3.6636
1243,10.3,13.0,0.0,2.989,3.6472
1244,10.3,15.0,0.0,3.0374,3.5474
1245,9.8,12.0,0.0,2.9844,3.6323
1246,10.9,15.0,0.0,3.2249,3.7002
1247,9.9,14.0,0.0,2.9373,3.7291
1248,9.6,13.0,0.0,2.7599,3.7734
1249,10.6,16.0,0.0,3.1372,3.7734
1250,8.3,13.0,0.0,2.5371,3.3957
1251,10.2,13.0,0.0,3.0502,3.931
1252,11.9,16.0,0.0,3.6351,3.836
1253,14.3,34.0,0.0,4.576,4.0152
1254,11.0,16.0,0.0,3.3395,3.5971
1255,9.3,16.0,0.0,2.8964,3.6866
1256,15.7,27.0,0.0,4.7823,3.6785
1257,10.2,14.0,0.0,3.1161,3.412
1258,5.1,8.0,0.0,1.7304,3.4
1259,4.4,7.0,0.0,1.4967,3.2796
1260,3.6,6.0,0.0,1.2886,3.3649
1261,3.5,4.0,0.0,1.148,3.441
1262,5.0,9.0,0.0,1.681,3.2336
1263,4.9,8.0,0.0,1.5855,3.1614
1264,3.1,5.0,0.0,1.0356,3.1754
1265,4.2,7.0,0.0,1.3444,3.1902
1266,3.2,4.0,0.0,1.0978,3.1605
1267,4.2,8.0,0.0,1.427,3.2171
1268,4.1,5.0,0.0,1.3593,3.144
1269,4.8,7.0,0.0,1.5367,3.2021
1270,5.9,9.0,0.0,1.8974,3.4399
1271,5.3,8.0,0.0,1.7161,3.12
1272,3.7,6.0,0.0,1.178,3.1754
1273,3.8,6.0,0.0,1.2624,3.1131
1274,3.4,5.0,0.0,1.1283,3.1367
1275,5.2,11.0,0.0,1.7621,3.3927
1276,5.2,10.0,0.0,1.7221,3.2794
1277,4.2,7.0,0.0,1.382,3.4568
1278,5.4,10.0,0.0,1.7906,3.3936
1279,6.7,11.0,0.0,2.1459,3.284
1280,5.2,6.0,0.0,1.6086,3.3008
1281,5.8,9.0,0.0,1.9038,3.387
1282,8.0,13.0,0.0,2.5155,3.4214
1283,8.3,13.0,0.0,2.5452,3.6395
1284,10.3,19.0,0.0,3.3132,3.5266
1285,12.4,17.0,0.0,3.8621,3.8995
1286,11.6,24.0,0.0,3.8258,3.6647
1287,9.1,19.0,0.0,3.007,3.4785
1288,19.8,40.0,0.0,6.4512,3.7399
1289,16.8,25.0,0.0,5.2868,3.9277
1290,18.6,30.0,0.0,5.5654,4.2385
1291,22.5,35.0,0.0,6.7319,4.2285
1292,14.4,19.0,0.0,4.6462,4.2096
1293,20.2,29.0,0.0,6.0046,4.03
1294,13.8,21.0,0.0,4.0706,3.9528
1295,13.2,15.0,0.0,3.9586,3.9356
1296,10.5,15.0,0.0,3.2403,3.619
1297,17.3,30.0,0.0,5.2151,3.8836
1298,22.9,45.0,0.0,7.0404,4.1904
1299,30.8,49.0,0.0,9.464,5.0868
1300,31.9,52.0,0.0,9.8288,5.0301
1301,19.9,26.0,0.0,6.5341,4.3842
1302,13.8,20.0,0.0,4.319,3.6662
1303,10.2,22.0,0.0,3.3842,3.6687
1304,6.8,12.0,0.0,2.1734,3.5881
1305,10.1,22.0,0.0,3.3696,3.6276
1306,4.3,10.0,0.0,1.4866,3.434
1307,4.5,14.0,0.0,1.7258,3.208
1308,4.6,10.0,0.0,1.5538,3.2153
1309,3.5,6.0,0.0,1.1649,3.1944
1310,3.7,5.0,0.0,1.2081,3.2311
1311,6.9,13.0,0.0,2.2516,3.3119
1312,3.9,5.0,0.0,1.2781,3.21
1313,4.7,7.0,0.0,1.4967,3.3247
1314,6.1,12.0,0.0,2.0747,3.3064
1315,4.6,9.0,0.0,1.5327,3.2813
1316,4.3,6.0,0.0,1.4534,3.4439
1317,5.9,16.0,0.0,2.1338,3.4878
1318,6.8,14.0,0.0,2.2176,3.3322
1319,8.8,23.0,0.0,3.109,3.4205
1320,16.6,34.0,0.0,5.3766,4.1434
1321,21.5,36.0,0.0,6.7341,4.3
1322,20.6,30.0,0.0,6.1872,4.4024
1323,20.8,31.0,0.0,6.4614,4.4293
1324,18.1,33.0,0.0,5.6746,4.1577
1325,22.4,43.0,0.0,7.0911,4.3155
1326,15.4,33.0,0.0,4.9521,4.0964
1327,22.0,30.0,0.0,6.4736,4.4958
1328,15.5,22.0,0.0,4.504,4.0489
1329,18.2,30.0,0.0,5.5921,4.1358
1330,14.1,19.0,0.0,4.3453,3.8663
1331,11.6,20.0,0.0,3.7275,3.6563
1332,11.4,17.0,0.0,3.5643,3.5789
1333,15.0,20.0,0.0,4.536,3.656
1334,12.3,22.0,0.0,3.9386,3.6412
1335,16.5,28.0,0.0,5.0448,3.7944
1336,12.7,23.0,0.0,3.9809,3.7788
1337,13.0,27.0,0.0,4.136,3.8706
1338,11.6,19.0,0.0,3.6598,3.4603
1339,5.9,10.0,0.0,1.893,3.2663
1340,3.3,5.0,0.0,1.1825,3.1815
1341,3.8,5.0,0.0,1.2526,3.1715
1342,4.0,6.0,0.0,1.3253,3.2374
1343,4.1,6.0,0.0,1.3265,3.2113
1344,3.9,6.0,0.0,1.287,3.2683
1345,3.5,5.0,0.0,1.148,3.2736
1346,3.7,5.0,0.0,1.2339,3.1713
1347,4.4,7.0,0.0,1.4472,3.1795
1348,4.0,8.0,0.0,1.3572,3.2397
1349,4.0,5.0,0.0,1.296,3.3467
1350,3.8,5.0,0.0,1.241,3.2209
1351,4.1,6.0,0.0,1.3113,3.2938
1352,4.4,7.0,0.0,1.4106,3.2183
1353,5.8,12.0,0.0,1.9416,3.2778
1354,6.7,9.0,0.0,2.0994,3.3392
1355,6.6,11.0,0.0,2.0931,3.5013
1356,12.8,17.0,0.0,4.0073,4.1082
1357,15.3,19.0,0.0,4.7279,4.3014
1358,15.6,20.0,0.0,4.7497,4.58
1359,10.2,15.0,0.0,3.1574,3.6636
1360,9.6,15.0,0.0,2.9608,3.5643
1361,5.0,7.0,0.0,1.6362,3.3636
1362,4.1,7.0,0.0,1.315,3.1889
1363,3.4,4.0,0.0,1.0682,3.1533
1364,4.0,6.0,0.0,1.3119,3.206
1365,3.6,7.0,0.0,1.2239,3.2429
1366,3.6,6.0,0.0,1.2093,3.3053
1367,4.7,6.0,0.0,1.4858,3.379
1368,3.8,5.0,0.0,1.2679,3.2448
1369,4.5,9.0,0.0,1.4765,3.3081
1370,4.6,7.0,0.0,1.4318,3.4846
1371,5.4,9.0,0.0,1.8082,3.4712
1372,4.9,8.0,0.0,1.6053,3.3522
1373,4.9,8.0,0.0,1.5534,3.2873
1374,4.9,7.0,0.0,1.6103,3.3456
1375,4.2,7.0,0.0,1.4027,3.3127
1376,8.0,15.0,0.0,2.6847,3.4115
1377,11.6,25.0,0.0,3.995,3.5354
1378,7.1,10.0,0.0,2.2436,3.451
1379,9.0,16.0,0.0,2.7989,3.5543
1380,8.5,13.0,0.0,2.6836,3.634
1381,6.5,12.0,0.0,2.0987,3.4353
1382,4.7,6.0,0.0,1.4852,3.421
1383,4.5,8.0,0.0,1.4559,3.4049
1384,10.2,28.0,0.0,3.6989,3.6184
1385,14.5,38.0,0.0,5.0388,3.8897
1386,13.7,29.0,0.0,4.4222,3.8826
1387,15.1,29.0,0.0,4.8061,3.761
1388,14.2,23.0,0.0,4.5044,4.1155
1389,11.5,18.0,0.0,3.5713,3.8005
1390,8.9,14.0,0.0,2.823,3.5308
1391,5.7,8.0,0.0,1.8575,3.3573
1392,9.1,20.0,0.0,3.049,3.5019
1393,14.0,30.0,0.0,4.7666,3.6984
1394,28.6,51.0,0.0,9.3547,4.7092
1395,21.7,42.0,0.0,6.9651,4.1708
1396,23.8,35.0,0.0,7.3563,4.2319
1397,23.1,38.0,0.0,7.2008,4.1196
1398,20.6,47.0,0.0,6.8004,4.103
1399,18.1,30.0,0.0,5.7186,3.9031
1400,16.3,26.0,0.0,4.9004,3.826
1401,9.7,21.0,0.0,3.167,3.5567
1402,9.2,23.0,0.0,3.1472,3.627
1403,9.3,14.0,0.0,2.9592,3.5582
1404,11.7,45.0,0.0,4.9606,3.7027
1405,23.9,31.0,0.0,7.7194,4.624
1406,23.2,32.0,0.0,6.7783,4.6909
1407,17.3,24.0,0.0,5.4262,4.0837
1408,9.8,13.0,0.0,2.9677,3.8058
1409,12.8,17.0,0.0,3.9301,3.839
1410,16.8,24.0,0.0,5.0801,3.9215
1411,23.7,46.0,0.0,7.4093,4.3359
1412,18.2,26.0,0.0,5.4345,4.1043
1413,19.2,26.0,0.0,5.5963,4.2519
1414,16.7,22.0,0.0,4.9757,4.0756
1415,15.5,20.0,0.0,4.5878,4.1654
1416,25.8,43.0,0.0,7.6407,4.2116
1417,18.8,30.0,0.0,5.792,3.9172
1418,20.0,26.0,0.0,6.162,3.891
1419,19.5,33.0,0.0,6.1724,4.1501
1420,18.8,30.0,0.0,5.7295,4.5776
1421,17.4,34.0,0.0,5.3554,4.1584
1422,13.5,25.0,0.0,4.2112,3.9151
1423,8.4,12.0,0.0,2.4165,3.4169
1424,9.8,17.0,0.0,3.0287,3.6249
1425,10.4,31.0,0.0,3.7855,3.5943
1426,8.4,12.0,0.0,2.616,3.5759
1427,8.1,13.0,0.0,2.5032,3.4357
1428,5.8,8.0,0.0,1.8388,3.3473
1429,6.4,13.0,0.0,2.1743,3.2759
1430,8.7,14.0,0.0,2.7591,3.5272
1431,7.1,21.0,0.0,2.7695,3.2141
1432,4.4,9.0,0.0,1.4616,3.1569
1433,2.9,6.0,0.0,1.0378,3.1398
1434,4.7,8.0,0.0,1.5213,3.1312
1435,4.0,7.0,0.0,1.3,3.152
1436,4.3,7.0,0.0,1.3592,3.361
1437,3.6,5.0,0.0,1.1948,3.355
1438,3.5,5.0,0.0,1.2609,3.2281
1439,4.3,7.0,0.0,1.3467,3.2512
1440,3.8,7.0,0.0,1.2779,3.154
1441,4.7,8.0,0.0,1.5387,3.0989
1442,5.3,8.0,0.0,1.7059,3.2777
1443,5.0,7.0,0.0,1.5976,3.3338
1444,5.6,9.0,0.0,1.7903,3.4174
1445,4.4,8.0,0.0,1.441,3.2465
1446,4.2,6.0,0.0,1.4073,3.1706
1447,3.1,4.0,0.0,1.0398,3.1817
1448,3.2,4.0,0.0,1.0648,3.1435
1449,4.2,13.0,0.0,1.5843,3.283
1450,4.8,9.0,0.0,1.6042,3.2963
1451,4.5,9.0,0.0,1.5394,3.3091
1452,4.9,9.0,0.0,1.6352,3.4829
1453,5.1,7.0,0.0,1.6572,3.4409
1454,4.8,8.0,0.0,1.6006,3.3597
1455,4.0,6.0,0.0,1.3,3.3376
1456,5.0,8.0,0.0,1.5991,3.2547
1457,4.2,6.0,0.0,1.3527,3.2642
1458,4.0,5.0,0.0,1.2767,3.088
1459,4.6,9.0,0.0,1.5573,3.1634
1460,2.6,4.0,0.0,0.9541,3.1498
1461,3.9,7.0,0.0,1.2732,3.1618
1462,4.1,10.0,0.0,1.441,3.1758
1463,4.2,7.0,0.0,1.3613,3.1922
1464,3.4,6.0,0.0,1.1298,3.185
1465,3.5,6.0,0.0,1.1511,3.1415
1466,5.5,9.0,0.0,1.7356,3.2842
1467,4.6,7.0,0.0,1.6352,3.2668
1468,4.6,6.0,0.0,1.4705,3.35
1469,3.5,4.0,0.0,1.172,3.4505
1470,5.0,9.0,0.0,1.6337,3.3438
1471,4.6,8.0,0.0,1.5322,3.5004
1472,5.2,8.0,0.0,1.6151,3.3699
1473,6.1,10.0,0.0,1.8789,3.3737
1474,4.7,8.0,0.0,1.5561,3.246
1475,5.6,8.0,0.0,1.8529,3.2562
1476,6.4,9.0,0.0,1.9966,3.2788
1477,5.9,8.0,0.0,1.8072,3.31
1478,5.7,10.0,0.0,1.8247,3.2276
1479,5.4,11.0,0.0,1.8301,3.3124
1480,5.1,8.0,0.0,1.6191,3.2979
1481,4.0,5.0,0.0,1.2154,3.2595
1482,6.3,12.0,0.0,2.0422,3.297
1483,8.0,15.0,0.0,2.5561,3.3823
1484,8.7,14.0,0.0,2.7376,3.6393
1485,9.3,17.0,0.0,2.9803,3.6841
1486,7.8,11.0,0.0,2.4794,3.7153
1487,8.2,20.0,0.0,2.8603,3.6819
1488,7.6,14.0,0.0,2.4991,3.4883
1489,9.5,27.0,0.0,3.4101,3.3424
1490,12.3,17.0,0.0,3.7904,3.4955
1491,14.6,35.0,0.0,4.9646,3.8152
1492,13.3,19.0,0.0,3.9549,3.8137
1493,17.0,27.0,0.0,5.2742,4.2627
1494,19.0,38.0,0.0,5.9219,4.0171
1495,16.4,20.0,0.0,5.0898,3.9368
1496,17.3,27.0,0.0,5.4097,3.9944
1497,14.4,24.0,0.0,4.1869,3.9183
1498,18.5,33.0,0.0,5.7286,3.8937
1499,14.6,20.0,0.0,4.5044,4.0228
1500,16.4,33.0,0.0,5.1723,4.0803
1501,18.4,27.0,0.0,5.7856,3.9947
1502,15.1,24.0,0.0,4.7032,3.8097
1503,16.0,25.0,0.0,5.028,3.8608
1504,13.6,18.0,0.0,4.0891,3.842
1505,13.8,18.0,0.0,4.2883,3.9555
1506,15.9,23.0,0.0,4.9571,4.137
1507,18.0,30.0,0.0,5.4162,4.2264
1508,15.6,21.0,0.0,5.0006,3.9115
1509,14.4,20.0,0.0,4.3097,3.8038
1510,12.4,19.0,0.0,3.9408,3.9423
1511,11.6,23.0,0.0,3.7185,3.6194
1512,10.9,13.0,0.0,3.2988,3.8192
1513,9.6,13.0,0.0,3.0368,3.5184
1514,7.5,9.0,0.0,2.2732,3.4246
1515,11.6,24.0,0.0,3.7616,3.6693
1516,10.3,17.0,0.0,3.1954,3.6258
1517,15.5,23.0,0.0,4.6769,3.8751
1518,18.2,28.0,0.0,5.5983,4.0233
1519,13.7,17.0,0.0,4.0915,3.9116
1520,20.5,31.0,0.0,6.0426,4.2673
1521,13.0,15.0,0.0,3.7899,3.9079
1522,12.0,17.0,0.0,3.426,3.9862
1523,13.8,20.0,0.0,4.047,3.9019
1524,14.2,18.0,0.0,4.099,4.0787
1525,18.2,25.0,0.0,5.4179,3.9679
1526,14.5,23.0,0.0,4.4195,3.8838
1527,16.2,24.0,0.0,4.7972,3.9554
1528,17.8,21.0,0.0,5.312,4.0125
1529,17.0,31.0,0.0,5.1814,3.9895
1530,13.7,20.0,0.0,4.1753,3.9246
1531,14.1,17.0,0.0,3.9293,4.0964
1532,16.6,28.0,0.0,5.1215,4.0511
1533,18.7,28.0,0.0,5.5882,4.0927
1534,16.1,27.0,0.0,4.8034,4.1037
1535,17.0,36.0,0.0,5.5363,4.2402
1536,16.7,26.0,0.0,5.0349,4.3083
1537,21.0,36.0,0.0,6.2418,4.2857
1538,17.6,31.0,0.0,5.2431,4.3141
1539,17.5,25.0,0.0,5.1584,4.4576
1540,19.3,28.0,0.0,5.7576,4.5106
1541,15.7,26.0,0.0,4.8216,3.8992
1542,20.3,27.0,0.0,5.9496,4.3663
1543,21.1,29.0,0.0,6.3773,4.1747
1544,19.3,28.0,0.0,6.0598,4.6568
1545,17.9,27.0,0.0,5.3167,4.4714
1546,18.2,21.0,0.0,5.6596,4.4921
1547,16.7,21.0,0.0,5.0293,4.7538
1548,23.7,41.0,0.0,7.1247,4.6205
1549,21.0,31.0,0.0,6.0078,4.6395
1550,20.7,30.0,0.0,5.8759,4.5567
1551,17.3,23.0,0.0,5.0846,4.5322
1552,19.0,24.0,0.0,5.3079,4.5247
1553,20.6,30.0,0.0,6.1718,4.6017
1554,14.7,21.0,0.0,4.2446,4.2156
1555,16.5,27.0,0.0,5.0898,4.2246
1556,19.2,32.0,0.0,5.5127,4.1923
1557,15.0,24.0,0.0,4.4097,4.0245
1558,14.5,20.0,0.0,4.5835,4.2888
1559,19.0,23.0,0.0,5.7052,4.3829
1560,24.3,35.0,0.0,7.1798,4.5842
1561,21.8,29.0,0.0,6.2663,4.81
1562,22.3,30.0,0.0,6.4316,4.34
1563,18.5,28.0,0.0,5.4776,4.062
1564,14.1,20.0,0.0,3.995,3.7769
1565,12.5,16.0,0.0,3.664,3.6492
1566,20.3,36.0,0.0,6.3973,4.1257
1567,19.9,35.0,0.0,5.9676,4.2863
1568,20.1,36.0,0.0,5.9319,4.0434
1569,15.4,23.0,0.0,4.7034,3.9027
1570,17.4,27.0,0.0,5.3395,3.9382
1571,21.6,33.0,0.0,6.5889,4.0643
1572,17.8,23.0,0.0,5.3101,4.0764
1573,21.4,28.0,0.0,6.3323,4.3919
1574,19.3,28.0,0.0,5.5615,4.7375
1575,23.6,33.0,0.0,6.7413,4.5849
1576,19.7,27.0,0.0,5.5528,4.5749
1577,18.5,27.0,0.0,5.4009,4.502
1578,15.9,20.0,0.0,4.7718,4.5388
1579,15.6,28.0,0.0,4.4213,4.6007
1580,14.1,18.0,0.0,3.9498,4.202
1581,13.2,17.0,0.0,3.6628,4.5264
1582,18.5,30.0,0.0,5.3581,4.7727
1583,13.5,17.0,0.0,3.808,4.3287
1584,13.0,19.0,0.0,3.7966,4.0727
1585,14.0,23.0,0.0,4.0826,4.6448
1586,17.0,23.0,0.0,4.9873,4.5241
1587,15.3,22.0,0.0,4.3097,4.2953
1588,14.8,21.0,0.0,4.3225,4.0713
1589,13.5,16.0,0.0,3.8152,4.2923
1590,17.0,25.0,0.0,4.8549,4.4311
1591,18.8,34.0,0.0,5.5631,4.7243
1592,14.4,18.0,0.0,4.1365,4.2199
1593,20.0,27.0,0.0,5.5239,4.636
1594,31.1,47.0,0.0,9.1085,5.6
1595,21.6,27.0,0.0,6.4595,5.3227
1596,21.0,28.0,0.0,6.0218,5.6195
1597,26.3,43.0,0.0,7.583,5.9529
1598,32.1,47.0,0.0,9.4386,6.1495
1599,29.6,38.0,0.0,8.2439,6.2105
1600,20.7,37.0,0.0,6.5211,5.5205
1601,21.4,31.0,0.0,6.0292,5.4962
1602,19.3,29.0,0.0,5.6238,5.3148
1603,20.1,27.0,0.0,5.8127,5.0635
1604,19.4,24.0,0.0,5.7283,4.918
1605,21.0,29.0,0.0,6.118,4.953
1606,19.3,30.0,0.0,5.6722,4.7275
1607,17.3,25.0,0.0,5.2983,4.5765
1608,18.5,24.0,0.0,5.2681,4.5279
1609,17.8,26.0,0.0,5.2859,4.5271
1610,16.4,28.0,0.0,4.9519,4.4015
1611,17.4,23.0,0.0,5.0066,4.497
1612,17.7,33.0,0.0,5.4843,4.3956
1613,13.8,21.0,0.0,4.2522,4.3155
1614,16.9,32.0,0.0,5.1464,4.2691
1615,14.6,26.0,0.0,4.5106,3.8771
1616,13.3,23.0,0.0,4.0131,3.7812
1617,14.9,24.0,0.0,4.5241,4.3069
1618,13.3,20.0,0.0,3.9349,4.341
1619,11.7,21.0,0.0,3.5527,4.4115
1620,16.0,23.0,0.0,4.7063,4.3217
1621,10.7,19.0,0.0,3.4078,3.6397
1622,9.7,15.0,0.0,3.0008,3.5013
1623,6.6,9.0,0.0,2.0755,3.1398
1624,6.8,9.0,0.0,2.0883,3.2833
1625,9.8,16.0,0.0,3.0908,3.4671
1626,10.2,19.0,0.0,3.3147,3.6009
1627,11.2,18.0,0.0,3.5955,3.467
1628,10.2,17.0,0.0,3.1379,3.7076
1629,14.2,20.0,0.0,4.301,3.7137
1630,9.9,17.0,0.0,3.2312,3.5124
1631,13.4,22.0,0.0,4.1732,3.7361
1632,17.0,41.0,0.0,5.7291,4.076
1633,20.0,28.0,0.0,6.2701,4.6131
1634,14.6,22.0,0.0,4.5079,4.3525
1635,16.2,25.0,0.0,5.0388,4.9003
1636,13.0,25.0,0.0,4.0419,4.1515
1637,16.4,22.0,0.0,5.0693,4.6149
1638,15.7,20.0,0.0,5.0722,4.6968
1639,16.3,24.0,0.0,5.0646,4.3648
1640,14.7,19.0,0.0,4.4412,3.9165
1641,15.8,22.0,0.0,4.948,4.1907
1642,12.5,22.0,0.0,4.0524,3.8995
1643,18.3,25.0,0.0,5.5013,3.8932
1644,16.9,25.0,0.0,5.3241,4.2478
1645,23.0,28.0,0.0,7.0541,4.5415
1646,16.8,27.0,0.0,5.0841,4.3393
1647,17.5,35.0,0.0,5.4146,4.3191
1648,20.0,33.0,0.0,6.0581,4.5493
1649,18.6,35.0,0.0,5.6862,4.2521
1650,21.9,44.0,0.0,6.7951,4.5142
1651,26.7,49.0,0.0,8.3019,4.7086
1652,30.1,48.0,0.0,9.3272,5.7848
1653,23.3,45.0,0.0,7.1917,4.4548
1654,22.8,39.0,0.0,7.1282,5.0235
1655,36.5,64.0,0.0,11.1299,5.5164
1656,31.4,47.0,0.0,9.8919,5.8614
1657,14.7,37.0,0.0,5.101,3.728
1658,8.2,15.0,0.0,2.5842,3.3103
1659,4.5,10.0,0.0,1.5143,3.3007
1660,4.5,6.0,0.0,1.4722,3.2479
1661,6.0,14.0,0.0,2.0508,3.2092
1662,5.1,11.0,0.0,1.711,3.2042
1663,4.1,7.0,0.0,1.4044,3.1889
1664,3.9,6.0,0.0,1.2627,3.1946
1665,4.1,7.0,0.0,1.3313,3.2006
1666,4.0,6.0,0.0,1.252,3.3123
1667,4.3,7.0,0.0,1.4379,3.427
1668,4.1,5.0,0.0,1.3791,3.3349
1669,4.8,8.0,0.0,1.5829,3.2265
1670,4.8,10.0,0.0,1.6227,3.1885
1671,4.0,6.0,0.0,1.3528,3.4076
1672,3.5,5.0,0.0,1.2048,3.2793
1673,3.6,5.0,0.0,1.1769,3.1954
1674,5.4,15.0,0.0,1.9601,3.2981
1675,3.8,7.0,0.0,1.2782,3.2195
1676,4.8,8.0,0.0,1.6023,3.341
1677,6.4,11.0,0.0,2.0199,3.352
1678,10.2,31.0,0.0,3.8765,3.6279
1679,11.1,21.0,0.0,3.6452,3.655
1680,9.5,14.0,0.0,3.0035,3.6745
1681,6.2,9.0,0.0,1.9507,3.5527
1682,6.0,10.0,0.0,1.9282,3.586
1683,6.0,9.0,0.0,1.8423,3.6783
1684,6.1,8.0,0.0,1.9113,3.5863
1685,5.1,7.0,0.0,1.6879,3.3324
1686,5.5,8.0,0.0,1.7325,3.3372
1687,4.4,8.0,0.0,1.4071,3.2106
1688,3.9,5.0,0.0,1.2729,3.1339
1689,3.8,6.0,0.0,1.2384,3.1463
1690,4.1,6.0,0.0,1.2953,3.2641
1691,4.8,8.0,0.0,1.5851,3.3019
1692,4.5,7.0,0.0,1.4004,3.4387
1693,5.5,10.0,0.0,1.8385,3.4099
1694,5.1,9.0,0.0,1.6606,3.3917
1695,5.8,9.0,0.0,1.7793,3.6158
1696,8.1,12.0,0.0,2.4592,3.7982
1697,5.4,12.0,0.0,1.7804,3.5571
1698,5.9,7.0,0.0,1.7621,3.4043
1699,3.8,6.0,0.0,1.2574,3.6079
1700,5.8,12.0,0.0,1.9249,3.4793
1701,4.4,9.0,0.0,1.4472,3.2802
1702,5.1,10.0,0.0,1.6798,3.3324
1703,4.3,5.0,0.0,1.3892,3.222
1704,4.6,9.0,0.0,1.5551,3.0525
1705,4.5,6.0,0.0,1.4353,3.1054
1706,3.5,5.0,0.0,1.1258,3.1177
1707,3.4,6.0,0.0,1.1578,3.0732
1708,4.1,9.0,0.0,1.3843,3.1861
1709,4.9,7.0,0.0,1.5662,3.3018
1710,6.2,14.0,0.0,2.0616,3.2969
1711,5.9,10.0,0.0,1.8559,3.3078
1712,8.3,15.0,0.0,2.6625,3.4336
1713,13.2,42.0,0.0,4.9693,3.6951
1714,14.6,23.0,0.0,4.6098,4.2396
1715,22.3,36.0,0.0,6.7965,4.7787
1716,21.6,26.0,0.0,6.071,4.8432
1717,18.7,28.0,0.0,5.5014,4.6337
1718,20.5,29.0,0.0,5.9945,4.7246
1719,16.3,24.0,0.0,4.8804,4.4476
1720,15.7,26.0,0.0,4.8104,3.9008
1721,16.3,32.0,0.0,5.2202,3.7745
1722,16.6,37.0,0.0,5.3617,3.754
1723,14.2,18.0,0.0,4.2259,4.1176
1724,15.5,22.0,0.0,4.7043,4.3004
1725,20.9,30.0,0.0,6.4567,4.5705
1726,19.5,27.0,0.0,5.8999,4.2347
1727,18.1,35.0,0.0,5.7656,4.0817
1728,10.9,16.0,0.0,3.267,3.7247
1729,10.6,18.0,0.0,3.2252,3.654
1730,8.8,14.0,0.0,2.6758,3.5503
1731,5.6,9.0,0.0,1.6917,3.3958
1732,5.3,8.0,0.0,1.5627,3.498
1733,5.7,9.0,0.0,1.7803,3.4843
1734,11.8,32.0,0.0,4.2028,3.2733
1735,11.9,16.0,0.0,3.6952,3.8331
1736,6.5,15.0,0.0,2.1902,3.3756
1737,3.0,8.0,0.0,1.114,3.2541
1738,4.3,6.0,0.0,1.3705,3.1354
1739,3.9,5.0,0.0,1.2842,3.1435
1740,4.5,8.0,0.0,1.4675,3.1956
1741,3.7,5.0,0.0,1.1871,3.196
1742,4.1,7.0,0.0,1.3268,3.2192
1743,3.1,4.0,0.0,1.0249,3.2467
1744,4.9,7.0,0.0,1.5256,3.2118
1745,3.5,7.0,0.0,1.2025,3.2089
1746,4.1,7.0,0.0,1.3817,3.2442
1747,4.1,6.0,0.0,1.3477,3.2632
1748,4.7,8.0,0.0,1.51,3.2276
1749,5.0,8.0,0.0,1.6869,3.2847
1750,4.9,10.0,0.0,1.6798,3.3002
1751,4.8,9.0,0.0,1.5939,3.4206
1752,4.8,11.0,0.0,1.6554,3.4077
1753,5.6,8.0,0.0,1.7599,3.4314
1754,4.8,7.0,0.0,1.5586,3.393
1755,4.4,8.0,0.0,1.4188,3.2209
1756,5.3,7.0,0.0,1.6542,3.2519
1757,3.6,6.0,0.0,1.2449,3.3407
1758,2.8,4.0,0.0,1.0235,3.2963
1759,3.4,7.0,0.0,1.1871,3.1522
1760,4.0,7.0,0.0,1.3265,3.1669
1761,4.8,7.0,0.0,1.5364,3.139
1762,3.1,6.0,0.0,1.0645,3.1069
1763,4.4,6.0,0.0,1.3921,3.1495
1764,3.3,5.0,0.0,1.1314,3.2442
1765,5.7,12.0,0.0,1.9177,3.1269
1766,5.5,7.0,0.0,1.6687,3.1683
1767,5.4,7.0,0.0,1.7152,3.2134
1768,5.1,7.0,0.0,1.631,3.0623
1769,4.7,10.0,0.0,1.5741,3.0852
1770,4.1,6.0,0.0,1.3542,3.1457
1771,6.4,14.0,0.0,2.1882,3.1749
1772,6.5,11.0,0.0,2.0526,3.2882
1773,6.3,10.0,0.0,1.9115,3.2211
1774,5.5,10.0,0.0,1.8322,3.2469
1775,5.7,8.0,0.0,1.8264,3.2884
1776,5.5,7.0,0.0,1.7308,3.3064
1777,4.9,6.0,0.0,1.5381,3.2408
1778,4.8,9.0,0.0,1.6151,3.4007
1779,6.8,14.0,0.0,2.2318,3.4522
1780,6.8,10.0,0.0,2.1746,3.5796
1781,6.1,8.0,0.0,1.9261,3.477
1782,11.6,18.0,0.0,3.6641,3.6631
1783,9.8,20.0,0.0,3.1571,3.3863
1784,11.7,20.0,0.0,3.5885,3.4639
1785,26.2,42.0,0.0,8.1796,4.6091
1786,28.7,43.0,0.0,8.6474,4.8096
1787,22.4,29.0,0.0,6.6003,4.381
1788,21.4,30.0,0.0,5.9825,4.5469
1789,20.2,36.0,0.0,6.0961,4.1369
1790,21.4,41.0,0.0,6.5734,4.4375
1791,20.5,30.0,0.0,6.2214,4.1047
1792,17.5,34.0,0.0,5.4264,3.8549
1793,19.3,27.0,0.0,5.6765,3.9611
1794,15.1,18.0,0.0,4.5185,4.0051
1795,20.6,32.0,0.0,6.3982,4.1614
1796,14.9,24.0,0.0,4.5574,3.9651
1797,21.6,32.0,0.0,6.3372,4.428
1798,23.0,33.0,0.0,6.475,4.4126
1799,25.2,37.0,0.0,7.4604,4.4632
1800,25.3,38.0,0.0,7.8817,4.6281
1801,23.1,33.0,0.0,6.6486,4.513
1802,26.5,43.0,0.0,7.8677,4.5438
1803,22.6,37.0,0.0,6.9603,4.1528
1804,15.0,33.0,0.0,4.739,3.6915
1805,7.7,11.0,0.0,2.5016,3.4109
1806,9.5,16.0,0.0,2.9403,3.5256
1807,11.0,35.0,0.0,4.1528,3.4776
1808,17.3,40.0,0.0,5.6557,3.8927
1809,19.3,25.0,0.0,5.8313,4.6612
1810,24.0,35.0,0.0,7.289,4.7996
1811,26.4,35.0,0.0,8.0591,4.5545
1812,27.4,38.0,0.0,8.2601,4.5701
1813,20.8,33.0,0.0,6.2253,4.3191
1814,18.2,27.0,0.0,5.6594,4.0146
1815,19.2,26.0,0.0,5.9853,3.9949
1816,20.4,36.0,0.0,6.5783,4.3102
1817,19.6,24.0,0.0,6.0131,4.3715
1818,17.4,27.0,0.0,5.2533,4.2314
1819,18.6,27.0,0.0,5.6687,4.3381
1820,22.1,37.0,0.0,6.737,4.3885
1821,20.7,28.0,0.0,6.4452,4.3176
1822,20.0,31.0,0.0,6.1752,4.2007
1823,18.5,26.0,0.0,5.5826,3.9319
1824,17.1,26.0,0.0,5.2412,4.0025
1825,21.4,29.0,0.0,6.4446,4.5309
1826,22.7,30.0,0.0,6.8465,4.5377
1827,23.0,36.0,0.0,6.8242,4.5013
1828,24.1,37.0,0.0,7.3077,4.5496
1829,17.6,21.0,0.0,5.201,3.949
1830,16.1,23.0,0.0,4.7694,3.7944
1831,11.9,16.0,0.0,3.5384,3.6362
1832,8.4,14.0,0.0,2.551,3.4431
1833,7.0,10.0,0.0,2.2108,3.2766
1834,6.1,7.0,0.0,1.9323,3.2913
1835,6.9,11.0,0.0,2.1736,3.2779
1836,8.7,15.0,0.0,2.8322,3.5562
1837,13.4,30.0,0.0,4.4317,3.6915
1838,17.3,27.0,0.0,5.4007,4.152
1839,12.6,14.0,0.0,3.9064,4.0065
1840,16.9,25.0,0.0,5.1761,4.2583
1841,21.3,39.0,0.0,6.3729,4.5681
1842,25.3,41.0,0.0,7.7348,4.6035
1843,25.5,38.0,0.0,7.8252,5.1082
1844,26.7,38.0,0.0,8.5016,4.7647
1845,21.3,26.0,0.0,6.4666,4.3705
1846,23.8,32.0,0.0,7.3982,4.4972
1847,25.0,34.0,0.0,7.3909,4.901
1848,25.9,41.0,0.0,7.8404,4.7479
1849,20.9,41.0,0.0,6.7443,4.1472
1850,17.2,25.0,0.0,5.3028,3.9031
1851,17.1,33.0,0.0,5.6548,3.812
1852,19.8,33.0,0.0,6.2088,3.7782
1853,31.9,42.0,0.0,9.5447,4.9244
1854,10.7,33.0,0.0,3.956,3.4625
1855,6.2,8.0,0.0,1.9714,3.2209
1856,4.3,6.0,0.0,1.4619,3.2004
1857,4.8,7.0,0.0,1.6053,3.2473
1858,4.7,6.0,0.0,1.4995,3.3462
1859,3.3,6.0,0.0,1.1196,3.3121
1860,3.8,7.0,0.0,1.2385,3.2414
1861,3.7,8.0,0.0,1.2955,3.1938
1862,4.6,6.0,0.0,1.5169,3.1783
1863,4.2,9.0,0.0,1.4654,3.2043
1864,4.0,7.0,0.0,1.351,3.2782
1865,5.0,10.0,0.0,1.683,3.483
1866,4.2,10.0,0.0,1.4486,3.3515
1867,4.6,9.0,0.0,1.5024,3.2315
1868,4.7,7.0,0.0,1.5446,3.3855
1869,4.4,8.0,0.0,1.4773,3.5083
1870,4.3,7.0,0.0,1.4047,3.5267
1871,4.3,7.0,0.0,1.397,3.5135
1872,4.4,7.0,0.0,1.434,3.56
1873,3.8,6.0,0.0,1.2464,3.4014
1874,5.5,11.0,0.0,1.7685,3.5634
1875,4.0,7.0,0.0,1.3403,3.3681
1876,4.9,8.0,0.0,1.5843,3.2302
1877,5.1,9.0,0.0,1.6556,3.3248
1878,4.0,6.0,0.0,1.3467,3.1696
1879,4.0,9.0,0.0,1.363,3.1989
1880,5.3,8.0,0.0,1.7198,3.2712
1881,5.6,7.0,0.0,1.7905,3.215
1882,5.2,8.0,0.0,1.6506,3.5817
1883,4.9,11.0,0.0,1.6179,3.4651
1884,4.8,8.0,0.0,1.5611,3.3099
1885,5.5,11.0,0.0,1.8514,3.423
1886,4.6,7.0,0.0,1.4758,3.2073
1887,11.5,19.0,0.0,3.6088,3.5023
1888,15.0,23.0,0.0,4.6597,4.0233
1889,22.8,33.0,0.0,7.1449,5.196
1890,22.3,31.0,0.0,6.7139,4.5754
1891,19.9,30.0,0.0,6.0984,5.0018
1892,21.0,31.0,0.0,6.7095,4.559
1893,15.0,17.0,0.0,4.6426,4.2699
1894,18.6,29.0,0.0,5.6868,4.2833
1895,19.2,29.0,0.0,5.825,4.3635
1896,19.3,33.0,0.0,5.8844,4.4978
1897,17.4,31.0,0.0,5.2828,3.9354
1898,19.9,27.0,0.0,6.0158,4.0702
1899,17.3,24.0,0.0,5.0013,4.1256
1900,17.1,26.0,0.0,5.0271,4.2569
1901,16.8,27.0,0.0,4.8183,4.2252
1902,18.8,37.0,0.0,5.9237,3.9362
1903,17.2,23.0,0.0,5.0219,3.9657
1904,15.9,23.0,0.0,4.8056,3.8562
1905,16.1,26.0,0.0,4.8019,4.1823
1906,17.4,26.0,0.0,5.0809,4.7672
1907,18.5,38.0,0.0,5.9152,4.4267
1908,22.0,31.0,0.0,6.5499,4.6553
1909,10.9,15.0,0.0,3.3583,3.8734
1910,5.2,10.0,0.0,1.8032,3.5999
1911,4.9,8.0,0.0,1.6212,3.2025
1912,3.9,7.0,0.0,1.315,3.2501
1913,3.8,6.0,0.0,1.2981,3.3917
1914,4.3,6.0,0.0,1.3932,3.392
1915,4.5,6.0,0.0,1.4663,3.231
1916,6.2,10.0,0.0,1.9261,3.3208
1917,7.0,13.0,0.0,2.2772,3.4334
1918,6.2,9.0,0.0,1.9782,3.5666
1919,5.7,10.0,0.0,1.9015,3.7503
1920,6.8,12.0,0.0,2.1038,3.5814
1921,6.3,8.0,0.0,1.9494,3.4557
1922,4.9,7.0,0.0,1.5802,3.3516
1923,5.4,12.0,0.0,1.8117,3.6284
1924,6.0,12.0,0.0,1.9673,3.5278
1925,3.9,6.0,0.0,1.253,3.4691
1926,5.0,16.0,0.0,1.9134,3.3111
1927,5.6,10.0,0.0,1.7968,3.2073
1928,4.4,7.0,0.0,1.4621,3.2049
1929,3.8,7.0,0.0,1.253,3.2034
1930,3.9,6.0,0.0,1.2878,3.192
1931,5.7,11.0,0.0,1.8649,3.2103
1932,13.7,19.0,0.0,4.0936,3.6977
1933,18.9,41.0,0.0,6.2336,4.4073
1934,17.7,25.0,0.0,5.2977,4.6332
1935,17.0,29.0,0.0,5.2909,4.6982
1936,15.1,24.0,0.0,4.6344,4.3168
1937,15.1,21.0,0.0,4.6058,3.9051
1938,14.7,27.0,0.0,4.7663,3.8552
1939,15.1,22.0,0.0,4.6111,3.9333
1940,15.6,20.0,0.0,4.8916,4.1847
1941,19.0,29.0,0.0,5.794,4.5542
1942,22.3,34.0,0.0,6.7691,4.6528
1943,22.8,36.0,0.0,7.3108,4.7373
1944,21.3,41.0,0.0,7.0587,4.5453
1945,15.4,24.0,0.0,4.7183,3.9339
1946,8.7,17.0,0.0,2.8174,3.4461
1947,6.8,18.0,0.0,2.4087,3.2694
1948,3.4,5.0,0.0,1.1533,3.2039
1949,3.8,6.0,0.0,1.251,3.2479
1950,4.6,6.0,0.0,1.4586,3.1955
1951,3.6,7.0,0.0,1.14,3.1091
1952,4.7,10.0,0.0,1.5586,3.281
1953,4.6,10.0,0.0,1.51,3.234
1954,4.0,5.0,0.0,1.2568,3.1763
1955,4.3,6.0,0.0,1.382,3.1769
1956,4.1,7.0,0.0,1.3219,3.1822
1957,3.9,5.0,0.0,1.2878,3.1653
1958,3.8,6.0,0.0,1.26,3.2351
1959,4.4,6.0,0.0,1.416,3.2241
1960,4.7,8.0,0.0,1.5364,3.2461
1961,3.8,5.0,0.0,1.2571,3.3514
1962,6.6,11.0,0.0,2.194,3.3725
1963,5.7,9.0,0.0,1.8246,3.4058
1964,5.8,8.0,0.0,1.8451,3.3433
1965,4.1,6.0,0.0,1.3537,3.3347
1966,4.9,8.0,0.0,1.5815,3.4166
1967,5.2,8.0,0.0,1.678,3.1966
1968,5.7,10.0,0.0,1.8248,3.1498
1969,6.3,12.0,0.0,2.0681,3.1505
1970,10.8,20.0,0.0,3.4254,3.4656
1971,3.4,4.0,0.0,1.1735,3.2036
1972,5.0,6.0,0.0,1.6148,3.1953
1973,4.6,6.0,0.0,1.4905,3.1374
1974,3.7,6.0,0.0,1.1916,3.2882
1975,3.6,7.0,0.0,1.2114,3.0466
1976,3.3,5.0,0.0,1.108,3.0581
1977,3.6,7.0,0.0,1.236,3.1656
1978,3.8,6.0,0.0,1.2408,3.183
1979,4.0,7.0,0.0,1.3519,3.1152
1980,3.3,5.0,0.0,1.1032,3.0968
1981,4.4,7.0,0.0,1.4654,3.1019
1982,4.3,6.0,0.0,1.3778,3.178
1983,5.2,7.0,0.0,1.6296,3.1738
1984,4.0,8.0,0.0,1.3659,3.1316
1985,4.7,8.0,0.0,1.5991,3.1734
1986,4.1,6.0,0.0,1.3336,3.1359
1987,4.0,5.0,0.0,1.337,3.1602
1988,4.3,6.0,0.0,1.3999,3.1532
1989,3.7,7.0,0.0,1.2419,3.1466
1990,4.4,6.0,0.0,1.3948,3.1597
1991,4.0,7.0,0.0,1.2914,3.142
1992,2.8,5.0,0.0,0.9775,3.15
1993,4.9,7.0,0.0,1.5792,3.1403
1994,4.5,9.0,0.0,1.4722,3.1754
1995,4.6,9.0,0.0,1.5156,3.2886
1996,4.6,7.0,0.0,1.5041,3.279
1997,7.0,9.0,0.0,2.1895,3.3591
1998,4.4,6.0,0.0,1.3973,3.2096
1999,3.9,6.0,0.0,1.2488,3.1854
2000,4.8,7.0,0.0,1.546,3.1531
2001,3.8,9.0,0.0,1.3137,3.1052
2002,4.9,8.0,0.0,1.5898,3.1394
2003,7.3,15.0,0.0,2.4062,3.1975
2004,7.3,17.0,0.0,2.4784,3.2958
2005,7.6,11.0,0.0,2.3786,3.3051
2006,6.6,13.0,0.0,2.1669,3.2132
2007,5.8,9.0,0.0,1.8835,3.2593
2008,6.3,9.0,0.0,2.0114,3.2409
2009,6.7,18.0,0.0,2.2717,3.3205
2010,7.4,13.0,0.0,2.3634,3.2671
2011,6.4,12.0,0.0,2.0951,3.2015
2012,9.5,20.0,0.0,3.3234,3.5228
2013,14.4,36.0,0.0,5.1436,3.745
2014,16.9,25.0,0.0,4.9918,4.6112
2015,24.3,42.0,0.0,7.2421,5.2437
2016,22.8,31.0,0.0,6.5609,4.8819
2017,20.7,39.0,0.0,6.3073,4.5644
2018,15.8,27.0,0.0,4.9458,4.1387
2019,14.4,22.0,0.0,4.2482,3.9851
2020,12.8,25.0,0.0,3.9215,3.8508
2021,15.1,23.0,0.0,4.6591,4.024
2022,12.8,27.0,0.0,4.1888,3.7139
2023,16.5,29.0,0.0,5.2411,3.7496
2024,13.0,26.0,0.0,4.0505,3.7579
2025,21.3,29.0,0.0,6.4011,4.3332
2026,24.4,45.0,0.0,7.5974,4.4937
2027,18.3,35.0,0.0,5.465,4.1895
2028,21.6,38.0,0.0,6.6407,4.592
2029,13.7,34.0,0.0,4.6851,3.8705
2030,14.4,21.0,0.0,4.4011,4.049
2031,15.6,23.0,0.0,4.7534,4.1737
2032,18.0,32.0,0.0,5.5383,4.2327
2033,22.9,32.0,0.0,7.0027,4.4215
2034,9.7,15.0,0.0,2.9834,3.419
2035,11.6,26.0,0.0,3.8054,3.4762
2036,5.8,9.0,0.0,1.8743,3.3454
2037,4.8,10.0,0.0,1.584,3.3455
2038,6.3,16.0,0.0,2.1932,3.3106
2039,4.5,7.0,0.0,1.4524,3.2344
2040,4.7,8.0,0.0,1.4717,3.2367
2041,4.5,7.0,0.0,1.5008,3.1099
2042,5.6,9.0,0.0,1.7847,3.2234
2043,5.0,8.0,0.0,1.6062,3.1176
2044,4.6,7.0,0.0,1.4098,3.18
2045,4.7,7.0,0.0,1.4941,3.0825
2046,4.5,10.0,0.0,1.542,3.0956
2047,4.6,6.0,0.0,1.4627,3.1909
2048,4.1,6.0,0.0,1.3559,3.1516
2049,4.6,8.0,0.0,1.513,3.1577
2050,4.0,6.0,0.0,1.2929,3.1551
2051,3.7,6.0,0.0,1.2548,3.1018
2052,3.1,6.0,0.0,1.0618,3.0991
2053,3.7,5.0,0.0,1.2074,3.1325
2054,4.0,8.0,0.0,1.3376,3.1365
2055,3.9,7.0,0.0,1.2904,3.1744
2056,3.3,6.0,0.0,1.1386,3.2165
2057,3.6,5.0,0.0,1.2042,3.1297
2058,3.7,7.0,0.0,1.2625,3.1019
2059,4.4,9.0,0.0,1.4448,3.0785
2060,4.8,7.0,0.0,1.4995,3.0664
2061,4.2,6.0,0.0,1.363,3.0822
2062,4.4,5.0,0.0,1.3955,3.1003
2063,3.5,5.0,0.0,1.1511,3.0634
2064,3.3,5.0,0.0,1.108,3.1044
2065,3.9,6.0,0.0,1.2784,3.0984
2066,3.4,5.0,0.0,1.1407,3.1643
2067,4.2,10.0,0.0,1.51,3.1462
2068,4.1,7.0,0.0,1.3541,3.1701
2069,4.2,7.0,0.0,1.3524,3.1332
2070,4.6,6.0,0.0,1.449,3.2647
2071,4.1,9.0,0.0,1.3928,3.2755
2072,6.8,12.0,0.0,2.2048,3.2986
2073,5.0,7.0,0.0,1.537,3.1689
2074,4.8,8.0,0.0,1.5322,3.2618
2075,5.6,9.0,0.0,1.7747,3.2429
2076,6.6,19.0,0.0,2.3785,3.3237
2077,15.0,28.0,0.0,4.9593,3.9198
2078,20.4,30.0,0.0,6.2096,4.7857
2079,19.2,26.0,0.0,5.8592,4.675
2080,17.3,29.0,0.0,5.3752,4.5263
2081,20.0,46.0,0.0,6.4281,4.2042
2082,21.6,30.0,0.0,6.6726,4.3407
2083,15.6,27.0,0.0,4.8909,4.0181
2084,17.4,27.0,0.0,5.3677,4.0337
2085,17.9,26.0,0.0,5.3696,3.8866
2086,13.5,23.0,0.0,4.2923,3.4946
2087,10.7,20.0,0.0,3.4915,3.2697
2088,13.1,19.0,0.0,4.1164,3.5562
2089,10.7,16.0,0.0,3.2646,3.4072
2090,8.3,13.0,0.0,2.7106,3.3198
2091,8.6,20.0,0.0,2.9131,3.3439
2092,8.9,16.0,0.0,2.8552,3.2371
2093,17.7,33.0,0.0,5.6122,3.538
2094,17.4,24.0,0.0,5.3749,3.719
2095,12.8,18.0,0.0,4.0177,3.711
2096,14.2,26.0,0.0,4.502,3.7455
2097,13.4,20.0,0.0,4.1474,4.0187
2098,16.5,27.0,0.0,5.2296,4.0017
2099,12.3,19.0,0.0,4.0159,3.8942
2100,13.9,30.0,0.0,4.6356,3.6919
2101,16.8,22.0,0.0,5.2328,4.1427
2102,21.0,30.0,0.0,6.4073,4.4755
2103,16.6,23.0,0.0,5.1902,4.2135
2104,15.2,21.0,0.0,4.6864,4.1501
2105,18.2,33.0,0.0,5.5865,4.1833
2106,18.5,28.0,0.0,5.5185,4.1735
2107,16.9,21.0,0.0,4.679,4.256
2108,18.5,26.0,0.0,5.6042,4.1456
2109,18.4,30.0,0.0,5.6203,4.2629
2110,19.0,24.0,0.0,5.3053,4.8256
2111,17.3,29.0,0.0,5.1827,4.5105
2112,20.6,30.0,0.0,6.078,4.5545
2113,16.7,26.0,0.0,5.0998,4.3754
2114,18.8,35.0,0.0,5.7208,4.3003
2115,17.8,30.0,0.0,5.3466,4.6557
2116,24.4,33.0,0.0,7.0788,5.1098
2117,18.0,38.0,0.0,5.4767,4.8627
2118,25.6,32.0,0.0,7.4503,5.4391
2119,20.2,34.0,0.0,6.1252,4.7695
2120,14.2,29.0,0.0,4.4409,4.2012
2121,17.8,22.0,0.0,5.1788,4.4777
2122,12.8,17.0,0.0,3.7212,3.7373
2123,13.8,36.0,0.0,4.7029,3.7479
2124,12.7,20.0,0.0,3.9717,3.9468
2125,12.3,22.0,0.0,3.8279,3.6735
2126,11.4,16.0,0.0,3.43,3.5974
2127,6.6,13.0,0.0,2.1728,3.3447
2128,4.7,10.0,0.0,1.5594,3.2841
2129,4.8,11.0,0.0,1.621,3.1279
2130,4.4,6.0,0.0,1.433,3.3303
2131,5.2,8.0,0.0,1.6844,3.4407
2132,4.4,6.0,0.0,1.426,3.3777
2133,4.0,5.0,0.0,1.2651,3.3397
2134,3.4,6.0,0.0,1.1533,3.2778
2135,3.4,5.0,0.0,1.1584,3.209
2136,3.4,5.0,0.0,1.1158,3.2663
2137,4.3,6.0,0.0,1.3625,3.5087
2138,4.7,7.0,0.0,1.4827,3.5224
2139,5.2,7.0,0.0,1.6544,3.2169
2140,4.0,6.0,0.0,1.2953,3.2148
2141,4.3,6.0,0.0,1.441,3.1072
2142,3.6,5.0,0.0,1.2038,3.0984
2143,4.5,8.0,0.0,1.4387,3.0991
2144,5.0,7.0,0.0,1.608,3.1959
2145,4.1,6.0,0.0,1.3704,3.1982
2146,7.4,11.0,0.0,2.3073,3.1632
2147,4.6,7.0,0.0,1.5641,3.1992
2148,5.7,12.0,0.0,1.8978,3.2892
2149,7.5,11.0,0.0,2.3701,3.3532
2150,11.1,22.0,0.0,3.5784,3.7981
2151,15.9,26.0,0.0,4.9123,4.0518
2152,18.0,32.0,0.0,5.5102,4.4213
2153,17.8,23.0,0.0,5.4422,4.3549
2154,17.3,21.0,0.0,5.1387,4.3007
2155,15.8,19.0,0.0,4.7799,4.2278
2156,20.9,35.0,0.0,6.4675,4.1753
2157,15.4,27.0,0.0,4.7199,4.015
2158,20.5,26.0,0.0,6.1898,4.0829
2159,12.6,15.0,0.0,4.0062,4.0731
2160,17.4,24.0,0.0,5.1875,3.9848
2161,20.5,31.0,0.0,6.3361,4.4171
2162,24.9,39.0,0.0,7.4277,4.4851
2163,19.6,37.0,0.0,6.2818,4.407
2164,16.7,33.0,0.0,5.3728,3.874
2165,10.7,16.0,0.0,3.3365,3.6062
2166,7.1,23.0,0.0,2.7466,3.1521
2167,11.4,19.0,0.0,3.697,3.4694
2168,10.4,16.0,0.0,3.2202,3.6781
2169,4.5,8.0,0.0,1.4925,3.2258
2170,5.3,7.0,0.0,1.7029,3.2478
2171,3.6,4.0,0.0,1.1779,3.1405
2172,4.1,6.0,0.0,1.3037,3.1139
2173,3.8,5.0,0.0,1.28,3.1381
2174,3.7,5.0,0.0,1.2255,3.1645
2175,3.0,4.0,0.0,1.0161,3.205
2176,3.8,5.0,0.0,1.2757,3.218
2177,5.2,7.0,0.0,1.6756,3.2544
2178,4.2,6.0,0.0,1.382,3.1118
2179,3.7,7.0,0.0,1.2498,3.1326
2180,4.1,5.0,0.0,1.2835,3.0455
2181,4.1,7.0,0.0,1.3637,3.1516
2182,3.9,6.0,0.0,1.2764,3.106
2183,3.6,7.0,0.0,1.183,3.1705
2184,4.4,8.0,0.0,1.4741,3.1513
2185,4.2,9.0,0.0,1.4387,3.1747
2186,5.4,9.0,0.0,1.7275,3.2402
2187,3.8,6.0,0.0,1.2449,3.1985
2188,4.1,7.0,0.0,1.3453,3.2276
2189,4.6,6.0,0.0,1.4755,3.2146
2190,5.1,11.0,0.0,1.7005,3.3167
2191,4.9,9.0,0.0,1.6041,3.286
2192,4.7,7.0,0.0,1.614,3.3531
2193,5.6,10.0,0.0,1.8496,3.3096
2194,4.7,8.0,0.0,1.5928,3.29
2195,5.3,7.0,0.0,1.6128,3.3216
2196,6.0,9.0,0.0,1.9245,3.4914
2197,6.9,11.0,0.0,2.195,3.2205
2198,4.9,8.0,0.0,1.5085,3.4527
2199,6.8,13.0,0.0,2.2956,3.5856
2200,8.9,16.0,0.0,2.7495,3.7401
2201,12.4,18.0,0.0,3.6739,3.8771
2202,20.4,31.0,0.0,6.2697,4.2304
2203,20.6,31.0,0.0,6.0966,4.7694
2204,21.6,27.0,0.0,6.4001,5.1914
2205,19.1,35.0,0.0,5.9783,4.7084
2206,16.3,24.0,0.0,4.9725,4.1991
2207,16.0,26.0,0.0,5.0711,4.1082
2208,20.7,28.0,0.0,6.0474,4.3561
2209,20.0,27.0,0.0,5.8159,4.4749
2210,20.8,28.0,0.0,6.2225,4.4114
2211,16.7,24.0,0.0,5.0596,4.2271
2212,15.9,22.0,0.0,4.6508,4.3092
2213,17.6,22.0,0.0,5.141,4.3719
2214,19.6,33.0,0.0,5.726,4.4107
2215,18.5,25.0,0.0,5.7038,4.546
2216,15.5,20.0,0.0,4.8816,4.0643
2217,12.2,20.0,0.0,3.7359,3.6409
2218,15.4,26.0,0.0,4.7382,3.5814
2219,13.7,17.0,0.0,3.9987,3.6829
2220,14.2,20.0,0.0,4.2533,3.96
2221,7.4,16.0,0.0,2.4995,3.5413
2222,5.2,9.0,0.0,1.5928,3.5731
2223,4.8,8.0,0.0,1.5405,3.531
2224,4.0,7.0,0.0,1.3165,3.4851
2225,4.5,7.0,0.0,1.4663,3.3875
2226,4.0,7.0,0.0,1.3403,3.2333
2227,4.5,8.0,0.0,1.4879,3.3539
2228,4.7,6.0,0.0,1.5696,3.303
2229,4.4,8.0,0.0,1.4579,3.3668
2230,5.8,14.0,0.0,1.9901,3.4079
2231,5.4,7.0,0.0,1.7381,3.4061
2232,4.5,7.0,0.0,1.4468,3.448
2233,3.5,6.0,0.0,1.1374,3.2402
2234,4.8,6.0,0.0,1.5106,3.2485
2235,5.0,8.0,0.0,1.5914,3.4427
2236,3.0,4.0,0.0,1.0029,3.2909
2237,6.3,11.0,0.0,2.0586,3.3394
2238,5.0,7.0,0.0,1.555,3.2862
2239,5.0,7.0,0.0,1.5432,3.393
2240,6.5,12.0,0.0,2.0528,3.4028
2241,8.4,15.0,0.0,2.6065,3.6593
2242,10.5,26.0,0.0,3.5352,3.7198
2243,22.2,37.0,0.0,6.8405,4.4108
2244,18.0,32.0,0.0,5.6382,4.6687
2245,25.4,43.0,0.0,7.9243,4.9342
2246,21.4,38.0,0.0,6.4045,4.6943
2247,17.5,23.0,0.0,5.2445,4.2106
2248,12.5,18.0,0.0,3.8857,3.963
2249,10.9,20.0,0.0,3.3324,3.8318
2250,5.3,13.0,0.0,1.8589,3.44
2251,4.3,6.0,0.0,1.4001,3.3575
2252,4.1,6.0,0.0,1.3318,3.4114
2253,4.5,10.0,0.0,1.5931,3.3323
2254,5.0,9.0,0.0,1.5943,3.2998
2255,4.0,8.0,0.0,1.3485,3.3263
2256,4.7,6.0,0.0,1.5079,3.3345
2257,4.0,6.0,0.0,1.3,3.2878
2258,5.2,19.0,0.0,2.1562,3.1497
2259,4.6,7.0,0.0,1.5748,3.1435
2260,4.2,9.0,0.0,1.4351,3.3632
2261,4.5,8.0,0.0,1.5301,3.4118
2262,5.4,7.0,0.0,1.7105,3.2015
2263,4.9,7.0,0.0,1.5658,3.2125
2264,3.7,5.0,0.0,1.241,3.1748
2265,6.5,13.0,0.0,2.0976,3.3763
2266,4.6,6.0,0.0,1.5344,3.3236
2267,4.7,8.0,0.0,1.5472,3.3502
2268,4.5,7.0,0.0,1.4169,3.1404
2269,5.2,7.0,0.0,1.5905,3.2077
2270,3.9,6.0,0.0,1.3048,3.1697
2271,4.5,8.0,0.0,1.4553,3.3195
2272,6.3,14.0,0.0,2.1206,3.4718
2273,3.8,5.0,0.0,1.2568,3.3003
2274,5.2,9.0,0.0,1.7063,3.3127
2275,3.9,5.0,0.0,1.2655,3.3149
2276,4.8,8.0,0.0,1.5718,3.4414
2277,3.6,5.0,0.0,1.1487,3.5609
2278,5.5,9.0,0.0,1.8173,3.3912
2279,7.8,13.0,0.0,2.43,3.5388
2280,4.1,7.0,0.0,1.379,3.5085
2281,4.3,7.0,0.0,1.458,3.3779
2282,5.9,9.0,0.0,1.8735,3.3224
2283,12.8,18.0,0.0,4.1824,3.9517
2284,21.9,29.0,0.0,6.6076,4.7712
2285,22.9,40.0,0.0,7.2436,4.9688
2286,11.8,27.0,0.0,3.9613,3.8523
2287,9.8,12.0,0.0,3.1479,3.5641
2288,5.6,9.0,0.0,1.7669,3.6124
2289,4.9,6.0,0.0,1.5626,3.4329
2290,5.6,10.0,0.0,1.8351,3.2839
2291,4.2,6.0,0.0,1.3937,3.2949
2292,6.2,16.0,0.0,2.2479,3.3029
2293,6.1,8.0,0.0,1.9105,3.3195
2294,12.1,17.0,0.0,3.7333,3.7947
2295,17.5,25.0,0.0,5.6279,4.3007
2296,12.6,17.0,0.0,3.9939,4.3189
2297,14.3,21.0,0.0,4.3851,4.4325
2298,12.8,19.0,0.0,4.041,4.2557
2299,15.3,27.0,0.0,4.8738,4.36
2300,9.6,19.0,0.0,3.0903,3.8369
2301,12.3,17.0,0.0,3.7173,3.9777
2302,11.2,22.0,0.0,3.6098,3.7414
2303,7.6,12.0,0.0,2.4331,3.5042
2304,13.7,26.0,0.0,4.4372,3.7974
2305,7.1,11.0,0.0,2.2422,3.6125
2306,6.4,8.0,0.0,1.9783,3.5541
2307,7.6,15.0,0.0,2.4398,3.4156
2308,6.5,11.0,0.0,2.0747,3.4365
2309,4.6,6.0,0.0,1.4256,3.5812
2310,4.8,6.0,0.0,1.478,3.7755
2311,5.1,10.0,0.0,1.7408,3.62
2312,6.3,9.0,0.0,1.9534,3.2669
2313,6.4,9.0,0.0,2.0411,3.3363
2314,4.9,6.0,0.0,1.5141,3.4323
2315,4.8,6.0,0.0,1.5446,3.3387
2316,5.0,9.0,0.0,1.6231,3.5267
2317,4.3,5.0,0.0,1.3984,3.3865
2318,9.2,27.0,0.0,3.3692,3.6986
2319,16.2,39.0,0.0,5.5486,4.5742
2320,18.3,26.0,0.0,5.6311,4.5303
2321,17.2,29.0,0.0,5.0984,4.5705
2322,21.1,27.0,0.0,6.3012,5.1393
2323,13.6,18.0,0.0,4.1005,3.9064
2324,20.0,28.0,0.0,6.0206,4.0327
2325,10.6,22.0,0.0,3.5255,3.4118
2326,5.3,11.0,0.0,1.8281,3.1413
2327,4.2,7.0,0.0,1.3771,3.0573
2328,3.4,5.0,0.0,1.1079,3.0636
2329,4.3,7.0,0.0,1.4141,3.0952
2330,4.4,8.0,0.0,1.4567,3.1742
2331,3.4,5.0,0.0,1.0865,3.2534
2332,3.8,7.0,0.0,1.2643,3.2115
2333,4.4,8.0,0.0,1.4417,3.3932
2334,3.8,6.0,0.0,1.233,3.1733
2335,3.9,7.0,0.0,1.3219,3.1701
2336,3.9,6.0,0.0,1.2272,3.2277
2337,5.2,8.0,0.0,1.7107,3.2101
2338,4.1,8.0,0.0,1.317,3.0954
2339,4.1,6.0,0.0,1.3883,3.183
2340,5.1,13.0,0.0,1.8459,3.1147
2341,6.2,12.0,0.0,1.9975,3.1945
2342,7.4,15.0,0.0,2.4116,3.3837
2343,13.9,23.0,0.0,4.2638,4.5255
2344,16.1,28.0,0.0,4.9834,4.718
2345,15.9,21.0,0.0,4.8628,4.3334
2346,15.3,21.0,0.0,4.7397,4.5381
2347,19.3,30.0,0.0,5.8115,4.7751
2348,16.2,25.0,0.0,4.9591,4.5033
2349,18.1,32.0,0.0,5.5919,4.3844
2350,15.8,24.0,0.0,4.7537,4.1663
2351,13.5,20.0,0.0,4.0217,3.7497
2352,14.5,20.0,0.0,4.4073,4.0079
2353,15.4,25.0,0.0,4.6912,3.8862
2354,18.2,25.0,0.0,5.5483,4.6078
2355,19.7,32.0,0.0,5.8673,4.4565
2356,21.5,37.0,0.0,6.3745,4.2012
2357,20.7,27.0,0.0,6.2669,4.2945
2358,14.9,22.0,0.0,4.3934,3.903
2359,13.9,23.0,0.0,4.2377,3.7965
2360,11.2,17.0,0.0,3.3537,3.8497
2361,8.8,12.0,0.0,2.7534,3.6292
2362,5.2,8.0,0.0,1.6693,3.3699
2363,3.9,5.0,0.0,1.2219,3.3406
2364,3.9,5.0,0.0,1.227,3.3782
2365,4.3,6.0,0.0,1.4361,3.4077
2366,3.6,4.0,0.0,1.1864,3.4158
2367,4.8,7.0,0.0,1.5549,3.3365
2368,3.8,6.0,0.0,1.2561,3.238
2369,4.2,5.0,0.0,1.3906,3.207
2370,4.5,7.0,0.0,1.4169,3.2053
2371,4.4,6.0,0.0,1.437,3.1374
2372,4.4,8.0,0.0,1.4866,3.2687
2373,4.7,6.0,0.0,1.4771,3.1456
2374,5.2,9.0,0.0,1.6583,3.1978
2375,3.9,8.0,0.0,1.321,3.2827
2376,3.6,7.0,0.0,1.2488,3.1574
2377,3.3,5.0,0.0,1.0554,3.1674
2378,4.6,9.0,0.0,1.5586,3.1829
2379,4.2,7.0,0.0,1.4135,3.2449
2380,3.8,6.0,0.0,1.2814,3.3053
2381,5.4,8.0,0.0,1.7333,3.3201
2382,4.6,7.0,0.0,1.4871,3.1946
2383,5.3,8.0,0.0,1.6925,3.1447
2384,3.9,5.0,0.0,1.3015,3.3051
2385,4.6,6.0,0.0,1.4483,3.1906
2386,4.0,8.0,0.0,1.2937,3.2114
2387,13.1,23.0,0.0,4.2836,4.2578
2388,20.0,33.0,0.0,6.0333,4.9615
2389,20.1,26.0,0.0,6.0639,5.0154
2390,22.1,41.0,0.0,6.6892,4.7897
2391,19.5,38.0,0.0,6.1924,4.3839
2392,18.4,26.0,0.0,5.5276,4.5746
2393,27.5,43.0,0.0,8.2503,4.9931
2394,22.4,36.0,0.0,6.6821,5.1668
2395,22.8,28.0,0.0,6.838,5.3217
2396,20.9,24.0,0.0,6.1693,4.8998
2397,25.6,45.0,0.0,8.094,5.2837
2398,14.8,21.0,0.0,4.3875,3.9528
2399,11.3,17.0,0.0,3.4968,3.8204
2400,6.5,11.0,0.0,2.0547,3.5636
2401,4.9,7.0,0.0,1.5893,3.4983
2402,5.2,9.0,0.0,1.6413,3.3242
2403,4.1,8.0,0.0,1.3805,3.285
2404,4.1,6.0,0.0,1.3863,3.2986
2405,3.7,6.0,0.0,1.2137,3.2693
2406,3.9,6.0,0.0,1.28,3.322
2407,3.4,5.0,0.0,1.1107,3.1979
2408,4.2,6.0,0.0,1.4614,3.2932
2409,3.7,5.0,0.0,1.2403,3.3185
2410,5.0,7.0,0.0,1.5748,3.2307
2411,4.6,8.0,0.0,1.5381,3.1413
2412,5.0,11.0,0.0,1.745,3.2275
2413,5.3,6.0,0.0,1.6725,3.3683
2414,4.8,8.0,0.0,1.4928,3.2951
2415,4.8,7.0,0.0,1.5961,3.2299
2416,4.9,6.0,0.0,1.5508,3.2469
2417,5.0,8.0,0.0,1.5457,3.3499
2418,5.2,7.0,0.0,1.6875,3.4053
2419,5.0,6.0,0.0,1.5178,3.2577
2420,4.9,9.0,0.0,1.558,3.2828
2421,5.3,11.0,0.0,1.8127,3.3033
2422,6.1,10.0,0.0,1.8905,3.3052
2423,6.1,9.0,0.0,1.8987,3.284
2424,6.0,10.0,0.0,1.9017,3.2025
2425,5.1,7.0,0.0,1.6092,3.2657
2426,5.6,9.0,0.0,1.7827,3.1962
2427,5.4,7.0,0.0,1.696,3.3339
2428,5.6,9.0,0.0,1.773,3.3919
2429,5.3,8.0,0.0,1.7212,3.5317
2430,4.7,7.0,0.0,1.5183,3.5239
2431,4.6,7.0,0.0,1.4219,3.4042
2432,5.3,9.0,0.0,1.8105,3.4455
2433,6.8,22.0,0.0,2.6339,3.3172
2434,6.1,11.0,0.0,1.9342,3.4441
2435,5.3,9.0,0.0,1.6222,3.5831
2436,6.1,16.0,0.0,2.0788,3.5403
2437,8.2,22.0,0.0,2.8645,3.572
2438,9.6,19.0,0.0,2.9542,3.5549
2439,6.9,16.0,0.0,2.319,3.3708
2440,7.1,14.0,0.0,2.3254,3.3639
2441,9.1,32.0,0.0,3.6526,3.5724
2442,7.6,15.0,0.0,2.3582,3.5462
2443,11.2,19.0,0.0,3.3745,3.723
2444,11.7,20.0,0.0,3.6652,3.7465
2445,17.3,32.0,0.0,5.5525,3.965
2446,13.2,21.0,0.0,4.1655,3.6809
2447,13.3,21.0,0.0,4.1232,3.7756
2448,11.9,17.0,0.0,3.6696,3.6788
2449,10.5,28.0,0.0,3.6914,3.7938
2450,9.8,16.0,0.0,3.2001,3.9702
2451,16.1,22.0,0.0,4.691,4.145
2452,19.6,28.0,0.0,5.7876,4.3366
2453,18.4,26.0,0.0,5.3804,4.3127
2454,17.8,26.0,0.0,5.3738,4.1663
2455,16.6,31.0,0.0,5.0558,4.4212
2456,17.6,28.0,0.0,5.4064,4.549
2457,17.6,22.0,0.0,5.2063,4.3484
2458,17.1,22.0,0.0,5.4326,4.3251
2459,17.7,27.0,0.0,5.4468,4.146
2460,13.7,20.0,0.0,4.2731,3.8422
2461,14.9,24.0,0.0,4.6784,3.8198
2462,13.2,16.0,0.0,4.0416,3.6643
2463,8.8,13.0,0.0,2.8026,3.5221
2464,6.4,12.0,0.0,2.1821,3.2936
2465,6.5,10.0,0.0,2.0635,3.245
2466,3.6,5.0,0.0,1.1779,3.1969
2467,4.3,7.0,0.0,1.3771,3.1898
2468,4.5,6.0,0.0,1.429,3.2121
2469,3.7,5.0,0.0,1.2085,3.1833
2470,3.6,6.0,0.0,1.2083,3.1729
2471,4.6,9.0,0.0,1.5932,3.2474
2472,4.0,7.0,0.0,1.306,3.1808
2473,4.1,7.0,0.0,1.3219,3.2183
2474,3.1,6.0,0.0,1.0738,3.1927
2475,4.0,6.0,0.0,1.3342,3.1615
2476,3.7,5.0,0.0,1.2726,3.3111
2477,3.6,7.0,0.0,1.2419,3.426
2478,3.7,7.0,0.0,1.2679,3.1636
2479,3.5,5.0,0.0,1.1497,3.1367
2480,3.8,7.0,0.0,1.2948,3.0978
2481,4.0,6.0,0.0,1.3349,3.1371
2482,3.5,6.0,0.0,1.1598,3.1013
2483,3.5,6.0,0.0,1.1808,3.1294
2484,3.3,4.0,0.0,1.1014,3.1045
2485,4.1,5.0,0.0,1.3153,3.0632
2486,3.5,6.0,0.0,1.1916,3.0488
2487,4.2,7.0,0.0,1.4379,3.0948
2488,3.4,5.0,0.0,1.1402,3.1483
2489,3.8,6.0,0.0,1.3067,3.1014
2490,3.1,5.0,0.0,1.0524,3.1769
2491,5.6,7.0,0.0,1.758,3.2479
2492,3.6,5.0,0.0,1.1704,3.2297
2493,6.0,12.0,0.0,2.0321,3.3556
2494,8.0,17.0,0.0,2.5949,3.4164
2495,13.4,21.0,0.0,4.2453,3.7043
2496,12.2,16.0,0.0,3.7767,3.8659
2497,10.3,13.0,0.0,3.0565,4.142
2498,11.4,17.0,0.0,3.5912,3.883
2499,13.8,18.0,0.0,4.1605,4.2167
2500,8.8,13.0,0.0,2.7514,3.6874
2501,10.4,16.0,0.0,3.1512,3.7133
2502,8.6,16.0,0.0,2.8054,3.4336
2503,5.1,10.0,0.0,1.6786,3.2463
2504,4.4,6.0,0.0,1.4309,3.2207
2505,5.0,7.0,0.0,1.5639,3.2113
2506,3.7,8.0,0.0,1.2826,3.0964
2507,3.7,5.0,0.0,1.2121,3.1487
2508,3.4,6.0,0.0,1.1122,3.0653
2509,3.8,7.0,0.0,1.26,3.0774
2510,4.3,6.0,0.0,1.4326,3.212
2511,3.5,6.0,0.0,1.1805,3.1576
2512,4.1,6.0,0.0,1.3274,3.1319
2513,4.1,6.0,0.0,1.3195,3.1485
2514,4.3,8.0,0.0,1.4351,3.2708
2515,5.5,8.0,0.0,1.751,3.1362
2516,4.4,6.0,0.0,1.4132,3.2268
2517,3.5,5.0,0.0,1.1435,3.1827
2518,4.7,7.0,0.0,1.4517,3.0983
2519,3.6,5.0,0.0,1.148,3.0757
2520,4.7,7.0,0.0,1.484,3.1757
2521,4.5,6.0,0.0,1.4343,3.2617
2522,4.8,7.0,0.0,1.5354,3.2584
2523,5.2,6.0,0.0,1.6471,3.2476
2524,4.5,9.0,0.0,1.4712,3.2149
2525,3.6,6.0,0.0,1.1576,3.2952
2526,5.0,9.0,0.0,1.6413,3.1938
2527,5.1,7.0,0.0,1.6727,3.2669
2528,4.0,5.0,0.0,1.2252,3.1396
2529,4.5,5.0,0.0,1.4858,3.2036
2530,4.1,6.0,0.0,1.3195,3.1781
2531,4.5,6.0,0.0,1.509,3.2859
2532,3.9,10.0,0.0,1.3593,3.1764
2533,6.0,11.0,0.0,1.9615,3.2842
2534,5.1,7.0,0.0,1.6653,3.1876
2535,5.5,11.0,0.0,1.7959,3.2681
2536,4.3,5.0,0.0,1.393,3.2725
2537,5.7,7.0,0.0,1.7599,3.2847
2538,3.9,7.0,0.0,1.2919,3.2984
2539,5.1,8.0,0.0,1.6459,3.2709
2540,5.4,8.0,0.0,1.7404,3.3654
2541,5.2,7.0,0.0,1.6328,3.2632
2542,4.1,6.0,0.0,1.3037,3.232
2543,4.0,8.0,0.0,1.3863,3.1518
2544,4.0,8.0,0.0,1.3948,3.3049
2545,4.0,6.0,0.0,1.2805,3.1325
2546,3.7,5.0,0.0,1.2369,3.2296
2547,3.7,5.0,0.0,1.2488,3.3067
2548,3.0,4.0,0.0,1.0324,3.2017
2549,3.8,6.0,0.0,1.2233,3.2956
2550,5.8,10.0,0.0,1.8572,3.2672
2551,5.9,7.0,0.0,1.8433,3.3024
2552,3.9,6.0,0.0,1.3067,3.2444
2553,4.2,6.0,0.0,1.3927,3.2098
2554,4.0,8.0,0.0,1.3565,3.2479
2555,3.9,9.0,0.0,1.3519,3.2319
2556,4.6,8.0,0.0,1.5615,3.2536
2557,4.8,7.0,0.0,1.5611,3.3642
2558,4.7,6.0,0.0,1.4668,3.3899
2559,8.2,13.0,0.0,2.6264,3.6088
2560,6.4,11.0,0.0,2.0382,3.5219
2561,6.0,12.0,0.0,1.9814,3.3952
2562,8.4,15.0,0.0,2.731,3.4225
2563,8.2,16.0,0.0,2.6668,3.2916
2564,5.6,12.0,0.0,1.8797,3.1903
2565,3.9,5.0,0.0,1.2808,3.2129
2566,3.9,8.0,0.0,1.3444,3.2286
2567,4.5,8.0,0.0,1.4832,3.1282
2568,5.0,8.0,0.0,1.6186,3.1102
2569,5.6,8.0,0.0,1.8225,3.199
2570,5.1,7.0,0.0,1.5941,3.2413
2571,6.1,10.0,0.0,1.9469,3.2928
2572,7.7,16.0,0.0,2.5362,3.2933
2573,5.2,7.0,0.0,1.6572,3.3309
2574,4.7,7.0,0.0,1.5001,3.3276
2575,4.7,6.0,0.0,1.4177,3.1494
2576,4.7,8.0,0.0,1.5497,3.2774
2577,5.5,9.0,0.0,1.7233,3.2784
2578,4.3,6.0,0.0,1.4248,3.4852
2579,4.0,6.0,0.0,1.3304,3.4825
2580,4.3,6.0,0.0,1.3754,3.5006
2581,4.3,7.0,0.0,1.3833,3.4803
2582,5.8,9.0,0.0,1.7906,3.299
2583,4.0,8.0,0.0,1.3601,3.1278
2584,4.5,11.0,0.0,1.5429,3.1515
2585,3.7,8.0,0.0,1.2714,3.2966
2586,6.3,10.0,0.0,1.9995,3.1874
2587,5.3,12.0,0.0,1.8253,3.2014
2588,5.4,6.0,0.0,1.6617,3.2783
2589,3.6,5.0,0.0,1.2114,3.2102
2590,4.4,8.0,0.0,1.4142,3.189
2591,4.0,7.0,0.0,1.3015,3.1739
2592,4.5,7.0,0.0,1.4685,3.213
2593,4.4,7.0,0.0,1.3964,3.1266
2594,3.4,5.0,0.0,1.1789,3.0735
2595,3.7,5.0,0.0,1.1864,3.0622
2596,4.3,7.0,0.0,1.3686,3.0426
2597,4.0,7.0,0.0,1.2826,3.0722
2598,5.0,6.0,0.0,1.5961,3.1105
2599,3.7,5.0,0.0,1.1938,3.1204
2600,6.0,12.0,0.0,1.9321,3.174
2601,4.8,8.0,0.0,1.5549,3.2233
2602,5.5,9.0,0.0,1.7856,3.3046
2603,5.4,8.0,0.0,1.7153,3.2662
2604,5.3,8.0,0.0,1.6321,3.2402
2605,4.0,5.0,0.0,1.2376,3.0843
2606,4.5,7.0,0.0,1.3991,3.1063
2607,4.5,8.0,0.0,1.52,3.0843
2608,4.9,6.0,0.0,1.5013,3.0785
2609,3.8,7.0,0.0,1.25,3.0978
2610,4.1,6.0,0.0,1.3256,3.1482
2611,4.1,7.0,0.0,1.3585,3.2074
2612,3.3,4.0,0.0,1.072,3.2831
2613,3.7,6.0,0.0,1.2114,3.216
2614,3.5,5.0,0.0,1.1662,3.2376
2615,4.3,6.0,0.0,1.3817,3.0944
2616,4.5,7.0,0.0,1.4277,3.1454
2617,3.1,4.0,0.0,1.0524,3.1238
2618,4.7,11.0,0.0,1.6228,3.1683
2619,4.0,7.0,0.0,1.3334,3.1359
2620,4.7,8.0,0.0,1.5452,3.1651
2621,3.8,7.0,0.0,1.253,3.1789
2622,3.8,6.0,0.0,1.2845,3.3472
2623,4.6,10.0,0.0,1.5387,3.2177
2624,4.4,6.0,0.0,1.398,3.4212
2625,3.6,6.0,0.0,1.1779,3.2499
2626,5.9,11.0,0.0,1.9104,3.3708
2627,6.0,7.0,0.0,1.9151,3.3791
2628,4.8,7.0,0.0,1.5448,3.3315
2629,4.9,11.0,0.0,1.6595,3.255
2630,5.2,10.0,0.0,1.7174,3.3188
2631,4.5,7.0,0.0,1.4233,3.2176
2632,4.3,7.0,0.0,1.4,3.2174
2633,5.2,8.0,0.0,1.6205,3.2183
2634,3.5,5.0,0.0,1.1529,3.194
2635,4.5,7.0,0.0,1.4191,3.2106
2636,3.2,4.0,0.0,1.0645,3.2283
2637,3.9,6.0,0.0,1.2764,3.132
2638,5.7,9.0,0.0,1.8405,3.1212
2639,4.9,10.0,0.0,1.6347,3.2167
2640,4.5,7.0,0.0,1.5256,3.0973
2641,4.0,6.0,0.0,1.3396,3.1633
2642,6.1,12.0,0.0,1.9629,3.2718
2643,9.5,18.0,0.0,3.0226,3.5282
2644,15.0,24.0,0.0,4.625,3.9584
2645,20.4,36.0,0.0,6.0986,4.4584
2646,24.2,36.0,0.0,6.9794,4.7154
2647,27.0,37.0,0.0,7.749,5.3613
2648,20.7,28.0,0.0,6.268,4.6841
2649,23.2,30.0,0.0,7.1917,4.5172
2650,17.7,29.0,0.0,5.4532,4.0424
2651,16.2,21.0,0.0,4.988,4.1033
2652,14.9,27.0,0.0,4.5513,3.9235
2653,7.5,13.0,0.0,2.3154,3.5837
2654,3.8,6.0,0.0,1.2236,3.2039
2655,4.6,6.0,0.0,1.5092,3.1147
2656,4.3,6.0,0.0,1.4018,3.1779
2657,3.9,7.0,0.0,1.2878,3.2495
2658,3.1,5.0,0.0,1.0344,3.2554
2659,4.3,7.0,0.0,1.393,3.2557
2660,5.8,11.0,0.0,1.8735,3.3036
2661,4.5,7.0,0.0,1.4373,3.2899
2662,6.7,15.0,0.0,2.3596,3.3334
2663,7.4,11.0,0.0,2.2649,3.3669
2664,11.5,27.0,0.0,3.7746,3.4462
2665,17.0,38.0,0.0,5.4852,3.8373
2666,18.9,29.0,0.0,5.9008,4.0059
2667,17.1,26.0,0.0,5.4697,4.1175
2668,21.5,32.0,0.0,6.3848,4.4856
2669,16.4,23.0,0.0,4.8497,4.4695
2670,13.9,18.0,0.0,4.0728,4.0662
2671,14.0,24.0,0.0,4.4238,4.2142
2672,15.2,27.0,0.0,4.6197,4.019
2673,15.9,23.0,0.0,4.7882,4.1451
2674,14.3,26.0,0.0,4.4967,3.9758
2675,10.4,16.0,0.0,3.3002,3.6132
2676,12.6,21.0,0.0,4.0062,3.6203
2677,15.0,27.0,0.0,4.6394,3.8407
2678,12.5,21.0,0.0,3.9125,3.675
2679,14.7,17.0,0.0,4.387,3.8563
2680,13.7,32.0,0.0,4.6795,3.6182
2681,11.7,17.0,0.0,3.5936,3.5172
2682,10.3,19.0,0.0,3.4451,3.7144
2683,12.0,21.0,0.0,3.7247,3.7722
2684,14.4,19.0,0.0,4.2194,3.9097
2685,15.2,26.0,0.0,4.6353,3.9001
2686,13.4,22.0,0.0,4.1519,3.8102
2687,9.1,15.0,0.0,2.8882,3.873
2688,13.2,17.0,0.0,4.0652,3.69
2689,8.8,12.0,0.0,2.8597,3.4809
2690,13.1,24.0,0.0,4.0752,3.6204
2691,9.0,12.0,0.0,2.7419,3.4815
2692,8.8,14.0,0.0,2.7713,3.6849
2693,6.8,14.0,0.0,2.2555,3.5171
2694,8.4,14.0,0.0,2.6564,3.7702
2695,15.2,26.0,0.0,4.7804,4.1083
2696,14.9,23.0,0.0,4.407,4.0783
2697,15.3,26.0,0.0,4.7193,4.0048
2698,15.6,21.0,0.0,4.6089,4.3802
2699,15.8,20.0,0.0,4.7185,4.539
2700,17.3,22.0,0.0,5.0614,4.2027
2701,13.0,15.0,0.0,3.6141,4.1003
2702,14.0,20.0,0.0,4.447,4.0367
2703,14.8,22.0,0.0,4.4755,3.8273
2704,16.5,22.0,0.0,4.8285,3.7889
2705,13.4,20.0,0.0,4.0432,3.73
2706,16.0,27.0,0.0,4.8417,3.8104
2707,16.9,34.0,0.0,5.3368,3.8234
2708,12.0,24.0,0.0,3.6622,4.1996
2709,17.0,29.0,0.0,5.1602,4.2881
2710,12.5,18.0,0.0,3.7738,4.1915
2711,14.7,20.0,0.0,4.3345,3.8978
2712,15.8,37.0,0.0,5.1621,4.0541
2713,15.5,23.0,0.0,4.8741,4.028
2714,16.1,24.0,0.0,4.918,4.0054
2715,16.0,22.0,0.0,4.7167,3.861
2716,11.5,17.0,0.0,3.4584,3.7395
2717,13.4,24.0,0.0,4.1605,3.9123
2718,10.2,14.0,0.0,2.9762,3.7243
2719,15.3,24.0,0.0,4.6366,3.9639
2720,14.8,22.0,0.0,4.3929,3.9834
2721,17.6,27.0,0.0,5.2142,4.1942
2722,14.9,20.0,0.0,4.4942,4.2938
2723,14.6,21.0,0.0,4.3806,4.1911
2724,15.3,30.0,0.0,4.8568,3.9416
2725,15.0,22.0,0.0,4.4249,4.2838
2726,14.1,28.0,0.0,4.464,4.1715
2727,20.0,31.0,0.0,5.9934,4.3788
2728,19.9,25.0,0.0,6.0834,4.2066
2729,16.3,22.0,0.0,4.7743,3.9813
2730,15.2,24.0,0.0,4.7093,4.4152
2731,16.5,30.0,0.0,5.0919,4.3167
2732,17.8,33.0,0.0,5.4641,4.3034
2733,13.0,18.0,0.0,3.9699,4.2305
2734,17.0,21.0,0.0,5.0572,4.1257
2735,13.4,26.0,0.0,4.2607,3.8831
2736,16.7,42.0,0.0,5.6848,4.1694
2737,18.8,32.0,0.0,5.8535,4.0319
2738,22.4,48.0,0.0,6.9929,4.4837
2739,23.7,40.0,0.0,7.0971,4.6686
2740,17.4,24.0,0.0,5.008,4.4667
2741,18.8,28.0,0.0,5.6757,4.5848
2742,21.0,32.0,0.0,6.0579,4.5727
2743,21.7,35.0,0.0,6.4612,4.3652
2744,15.9,24.0,0.0,4.8613,4.1357
2745,16.0,30.0,0.0,5.0859,4.2627
2746,16.2,22.0,0.0,4.8185,4.3198
2747,17.1,31.0,0.0,5.3007,4.264
2748,17.8,29.0,0.0,5.6526,4.4
2749,15.0,20.0,0.0,4.4328,4.1521
2750,15.4,20.0,0.0,4.5172,4.4325
2751,13.8,21.0,0.0,4.3011,4.3729
2752,10.3,15.0,0.0,3.1189,3.7572
2753,16.8,34.0,0.0,5.368,3.6804
2754,18.0,27.0,0.0,5.4407,3.8901
2755,10.9,24.0,0.0,3.5494,3.5264
2756,9.0,17.0,0.0,2.8439,3.3575
2757,6.0,9.0,0.0,1.8943,3.2047
2758,4.8,7.0,0.0,1.5013,3.1161
2759,3.8,6.0,0.0,1.2031,3.1195
2760,3.8,7.0,0.0,1.2735,3.0944
2761,4.0,6.0,0.0,1.2764,3.1336
2762,5.0,10.0,0.0,1.6467,3.1054
2763,4.0,7.0,0.0,1.3415,3.1117
2764,3.5,6.0,0.0,1.1578,3.0703
2765,3.8,6.0,0.0,1.2384,3.0832
2766,4.2,6.0,0.0,1.3122,3.0455
2767,4.0,5.0,0.0,1.2764,3.1231
2768,4.0,5.0,0.0,1.3328,3.3637
2769,4.4,6.0,0.0,1.4233,3.3493
2770,5.0,9.0,0.0,1.6406,3.3407
2771,4.5,9.0,0.0,1.4903,3.2768
2772,4.8,8.0,0.0,1.5538,3.3221
2773,4.7,11.0,0.0,1.592,3.5166
2774,5.6,10.0,0.0,1.8036,3.3503
2775,5.9,9.0,0.0,1.8634,3.2691
2776,8.8,11.0,0.0,2.7468,3.463
2777,5.9,8.0,0.0,1.7947,3.3459
2778,6.9,13.0,0.0,2.2383,3.3474
2779,16.1,21.0,0.0,4.8038,3.9373
2780,18.1,23.0,0.0,5.5599,4.4574
2781,13.1,24.0,0.0,4.1674,3.7756
2782,15.3,33.0,0.0,4.7486,4.0448
2783,21.1,50.0,0.0,6.9834,3.9891
2784,18.1,24.0,0.0,5.668,4.0574
2785,6.2,12.0,0.0,2.0069,3.4035
2786,5.3,9.0,0.0,1.7321,3.3069
2787,4.4,7.0,0.0,1.4586,3.238
2788,4.1,10.0,0.0,1.4741,3.2188
2789,4.3,6.0,0.0,1.4387,3.2031
2790,3.9,8.0,0.0,1.3785,3.2043
2791,4.5,5.0,0.0,1.4276,3.1684
2792,4.1,7.0,0.0,1.3977,3.1942
2793,4.3,7.0,0.0,1.4277,3.1235
2794,4.8,6.0,0.0,1.5564,3.2072
2795,4.0,5.0,0.0,1.3331,3.2381
2796,4.5,7.0,0.0,1.4361,3.2025
2797,4.0,6.0,0.0,1.2836,3.1241
2798,4.5,7.0,0.0,1.4766,3.1985
2799,4.4,8.0,0.0,1.4263,3.2945
2800,4.1,7.0,0.0,1.3286,3.2454
2801,5.6,15.0,0.0,2.0547,3.3239
2802,16.1,43.0,0.0,5.8647,3.8965
2803,23.1,36.0,0.0,7.4314,4.801
2804,16.0,26.0,0.0,5.0068,3.9592
2805,11.8,20.0,0.0,3.7666,3.4813
2806,11.8,20.0,0.0,3.5923,3.7639
2807,12.3,27.0,0.0,4.0875,3.9476
2808,10.4,14.0,0.0,3.2847,3.707
2809,10.7,14.0,0.0,3.3254,3.5678
2810,9.9,12.0,0.0,3.1263,3.5015
2811,12.9,19.0,0.0,4.0557,3.448
2812,13.0,19.0,0.0,4.0047,3.5784
2813,16.8,28.0,0.0,5.1807,3.7396
2814,14.5,17.0,0.0,4.269,4.2791
2815,16.7,23.0,0.0,5.0161,4.2724
2816,19.4,36.0,0.0,5.8609,4.4538
2817,17.6,27.0,0.0,5.4462,4.1115
2818,12.7,17.0,0.0,3.8774,4.0882
2819,12.2,16.0,0.0,3.7476,3.901
2820,11.7,16.0,0.0,3.578,3.9724
2821,11.6,19.0,0.0,3.7643,3.9459
2822,7.5,10.0,0.0,2.3835,3.5202
2823,8.2,14.0,0.0,2.631,3.3936
2824,7.5,14.0,0.0,2.4192,3.2512
2825,4.2,6.0,0.0,1.3791,3.0998
2826,4.7,8.0,0.0,1.5222,3.0952
2827,2.8,4.0,0.0,0.9798,3.0612
2828,4.2,9.0,0.0,1.4825,3.0872
2829,3.9,6.0,0.0,1.2805,3.3153
2830,3.7,6.0,0.0,1.2548,3.1809
2831,3.7,6.0,0.0,1.2464,3.196
2832,5.5,10.0,0.0,1.7354,3.1601
2833,3.3,6.0,0.0,1.0989,3.152
2834,3.7,5.0,0.0,1.2268,3.1168
2835,3.8,4.0,0.0,1.1977,3.099
2836,3.6,5.0,0.0,1.2401,3.1256
2837,3.4,8.0,0.0,1.1864,3.1577
2838,3.3,6.0,0.0,1.134,3.2624
2839,3.5,5.0,0.0,1.134,3.2444
2840,4.6,6.0,0.0,1.4685,3.2375
2841,4.6,7.0,0.0,1.5357,3.2449
2842,3.9,6.0,0.0,1.334,3.2665
2843,5.4,9.0,0.0,1.7453,3.4107
2844,5.4,11.0,0.0,1.7418,3.308
2845,4.4,6.0,0.0,1.4712,3.3945
2846,4.9,7.0,0.0,1.5966,3.3799
2847,5.1,9.0,0.0,1.6696,3.2323
2848,4.0,5.0,0.0,1.2649,3.2619
2849,5.0,7.0,0.0,1.551,3.3319
2850,5.1,7.0,0.0,1.6988,3.3415
2851,6.9,12.0,0.0,2.2225,3.4336
2852,7.1,13.0,0.0,2.1948,3.555
2853,8.2,16.0,0.0,2.5362,3.673
2854,12.0,21.0,0.0,3.7097,3.8142
2855,13.1,29.0,0.0,4.2689,3.8236
2856,14.0,28.0,0.0,4.4489,4.1918
2857,22.8,35.0,0.0,6.8291,4.6361
2858,18.2,25.0,0.0,5.4289,4.0301
2859,10.3,14.0,0.0,3.0674,3.692
2860,8.2,16.0,0.0,2.5744,3.5303
2861,7.3,10.0,0.0,2.2464,3.4704
2862,6.0,17.0,0.0,2.1587,3.4371
2863,7.3,15.0,0.0,2.3887,3.3042
2864,4.7,7.0,0.0,1.559,3.2827
2865,4.0,6.0,0.0,1.3113,3.271
2866,3.1,5.0,0.0,1.0524,3.2511
2867,4.2,8.0,0.0,1.4277,3.2635
2868,4.4,5.0,0.0,1.4051,3.2808
2869,4.0,5.0,0.0,1.3519,3.293
2870,4.9,8.0,0.0,1.5851,3.296
2871,4.5,10.0,0.0,1.5145,3.2307
2872,4.1,8.0,0.0,1.3391,3.2563
2873,4.3,7.0,0.0,1.4858,3.2671
2874,4.3,8.0,0.0,1.5068,3.3664
2875,4.7,6.0,0.0,1.5237,3.4014
2876,5.1,7.0,0.0,1.6852,3.3978
2877,6.0,8.0,0.0,1.8379,3.298
2878,4.9,9.0,0.0,1.547,3.3216
2879,4.7,8.0,0.0,1.4731,3.2725
2880,2.8,4.0,0.0,0.9929,3.2517
2881,4.2,6.0,0.0,1.3559,3.2253
2882,4.5,7.0,0.0,1.4714,3.2301
2883,4.1,7.0,0.0,1.3955,3.2317
2884,4.2,7.0,0.0,1.3583,3.2534
2885,3.1,4.0,0.0,1.0107,3.224
2886,5.0,7.0,0.0,1.6509,3.3715
2887,5.0,7.0,0.0,1.6188,3.1456
2888,4.2,7.0,0.0,1.3862,3.2639
2889,4.3,6.0,0.0,1.3316,3.2893
2890,4.3,7.0,0.0,1.4231,3.119
2891,3.4,6.0,0.0,1.1285,3.3317
2892,5.1,13.0,0.0,1.8126,3.059
2893,3.9,5.0,0.0,1.2526,3.1979
2894,4.4,7.0,0.0,1.4836,3.2548
2895,3.9,5.0,0.0,1.2671,3.148
2896,4.6,7.0,0.0,1.4263,3.1071
2897,5.2,7.0,0.0,1.6865,3.1813
2898,5.2,9.0,0.0,1.7095,3.1059
2899,4.1,7.0,0.0,1.386,3.1338
2900,5.0,9.0,0.0,1.6546,3.1237
2901,4.5,6.0,0.0,1.4812,3.1768
2902,6.1,10.0,0.0,1.9307,3.1491
2903,5.0,11.0,0.0,1.6626,3.1211
2904,6.2,10.0,0.0,2.0132,3.1524
2905,3.6,5.0,0.0,1.1998,3.1767
2906,3.8,5.0,0.0,1.2246,3.1821
2907,3.1,5.0,0.0,1.0705,3.176
2908,3.3,4.0,0.0,1.0927,3.2132
2909,4.0,8.0,0.0,1.348,3.1981
2910,4.2,8.0,0.0,1.407,3.1547
2911,3.8,5.0,0.0,1.257,3.1524
2912,5.3,7.0,0.0,1.634,3.2524
2913,3.9,6.0,0.0,1.2806,3.1826
2914,4.7,8.0,0.0,1.5537,3.1703
2915,4.1,5.0,0.0,1.296,3.1079
2916,4.3,7.0,0.0,1.402,3.0932
2917,4.2,8.0,0.0,1.4169,3.1422
2918,3.3,6.0,0.0,1.0905,3.2235
2919,4.8,9.0,0.0,1.5652,3.1973
2920,3.7,6.0,0.0,1.245,3.2936
2921,5.9,8.0,0.0,1.9048,3.1086
2922,5.2,9.0,0.0,1.6882,3.2118
2923,5.7,8.0,0.0,1.8159,3.3714
2924,4.6,7.0,0.0,1.456,3.2893
2925,5.9,8.0,0.0,1.8841,3.4588
2926,4.9,8.0,0.0,1.6023,3.3469
2927,5.6,11.0,0.0,1.8292,3.3429
2928,6.7,17.0,0.0,2.4062,3.2818
2929,10.0,19.0,0.0,3.1317,3.4882
2930,10.7,23.0,0.0,3.4987,3.6103
2931,14.4,32.0,0.0,4.6314,3.8287
2932,16.1,23.0,0.0,4.9126,3.7922
2933,12.9,24.0,0.0,4.0785,3.648
2934,16.2,30.0,0.0,5.0476,3.9554
2935,19.5,34.0,0.0,5.9718,4.1825
2936,20.4,28.0,0.0,6.4736,4.4777
2937,21.9,31.0,0.0,6.376,4.1621
2938,16.8,33.0,0.0,5.2165,3.9474
2939,14.7,25.0,0.0,4.4928,3.6482
2940,15.3,26.0,0.0,4.9345,3.7737
2941,10.1,23.0,0.0,3.352,3.5546
2942,17.2,24.0,0.0,5.3722,3.7277
2943,13.3,20.0,0.0,4.0899,3.8066
2944,13.0,18.0,0.0,3.9388,3.5503
2945,12.3,20.0,0.0,3.8194,3.5107
2946,17.3,23.0,0.0,5.2589,3.9345
2947,20.2,39.0,0.0,6.3391,4.1315
2948,20.0,31.0,0.0,6.2365,4.1991
2949,20.3,34.0,0.0,5.9672,4.4961
2950,15.0,19.0,0.0,4.4562,4.1056
2951,11.2,19.0,0.0,3.5306,3.6049
2952,14.7,18.0,0.0,4.4688,4.0518
2953,20.2,32.0,0.0,6.2073,4.4759
2954,15.0,21.0,0.0,4.5177,4.1026
2955,18.3,27.0,0.0,5.3988,4.559
2956,18.0,26.0,0.0,5.4172,4.1705
2957,16.9,43.0,0.0,5.6345,4.2612
2958,15.4,23.0,0.0,4.5367,4.041
2959,19.6,31.0,0.0,5.9633,4.0466
2960,17.5,32.0,0.0,5.64,4.1394
2961,12.3,19.0,0.0,3.5403,3.9253
2962,17.7,26.0,0.0,5.4582,4.4702
2963,13.9,20.0,0.0,4.1264,4.3347
2964,18.0,24.0,0.0,5.6094,4.2363
2965,19.2,23.0,0.0,5.6008,4.3728
2966,19.9,36.0,0.0,6.1386,4.4355
2967,18.6,27.0,0.0,5.7339,4.4454
2968,16.0,31.0,0.0,4.979,3.7519
2969,8.7,19.0,0.0,2.8671,3.3194
2970,8.9,14.0,0.0,2.7528,3.3117
2971,8.8,15.0,0.0,2.7604,3.3603
2972,7.5,15.0,0.0,2.4698,3.5018
2973,6.8,10.0,0.0,2.1729,3.5888
2974,7.7,13.0,0.0,2.575,3.4266
2975,6.9,9.0,0.0,2.2184,3.3937
2976,8.8,21.0,0.0,2.8903,3.2769
2977,9.7,17.0,0.0,3.1141,3.4986
2978,9.4,16.0,0.0,2.9241,3.5135
2979,14.2,16.0,0.0,4.3997,3.9854
2980,17.8,36.0,0.0,5.5546,4.1173
2981,14.3,18.0,0.0,4.2039,4.2082
2982,14.9,24.0,0.0,4.2317,4.2594
2983,16.6,22.0,0.0,4.9736,4.4059
2984,13.4,22.0,0.0,3.798,3.8388
2985,15.3,22.0,0.0,4.4327,3.93
2986,13.1,18.0,0.0,4.0306,4.0018
2987,8.4,28.0,0.0,3.2347,3.5572
2988,6.6,11.0,0.0,2.1009,3.4682
2989,6.7,12.0,0.0,2.2153,3.3368
2990,5.9,8.0,0.0,1.8521,3.2432
2991,5.9,13.0,0.0,2.0224,3.2777
2992,9.4,13.0,0.0,2.9648,3.29
2993,8.1,13.0,0.0,2.5886,3.4091
2994,6.3,9.0,0.0,2.0371,3.3077
2995,6.1,8.0,0.0,1.962,3.2361
2996,7.6,18.0,0.0,2.6188,3.2414
2997,10.0,18.0,0.0,3.3139,3.3591
2998,13.9,24.0,0.0,4.2576,3.478
2999,14.1,24.0,0.0,4.3595,3.6617
3000,12.0,17.0,0.0,3.7632,3.449
3001,14.0,21.0,0.0,4.2795,3.6024
3002,15.7,26.0,0.0,4.8643,3.6316
3003,12.2,23.0,0.0,3.8302,3.8157
3004,13.1,21.0,0.0,3.8685,3.6943
3005,12.4,23.0,0.0,3.9517,3.7536
3006,10.3,22.0,0.0,3.2667,3.4636
3007,12.7,27.0,0.0,4.0843,3.5343
3008,16.6,38.0,0.0,5.6737,3.6445
3009,17.7,24.0,0.0,5.64,4.0216
3010,12.1,16.0,0.0,3.7577,3.5495
3011,19.7,40.0,0.0,6.3251,3.7813
3012,17.5,24.0,0.0,5.4474,3.7564
3013,14.9,27.0,0.0,4.6699,3.9397
3014,15.2,23.0,0.0,4.6452,3.9745
3015,18.2,32.0,0.0,5.4854,3.9771
3016,17.3,26.0,0.0,5.5207,4.1035
3017,16.9,20.0,0.0,5.1089,4.1366
3018,26.1,52.0,0.0,8.1544,4.1544
3019,27.2,55.0,0.0,9.2843,4.4539
3020,18.4,27.0,0.0,5.5,3.9301
3021,18.1,32.0,0.0,5.5182,4.1031
3022,21.7,36.0,0.0,6.92,4.403
3023,14.2,21.0,0.0,4.3092,4.0445
3024,18.4,33.0,0.0,6.116,4.1191
3025,16.1,25.0,0.0,5.0058,3.9529
3026,12.9,22.0,0.0,3.9471,3.9833
3027,17.9,32.0,0.0,5.6428,4.5084
3028,19.2,39.0,0.0,6.211,4.5002
3029,17.1,19.0,0.0,5.0068,4.0834
3030,17.3,25.0,0.0,5.1795,4.3446
3031,27.3,40.0,0.0,8.2244,5.0062
3032,25.6,35.0,0.0,7.5424,5.0566
3033,24.7,45.0,0.0,7.8683,4.7023
3034,22.6,34.0,0.0,7.1971,4.8036
3035,17.2,26.0,0.0,5.4761,3.9009
3036,10.1,17.0,0.0,3.1689,3.3532
3037,5.0,9.0,0.0,1.708,3.2615
3038,7.5,15.0,0.0,2.4266,3.3074
3039,5.3,7.0,0.0,1.7058,3.421
3040,5.6,7.0,0.0,1.7578,3.2444
3041,4.8,6.0,0.0,1.5916,3.2256
3042,5.0,7.0,0.0,1.616,3.1609
3043,4.8,12.0,0.0,1.6879,3.1954
3044,3.9,6.0,0.0,1.2526,3.17
3045,4.3,8.0,0.0,1.416,3.2152
3046,4.4,7.0,0.0,1.4379,3.2308
3047,3.9,7.0,0.0,1.3364,3.2468
3048,4.4,8.0,0.0,1.4027,3.2206
3049,5.8,12.0,0.0,1.9092,3.272
3050,5.3,7.0,0.0,1.6834,3.3694
3051,5.4,8.0,0.0,1.7035,3.3049
3052,4.8,7.0,0.0,1.4373,3.3674
3053,3.8,6.0,0.0,1.2369,3.2831
3054,4.1,7.0,0.0,1.3759,3.2683
3055,4.1,8.0,0.0,1.3834,3.4438
3056,7.1,19.0,0.0,2.5787,3.3286
3057,17.7,29.0,0.0,5.4645,4.2407
3058,18.9,35.0,0.0,6.1833,4.3944
3059,23.3,32.0,0.0,6.9662,4.5805
3060,24.6,35.0,0.0,7.4718,4.5241
3061,25.0,44.0,0.0,7.6811,4.4346
3062,16.3,28.0,0.0,5.2081,4.2309
3063,17.0,29.0,0.0,5.1595,4.3665
3064,17.6,20.0,0.0,5.3782,4.5369
3065,18.4,36.0,0.0,5.8453,4.5548
3066,17.3,25.0,0.0,5.3501,4.5883
3067,16.8,24.0,0.0,5.2322,4.1025
3068,17.5,25.0,0.0,5.2711,4.3786
3069,16.5,26.0,0.0,5.1829,4.0756
3070,19.8,62.0,0.0,7.3488,3.7236
3071,10.2,15.0,0.0,3.2132,3.6053
3072,14.0,29.0,0.0,4.4968,3.4331
3073,18.2,29.0,0.0,5.2402,4.059
3074,9.8,19.0,0.0,3.0875,3.5316
3075,11.6,19.0,0.0,3.5802,3.4581
3076,8.9,22.0,0.0,3.1345,3.2964
3077,7.3,15.0,0.0,2.3626,3.3066
3078,11.5,19.0,0.0,3.591,3.634
3079,12.6,21.0,0.0,4.0935,3.6205
3080,11.5,15.0,0.0,3.5025,3.651
3081,11.9,36.0,0.0,4.3366,3.5262
3082,14.0,19.0,0.0,4.1725,3.6008
3083,15.0,23.0,0.0,4.5129,3.8383
3084,14.9,20.0,0.0,4.467,3.9806
3085,13.8,19.0,0.0,4.3637,3.9189
3086,11.1,19.0,0.0,3.4078,3.7275
3087,11.6,17.0,0.0,3.3952,3.9726
3088,10.4,17.0,0.0,3.0674,3.9497
3089,14.3,20.0,0.0,4.2664,3.8461
3090,12.0,15.0,0.0,3.5039,3.5925
3091,11.9,27.0,0.0,3.925,3.8133
3092,14.0,19.0,0.0,4.3368,3.8615
3093,12.7,15.0,0.0,3.8335,3.9324
3094,13.6,22.0,0.0,4.3268,3.6783
3095,16.3,20.0,0.0,4.9566,3.8958
3096,12.7,19.0,0.0,4.0194,3.7338
3097,12.7,27.0,0.0,4.2341,3.6658
3098,15.4,25.0,0.0,4.7868,3.8625
3099,13.6,26.0,0.0,4.2584,3.6997
3100,13.6,19.0,0.0,4.0707,3.8424
3101,16.4,28.0,0.0,4.9499,3.8843
3102,14.8,23.0,0.0,4.4264,3.8652
3103,16.4,24.0,0.0,5.0217,4.0468
3104,18.2,31.0,0.0,5.5754,3.9698
3105,20.4,35.0,0.0,6.3023,4.0877
3106,16.1,26.0,0.0,4.8997,4.0042
3107,18.5,30.0,0.0,5.6411,3.9443
3108,16.1,25.0,0.0,4.8793,3.7863
3109,20.9,30.0,0.0,6.0291,4.0028
3110,19.6,34.0,0.0,5.9406,4.1988
3111,17.3,25.0,0.0,5.1874,4.1188
3112,21.6,58.0,0.0,7.3784,4.2438
3113,22.3,34.0,0.0,6.781,4.6566
3114,26.5,39.0,0.0,8.2527,4.8493
3115,21.2,27.0,0.0,6.5249,4.8584
3116,24.7,35.0,0.0,7.599,4.9626
3117,20.9,25.0,0.0,6.4778,5.2449
3118,21.2,35.0,0.0,6.5338,4.9843
3119,21.5,31.0,0.0,6.3315,4.8607
3120,23.3,42.0,0.0,7.162,4.9669
3121,20.8,34.0,0.0,6.1829,5.0751
3122,17.1,22.0,0.0,5.3116,4.3834
3123,10.5,25.0,0.0,3.5164,3.9169
3124,15.5,30.0,0.0,4.704,3.8754
3125,16.3,21.0,0.0,4.8193,4.1072
3126,19.5,38.0,0.0,6.229,4.1455
3127,14.0,23.0,0.0,4.2977,3.902
3128,15.4,20.0,0.0,4.8156,3.9738
3129,13.4,20.0,0.0,4.203,3.9111
3130,16.8,26.0,0.0,5.0525,4.0894
3131,16.5,21.0,0.0,5.051,3.984
3132,12.3,16.0,0.0,3.7305,3.8314
3133,14.1,23.0,0.0,4.36,3.7521
3134,11.3,13.0,0.0,3.585,3.8151
3135,20.2,29.0,0.0,5.9144,4.046
3136,15.4,29.0,0.0,4.6651,3.7889
3137,16.1,21.0,0.0,4.8255,3.9345
3138,19.9,38.0,0.0,6.1565,3.9159
3139,16.0,22.0,0.0,4.9395,3.8429
3140,14.3,18.0,0.0,4.2995,3.8321
3141,16.9,31.0,0.0,5.3517,3.9304
3142,14.7,27.0,0.0,4.4373,3.9673
3143,14.2,26.0,0.0,4.5858,4.0415
3144,12.6,17.0,0.0,3.7908,3.9772
3145,14.6,21.0,0.0,4.3227,4.0646
3146,15.6,23.0,0.0,4.6505,4.3129
3147,12.5,24.0,0.0,4.1019,3.7375
3148,12.0,21.0,0.0,3.7026,3.9014
3149,14.7,23.0,0.0,4.52,3.9258
3150,17.9,29.0,0.0,5.4601,3.8611
3151,16.1,35.0,0.0,5.2498,3.7053
3152,16.1,29.0,0.0,5.044,3.9755
3153,15.0,26.0,0.0,4.6009,3.8877
3154,16.4,22.0,0.0,4.9982,3.9378
3155,15.5,21.0,0.0,4.7346,3.7916
3156,15.8,21.0,0.0,4.8205,3.776
3157,14.4,25.0,0.0,4.4426,3.731
3158,15.9,26.0,0.0,5.0157,4.0133
3159,20.5,30.0,0.0,6.2802,4.117
3160,17.1,27.0,0.0,5.2849,3.966
3161,24.1,39.0,0.0,7.3169,4.4481
3162,23.9,45.0,0.0,7.6222,4.2209
3163,13.3,21.0,0.0,4.1081,3.7332
3164,14.5,25.0,0.0,4.8106,3.7707
3165,12.7,25.0,0.0,4.1292,3.3387
3166,17.3,31.0,0.0,5.371,3.8021
3167,15.3,32.0,0.0,5.1724,3.6959
3168,16.1,28.0,0.0,4.9386,3.9183
3169,17.2,27.0,0.0,5.3373,3.9391
3170,18.0,29.0,0.0,5.4164,4.1305
3171,19.7,41.0,0.0,6.059,4.0542
3172,13.8,17.0,0.0,4.3,3.762
3173,12.2,16.0,0.0,3.7923,3.6788
3174,14.2,20.0,0.0,4.4707,3.6777
3175,13.6,19.0,0.0,4.1175,3.48
3176,14.3,26.0,0.0,4.8573,3.8113
3177,14.1,21.0,0.0,4.4996,3.7822
3178,14.9,23.0,0.0,4.6675,3.7169
3179,12.3,20.0,0.0,3.8471,3.5729
3180,12.3,23.0,0.0,3.8377,3.6839
3181,15.9,28.0,0.0,5.0141,4.0117
3182,16.7,29.0,0.0,5.1634,4.1501
3183,14.1,19.0,0.0,4.1647,3.9545
3184,14.9,27.0,0.0,4.6752,4.0228
3185,16.2,22.0,0.0,4.7838,4.0666
3186,14.6,26.0,0.0,4.5221,4.1014
3187,12.0,15.0,0.0,3.6168,4.016
3188,15.0,23.0,0.0,4.5468,4.3573
3189,17.2,22.0,0.0,5.2187,4.5828
3190,17.7,34.0,0.0,5.3951,4.5086
3191,17.0,19.0,0.0,4.7633,4.3016
3192,14.5,25.0,0.0,4.5045,4.3564
3193,18.2,32.0,0.0,5.5225,4.1369
3194,16.4,23.0,0.0,4.9277,4.1993
3195,18.6,28.0,0.0,5.5955,4.0139
3196,17.2,25.0,0.0,5.1122,4.0529
3197,23.2,36.0,0.0,6.7824,4.1958
3198,23.5,33.0,0.0,6.7686,4.7148
3199,20.7,38.0,0.0,6.2726,4.1309
3200,23.0,39.0,0.0,6.9565,4.0773
3201,19.6,30.0,0.0,5.728,4.1583
3202,17.7,23.0,0.0,5.366,4.5864
3203,19.8,22.0,0.0,6.025,4.4148
3204,17.7,25.0,0.0,5.3861,3.8888
3205,13.7,21.0,0.0,4.1449,3.841
3206,15.1,20.0,0.0,4.7975,3.8546
3207,17.8,31.0,0.0,5.4699,3.7751
3208,14.4,17.0,0.0,4.419,3.945
3209,17.7,26.0,0.0,5.2766,4.0087
3210,17.9,30.0,0.0,5.2543,4.1994
3211,18.4,26.0,0.0,5.3492,4.235
3212,19.7,36.0,0.0,6.1219,4.2892
3213,16.2,22.0,0.0,4.9646,4.042
3214,15.3,20.0,0.0,4.6784,4.0756
3215,15.3,21.0,0.0,4.4452,4.1353
3216,14.3,17.0,0.0,4.1521,3.9894
3217,13.1,17.0,0.0,3.7918,3.9592
3218,13.4,18.0,0.0,3.9127,3.8747
3219,12.5,16.0,0.0,3.6854,4.0134
3220,15.2,20.0,0.0,4.6195,4.2703
3221,13.5,18.0,0.0,4.2509,4.01
3222,13.4,24.0,0.0,4.1142,3.947
3223,17.9,38.0,0.0,5.6094,4.0189
3224,15.3,19.0,0.0,4.4975,4.3049
3225,12.5,20.0,0.0,3.8488,3.924
3226,14.0,22.0,0.0,4.2789,3.9313
3227,14.1,20.0,0.0,4.1554,3.969
3228,14.4,23.0,0.0,4.3235,4.0204
3229,16.3,26.0,0.0,4.8851,3.977
3230,13.8,27.0,0.0,4.2134,4.1399
3231,13.4,19.0,0.0,4.0794,4.1434
3232,14.6,25.0,0.0,4.4015,4.0807
3233,16.6,30.0,0.0,5.0403,3.9821
3234,15.8,25.0,0.0,4.8378,3.7441
3235,14.3,23.0,0.0,4.1455,3.8351
3236,16.9,27.0,0.0,5.1881,3.9597
3237,14.9,25.0,0.0,4.5241,4.2629
3238,14.0,22.0,0.0,4.0711,3.96
3239,12.2,19.0,0.0,3.6718,4.0018
3240,17.3,23.0,0.0,5.0866,3.9676
3241,13.2,23.0,0.0,4.0706,3.9535
3242,13.4,17.0,0.0,4.0587,3.8944
3243,13.9,21.0,0.0,4.3203,3.9371
3244,14.3,18.0,0.0,4.1809,4.2858
3245,18.2,25.0,0.0,5.3812,3.9917
3246,15.4,28.0,0.0,4.7808,3.9697
3247,18.6,23.0,0.0,5.7178,3.7814
3248,12.9,20.0,0.0,3.7986,3.8855
3249,13.0,16.0,0.0,4.0423,3.8083
3250,11.3,13.0,0.0,3.2512,3.668
3251,12.1,18.0,0.0,3.6648,3.6064
3252,12.4,15.0,0.0,3.8894,3.7966
3253,11.5,14.0,0.0,3.5432,3.6145
3254,12.2,20.0,0.0,3.6807,3.6066
3255,8.7,11.0,0.0,2.7102,3.5563
3256,4.4,5.0,0.0,1.3355,3.2651
3257,4.7,6.0,0.0,1.4995,3.2289
3258,4.5,6.0,0.0,1.5105,3.1637
3259,5.6,9.0,0.0,1.7954,3.1729
3260,4.1,5.0,0.0,1.2935,3.1789
3261,4.8,9.0,0.0,1.5638,3.1469
3262,4.7,7.0,0.0,1.4975,3.1096
3263,4.2,8.0,0.0,1.4595,3.1799
3264,3.6,5.0,0.0,1.2139,3.0805
3265,4.4,6.0,0.0,1.4448,3.1124
3266,4.5,8.0,0.0,1.4878,3.1178
3267,3.8,7.0,0.0,1.2859,3.1109
3268,3.7,5.0,0.0,1.2433,3.1093
3269,3.2,4.0,0.0,1.0779,3.1948
3270,4.3,7.0,0.0,1.419,3.1335
3271,3.5,4.0,0.0,1.1497,3.1227
3272,4.8,7.0,0.0,1.5508,3.1332
3273,4.2,7.0,0.0,1.3761,3.138
3274,4.4,7.0,0.0,1.449,3.1229
3275,3.8,5.0,0.0,1.2241,3.1349
3276,3.6,6.0,0.0,1.2068,3.1571
3277,3.8,6.0,0.0,1.2167,3.183
3278,3.6,6.0,0.0,1.1805,3.152
3279,3.5,5.0,0.0,1.1515,3.1118
3280,4.6,7.0,0.0,1.5032,3.0967
3281,3.5,5.0,0.0,1.1269,3.1825
3282,4.0,6.0,0.0,1.3289,3.1601
3283,4.1,5.0,0.0,1.3076,3.2475
3284,5.0,7.0,0.0,1.5981,3.3292
3285,5.0,6.0,0.0,1.6447,3.2917
3286,6.2,7.0,0.0,1.9228,3.359
3287,4.7,7.0,0.0,1.5077,3.2614
3288,5.8,8.0,0.0,1.8039,3.2547
3289,4.5,9.0,0.0,1.4925,3.2606
3290,6.3,13.0,0.0,2.0615,3.2806
3291,7.1,12.0,0.0,2.2096,3.2997
3292,11.9,19.0,0.0,3.7065,3.5206
3293,10.3,14.0,0.0,3.0761,3.6689
3294,9.1,13.0,0.0,2.7568,3.6128
3295,6.2,8.0,0.0,1.8236,3.3268
3296,5.0,7.0,0.0,1.6484,3.2931
3297,5.2,6.0,0.0,1.6978,3.2822
3298,4.6,6.0,0.0,1.4646,3.4387
3299,5.6,11.0,0.0,1.7972,3.3278
3300,10.7,23.0,0.0,3.5196,3.4598
3301,13.9,23.0,0.0,4.3897,3.8546
3302,11.4,15.0,0.0,3.643,4.3936
3303,17.4,25.0,0.0,4.9603,4.7326
3304,15.2,22.0,0.0,4.4962,4.6546
3305,21.1,38.0,0.0,6.5956,4.969
3306,15.5,23.0,0.0,4.5722,4.1226
3307,17.9,25.0,0.0,5.3027,4.2784
3308,17.9,24.0,0.0,5.1291,4.3798
3309,15.9,21.0,0.0,4.5675,4.4003
3310,12.5,18.0,0.0,3.8024,4.0174
3311,14.6,23.0,0.0,4.2713,4.1906
3312,17.2,29.0,0.0,5.2034,4.1335
3313,20.0,30.0,0.0,6.1054,4.0906
3314,14.4,20.0,0.0,4.0692,4.0972
3315,15.4,21.0,0.0,4.6583,3.8158
3316,20.4,35.0,0.0,6.1613,4.1422
3317,19.2,23.0,0.0,5.5847,4.3042
3318,14.2,21.0,0.0,4.5242,4.0984
3319,16.9,22.0,0.0,5.0898,4.1078
3320,17.3,28.0,0.0,5.2275,4.1138
3321,14.4,27.0,0.0,4.671,4.08
3322,16.7,25.0,0.0,5.2677,4.2835
3323,14.5,24.0,0.0,4.5586,4.2801
3324,9.1,14.0,0.0,2.8448,3.9023
3325,15.6,28.0,0.0,4.7826,4.436
3326,14.9,25.0,0.0,4.6028,4.2146
3327,14.6,33.0,0.0,4.7208,4.0839
3328,10.8,15.0,0.0,3.3832,3.9147
3329,9.5,11.0,0.0,2.9694,3.8211
3330,15.8,33.0,0.0,5.0439,4.2547
3331,16.6,25.0,0.0,5.0212,4.2513
3332,11.9,19.0,0.0,3.6256,3.6839
3333,10.7,16.0,0.0,3.3814,3.7607
3334,12.7,18.0,0.0,3.8577,3.9199
3335,11.7,24.0,0.0,3.7852,4.2
3336,11.1,25.0,0.0,3.7541,4.0586
3337,9.5,18.0,0.0,2.9827,3.7538
3338,14.3,17.0,0.0,4.1435,4.0775
3339,11.2,14.0,0.0,3.5704,3.8016
3340,15.1,21.0,0.0,4.6912,4.3374
3341,16.2,23.0,0.0,4.7637,4.5967
3342,17.5,32.0,0.0,5.2745,4.4329
3343,19.7,32.0,0.0,5.8948,4.8516
3344,18.9,25.0,0.0,5.4452,4.5519
3345,20.5,28.0,0.0,5.9539,4.6828
3346,20.9,30.0,0.0,6.3201,5.8546
3347,21.4,29.0,0.0,6.2217,5.5801
3348,15.2,19.0,0.0,4.4688,4.7771
3349,23.3,33.0,0.0,6.7888,5.3448
3350,16.6,23.0,0.0,5.1029,4.2851
3351,22.6,37.0,0.0,6.6656,4.617
3352,20.1,32.0,0.0,5.8314,4.5383
3353,17.7,23.0,0.0,5.0385,4.4803
3354,26.3,38.0,0.0,7.6067,4.9779
3355,21.4,25.0,0.0,6.2668,4.8903
3356,17.2,26.0,0.0,5.0392,4.4936
3357,21.3,42.0,0.0,6.4364,4.512
3358,21.6,30.0,0.0,6.2883,4.9975
3359,19.8,29.0,0.0,5.8057,5.0286
3360,19.8,27.0,0.0,5.6023,4.6822
3361,14.0,16.0,0.0,4.4883,4.286
3362,19.4,25.0,0.0,5.8208,4.3881
3363,18.3,32.0,0.0,5.5288,4.4065
3364,17.3,23.0,0.0,5.009,4.5004
3365,13.4,22.0,0.0,3.8817,4.3589
3366,15.0,31.0,0.0,4.5087,4.4127
3367,17.8,31.0,0.0,5.2295,4.4178
3368,18.8,36.0,0.0,5.574,4.5222
3369,16.5,24.0,0.0,4.9145,4.2562
3370,14.8,31.0,0.0,4.5863,4.4199
3371,18.6,22.0,0.0,5.4745,4.6021
3372,25.9,30.0,0.0,7.551,5.1585
3373,21.1,29.0,0.0,6.0457,4.5909
3374,21.1,27.0,0.0,6.0391,4.584
3375,20.7,30.0,0.0,5.9161,4.8342
3376,21.6,34.0,0.0,6.5141,4.7728
3377,25.1,51.0,0.0,7.8272,4.8429
3378,20.5,36.0,0.0,6.2534,4.6013
3379,14.6,22.0,0.0,4.2405,4.1412
3380,18.6,32.0,0.0,5.2278,4.3659
3381,19.4,27.0,0.0,5.7275,4.399
3382,22.5,31.0,0.0,6.5054,4.5823
3383,19.2,24.0,0.0,5.3113,4.6777
3384,17.2,27.0,0.0,5.0914,4.9776
3385,14.5,27.0,0.0,4.4595,4.3983
3386,18.8,33.0,0.0,5.7148,4.5805
3387,15.9,21.0,0.0,4.5325,4.5707
3388,15.7,22.0,0.0,4.5269,4.5157
3389,18.0,28.0,0.0,5.0859,4.5976
3390,16.7,23.0,0.0,4.8643,4.694
3391,18.3,24.0,0.0,5.6113,4.6792
3392,18.1,28.0,0.0,5.4601,4.4351
3393,16.8,21.0,0.0,4.8489,4.3409
3394,16.6,21.0,0.0,5.1059,4.1194
3395,11.4,20.0,0.0,3.5541,3.8666
3396,9.8,15.0,0.0,3.0179,3.5779
3397,15.4,22.0,0.0,4.6456,3.7049
3398,9.5,13.0,0.0,2.9349,3.5613
3399,13.7,22.0,0.0,4.326,3.654
3400,13.7,22.0,0.0,4.3833,4.0313
3401,14.9,25.0,0.0,4.5895,4.0548
3402,10.5,14.0,0.0,3.1595,3.6581
3403,9.5,18.0,0.0,3.0909,3.5383
3404,13.8,28.0,0.0,4.4951,3.77
3405,11.9,17.0,0.0,3.6212,3.8307
3406,10.9,17.0,0.0,3.5324,3.6515
3407,13.9,27.0,0.0,4.4347,3.7983
3408,12.2,16.0,0.0,3.8059,3.8895
3409,14.0,34.0,0.0,4.7667,3.896
3410,17.1,26.0,0.0,5.2939,4.1485
3411,11.6,20.0,0.0,3.7051,4.1751
3412,14.2,23.0,0.0,4.302,4.3461
3413,17.1,40.0,0.0,5.6055,4.5953
3414,20.4,44.0,0.0,6.5054,4.5851
3415,17.5,22.0,0.0,5.2729,4.7157
3416,19.2,33.0,0.0,5.7753,4.3446
3417,22.9,31.0,0.0,6.7082,5.1224
3418,16.4,21.0,0.0,4.898,4.5627
3419,13.0,21.0,0.0,4.0583,3.8599
3420,15.6,22.0,0.0,4.7435,4.2516
3421,12.4,25.0,0.0,3.9825,4.0374
3422,16.5,25.0,0.0,4.962,4.1022
3423,13.6,25.0,0.0,4.266,3.8676
3424,13.3,19.0,0.0,4.0212,3.7813
3425,16.4,21.0,0.0,4.9985,3.6374
3426,19.1,29.0,0.0,6.0286,3.8348
3427,15.5,29.0,0.0,4.8851,3.6927
3428,17.9,30.0,0.0,5.6363,3.9088
3429,17.6,26.0,0.0,5.5022,3.6515
3430,15.0,20.0,0.0,4.6222,3.9765
3431,17.9,25.0,0.0,5.4812,4.0029
3432,15.1,18.0,0.0,4.5144,4.1047
3433,18.9,33.0,0.0,5.7369,4.1949
3434,17.8,27.0,0.0,5.4082,4.174
3435,16.0,22.0,0.0,4.9402,4.0705
3436,17.6,24.0,0.0,5.2809,3.9112
3437,13.7,24.0,0.0,4.2851,3.8676
3438,14.4,25.0,0.0,4.5194,3.9077
3439,12.8,20.0,0.0,3.8725,3.8378
3440,17.2,22.0,0.0,5.044,4.0987
3441,17.4,20.0,0.0,5.0439,4.0709
3442,16.6,25.0,0.0,4.8375,4.117
3443,17.2,21.0,0.0,5.1879,4.2234
3444,16.7,29.0,0.0,5.1896,3.8381
3445,15.4,21.0,0.0,4.8242,3.8397
3446,12.6,20.0,0.0,3.9103,3.722
3447,16.7,28.0,0.0,5.302,3.6645
3448,12.6,15.0,0.0,3.7523,3.7132
3449,11.4,15.0,0.0,3.5437,3.7082
3450,10.8,20.0,0.0,3.3678,3.7308
3451,10.6,16.0,0.0,3.1934,3.6108
3452,12.2,16.0,0.0,3.7373,3.7817
3453,11.5,21.0,0.0,3.6461,3.5519
3454,7.4,13.0,0.0,2.4469,3.2329
3455,8.1,18.0,0.0,2.8455,3.3022
3456,14.4,21.0,0.0,4.4963,3.9019
3457,11.4,23.0,0.0,3.6145,3.567
3458,9.0,17.0,0.0,2.8746,3.5379
3459,11.2,20.0,0.0,3.5224,3.7019
3460,9.4,13.0,0.0,2.8882,3.4819
3461,13.8,24.0,0.0,4.3512,3.541
3462,7.1,10.0,0.0,2.1255,3.2968
3463,5.0,9.0,0.0,1.6216,3.2833
3464,9.2,17.0,0.0,2.9821,3.3508
3465,6.0,9.0,0.0,1.8485,3.3275
3466,4.5,6.0,0.0,1.4918,3.2296
3467,3.9,7.0,0.0,1.3014,3.4707
3468,3.9,6.0,0.0,1.2411,3.4942
3469,4.0,9.0,0.0,1.3747,3.2487
3470,4.2,6.0,0.0,1.326,3.184
3471,6.3,11.0,0.0,2.072,3.2665
3472,7.0,10.0,0.0,2.1903,3.4248
3473,12.2,19.0,0.0,3.8404,3.7916
3474,14.8,23.0,0.0,4.4125,4.0844
3475,19.5,26.0,0.0,5.8402,4.2557
3476,20.9,46.0,0.0,6.546,4.3096
3477,18.3,22.0,0.0,5.4603,4.248
3478,27.7,53.0,0.0,8.6324,4.7533
3479,18.9,34.0,0.0,5.6363,3.9633
3480,21.6,32.0,0.0,6.5404,3.9344
3481,18.8,25.0,0.0,5.7138,4.2562
3482,18.8,27.0,0.0,5.7463,4.3358
3483,12.5,18.0,0.0,3.67,3.7767
3484,15.3,28.0,0.0,4.8683,3.6596
3485,8.1,12.0,0.0,2.6056,3.3111
3486,3.7,5.0,0.0,1.2649,3.1192
3487,4.0,6.0,0.0,1.3666,3.1603
3488,3.2,4.0,0.0,1.048,3.2196
3489,4.6,6.0,0.0,1.4214,3.1969
3490,5.0,8.0,0.0,1.6062,3.223
3491,3.7,8.0,0.0,1.2622,3.2117
3492,4.5,7.0,0.0,1.4858,3.2558
3493,3.8,6.0,0.0,1.2369,3.2609
3494,3.6,4.0,0.0,1.1442,3.2143
3495,3.8,8.0,0.0,1.3289,3.186
3496,4.5,6.0,0.0,1.4239,3.3237
3497,5.2,9.0,0.0,1.687,3.3511
3498,5.4,10.0,0.0,1.7895,3.2872
3499,5.9,11.0,0.0,1.9529,3.4757
3500,8.2,20.0,0.0,2.7499,3.6182
3501,14.6,23.0,0.0,4.4161,4.3558
3502,15.0,24.0,0.0,4.6135,4.4562
3503,15.9,22.0,0.0,4.7478,4.7326
3504,20.2,27.0,0.0,5.9813,5.0715
3505,20.8,28.0,0.0,6.2817,4.6555
3506,16.2,25.0,0.0,4.9182,4.2674
3507,13.7,19.0,0.0,4.1361,4.03
3508,12.3,20.0,0.0,3.9992,4.0453
3509,8.3,15.0,0.0,2.4751,3.4523
3510,5.9,8.0,0.0,1.925,3.3236
3511,4.1,7.0,0.0,1.4115,3.1844
3512,4.9,7.0,0.0,1.5472,3.2262
3513,4.4,7.0,0.0,1.4648,3.2832
3514,4.3,8.0,0.0,1.4526,3.2917
3515,5.7,10.0,0.0,1.8213,3.2603
3516,5.6,8.0,0.0,1.8276,3.3459
3517,5.9,9.0,0.0,1.7815,3.3297
3518,7.3,20.0,0.0,2.5278,3.5269
3519,6.6,10.0,0.0,2.0567,3.3963
3520,5.2,8.0,0.0,1.6762,3.3013
3521,5.1,10.0,0.0,1.6684,3.1921
3522,5.1,7.0,0.0,1.6401,3.1838
3523,4.2,6.0,0.0,1.35,3.1395
3524,3.4,5.0,0.0,1.1347,3.1233
3525,4.2,5.0,0.0,1.324,3.1651
3526,4.0,5.0,0.0,1.2983,3.1713
3527,4.2,7.0,0.0,1.3955,3.1943
3528,3.6,5.0,0.0,1.1723,3.2971
3529,5.5,13.0,0.0,1.9063,3.365
3530,10.3,16.0,0.0,3.2763,3.761
3531,18.3,30.0,0.0,5.7666,4.3263
3532,16.8,22.0,0.0,5.1467,4.2894
3533,14.1,18.0,0.0,4.2827,4.436
3534,16.7,23.0,0.0,4.7536,4.1702
3535,16.8,38.0,0.0,5.4701,4.0384
3536,18.0,24.0,0.0,5.2364,3.9075
3537,14.7,20.0,0.0,4.5004,3.9956
3538,14.5,23.0,0.0,4.4567,3.7783
3539,14.6,18.0,0.0,4.3472,3.8105
3540,7.2,17.0,0.0,2.4309,3.377
3541,4.1,6.0,0.0,1.2857,3.266
3542,4.9,6.0,0.0,1.4903,3.2479
3543,4.4,7.0,0.0,1.419,3.284
3544,4.5,6.0,0.0,1.513,3.2973
3545,4.4,7.0,0.0,1.4239,3.2745
3546,5.0,9.0,0.0,1.6535,3.2788
3547,5.5,11.0,0.0,1.8773,3.1864
3548,4.7,6.0,0.0,1.5431,3.1852
3549,8.2,18.0,0.0,2.6777,3.6096
3550,12.2,22.0,0.0,3.9469,3.5247
3551,14.2,24.0,0.0,4.3786,3.7293
3552,13.9,24.0,0.0,4.2617,3.9131
3553,19.8,26.0,0.0,5.9133,4.7201
3554,18.3,26.0,0.0,5.3938,4.6569
3555,22.9,33.0,0.0,6.7148,4.9544
3556,20.7,33.0,0.0,6.1446,5.3668
3557,25.4,44.0,0.0,7.2009,5.453
3558,23.6,28.0,0.0,6.2282,5.0969
3559,19.7,30.0,0.0,5.6787,4.9441
3560,20.1,32.0,0.0,5.6422,5.2972
3561,18.4,26.0,0.0,5.2316,4.8821
3562,21.8,33.0,0.0,6.3928,4.6094
3563,19.0,34.0,0.0,5.8723,4.3968
3564,19.1,31.0,0.0,6.0038,4.0845
3565,19.1,44.0,0.0,6.3202,4.0768
3566,17.8,24.0,0.0,5.5105,4.1494
3567,18.4,27.0,0.0,5.5548,4.2324
3568,14.4,19.0,0.0,4.4054,4.0359
3569,15.8,23.0,0.0,4.755,3.895
3570,12.7,21.0,0.0,3.7577,3.7359
3571,10.6,13.0,0.0,3.1606,3.7261
3572,8.6,14.0,0.0,2.697,3.5468
3573,7.2,10.0,0.0,2.3194,3.5261
3574,7.8,17.0,0.0,2.7089,3.3887
3575,4.6,9.0,0.0,1.6148,3.3469
3576,3.7,5.0,0.0,1.2314,3.2641
3577,3.5,5.0,0.0,1.2408,3.2421
3578,5.1,9.0,0.0,1.653,3.2842
3579,4.5,9.0,0.0,1.4878,3.2456
3580,4.7,8.0,0.0,1.5066,3.145
3581,3.8,5.0,0.0,1.2643,3.2141
3582,2.9,5.0,0.0,0.9958,3.1491
3583,4.0,6.0,0.0,1.2714,3.1659
3584,5.0,9.0,0.0,1.7163,3.2537
3585,4.3,7.0,0.0,1.469,3.2682
3586,4.8,11.0,0.0,1.6508,3.3688
3587,8.9,21.0,0.0,3.0773,3.469
3588,12.5,21.0,0.0,4.0137,3.7785
3589,13.0,22.0,0.0,4.0605,3.9027
3590,12.7,15.0,0.0,3.9598,4.2467
3591,10.4,13.0,0.0,3.2498,3.8104
3592,15.0,24.0,0.0,4.8391,3.8394
3593,11.4,21.0,0.0,3.6263,3.6809
3594,8.6,15.0,0.0,2.7616,3.5549
3595,6.5,11.0,0.0,2.1045,3.3125
3596,6.0,9.0,0.0,1.9252,3.3462
3597,4.1,6.0,0.0,1.3143,3.2864
3598,4.9,10.0,0.0,1.6727,3.2016
3599,4.6,6.0,0.0,1.5167,3.2497
3600,4.6,7.0,0.0,1.4973,3.2369
3601,3.7,5.0,0.0,1.2252,3.2568
3602,5.0,8.0,0.0,1.6398,3.2921
3603,3.6,5.0,0.0,1.1786,3.2949
3604,4.4,7.0,0.0,1.4239,3.2709
3605,3.4,6.0,0.0,1.1489,3.2517
3606,3.2,5.0,0.0,1.0611,3.2169
3607,4.8,8.0,0.0,1.6051,3.2442
3608,3.6,5.0,0.0,1.1626,3.2618
3609,6.8,13.0,0.0,2.2159,3.3753
3610,8.1,15.0,0.0,2.6155,3.468
3611,9.1,13.0,0.0,2.8772,3.5862
3612,11.7,15.0,0.0,3.6783,4.0953
3613,17.7,31.0,0.0,5.4587,4.9281
3614,24.0,52.0,0.0,7.577,5.4554
3615,29.0,37.0,0.0,8.6698,5.5904
3616,19.5,30.0,0.0,5.9923,4.243
3617,19.7,29.0,0.0,6.1082,4.5461
3618,15.1,26.0,0.0,4.795,4.121
3619,17.7,27.0,0.0,5.3408,4.2986
3620,25.0,48.0,0.0,7.6922,4.8127
3621,22.8,40.0,0.0,7.0104,5.1218
3622,21.6,29.0,0.0,6.3661,4.5917
3623,11.3,13.0,0.0,3.3061,3.7818
3624,12.7,22.0,0.0,3.9585,3.7167
3625,13.3,19.0,0.0,4.1465,3.9385
3626,16.3,25.0,0.0,5.0265,3.9726
3627,13.3,22.0,0.0,4.2591,3.7192
3628,13.9,21.0,0.0,4.3501,3.9462
3629,15.5,25.0,0.0,4.7263,4.0631
3630,19.2,34.0,0.0,5.9023,4.2022
3631,16.0,20.0,0.0,4.7609,4.2263
3632,18.3,22.0,0.0,5.5054,4.5145
3633,12.8,17.0,0.0,4.0592,3.9453
3634,13.6,20.0,0.0,4.2729,3.891
3635,13.6,34.0,0.0,4.7027,3.842
3636,9.3,11.0,0.0,2.9136,3.4669
3637,12.5,17.0,0.0,3.8688,3.6966
3638,12.2,17.0,0.0,3.6647,3.7139
3639,9.0,15.0,0.0,2.823,3.654
3640,7.0,10.0,0.0,2.3319,3.6099
3641,9.0,16.0,0.0,2.9929,3.596
3642,11.2,16.0,0.0,3.481,3.7992
3643,9.9,16.0,0.0,3.1157,3.8887
3644,13.4,20.0,0.0,4.2,3.9462
3645,10.4,13.0,0.0,3.1796,3.7511
3646,10.9,13.0,0.0,3.3099,4.059
3647,13.3,20.0,0.0,4.0932,4.0477
3648,15.6,28.0,0.0,4.902,3.9297
3649,11.5,17.0,0.0,3.5955,3.879
3650,13.5,25.0,0.0,4.3151,3.8789
3651,11.1,14.0,0.0,3.4632,3.9047
3652,14.4,23.0,0.0,4.4665,3.6994
3653,14.2,20.0,0.0,4.3397,4.1099
3654,16.6,34.0,0.0,5.3852,4.2669
3655,13.5,19.0,0.0,4.0682,3.9251
3656,11.6,17.0,0.0,3.7608,3.7509
3657,15.7,39.0,0.0,5.2606,3.5872
3658,14.5,22.0,0.0,4.5695,3.694
3659,15.5,20.0,0.0,4.6448,3.8093
3660,16.7,26.0,0.0,4.8708,3.5607
3661,13.4,22.0,0.0,4.1195,3.6321
3662,18.4,31.0,0.0,5.5916,4.063
3663,18.6,29.0,0.0,5.6771,4.1969
3664,22.4,34.0,0.0,7.0326,4.3598
3665,14.6,19.0,0.0,4.5263,3.8455
3666,8.9,16.0,0.0,2.8238,3.3052
3667,6.3,11.0,0.0,1.9969,3.1175
3668,15.3,23.0,0.0,4.821,3.4304
3669,15.6,25.0,0.0,4.72,3.5604
3670,12.6,16.0,0.0,3.778,3.5924
3671,15.8,25.0,0.0,4.7662,3.7443
3672,12.3,19.0,0.0,3.7078,3.7272
3673,13.1,21.0,0.0,4.0276,3.5172
3674,14.7,19.0,0.0,4.5548,3.6161
3675,11.9,16.0,0.0,3.7825,3.6054
3676,13.9,23.0,0.0,4.3269,3.6125
3677,10.8,17.0,0.0,3.3178,3.636
3678,15.2,19.0,0.0,4.6167,3.7369
3679,11.5,14.0,0.0,3.4661,3.5219
3680,13.3,15.0,0.0,4.1027,3.6948
3681,14.2,27.0,0.0,4.3922,3.6581
3682,13.6,27.0,0.0,4.1735,3.6208
3683,16.3,36.0,0.0,5.2705,3.6232
3684,14.2,20.0,0.0,4.1458,3.547
3685,15.4,21.0,0.0,4.6441,3.6162
3686,11.2,22.0,0.0,3.5577,3.5255
3687,14.6,26.0,0.0,4.6947,3.5355
3688,12.6,16.0,0.0,3.7772,3.5298
3689,12.1,26.0,0.0,4.0125,3.453
3690,14.7,20.0,0.0,4.4247,3.5856
3691,18.6,31.0,0.0,5.7318,3.7653
3692,15.1,23.0,0.0,4.4303,3.7349
3693,15.2,21.0,0.0,4.633,3.7349
3694,12.6,22.0,0.0,3.8736,3.7138
3695,11.3,15.0,0.0,3.6135,3.6064
3696,11.1,16.0,0.0,3.3876,3.4241
3697,7.8,11.0,0.0,2.4004,3.4888
3698,5.3,7.0,0.0,1.6673,3.258
3699,4.8,9.0,0.0,1.6067,3.2025
3700,4.4,5.0,0.0,1.4217,3.206
3701,3.6,6.0,0.0,1.1552,3.1804
3702,3.9,7.0,0.0,1.2859,3.1824
3703,4.2,7.0,0.0,1.3783,3.1682
3704,4.4,6.0,0.0,1.4429,3.1657
3705,4.6,8.0,0.0,1.5232,3.2304
3706,5.5,10.0,0.0,1.7962,3.2542
3707,4.6,6.0,0.0,1.407,3.2738
3708,6.3,9.0,0.0,1.9539,3.3463
3709,4.1,8.0,0.0,1.3883,3.2567
3710,4.4,7.0,0.0,1.4331,3.3037
3711,5.6,7.0,0.0,1.8184,3.33
3712,5.5,13.0,0.0,1.8244,3.5552
3713,5.2,7.0,0.0,1.5888,3.4203
3714,5.7,13.0,0.0,1.9407,3.4509
3715,5.5,10.0,0.0,1.7335,3.3468
3716,7.1,12.0,0.0,2.2798,3.2953
3717,5.3,7.0,0.0,1.5224,3.2109
3718,4.6,8.0,0.0,1.5147,3.1817
3719,3.5,5.0,0.0,1.1248,3.1691
3720,3.6,5.0,0.0,1.178,3.1415
3721,4.5,7.0,0.0,1.4629,3.1293
3722,4.1,6.0,0.0,1.3113,3.1626
3723,5.2,7.0,0.0,1.6934,3.2303
3724,6.5,11.0,0.0,2.0902,3.224
3725,3.6,5.0,0.0,1.1779,3.1626
3726,5.2,10.0,0.0,1.6655,3.174
3727,3.6,5.0,0.0,1.2703,3.2583
3728,3.2,5.0,0.0,1.0618,3.1199
3729,4.5,10.0,0.0,1.5392,3.2109
3730,4.2,9.0,0.0,1.4555,3.13
3731,3.9,6.0,0.0,1.2748,3.182
3732,3.8,6.0,0.0,1.3055,3.2884
3733,4.9,11.0,0.0,1.6535,3.2793
3734,4.7,6.0,0.0,1.4861,3.2933
3735,3.7,5.0,0.0,1.3012,3.2656
3736,4.8,7.0,0.0,1.4866,3.259
3737,3.8,6.0,0.0,1.2609,3.2199
3738,4.9,10.0,0.0,1.6288,3.2544
3739,4.6,8.0,0.0,1.4591,3.2722
3740,5.5,8.0,0.0,1.8209,3.1498
3741,4.2,9.0,0.0,1.4315,3.1569
3742,4.7,8.0,0.0,1.6583,3.2464
3743,4.6,6.0,0.0,1.4448,3.1708
3744,3.1,4.0,0.0,0.9897,3.365
3745,5.5,8.0,0.0,1.7861,3.2608
3746,5.1,7.0,0.0,1.6074,3.1785
3747,3.9,9.0,0.0,1.3551,3.2935
3748,5.2,10.0,0.0,1.7105,3.1785
3749,5.4,7.0,0.0,1.7209,3.4073
3750,4.5,7.0,0.0,1.4701,3.2987
3751,4.9,8.0,0.0,1.5754,3.3279
3752,6.0,9.0,0.0,1.8809,3.5919
3753,5.3,9.0,0.0,1.7099,3.4334
3754,8.0,14.0,0.0,2.5086,3.5187
3755,6.3,11.0,0.0,2.0417,3.505
3756,4.8,7.0,0.0,1.5497,3.4202
3757,6.4,15.0,0.0,2.2547,3.3571
3758,6.5,11.0,0.0,2.0874,3.3348
3759,5.9,10.0,0.0,1.8913,3.5807
3760,5.2,8.0,0.0,1.6673,3.5246
3761,7.0,14.0,0.0,2.2946,3.3679
3762,5.5,9.0,0.0,1.7233,3.3214
3763,5.1,7.0,0.0,1.6758,3.1857
3764,4.2,6.0,0.0,1.3213,3.2073
3765,6.0,15.0,0.0,2.051,3.3786
3766,4.3,5.0,0.0,1.363,3.5114
3767,4.5,7.0,0.0,1.4403,3.386
3768,5.0,6.0,0.0,1.634,3.294
3769,3.6,6.0,0.0,1.249,3.4597
3770,4.7,10.0,0.0,1.5772,3.5121
3771,6.0,9.0,0.0,1.9209,3.5534
3772,5.5,8.0,0.0,1.7899,3.5661
3773,7.1,16.0,0.0,2.3076,3.5622
3774,7.8,13.0,0.0,2.3451,3.67
3775,10.4,18.0,0.0,3.228,3.7591
3776,12.6,19.0,0.0,3.9548,3.8725
3777,11.7,17.0,0.0,3.5986,4.0518
3778,18.1,33.0,0.0,5.6939,4.7186
3779,17.0,33.0,0.0,5.4535,4.2163
3780,18.3,35.0,0.0,5.882,4.2604
3781,9.0,20.0,0.0,2.9315,3.6187
3782,4.0,5.0,0.0,1.2558,3.3278
3783,5.7,10.0,0.0,1.7391,3.3405
3784,4.3,7.0,0.0,1.4465,3.3904
3785,4.5,9.0,0.0,1.5037,3.2577
3786,4.0,5.0,0.0,1.334,3.2659
3787,3.4,6.0,0.0,1.1522,3.2759
3788,3.3,5.0,0.0,1.1034,3.2088
3789,4.3,6.0,0.0,1.3791,3.2173
3790,4.8,10.0,0.0,1.6041,3.3292
3791,3.5,5.0,0.0,1.1497,3.4627
3792,4.0,8.0,0.0,1.3592,3.4756
3793,3.5,6.0,0.0,1.1752,3.2547
3794,4.6,6.0,0.0,1.5001,3.4052
3795,5.2,7.0,0.0,1.6576,3.3032
3796,4.5,8.0,0.0,1.4578,3.4856
3797,3.7,7.0,0.0,1.2568,3.2478
3798,3.9,6.0,0.0,1.2706,3.3107
3799,4.8,7.0,0.0,1.5277,3.2517
3800,4.6,6.0,0.0,1.4637,3.212
3801,4.2,7.0,0.0,1.3915,3.1821
3802,4.5,7.0,0.0,1.4188,3.3091
3803,4.7,8.0,0.0,1.5931,3.3279
3804,4.1,7.0,0.0,1.3739,3.2859
3805,6.1,14.0,0.0,2.0561,3.4035
3806,4.8,8.0,0.0,1.5698,3.5369
3807,4.4,10.0,0.0,1.501,3.2935
3808,4.7,7.0,0.0,1.5222,3.2454
3809,5.3,9.0,0.0,1.6869,3.1954
3810,4.0,6.0,0.0,1.3265,3.0864
3811,5.0,7.0,0.0,1.5878,3.142
3812,3.6,6.0,0.0,1.1694,3.1127
3813,5.7,13.0,0.0,1.9545,3.1024
3814,4.9,9.0,0.0,1.5898,3.15
3815,6.3,9.0,0.0,1.9323,3.3605
3816,12.7,21.0,0.0,3.9421,4.0083
3817,14.6,29.0,0.0,4.581,4.1544
3818,23.3,38.0,0.0,7.4306,4.4834
3819,18.6,30.0,0.0,5.9543,4.4581
3820,16.5,23.0,0.0,4.8301,4.5118
3821,16.5,30.0,0.0,5.1441,4.0719
3822,19.7,31.0,0.0,6.2043,4.2881
3823,20.9,30.0,0.0,6.4607,3.9444
3824,19.6,32.0,0.0,6.1409,4.2171
3825,21.9,33.0,0.0,6.6361,4.3392
3826,15.9,22.0,0.0,4.9215,3.7649
3827,10.9,18.0,0.0,3.4261,3.5866
3828,8.8,14.0,0.0,2.7749,3.9603
3829,6.8,11.0,0.0,2.0969,3.6872
3830,4.8,7.0,0.0,1.5835,3.5126
3831,4.1,7.0,0.0,1.3301,3.3162
3832,4.7,7.0,0.0,1.5012,3.1941
3833,3.8,7.0,0.0,1.2593,3.268
3834,3.9,5.0,0.0,1.2798,3.283
3835,4.1,8.0,0.0,1.3817,3.1808
3836,3.7,5.0,0.0,1.2074,3.1711
3837,4.2,6.0,0.0,1.3511,3.2827
3838,5.0,9.0,0.0,1.6292,3.312
3839,4.2,6.0,0.0,1.3376,3.1288
3840,3.6,5.0,0.0,1.1319,3.1399
3841,3.5,7.0,0.0,1.1977,3.1508
3842,3.6,5.0,0.0,1.1747,3.1361
3843,4.2,7.0,0.0,1.337,3.1327
3844,4.9,9.0,0.0,1.6423,3.1497
3845,5.9,8.0,0.0,1.8014,3.1812
3846,3.7,5.0,0.0,1.2207,3.2901
3847,4.2,6.0,0.0,1.3295,3.2281
3848,4.4,10.0,0.0,1.5536,3.312
3849,3.6,7.0,0.0,1.214,3.2179
3850,6.3,8.0,0.0,1.9328,3.4356
3851,4.7,7.0,0.0,1.4498,3.2972
3852,4.3,7.0,0.0,1.4021,3.2519
3853,3.8,11.0,0.0,1.4136,3.2053
3854,5.2,7.0,0.0,1.6881,3.4459
3855,6.0,7.0,0.0,1.9268,3.4284
3856,4.4,5.0,0.0,1.403,3.2643
3857,3.5,4.0,0.0,1.1998,3.1545
3858,4.0,8.0,0.0,1.3851,3.1527
3859,4.6,9.0,0.0,1.5079,3.2426
3860,6.1,14.0,0.0,2.1619,3.2676
3861,6.7,16.0,0.0,2.4513,3.3471
3862,12.1,32.0,0.0,4.2853,3.8453
3863,17.3,28.0,0.0,5.4382,4.7825
3864,19.7,27.0,0.0,5.7908,5.2067
3865,25.5,43.0,0.0,7.6348,5.4227
3866,24.8,40.0,0.0,7.2642,5.3655
3867,31.5,48.0,0.0,9.337,6.413
3868,26.6,32.0,0.0,7.6368,5.9888
3869,28.8,48.0,0.0,8.6138,5.8198
3870,25.9,36.0,0.0,8.0088,5.7552
3871,24.1,39.0,0.0,7.4512,5.8723
3872,17.2,24.0,0.0,5.4502,4.3851
3873,14.2,20.0,0.0,4.4491,4.1243
3874,14.8,22.0,0.0,4.535,4.4383
3875,6.4,11.0,0.0,2.114,3.2708
3876,6.1,11.0,0.0,1.976,3.1962
3877,7.1,10.0,0.0,2.2756,3.3138
3878,8.4,14.0,0.0,2.6889,3.5773
3879,4.5,6.0,0.0,1.5,3.4407
3880,4.7,8.0,0.0,1.5665,3.3214
3881,4.2,7.0,0.0,1.3918,3.2626
3882,4.5,6.0,0.0,1.4518,3.2923
3883,4.1,5.0,0.0,1.3681,3.2841
3884,5.9,8.0,0.0,1.8192,3.2717
3885,4.4,6.0,0.0,1.3739,3.3054
3886,4.0,6.0,0.0,1.3519,3.2515
3887,4.6,6.0,0.0,1.5058,3.3983
3888,4.7,8.0,0.0,1.5586,3.2481
3889,5.5,11.0,0.0,1.7511,3.3953
3890,10.0,16.0,0.0,3.0887,3.6807
3891,20.1,33.0,0.0,6.1082,4.6261
3892,19.4,28.0,0.0,5.8966,4.7223
3893,22.8,32.0,0.0,6.7869,4.6285
3894,17.2,25.0,0.0,5.2464,4.4454
3895,20.8,28.0,0.0,6.2927,4.5779
3896,18.1,25.0,0.0,5.3489,4.4832
3897,20.7,35.0,0.0,6.5193,4.2416
3898,15.5,28.0,0.0,4.7279,3.8411
3899,18.9,33.0,0.0,6.1181,3.5829
3900,16.7,24.0,0.0,5.1466,3.6923
3901,20.8,38.0,0.0,6.4037,3.9259
3902,13.3,24.0,0.0,4.2555,3.7753
3903,10.6,16.0,0.0,3.4078,3.543
3904,7.3,13.0,0.0,2.3825,3.4308
3905,5.5,8.0,0.0,1.7116,3.2273
3906,4.8,7.0,0.0,1.5025,3.1339
3907,4.4,6.0,0.0,1.3735,3.1603
3908,5.4,6.0,0.0,1.7753,3.2284
3909,3.5,4.0,0.0,1.1832,3.2213
3910,4.7,10.0,0.0,1.6053,3.2867
3911,5.4,7.0,0.0,1.6624,3.2951
3912,5.6,9.0,0.0,1.8195,3.2636
3913,4.9,9.0,0.0,1.6078,3.2327
3914,6.5,13.0,0.0,2.1835,3.3006
3915,6.2,8.0,0.0,1.9698,3.4154
3916,9.9,14.0,0.0,3.0737,3.6296
3917,12.7,16.0,0.0,3.9952,3.8049
3918,15.3,24.0,0.0,4.549,4.1256
3919,15.0,24.0,0.0,4.4214,4.0086
3920,17.2,23.0,0.0,5.0612,4.3104
3921,13.6,22.0,0.0,4.1135,4.0955
3922,10.5,15.0,0.0,3.0769,3.6528
3923,12.3,18.0,0.0,3.7869,3.8832
3924,14.5,19.0,0.0,4.4643,4.0199
3925,11.9,27.0,0.0,3.9312,3.6494
3926,6.8,9.0,0.0,2.1512,3.279
3927,6.3,8.0,0.0,1.9672,3.2255
3928,9.4,21.0,0.0,3.0124,3.3053
3929,9.5,35.0,0.0,3.8971,3.4286
3930,6.6,19.0,0.0,2.3655,3.198
3931,9.5,28.0,0.0,3.5357,3.2768
3932,9.6,17.0,0.0,3.0161,3.3307
3933,13.8,21.0,0.0,4.2986,3.6666
3934,16.2,25.0,0.0,5.0406,4.0253
3935,20.5,36.0,0.0,6.6129,4.2278
3936,16.7,22.0,0.0,5.0949,3.951
3937,15.9,22.0,0.0,4.9246,3.9594
3938,14.9,23.0,0.0,4.45,3.9849
3939,17.4,25.0,0.0,5.2657,4.0387
3940,17.5,32.0,0.0,5.3378,3.8743
3941,12.5,28.0,0.0,4.0771,3.4165
3942,7.4,12.0,0.0,2.3627,3.3916
3943,7.6,14.0,0.0,2.3879,3.2868
3944,5.9,8.0,0.0,1.8116,3.1995
3945,6.6,8.0,0.0,2.1124,3.1836
3946,6.5,12.0,0.0,2.1416,3.1444
3947,5.1,8.0,0.0,1.6089,3.1706
3948,5.9,8.0,0.0,1.8595,3.3036
3949,4.4,7.0,0.0,1.3747,3.1364
3950,4.4,8.0,0.0,1.4866,3.2639
3951,4.9,8.0,0.0,1.5886,3.5125
3952,4.3,6.0,0.0,1.399,3.5062
3953,5.3,8.0,0.0,1.6748,3.3888
3954,5.3,7.0,0.0,1.7245,3.3732
3955,5.4,7.0,0.0,1.6891,3.3355
3956,6.9,11.0,0.0,2.1828,3.7789
3957,6.2,7.0,0.0,1.9513,3.5218
3958,5.0,9.0,0.0,1.6618,3.6259
3959,7.3,27.0,0.0,2.9888,3.5237
3960,9.7,26.0,0.0,3.5732,3.6428
3961,12.1,19.0,0.0,3.8139,3.8597
3962,15.7,25.0,0.0,5.0007,4.5104
3963,18.3,26.0,0.0,5.7911,4.204
3964,17.1,24.0,0.0,5.3693,4.318
3965,18.7,30.0,0.0,5.6168,4.1629
3966,17.2,26.0,0.0,5.2165,4.0743
3967,14.0,18.0,0.0,4.1571,3.7488
3968,19.4,33.0,0.0,6.0047,3.711
3969,11.6,21.0,0.0,3.6101,3.5549
3970,8.3,16.0,0.0,2.6111,3.3917
3971,13.8,17.0,0.0,4.322,3.901
3972,23.2,32.0,0.0,6.9318,4.7158
3973,21.3,45.0,0.0,6.8869,4.4077
3974,13.3,21.0,0.0,4.1605,3.9623
3975,4.9,9.0,0.0,1.5928,3.5769
3976,5.8,8.0,0.0,1.7869,3.6222
3977,4.8,5.0,0.0,1.5108,3.3982
3978,5.3,7.0,0.0,1.6636,3.4838
3979,5.0,7.0,0.0,1.5329,3.533
3980,5.0,6.0,0.0,1.618,3.2566
3981,4.9,7.0,0.0,1.5696,3.2058
3982,5.3,6.0,0.0,1.7854,3.388
3983,5.5,10.0,0.0,1.7231,3.4377
3984,5.1,7.0,0.0,1.6217,3.825
3985,5.5,9.0,0.0,1.7909,3.5962
3986,6.5,12.0,0.0,2.0223,3.3372
3987,5.0,8.0,0.0,1.6271,3.3333
3988,3.8,7.0,0.0,1.2714,3.2402
3989,5.1,6.0,0.0,1.7289,3.4844
3990,4.7,8.0,0.0,1.52,3.3559
3991,4.9,6.0,0.0,1.5701,3.8003
3992,4.3,9.0,0.0,1.4396,3.6777
3993,5.4,9.0,0.0,1.7365,3.5758
3994,5.1,8.0,0.0,1.6844,3.3129
3995,3.7,8.0,0.0,1.2446,3.3789
3996,3.4,8.0,0.0,1.219,3.3143
3997,5.7,12.0,0.0,1.919,3.3314
3998,2.8,5.0,0.0,1.0282,3.1114
3999,3.7,6.0,0.0,1.2278,3.0762
4000,4.4,6.0,0.0,1.4177,3.1091
4001,3.9,5.0,0.0,1.2688,3.1458
4002,4.3,8.0,0.0,1.4277,3.1024
4003,5.0,7.0,0.0,1.581,3.1747
4004,3.5,5.0,0.0,1.1552,3.2281
4005,4.0,7.0,0.0,1.3295,3.1185
4006,3.5,6.0,0.0,1.1285,3.214
4007,4.3,8.0,0.0,1.3851,3.3384
4008,5.8,9.0,0.0,1.9259,3.3876
4009,4.8,7.0,0.0,1.4812,3.5422
4010,5.0,7.0,0.0,1.66,3.6511
4011,5.2,7.0,0.0,1.7,3.6112
4012,7.0,11.0,0.0,2.1966,3.7177
4013,4.1,7.0,0.0,1.317,3.4766
4014,4.5,6.0,0.0,1.4158,3.4485
4015,5.7,10.0,0.0,1.8697,3.3391
4016,3.3,5.0,0.0,1.1036,3.291
4017,4.7,9.0,0.0,1.5405,3.3431
4018,7.0,12.0,0.0,2.1517,3.3734
4019,6.9,18.0,0.0,2.4182,3.311
4020,6.7,10.0,0.0,2.1811,3.6678
4021,5.2,8.0,0.0,1.6738,3.4648
4022,4.8,7.0,0.0,1.4879,3.4907
4023,4.0,7.0,0.0,1.3122,3.2687
4024,4.9,10.0,0.0,1.6288,3.2826
4025,5.6,7.0,0.0,1.8043,3.4295
4026,6.0,9.0,0.0,1.9008,3.5031
4027,5.9,8.0,0.0,1.7921,3.5594
4028,6.2,19.0,0.0,2.3213,3.3511
4029,7.5,14.0,0.0,2.3916,3.3849
4030,5.4,8.0,0.0,1.6988,3.342
4031,5.5,9.0,0.0,1.7968,3.3767
4032,4.7,7.0,0.0,1.5967,3.3359
4033,5.1,7.0,0.0,1.5848,3.3866
4034,4.1,6.0,0.0,1.2544,3.3765
4035,3.4,6.0,0.0,1.1371,3.3064
4036,5.8,14.0,0.0,1.9953,3.3742
4037,5.1,8.0,0.0,1.6535,3.3268
4038,5.0,8.0,0.0,1.6934,3.3906
4039,7.7,13.0,0.0,2.3623,3.4355
4040,6.1,11.0,0.0,1.9479,3.5161
4041,4.7,8.0,0.0,1.5726,3.3639
4042,7.7,18.0,0.0,2.5417,3.4076
4043,7.8,13.0,0.0,2.5006,3.5675
4044,7.3,13.0,0.0,2.2699,3.6279
4045,7.7,12.0,0.0,2.3689,3.5595
4046,6.6,10.0,0.0,2.0706,3.634
4047,7.1,9.0,0.0,2.1428,3.5773
4048,7.9,17.0,0.0,2.6316,3.603
4049,7.5,12.0,0.0,2.3507,3.4633
4050,6.3,8.0,0.0,1.9763,3.5196
4051,5.8,10.0,0.0,1.929,3.3949
4052,9.0,18.0,0.0,2.9168,3.6058
4053,7.5,12.0,0.0,2.3276,3.5782
4054,7.5,10.0,0.0,2.2481,3.509
4055,6.3,9.0,0.0,1.9723,3.4037
4056,4.0,6.0,0.0,1.4007,3.2749
4057,3.8,6.0,0.0,1.227,3.3023
4058,5.7,8.0,0.0,1.7685,3.382
4059,5.1,8.0,0.0,1.6401,3.3322
4060,4.7,8.0,0.0,1.5652,3.2995
4061,6.6,11.0,0.0,2.0899,3.3126
4062,6.1,9.0,0.0,1.8915,3.3129
4063,5.2,8.0,0.0,1.6999,3.2448
4064,5.0,6.0,0.0,1.5314,3.301
4065,6.4,20.0,0.0,2.3848,3.26
4066,5.8,15.0,0.0,2.0644,3.3888
4067,7.1,10.0,0.0,2.1601,3.3519
4068,6.7,13.0,0.0,2.1209,3.3959
4069,8.9,18.0,0.0,2.8013,3.5391
4070,13.9,28.0,0.0,4.4113,3.9573
4071,18.0,23.0,0.0,5.2448,4.3478
4072,21.4,29.0,0.0,6.2969,5.0682
4073,17.9,29.0,0.0,5.4557,4.9565
4074,22.4,31.0,0.0,6.6578,4.8449
4075,18.4,28.0,0.0,5.4134,4.6131
4076,14.7,21.0,0.0,4.3504,3.9032
4077,15.1,26.0,0.0,4.7146,3.9025
4078,17.2,24.0,0.0,5.1013,4.0847
4079,14.1,27.0,0.0,4.3333,4.3283
4080,14.6,23.0,0.0,4.392,4.3057
4081,19.3,29.0,0.0,5.8118,4.5459
4082,17.2,29.0,0.0,5.2052,4.4553
4083,15.7,32.0,0.0,5.2144,4.1338
4084,12.6,17.0,0.0,3.9555,4.0459
4085,14.2,23.0,0.0,4.6312,4.2023
4086,11.8,15.0,0.0,3.6056,4.197
4087,18.1,25.0,0.0,5.4263,4.1926
4088,15.3,23.0,0.0,4.603,4.0665
4089,6.4,10.0,0.0,2.0382,3.665
4090,8.5,15.0,0.0,2.6969,3.5759
4091,8.3,18.0,0.0,2.8224,3.5207
4092,9.4,17.0,0.0,3.0008,3.5194
4093,15.0,24.0,0.0,4.7644,3.8046
4094,11.3,20.0,0.0,3.5341,3.9946
4095,10.6,14.0,0.0,3.189,3.7702
4096,20.2,36.0,0.0,6.4628,4.3629
4097,14.9,20.0,0.0,4.464,4.0513
4098,22.6,38.0,0.0,6.6406,4.9063
4099,16.2,23.0,0.0,4.772,4.4577
4100,17.5,24.0,0.0,4.826,4.6773
4101,19.5,28.0,0.0,5.5734,5.0265
4102,21.8,31.0,0.0,6.0397,4.985
4103,28.7,42.0,0.0,8.3766,5.4984
4104,23.4,34.0,0.0,6.9504,5.1734
4105,22.6,33.0,0.0,6.7266,4.8302
4106,16.0,32.0,0.0,4.8755,4.3878
4107,18.0,31.0,0.0,5.474,4.5032
4108,25.7,53.0,0.0,8.0024,5.0496
4109,23.1,43.0,0.0,6.9214,5.1603
4110,28.3,50.0,0.0,8.5087,5.6203
4111,18.8,26.0,0.0,5.3238,4.8403
4112,23.7,36.0,0.0,6.8308,5.1722
4113,21.8,40.0,0.0,6.4822,4.6166
4114,21.7,41.0,0.0,6.5643,4.8657
4115,19.9,36.0,0.0,6.0554,4.8567
4116,14.0,24.0,0.0,4.2522,4.2639
4117,16.6,26.0,0.0,5.0913,4.3279
4118,18.2,28.0,0.0,5.4523,4.0029
4119,16.7,21.0,0.0,4.9813,4.5217
4120,19.8,26.0,0.0,6.0336,4.3909
4121,13.8,18.0,0.0,4.0774,4.157
4122,19.3,33.0,0.0,5.7252,4.5601
4123,17.0,31.0,0.0,5.1913,4.4245
4124,17.8,27.0,0.0,5.5761,4.3661
4125,19.0,35.0,0.0,5.7724,4.3555
4126,15.2,21.0,0.0,4.6325,4.1143
4127,16.6,31.0,0.0,5.438,4.2407
4128,17.6,22.0,0.0,4.8764,4.3999
4129,17.7,22.0,0.0,5.007,4.4853
4130,16.5,27.0,0.0,4.9404,4.1407
4131,16.9,29.0,0.0,5.3164,4.2086
4132,16.7,33.0,0.0,5.1887,4.0723
4133,16.5,24.0,0.0,4.8528,4.1969
4134,14.4,22.0,0.0,4.2429,4.1947
4135,15.7,26.0,0.0,4.7679,4.2687
4136,14.5,21.0,0.0,4.2249,4.2634
4137,15.8,31.0,0.0,5.0366,4.289
4138,15.5,24.0,0.0,4.5891,4.0158
4139,14.3,22.0,0.0,4.3814,4.0274
4140,14.8,26.0,0.0,4.334,4.0326
4141,12.5,16.0,0.0,3.8562,3.9688
4142,16.7,21.0,0.0,4.8906,4.344
4143,14.0,19.0,0.0,4.3463,4.0189
4144,20.7,32.0,0.0,6.3096,3.7876
4145,15.5,20.0,0.0,4.6286,3.7471
4146,8.7,12.0,0.0,2.6929,3.295
4147,10.2,27.0,0.0,3.5452,3.3416
4148,17.6,25.0,0.0,5.488,3.7042
4149,15.8,20.0,0.0,4.9061,3.9669
4150,16.5,33.0,0.0,5.141,3.9407
4151,14.0,20.0,0.0,4.2388,3.6799
4152,12.6,21.0,0.0,3.7498,3.6281
4153,11.0,20.0,0.0,3.4838,3.5147
4154,13.4,23.0,0.0,4.0431,3.6107
4155,13.1,20.0,0.0,4.0637,3.6522
4156,11.6,26.0,0.0,3.8036,3.5356
4157,12.5,17.0,0.0,3.6983,3.59
4158,14.4,21.0,0.0,4.4081,3.6575
4159,10.5,20.0,0.0,3.3878,3.5696
4160,16.1,22.0,0.0,4.7411,3.8187
4161,9.8,14.0,0.0,2.9971,3.5329
4162,9.1,12.0,0.0,2.8368,3.5363
4163,7.2,10.0,0.0,2.2413,3.3954
4164,8.0,13.0,0.0,2.5309,3.3026
4165,9.5,20.0,0.0,3.2496,3.4137
4166,7.5,14.0,0.0,2.5189,3.311
4167,7.0,11.0,0.0,2.1782,3.4138
4168,11.0,20.0,0.0,3.4794,3.6135
4169,10.3,20.0,0.0,3.2345,3.8764
4170,11.1,18.0,0.0,3.4496,3.7305
4171,11.1,15.0,0.0,3.4038,3.7634
4172,11.7,16.0,0.0,3.5693,3.7081
4173,15.0,26.0,0.0,4.4995,4.0199
4174,10.0,16.0,0.0,3.0903,3.609
4175,14.1,19.0,0.0,4.2202,3.8776
4176,15.3,30.0,0.0,4.7945,3.9106
4177,13.9,28.0,0.0,4.3262,3.8602
4178,13.9,19.0,0.0,4.1858,3.9859
4179,15.0,30.0,0.0,4.6889,3.6532
4180,11.9,23.0,0.0,3.9354,3.557
4181,11.3,24.0,0.0,3.765,3.4127
4182,12.0,18.0,0.0,3.6425,3.6414
4183,12.2,18.0,0.0,3.8634,3.7354
4184,10.2,16.0,0.0,3.1059,3.6602
4185,11.7,15.0,0.0,3.4627,3.7909
4186,13.5,21.0,0.0,4.1179,3.6418
4187,9.9,15.0,0.0,3.1158,3.621
4188,11.5,18.0,0.0,3.7086,3.697
4189,10.4,13.0,0.0,3.1846,3.688
4190,11.2,20.0,0.0,3.4699,3.7691
4191,13.3,26.0,0.0,4.219,3.8039
4192,14.1,27.0,0.0,4.3818,3.8784
4193,16.8,25.0,0.0,5.0937,4.3389
4194,15.5,21.0,0.0,4.5762,3.9695
4195,18.2,21.0,0.0,5.3939,4.0503
4196,16.7,28.0,0.0,5.1203,4.0923
4197,30.4,60.0,0.0,9.473,4.9954
4198,20.9,33.0,0.0,6.2945,4.4266
4199,27.9,41.0,0.0,8.2955,5.0044
4200,26.0,46.0,0.0,8.2618,4.6346
4201,18.9,33.0,0.0,6.0247,4.1305
4202,11.6,16.0,0.0,3.5312,3.7111
4203,14.9,22.0,0.0,4.6182,3.8963
4204,16.0,28.0,0.0,4.9167,3.9004
4205,14.7,19.0,0.0,4.2031,3.7052
4206,17.1,25.0,0.0,5.1781,4.1045
4207,11.0,16.0,0.0,3.387,3.565
4208,8.4,14.0,0.0,2.7129,3.4881
4209,13.0,19.0,0.0,3.9286,3.7974
4210,15.1,32.0,0.0,4.6321,3.9198
4211,15.7,22.0,0.0,4.5834,4.0644
4212,15.4,19.0,0.0,4.6853,4.0594
4213,15.4,19.0,0.0,4.7743,4.2166
4214,13.6,18.0,0.0,4.0922,4.0426
4215,15.8,22.0,0.0,4.6162,4.3533
4216,14.7,20.0,0.0,4.5666,4.0266
4217,14.4,20.0,0.0,4.4066,3.8947
4218,16.0,25.0,0.0,5.007,4.0157
4219,17.9,30.0,0.0,5.4886,4.0515
4220,21.9,34.0,0.0,6.4125,4.2947
4221,14.7,22.0,0.0,4.5932,3.8913
4222,17.8,29.0,0.0,5.6169,3.8926
4223,14.9,20.0,0.0,4.6729,3.8025
4224,14.1,23.0,0.0,4.2938,3.7706
4225,17.5,26.0,0.0,5.3092,4.0387
4226,12.5,22.0,0.0,4.0498,3.6664
4227,15.6,36.0,0.0,5.1347,4.1182
4228,13.9,23.0,0.0,4.5227,3.8311
4229,11.1,18.0,0.0,3.5288,3.5493
4230,12.8,21.0,0.0,3.9585,3.5272
4231,9.7,16.0,0.0,3.0228,3.6039
4232,11.3,26.0,0.0,3.7294,3.5079
4233,8.0,12.0,0.0,2.5206,3.3907
4234,10.5,15.0,0.0,3.2659,3.5599
4235,9.2,16.0,0.0,2.9301,3.3824
4236,12.6,34.0,0.0,4.3737,3.307
4237,9.0,15.0,0.0,2.8059,3.2976
4238,8.1,14.0,0.0,2.6171,3.3861
4239,9.0,19.0,0.0,3.0134,3.4264
4240,11.4,22.0,0.0,3.8311,3.5535
4241,6.2,11.0,0.0,2.0243,3.297
4242,7.1,12.0,0.0,2.2893,3.3196
4243,8.5,12.0,0.0,2.7839,3.4649
4244,14.3,31.0,0.0,4.617,3.6317
4245,9.7,14.0,0.0,3.0335,3.5045
4246,12.9,21.0,0.0,4.0518,3.8272
4247,8.8,16.0,0.0,2.8675,3.6311
4248,9.8,12.0,0.0,3.1398,3.7971
4249,14.8,24.0,0.0,4.5186,3.8786
4250,12.7,19.0,0.0,3.9715,3.9072
4251,14.5,25.0,0.0,4.5913,3.8358
4252,13.7,20.0,0.0,4.0333,3.9939
4253,10.0,12.0,0.0,3.1568,3.7478
4254,12.9,19.0,0.0,3.8628,3.7563
4255,10.8,16.0,0.0,3.2496,3.6945
4256,15.5,22.0,0.0,4.7938,3.9968
4257,16.3,19.0,0.0,4.9342,4.0649
4258,20.8,28.0,0.0,6.0928,4.362
4259,19.0,27.0,0.0,5.5994,4.4898
4260,18.5,25.0,0.0,5.4719,4.586
4261,17.8,31.0,0.0,5.3071,4.2738
4262,18.2,32.0,0.0,5.59,4.5107
4263,17.2,25.0,0.0,5.0622,3.9396
4264,18.7,27.0,0.0,5.7157,4.0278
4265,16.1,18.0,0.0,5.1168,4.1409
4266,20.3,28.0,0.0,6.132,4.2582
4267,19.5,26.0,0.0,5.7732,4.29
4268,18.0,23.0,0.0,5.4332,4.1781
4269,24.2,45.0,0.0,7.5248,4.5097
4270,22.6,43.0,0.0,6.9486,4.3577
4271,18.5,34.0,0.0,5.574,4.1962
4272,19.0,25.0,0.0,5.6342,4.1471
4273,14.7,23.0,0.0,4.4386,3.7989
4274,19.5,28.0,0.0,5.8819,4.4869
4275,16.2,26.0,0.0,4.8936,3.9505
4276,13.3,16.0,0.0,4.0765,4.2912
4277,16.5,30.0,0.0,5.3157,4.0696
4278,15.6,19.0,0.0,4.8473,4.0418
4279,19.6,27.0,0.0,5.9415,4.4996
4280,20.3,31.0,0.0,6.2866,4.5498
4281,22.3,43.0,0.0,6.939,4.6919
4282,26.2,42.0,0.0,8.059,4.9578
4283,25.8,44.0,0.0,7.9729,5.1995
4284,33.7,57.0,0.0,10.0863,6.167
4285,34.5,85.0,0.0,11.3488,5.9471
4286,30.9,36.0,0.0,9.1076,6.5882
4287,25.3,32.0,0.0,7.4176,5.7877
4288,28.9,41.0,0.0,8.5994,5.8519
4289,23.8,32.0,0.0,6.9069,4.8552
4290,24.3,33.0,0.0,7.1683,4.7471
4291,18.5,25.0,0.0,5.5427,4.7733
4292,19.1,28.0,0.0,5.6142,4.4545
4293,20.9,37.0,0.0,6.4509,4.6288
4294,20.3,33.0,0.0,5.8292,4.7053
4295,19.2,31.0,0.0,5.6991,4.6444
4296,17.4,25.0,0.0,5.1363,4.2855
4297,17.3,23.0,0.0,4.8967,4.5288
4298,14.6,27.0,0.0,4.4318,4.2265
4299,16.2,27.0,0.0,4.7776,4.3288
4300,15.1,26.0,0.0,4.4409,4.2824
4301,15.2,22.0,0.0,4.4284,4.3449
4302,13.9,30.0,0.0,4.3439,4.1464
4303,14.5,17.0,0.0,4.3919,4.2493
4304,15.0,20.0,0.0,4.4587,4.1115
4305,16.3,35.0,0.0,5.3205,3.6841
4306,11.7,19.0,0.0,3.7525,3.5735
4307,7.5,10.0,0.0,2.3734,3.2787
4308,6.7,12.0,0.0,2.1749,3.3063
4309,4.4,5.0,0.0,1.3978,3.2131
4310,4.6,9.0,0.0,1.5274,3.1635
4311,4.5,7.0,0.0,1.4221,3.0531
4312,3.5,5.0,0.0,1.16,3.1024
4313,4.4,6.0,0.0,1.3681,3.1102
4314,5.1,12.0,0.0,1.7059,3.1578
4315,4.4,8.0,0.0,1.4555,3.1362
4316,3.6,5.0,0.0,1.1954,3.2015
4317,4.5,7.0,0.0,1.4997,3.1857
4318,5.0,8.0,0.0,1.5986,3.3811
4319,5.3,8.0,0.0,1.7391,3.2748
4320,6.9,9.0,0.0,2.1167,3.6342
4321,6.5,10.0,0.0,2.0678,3.4215
4322,9.4,24.0,0.0,3.3451,3.5817
4323,4.8,7.0,0.0,1.5781,3.3358
4324,5.4,8.0,0.0,1.7599,3.5248
4325,8.4,12.0,0.0,2.5562,3.5013
4326,5.3,8.0,0.0,1.711,3.3371
4327,8.7,17.0,0.0,2.8115,3.4267
4328,5.7,9.0,0.0,1.8209,3.3893
4329,7.5,20.0,0.0,2.7143,3.4677
4330,8.5,30.0,0.0,3.4526,3.5049
4331,10.6,17.0,0.0,3.3242,3.8845
4332,9.7,12.0,0.0,3.178,4.0011
4333,10.7,15.0,0.0,3.3508,4.0394
4334,9.4,19.0,0.0,3.0344,3.6073
4335,6.8,11.0,0.0,2.2077,3.4252
4336,7.8,21.0,0.0,2.7374,3.4673
4337,5.1,8.0,0.0,1.6786,3.2624
4338,5.0,9.0,0.0,1.6313,3.293
4339,4.0,6.0,0.0,1.3316,3.2127
4340,4.6,6.0,0.0,1.5226,3.3005
4341,4.2,10.0,0.0,1.4654,3.3582
4342,3.0,6.0,0.0,1.0557,3.3907
4343,3.5,6.0,0.0,1.1079,3.3952
4344,5.3,7.0,0.0,1.6903,3.4164
4345,6.0,10.0,0.0,1.9312,3.1783
4346,5.9,8.0,0.0,1.7826,3.2059
4347,5.1,7.0,0.0,1.6822,3.2947
4348,5.1,12.0,0.0,1.7837,3.4195
4349,8.6,19.0,0.0,2.801,3.4249
4350,8.3,11.0,0.0,2.5637,3.6257
4351,16.7,25.0,0.0,5.2348,4.0623
4352,18.4,26.0,0.0,5.6314,4.2997
4353,19.2,29.0,0.0,5.6803,4.7788
4354,19.7,25.0,0.0,5.9365,4.7876
4355,20.0,34.0,0.0,6.1113,4.4026
4356,20.4,36.0,0.0,6.4166,4.6475
4357,13.8,18.0,0.0,4.2551,4.196
4358,16.1,22.0,0.0,4.7434,4.219
4359,14.6,18.0,0.0,4.3646,4.2551
4360,13.9,21.0,0.0,4.2438,3.8743
4361,21.6,31.0,0.0,6.3936,4.2626
4362,26.6,33.0,0.0,8.0361,4.9902
4363,17.2,26.0,0.0,5.1894,4.0123
4364,15.6,24.0,0.0,4.6872,3.8212
4365,12.2,18.0,0.0,3.677,3.8269
4366,14.9,22.0,0.0,4.2795,3.8393
4367,12.3,20.0,0.0,3.7969,3.7149
4368,13.8,18.0,0.0,4.2802,3.8895
4369,14.5,23.0,0.0,4.4799,3.8433
4370,15.2,24.0,0.0,4.6774,4.1706
4371,16.9,32.0,0.0,4.9399,4.4416
4372,21.1,34.0,0.0,6.1592,4.5419
4373,19.7,38.0,0.0,6.1667,4.4957
4374,21.7,44.0,0.0,6.494,4.3106
4375,19.0,28.0,0.0,5.5517,4.4553
4376,18.7,37.0,0.0,5.8411,4.3989
4377,23.6,34.0,0.0,6.8842,4.6845
4378,18.9,22.0,0.0,5.9686,4.3362
4379,17.9,28.0,0.0,5.5902,4.3823
4380,21.1,29.0,0.0,6.2839,4.4441
4381,22.6,36.0,0.0,6.9589,4.8754
4382,17.6,23.0,0.0,5.1207,4.2394
4383,11.6,26.0,0.0,3.7616,3.6262
4384,11.9,18.0,0.0,3.7328,3.5606
4385,6.8,11.0,0.0,2.2375,3.3997
4386,7.1,10.0,0.0,2.26,3.2826
4387,4.9,9.0,0.0,1.7256,3.4345
4388,4.8,6.0,0.0,1.4992,3.4053
4389,3.8,6.0,0.0,1.299,3.3854
4390,4.4,6.0,0.0,1.4091,3.2361
4391,3.4,5.0,0.0,1.1529,3.428
4392,3.8,5.0,0.0,1.2159,3.2908
4393,2.9,5.0,0.0,1.0282,3.1908
4394,5.4,9.0,0.0,1.7222,3.2687
4395,6.0,8.0,0.0,1.9262,3.2689
4396,5.4,10.0,0.0,1.7594,3.3504
4397,5.3,8.0,0.0,1.7732,3.3644
4398,5.7,11.0,0.0,1.8718,3.4441
4399,12.2,19.0,0.0,3.7611,3.7379
4400,28.1,44.0,0.0,8.5584,5.0593
4401,20.8,30.0,0.0,6.4616,4.9068
4402,21.1,33.0,0.0,6.3191,4.5718
4403,26.4,44.0,0.0,8.1958,4.8084
4404,14.3,19.0,0.0,4.3104,3.8755
4405,17.9,34.0,0.0,5.5722,3.9456
4406,13.2,19.0,0.0,3.9159,3.829
4407,7.7,12.0,0.0,2.5294,3.4414
4408,6.0,8.0,0.0,1.8615,3.3524
4409,5.1,10.0,0.0,1.6547,3.1136
4410,3.8,7.0,0.0,1.2462,3.173
4411,4.1,5.0,0.0,1.3,3.1675
4412,4.9,11.0,0.0,1.6605,3.1896
4413,3.5,6.0,0.0,1.2042,3.1755
4414,3.6,7.0,0.0,1.2571,3.1824
4415,3.9,6.0,0.0,1.3183,3.1859
4416,6.4,9.0,0.0,2.0073,3.2204
4417,4.1,5.0,0.0,1.3394,3.207
4418,5.9,10.0,0.0,2.0124,3.2207
4419,4.7,8.0,0.0,1.5519,3.268
4420,4.3,9.0,0.0,1.4239,3.2776
4421,4.2,5.0,0.0,1.3762,3.2426
4422,6.8,13.0,0.0,2.1831,3.3354
4423,8.8,24.0,0.0,3.197,3.4462
4424,10.7,24.0,0.0,3.6361,3.6109
4425,10.4,22.0,0.0,3.4448,3.5456
4426,14.0,27.0,0.0,4.7166,3.8499
4427,19.4,26.0,0.0,5.7763,4.0589
4428,15.6,23.0,0.0,4.6296,3.769
4429,13.1,19.0,0.0,4.0867,3.7986
4430,10.9,20.0,0.0,3.4266,3.5062
4431,4.7,6.0,0.0,1.5433,3.3265
4432,3.5,5.0,0.0,1.2679,3.3033
4433,5.0,8.0,0.0,1.5741,3.2518
4434,3.9,6.0,0.0,1.3418,3.284
4435,3.8,6.0,0.0,1.2842,3.2575
4436,3.5,5.0,0.0,1.1285,3.2679
4437,3.1,5.0,0.0,1.0417,3.2733
4438,4.2,7.0,0.0,1.4106,3.2415
4439,3.7,5.0,0.0,1.2104,3.2335
4440,4.6,6.0,0.0,1.4714,3.2711
4441,3.2,6.0,0.0,1.1371,3.2583
4442,4.1,5.0,0.0,1.3185,3.2667
4443,6.3,12.0,0.0,2.1152,3.3184
4444,4.3,7.0,0.0,1.4104,3.0923
4445,4.5,7.0,0.0,1.4555,3.4844
4446,4.6,7.0,0.0,1.4832,3.2974
4447,4.5,7.0,0.0,1.463,3.4465
4448,3.6,5.0,0.0,1.2403,3.3022
4449,4.2,6.0,0.0,1.3947,3.3031
4450,4.4,6.0,0.0,1.3883,3.2468
4451,4.3,8.0,0.0,1.4629,3.193
4452,5.2,8.0,0.0,1.6948,3.2649
4453,5.2,10.0,0.0,1.7748,3.505
4454,3.0,4.0,0.0,1.0265,3.2253
4455,4.0,5.0,0.0,1.2632,3.3341
4456,3.6,4.0,0.0,1.2021,3.4412
4457,4.5,7.0,0.0,1.3666,3.4385
4458,3.7,8.0,0.0,1.2798,3.3677
4459,4.1,8.0,0.0,1.3601,3.2344
4460,3.5,5.0,0.0,1.1998,3.4648
4461,4.5,8.0,0.0,1.4517,3.2723
4462,3.6,6.0,0.0,1.2206,3.2437
4463,5.0,7.0,0.0,1.7152,3.3067
4464,5.7,8.0,0.0,1.8459,3.4996
4465,3.7,5.0,0.0,1.2233,3.3559
4466,5.0,6.0,0.0,1.7058,3.4987
4467,4.4,6.0,0.0,1.4879,3.5144
4468,5.3,10.0,0.0,1.714,3.2467
4469,3.0,6.0,0.0,1.0421,3.202
4470,4.0,5.0,0.0,1.3498,3.2298
4471,4.6,7.0,0.0,1.4401,3.0691
4472,4.2,7.0,0.0,1.3964,3.088
4473,6.0,10.0,0.0,1.8998,3.0458
4474,4.9,7.0,0.0,1.5261,3.0349
4475,4.2,7.0,0.0,1.3928,3.0447
4476,4.0,5.0,0.0,1.3132,3.1376
4477,4.4,6.0,0.0,1.3444,3.4636
4478,4.8,8.0,0.0,1.5911,3.3475
4479,4.8,11.0,0.0,1.6332,3.2049
4480,4.3,7.0,0.0,1.3689,3.3239
4481,4.6,7.0,0.0,1.4248,3.3857
4482,3.8,9.0,0.0,1.2904,3.4293
4483,3.2,4.0,0.0,1.0553,3.2623
4484,3.2,4.0,0.0,1.0816,3.2071
4485,3.4,6.0,0.0,1.0846,3.2598
4486,4.0,6.0,0.0,1.286,3.2051
4487,6.4,12.0,0.0,2.0843,3.4005
4488,6.9,13.0,0.0,2.2396,3.6147
4489,5.1,8.0,0.0,1.6216,3.5345
4490,6.0,10.0,0.0,1.9447,3.3173
4491,5.8,13.0,0.0,1.92,3.2425
4492,5.7,11.0,0.0,1.8679,3.3282
4493,4.9,8.0,0.0,1.5573,3.2729
4494,5.2,7.0,0.0,1.5802,3.4336
4495,5.3,9.0,0.0,1.7115,3.4827
4496,5.0,9.0,0.0,1.6053,3.4051
4497,9.3,30.0,0.0,3.4879,3.4124
4498,15.3,29.0,0.0,4.8386,4.0025
4499,22.1,33.0,0.0,6.762,5.3893
4500,23.2,29.0,0.0,6.9628,5.0929
